,Directory,Files analysed with SBASS,Learning mode,Ordering,SBC,Iteration,Cell,Seed,Version,Time for creating examples,Time for solving ILP task,Total neg examples,Total pos examples,Neg examples uncovered,Learned Constraints
1,./PUP/double_weight/,2-double-6.lp,Enumerate,Alternative,Full,1,1,31681,DEFAULT,2.279,1568.12,95,1,0," :- closezones(V2,V1), unit2sensorGEQ(V2,V1), unit2zoneGEQ(V1,V2).
 :- not unit2sensorGEQ(V1,V1), not unit2sensorGEQ(V2,V2), partnerunits(V1,V2).
"
2,./PUP/double_weight/,2-double-6.lp,Enumerate,Alternative,Full,1,2,4634,DEFAULT,8.855,1848.57,190,2,0," :- closezones(V1,V2), unit2sensorGEQ(V1,V2), unit2sensorGEQ(V2,V1).
 :- not closesensors(V1,V2), partnerunits(V1,V2), unit2sensorGEQ(V1,V2).
"
3,./PUP/double_weight/,2-double-6.lp,Enumerate,Alternative,Full,1,3,16837,DEFAULT,13.601,3185.79,285,3,2," :- closezones(V1,V2), not closesensors(V2,V1), partnerunits(V1,V2).
 :- closezones(V2,V1), not unit2zoneGEQ(V1,V2), unit2sensorGEQ(V1,V1).
 :- not unit2zoneGEQ(V2,V1), unit2sensorGEQ(V1,V1), unit2sensorGEQ(V2,V1).
"
4,./PUP/double_weight/,2-double-6.lp,Enumerate,Alternative,Full,1,1,15262,DEFAULT,3.888,1361.11,95,1,0," :- closesensors(V1,V2), not unit2zoneGEQ(V1,V2), unit2zoneGEQ(V1,V1).
 :- not unit2zoneGEQ(V2,V2), unit2zoneGEQ(V2,V1), zone2sensor(V1,V2).
"
5,./PUP/double_weight/,2-double-6.lp,Enumerate,Alternative,Full,1,2,22084,DEFAULT,7.026,2987.74,190,2,0," :- not unit2zoneGEQ(V2,V2), not zone2sensor(V1,V2), partnerunits(V1,V2).
 :- not unit2zoneGEQ(V2,V2), unit2sensorGEQ(V2,V1), unit2zoneGEQ(V1,V1).
 :- closesensors(V1,V2), unit2sensorGEQ(V1,V2), unit2sensorGEQ(V2,V1).
"
7,./PUP/double_weight/,2-double-6.lp,Enumerate,Alternative,Full,1,1,3718,DEFAULT,4.498,876.115,95,1,0," :- not unit2zoneGEQ(V1,V1), unit2sensorGEQ(V1,V1).
 :- not unit2sensorGEQ(V1,V1), not zone2sensor(V1,V2), unit2zoneGEQ(V1,V2).
"
8,./PUP/double_weight/,2-double-6.lp,Enumerate,Alternative,Full,1,2,26796,DEFAULT,7.905,1002.35,190,2,0," :- not zone2sensor(V2,V2), unit2sensorGEQ(V2,V1), unit2zoneGEQ(V1,V1).
 :- not unit2zoneGEQ(V2,V2), unit2sensorGEQ(V2,V1), zone2sensor(V1,V2).
"
9,./PUP/double_weight/,2-double-6.lp,Enumerate,Alternative,Full,1,3,25434,DEFAULT,12.464,1643.37,285,3,0," :- not closesensors(V1,V2), partnerunits(V1,V2), zone2sensor(V1,V1).
 :- closezones(V1,V2), unit2sensorGEQ(V1,V2), unit2sensorGEQ(V2,V1).
 :- not unit2zoneGEQ(V1,V2), partnerunits(V1,V2), unit2sensorGEQ(V1,V2).
"
10,./PUP/double_weight/,2-double-6.lp,Enumerate,Alternative,Full,1,1,8598,DEFAULT,3.516,1512.06,95,1,0," :- not unit2sensorGEQ(V1,V1), zone2sensor(V1,V1).
 :- not unit2zoneGEQ(V2,V1), partnerunits(V1,V2), unit2zoneGEQ(V1,V2).
"
11,./PUP/double_weight/,2-double-6.lp,Enumerate,Alternative,Full,1,2,21172,DEFAULT,7.767,767.048,190,2,0," :- not zone2sensor(V1,V1), unit2sensorGEQ(V1,V1).
 :- not unit2zoneGEQ(V2,V1), unit2sensorGEQ(V2,V1), zone2sensor(V1,V2).
"
13,./PUP/double_weight/,2-double-6.lp,Enumerate,Alternative,Full,1,1,29690,DEFAULT,4.114,718.796,95,1,0," :- not zone2sensor(V1,V1), unit2sensorGEQ(V1,V1).
 :- not zone2sensor(V2,V2), unit2sensorGEQ(V2,V1), unit2zoneGEQ(V1,V1).
"
15,./PUP/double_weight/,2-double-6.lp,Enumerate,Alternative,Full,1,3,1743,DEFAULT,9.87,1549.72,285,3,0," :- not zone2sensor(V1,V1), unit2zoneGEQ(V1,V1).
 :- closesensors(V1,V2), unit2sensorGEQ(V1,V1), unit2sensorGEQ(V2,V2).
"
16,./PUP/double_weight/,2-double-6.lp,Enumerate,Alternative,Full,1,1,26740,DEFAULT,4.927,1694.58,95,1,0," :- closesensors(V2,V1), not unit2sensorGEQ(V1,V1), unit2zoneGEQ(V1,V2).
 :- not zone2sensor(V2,V1), unit2zoneGEQ(V1,V2), unit2zoneGEQ(V2,V1).
"
17,./PUP/double_weight/,2-double-6.lp,Enumerate,Alternative,Full,1,2,22856,DEFAULT,7.657,1472.66,190,2,0," :- not unit2zoneGEQ(V2,V2), partnerunits(V1,V2).
 :- closezones(V1,V2), unit2sensorGEQ(V1,V2), unit2sensorGEQ(V2,V1).
"
18,./PUP/double_weight/,2-double-6.lp,Enumerate,Alternative,Full,1,3,25148,DEFAULT,10.564,3410.4,285,3,1," :- not unit2zoneGEQ(V1,V1), unit2sensorGEQ(V1,V1), zone2sensor(V1,V1).
 :- not closesensors(V1,V2), partnerunits(V1,V2), zone2sensor(V1,V1).
 :- not zone2sensor(V2,V2), unit2sensorGEQ(V2,V1), unit2zoneGEQ(V1,V1).
"
19,./PUP/double_weight/,2-double-6.lp,Enumerate,Alternative,Full,1,1,6751,DEFAULT,4.01,766.065,95,1,0," :- closezones(V1,V2), not unit2zoneGEQ(V1,V2), zone2sensor(V1,V1).
 :- not closesensors(V2,V1), partnerunits(V2,V1), unit2sensorGEQ(V1,V1).
"
21,./PUP/double_weight/,2-double-6.lp,Enumerate,Alternative,Full,1,3,717,DEFAULT,9.659,1415.6,285,3,0," :- closezones(V1,V2), not closesensors(V1,V2), partnerunits(V1,V2).
 :- not zone2sensor(V2,V2), unit2sensorGEQ(V1,V2), unit2sensorGEQ(V2,V1).
"
22,./PUP/double_weight/,2-double-6.lp,Enumerate,Alternative,Full,1,1,16849,DEFAULT,3.394,757.72,95,1,0," :- not zone2sensor(V1,V2), unit2sensorGEQ(V2,V2), unit2zoneGEQ(V1,V2).
 :- not unit2sensorGEQ(V2,V2), unit2sensorGEQ(V2,V1), zone2sensor(V1,V1).
"
23,./PUP/double_weight/,2-double-6.lp,Enumerate,Alternative,Full,1,2,29843,DEFAULT,6.594,273.671,190,2,0," :- closezones(V2,V1), unit2sensorGEQ(V1,V1), unit2sensorGEQ(V2,V1).
"
24,./PUP/double_weight/,2-double-6.lp,Enumerate,Alternative,Full,1,3,8299,DEFAULT,12.823,1015.47,285,3,0," :- not unit2sensorGEQ(V2,V2), not zone2sensor(V2,V1), partnerunits(V1,V2).
 :- closezones(V2,V1), unit2sensorGEQ(V2,V1), unit2zoneGEQ(V1,V2).
"
25,./PUP/double_weight/,2-double-6.lp,Enumerate,Alternative,Full,1,1,6709,DEFAULT,4.37,1217.67,95,1,0," :- not unit2zoneGEQ(V1,V1), zone2sensor(V1,V1).
 :- not unit2zoneGEQ(V3,V2), unit2sensorGEQ(V3,V1), unit2zoneGEQ(V1,V2).
"
26,./PUP/double_weight/,2-double-6.lp,Enumerate,Alternative,Full,1,2,24419,DEFAULT,7.125,310.21,190,2,0," :- closesensors(V1,V2), unit2sensorGEQ(V1,V1), unit2sensorGEQ(V2,V1).
"
28,./PUP/double_weight/,2-double-6.lp,Enumerate,Alternative,Full,1,1,11547,DEFAULT,4.044,3560.57,95,1,0," :- closesensors(V1,V2), not zone2sensor(V1,V1), unit2zoneGEQ(V1,V2).
 :- closezones(V2,V1), unit2sensorGEQ(V2,V1), unit2zoneGEQ(V1,V2).
"
29,./PUP/double_weight/,2-double-6.lp,Enumerate,Alternative,Full,1,2,7260,DEFAULT,7.148,620.559,190,2,0," :- not unit2zoneGEQ(V1,V1), zone2sensor(V1,V1).
 :- closesensors(V1,V2), unit2sensorGEQ(V1,V1), unit2sensorGEQ(V2,V1).
"
30,./PUP/double_weight/,2-double-6.lp,Enumerate,Alternative,Full,1,3,21865,DEFAULT,10.274,1256.11,285,3,1," :- not closesensors(V1,V2), partnerunits(V2,V1), zone2sensor(V1,V1).
 :- not zone2sensor(V2,V2), unit2sensorGEQ(V2,V1), unit2zoneGEQ(V1,V2).
"
31,./PUP/double_weight/,2-double-6.lp,Enumerate,Alternative,Full,1,1,16017,DEFAULT,3.874,1003.87,95,1,0," :- not zone2sensor(V1,V1), unit2sensorGEQ(V1,V1).
 :- not unit2zoneGEQ(V2,V1), unit2sensorGEQ(V2,V1), zone2sensor(V1,V2).
"
32,./PUP/double_weight/,2-double-6.lp,Enumerate,Alternative,Full,1,2,29417,DEFAULT,8.378,1285.65,190,2,0," :- closezones(V1,V2), not closesensors(V1,V2), partnerunits(V1,V2).
 :- not zone2sensor(V2,V2), unit2sensorGEQ(V2,V1), unit2zoneGEQ(V1,V2).
"
34,./PUP/double_weight/,2-double-6.lp,Enumerate,Alternative,Full,1,1,10456,DEFAULT,4.746,2357.14,95,1,0," :- not unit2zoneGEQ(V1,V1), unit2sensorGEQ(V2,V2), zone2sensor(V1,V2).
 :- closezones(V1,V2), unit2zoneGEQ(V1,V2), unit2zoneGEQ(V2,V1).
"
35,./PUP/double_weight/,2-double-6.lp,Enumerate,Alternative,Full,1,2,25977,DEFAULT,7.829,1396.12,190,2,0," :- not unit2zoneGEQ(V2,V2), unit2zoneGEQ(V2,V1), zone2sensor(V1,V2).
 :- not zone2sensor(V2,V2), unit2sensorGEQ(V2,V1), unit2zoneGEQ(V1,V2).
"
36,./PUP/double_weight/,2-double-6.lp,Enumerate,Alternative,Full,1,3,20418,DEFAULT,11.61,901.332,285,3,0," :- not unit2zoneGEQ(V1,V1), unit2sensorGEQ(V1,V2), zone2sensor(V1,V2).
 :- not zone2sensor(V2,V2), unit2sensorGEQ(V2,V1), unit2zoneGEQ(V1,V2).
"
37,./PUP/double_weight/,2-double-6.lp,Enumerate,Alternative,Full,1,1,3380,DEFAULT,3.553,1672.74,95,1,0," :- closezones(V2,V1), not unit2sensorGEQ(V1,V2), zone2sensor(V1,V1).
 :- not unit2zoneGEQ(V1,V1), unit2sensorGEQ(V2,V2), zone2sensor(V1,V2).
"
38,./PUP/double_weight/,2-double-6.lp,Enumerate,Alternative,Full,1,2,4490,DEFAULT,7.095,1749.2,190,2,0," :- not closesensors(V2,V1), partnerunits(V1,V2), zone2sensor(V1,V1).
 :- closezones(V2,V1), not unit2zoneGEQ(V1,V2), unit2sensorGEQ(V1,V2).
"
40,./PUP/double_weight/,2-double-6.lp,Enumerate,Alternative,Full,1,1,14157,DEFAULT,4.342,770.783,95,1,0," :- not zone2sensor(V1,V1), unit2zoneGEQ(V1,V1).
 :- closesensors(V2,V1), not unit2zoneGEQ(V1,V2), unit2sensorGEQ(V1,V2).
"
41,./PUP/double_weight/,2-double-6.lp,Enumerate,Alternative,Full,1,2,69,DEFAULT,7.048,3259.9,190,2,0," :- not unit2sensorGEQ(V1,V1), not zone2sensor(V1,V1), unit2zoneGEQ(V1,V1).
 :- closesensors(V2,V1), not unit2zoneGEQ(V1,V1), partnerunits(V1,V2).
 :- partnerunits(V1,V2), unit2sensorGEQ(V1,V2), unit2sensorGEQ(V2,V1).
"
42,./PUP/double_weight/,2-double-6.lp,Enumerate,Alternative,Full,1,3,3023,DEFAULT,10.599,289.361,285,3,0," :- closezones(V2,V1), unit2sensorGEQ(V1,V1), unit2sensorGEQ(V2,V1).
"
43,./PUP/double_weight/,2-double-6.lp,Enumerate,Alternative,Full,1,1,14690,DEFAULT,4.541,1030.92,95,1,0," :- closesensors(V2,V1), not unit2zoneGEQ(V1,V1), unit2sensorGEQ(V1,V2).
 :- not zone2sensor(V2,V2), unit2sensorGEQ(V2,V1), unit2zoneGEQ(V1,V2).
"
44,./PUP/double_weight/,2-double-6.lp,Enumerate,Alternative,Full,1,2,13524,DEFAULT,7.639,793.309,190,2,0," :- not zone2sensor(V2,V2), unit2sensorGEQ(V2,V1), unit2zoneGEQ(V1,V1).
 :- not unit2zoneGEQ(V2,V2), unit2sensorGEQ(V2,V1), zone2sensor(V1,V1).
"
46,./PUP/double_weight/,2-double-6.lp,Enumerate,Alternative,Full,1,1,10222,DEFAULT,3.893,1626.61,95,1,0," :- not unit2zoneGEQ(V1,V1), unit2sensorGEQ(V2,V2), zone2sensor(V1,V2).
 :- not unit2sensorGEQ(V1,V1), unit2sensorGEQ(V1,V2), zone2sensor(V1,V2).
"
47,./PUP/double_weight/,2-double-6.lp,Enumerate,Alternative,Full,1,2,23256,DEFAULT,6.364,994.159,190,2,0," :- not closesensors(V1,V2), partnerunits(V2,V1), zone2sensor(V1,V1).
 :- not zone2sensor(V2,V2), unit2sensorGEQ(V2,V1), unit2zoneGEQ(V1,V1).
"
48,./PUP/double_weight/,2-double-6.lp,Enumerate,Alternative,Full,1,3,29764,DEFAULT,10.827,905.163,285,3,0," :- not zone2sensor(V1,V1), unit2sensorGEQ(V2,V2), unit2zoneGEQ(V1,V2).
 :- not unit2sensorGEQ(V2,V2), unit2sensorGEQ(V2,V1), zone2sensor(V1,V2).
"
49,./PUP/double_weight/,2-double-6.lp,Enumerate,Alternative,Full,1,1,6652,DEFAULT,3.61,260.079,95,1,0," :- closesensors(V1,V2), unit2sensorGEQ(V2,V2), unit2zoneGEQ(V1,V1).
"
52,./PUP/double_weight/,2-double-6.lp,Enumerate,Alternative,Full,1,1,759,DEFAULT,3.679,774.727,95,1,0," :- not zone2sensor(V2,V2), unit2sensorGEQ(V2,V1), unit2zoneGEQ(V1,V1).
 :- not unit2zoneGEQ(V2,V2), unit2sensorGEQ(V2,V1), zone2sensor(V1,V1).
"
54,./PUP/double_weight/,2-double-6.lp,Enumerate,Alternative,Full,1,3,10002,DEFAULT,11.204,2750.32,285,3,0," :- not closesensors(V1,V2), partnerunits(V1,V2), zone2sensor(V1,V1).
 :- not unit2sensorGEQ(V1,V2), unit2zoneGEQ(V1,V2), zone2sensor(V1,V2).
 :- not unit2sensorGEQ(V1,V3), unit2sensorGEQ(V2,V3), unit2zoneGEQ(V1,V2).
"
55,./PUP/double_weight/,2-double-6.lp,Enumerate,Alternative,Full,1,1,2905,DEFAULT,3.767,1000.73,95,1,0," :- not closesensors(V2,V1), partnerunits(V2,V1), zone2sensor(V1,V1).
 :- closezones(V2,V1), unit2sensorGEQ(V2,V1), unit2zoneGEQ(V1,V2).
"
57,./PUP/double_weight/,2-double-6.lp,Enumerate,Alternative,Full,1,3,4997,DEFAULT,10.176,2845.34,285,3,2," :- closezones(V2,V1), not closesensors(V1,V2), partnerunits(V1,V2).
 :- not zone2sensor(V2,V2), unit2sensorGEQ(V2,V1), unit2zoneGEQ(V1,V2).
 :- not unit2sensorGEQ(V1,V1), not unit2sensorGEQ(V2,V2), partnerunits(V1,V2).
"
59,./PUP/double_weight/,2-double-6.lp,Enumerate,Alternative,Full,1,2,16281,DEFAULT,7.61,1293.65,190,2,0," :- closezones(V1,V2), not closesensors(V2,V1), partnerunits(V1,V2).
 :- closesensors(V2,V1), unit2sensorGEQ(V2,V1), unit2zoneGEQ(V1,V2).
"
60,./PUP/double_weight/,2-double-6.lp,Enumerate,Alternative,Full,1,3,16345,DEFAULT,10.597,1615.29,285,3,0," :- closezones(V1,V2), not closesensors(V2,V1), partnerunits(V1,V2).
 :- not unit2sensorGEQ(V1,V1), not unit2zoneGEQ(V1,V1), zone2sensor(V1,V1).
 :- not zone2sensor(V2,V2), unit2sensorGEQ(V2,V1), unit2zoneGEQ(V1,V2).
 :- not unit2sensorGEQ(V1,V2), not unit2sensorGEQ(V2,V1), partnerunits(V1,V2).
"
61,./PUP/double_weight/,2-double-6.lp,Enumerate,Alternative,Full,1,1,14189,DEFAULT,4.412,738.34,95,1,0," :- closezones(V2,V1), unit2sensorGEQ(V2,V1), zone2sensor(V1,V1).
 :- not unit2zoneGEQ(V2,V2), not zone2sensor(V1,V2), partnerunits(V1,V2).
"
62,./PUP/double_weight/,2-double-6.lp,Enumerate,Alternative,Full,1,2,21352,DEFAULT,7.997,3071.53,190,2,1," :- not closesensors(V2,V1), not zone2sensor(V2,V1), partnerunits(V1,V2).
 :- not unit2zoneGEQ(V1,V2), unit2zoneGEQ(V2,V2), zone2sensor(V1,V1).
 :- closesensors(V1,V2), unit2sensorGEQ(V1,V2), unit2sensorGEQ(V2,V1).
"
63,./PUP/double_weight/,2-double-6.lp,Enumerate,Alternative,Full,1,3,14837,DEFAULT,10.241,2645.74,285,3,0," :- closezones(V2,V1), not closesensors(V2,V1), partnerunits(V1,V2).
 :- closezones(V2,V1), not unit2zoneGEQ(V1,V2), unit2sensorGEQ(V1,V2).
 :- not zone2sensor(V2,V2), unit2sensorGEQ(V1,V2), unit2sensorGEQ(V2,V1).
"
64,./PUP/double_weight/,2-double-6.lp,Enumerate,Alternative,Full,1,1,24318,DEFAULT,3.931,928.619,95,1,0," :- not unit2zoneGEQ(V1,V1), unit2sensorGEQ(V1,V1).
 :- closezones(V1,V2), unit2sensorGEQ(V2,V1), unit2zoneGEQ(V1,V2).
"
65,./PUP/double_weight/,2-double-6.lp,Enumerate,Alternative,Full,1,2,26740,DEFAULT,7.843,2259.8,190,2,1," :- not zone2sensor(V1,V1), unit2zoneGEQ(V1,V1).
 :- closezones(V1,V2), not zone2sensor(V1,V2), partnerunits(V1,V2).
 :- closezones(V1,V2), unit2sensorGEQ(V1,V2), unit2sensorGEQ(V2,V1).
"
66,./PUP/double_weight/,2-double-6.lp,Enumerate,Alternative,Full,1,3,23583,DEFAULT,8.145,2903.88,237,3,0," :- closezones(V1,V2), not closesensors(V2,V1), partnerunits(V1,V2).
 :- not unit2zoneGEQ(V1,V1), partnerunits(V1,V2), unit2sensorGEQ(V1,V2).
 :- not unit2zoneGEQ(V2,V1), unit2sensorGEQ(V2,V1), unit2zoneGEQ(V1,V2).
"
67,./PUP/double_weight/,2-double-6.lp,Enumerate,Alternative,Full,1,1,17876,DEFAULT,3.474,1222.19,95,1,0," :- closezones(V2,V1), not closesensors(V1,V2), partnerunits(V1,V2).
 :- not zone2sensor(V1,V1), unit2sensorGEQ(V1,V2), unit2sensorGEQ(V2,V1).
"
68,./PUP/double_weight/,2-double-6.lp,Enumerate,Alternative,Full,1,2,19383,DEFAULT,7.627,2476.99,190,2,0," :- closezones(V1,V2), not zone2sensor(V1,V2), partnerunits(V1,V2).
 :- not unit2zoneGEQ(V2,V1), unit2sensorGEQ(V2,V1), zone2sensor(V1,V2).
 :- closesensors(V1,V2), unit2sensorGEQ(V1,V2), unit2sensorGEQ(V2,V1).
 :- not unit2zoneGEQ(V1,V2), not unit2zoneGEQ(V2,V1), partnerunits(V1,V2).
"
69,./PUP/double_weight/,2-double-6.lp,Enumerate,Alternative,Full,1,3,7579,DEFAULT,11.657,3328.85,285,3,0," :- not closesensors(V1,V2), partnerunits(V2,V1), zone2sensor(V1,V1).
 :- not unit2zoneGEQ(V1,V1), not unit2zoneGEQ(V2,V2), partnerunits(V1,V2).
 :- not zone2sensor(V2,V1), unit2sensorGEQ(V2,V1), unit2zoneGEQ(V1,V2).
"
70,./PUP/double_weight/,2-double-6.lp,Enumerate,Alternative,Full,1,1,28975,DEFAULT,3.613,1336.79,95,1,0," :- closesensors(V2,V1), not unit2zoneGEQ(V1,V2), unit2zoneGEQ(V1,V1).
 :- not unit2zoneGEQ(V1,V1), unit2sensorGEQ(V1,V2), unit2sensorGEQ(V2,V1).
"
72,./PUP/double_weight/,2-double-6.lp,Enumerate,Alternative,Full,1,3,7706,DEFAULT,11.789,1330.08,285,3,0," :- not zone2sensor(V1,V1), unit2zoneGEQ(V1,V1).
 :- closesensors(V1,V2), unit2sensorGEQ(V1,V1), unit2sensorGEQ(V2,V2).
"
73,./PUP/double_weight/,2-double-6.lp,Enumerate,Alternative,Full,1,1,5107,DEFAULT,3.692,967.355,95,1,0," :- not unit2sensorGEQ(V1,V1), zone2sensor(V1,V1).
 :- not unit2sensorGEQ(V1,V2), not zone2sensor(V1,V2), unit2zoneGEQ(V1,V2).
"
74,./PUP/double_weight/,2-double-6.lp,Enumerate,Alternative,Full,1,2,10838,DEFAULT,7.607,1301.1,190,2,0," :- not closesensors(V2,V1), partnerunits(V1,V2), unit2zoneGEQ(V1,V1).
 :- closezones(V1,V2), unit2sensorGEQ(V2,V1), unit2zoneGEQ(V1,V2).
"
77,./PUP/double_weight/,2-double-6.lp,Enumerate,Alternative,Full,1,2,12399,DEFAULT,7.128,855.038,190,2,0," :- closezones(V1,V2), not closesensors(V1,V2), partnerunits(V1,V2).
 :- not zone2sensor(V2,V2), unit2sensorGEQ(V1,V1), unit2sensorGEQ(V2,V1).
"
78,./PUP/double_weight/,2-double-6.lp,Enumerate,Alternative,Full,1,3,5812,DEFAULT,9.444,1117.05,285,3,0," :- closezones(V2,V1), not zone2sensor(V1,V2), partnerunits(V1,V2).
 :- not zone2sensor(V1,V1), unit2sensorGEQ(V1,V2), unit2sensorGEQ(V2,V1).
"
79,./PUP/double_weight/,2-double-6.lp,Enumerate,Alternative,Full,1,1,21123,DEFAULT,2.888,454.244,95,1,0," :- not zone2sensor(V1,V1), unit2sensorGEQ(V1,V1).
 :- not unit2zoneGEQ(V2,V1), unit2zoneGEQ(V2,V2), zone2sensor(V1,V1).
"
81,./PUP/double_weight/,2-double-6.lp,Enumerate,Alternative,Full,1,3,2231,DEFAULT,10.004,851.952,285,3,0," :- not unit2sensorGEQ(V1,V1), zone2sensor(V1,V1).
 :- not zone2sensor(V1,V1), partnerunits(V2,V1), unit2sensorGEQ(V1,V2).
"
82,./PUP/double_weight/,2-double-6.lp,Enumerate,Alternative,Full,1,1,26645,DEFAULT,3.174,1185.38,95,1,0," :- not unit2zoneGEQ(V2,V2), unit2sensorGEQ(V1,V2), zone2sensor(V1,V2).
 :- closezones(V1,V2), unit2sensorGEQ(V2,V1), unit2zoneGEQ(V1,V2).
"
83,./PUP/double_weight/,2-double-6.lp,Enumerate,Alternative,Full,1,2,4448,DEFAULT,5.694,761.896,190,2,0," :- closezones(V1,V2), not closesensors(V1,V2), partnerunits(V1,V2).
 :- not unit2zoneGEQ(V2,V2), unit2sensorGEQ(V1,V1), unit2sensorGEQ(V2,V1).
"
85,./PUP/double_weight/,2-double-6.lp,Enumerate,Alternative,Full,1,1,1769,DEFAULT,2.901,754.119,95,1,0," :- not zone2sensor(V1,V2), unit2sensorGEQ(V2,V1), unit2zoneGEQ(V1,V1).
 :- not unit2zoneGEQ(V2,V2), unit2sensorGEQ(V2,V1), zone2sensor(V1,V2).
"
86,./PUP/double_weight/,2-double-6.lp,Enumerate,Alternative,Full,1,2,8467,DEFAULT,3.741,649.115,142,2,0," :- not unit2zoneGEQ(V2,V2), not zone2sensor(V1,V2), partnerunits(V1,V2).
 :- not unit2zoneGEQ(V1,V2), unit2sensorGEQ(V1,V2), zone2sensor(V1,V2).
"
87,./PUP/double_weight/,2-double-6.lp,Enumerate,Alternative,Full,1,3,14775,DEFAULT,8.44,3240.03,285,3,4," :- not zone2sensor(V1,V1), unit2zoneGEQ(V1,V1).
 :- not closesensors(V1,V2), partnerunits(V2,V1), zone2sensor(V1,V1).
 :- closezones(V1,V2), unit2sensorGEQ(V1,V2), unit2sensorGEQ(V2,V1).
"
88,./PUP/double_weight/,2-double-6.lp,Enumerate,Alternative,Full,1,1,2212,DEFAULT,2.502,806.862,95,1,0," :- not unit2zoneGEQ(V1,V1), partnerunits(V1,V2).
 :- not unit2zoneGEQ(V1,V2), unit2sensorGEQ(V1,V1), zone2sensor(V1,V2).
"
89,./PUP/double_weight/,2-double-6.lp,Enumerate,Alternative,Full,1,2,9472,DEFAULT,4.962,144.114,190,2,0," :- closesensors(V1,V2), unit2sensorGEQ(V2,V2), unit2zoneGEQ(V1,V1).
"
90,./PUP/double_weight/,2-double-6.lp,Enumerate,Alternative,Full,1,3,1280,DEFAULT,6.402,767.503,285,3,0," :- closesensors(V1,V2), not unit2zoneGEQ(V1,V2), unit2sensorGEQ(V1,V1).
 :- not zone2sensor(V2,V2), unit2sensorGEQ(V2,V1), unit2zoneGEQ(V1,V2).
"
91,./PUP/double_weight/,2-double-6.lp,Enumerate,Alternative,Full,1,1,13383,DEFAULT,2.076,736.7,95,1,0," :- not zone2sensor(V1,V1), unit2sensorGEQ(V1,V1).
 :- not unit2zoneGEQ(V1,V1), not zone2sensor(V1,V2), partnerunits(V1,V2).
"
92,./PUP/double_weight/,2-double-6.lp,Enumerate,Alternative,Full,1,2,2517,DEFAULT,4.628,182.6,190,2,0," :- closezones(V2,V1), unit2sensorGEQ(V1,V1), unit2sensorGEQ(V2,V1).
"
94,./PUP/double_weight/,2-double-6.lp,Enumerate,Alternative,Full,1,1,13727,DEFAULT,2.094,477.849,95,1,0," :- not zone2sensor(V1,V1), unit2zoneGEQ(V1,V1).
 :- not zone2sensor(V2,V1), unit2sensorGEQ(V2,V1), unit2zoneGEQ(V1,V2).
"
95,./PUP/double_weight/,2-double-6.lp,Enumerate,Alternative,Full,1,2,15928,DEFAULT,4.403,1952.99,190,2,2," :- closezones(V1,V2), not zone2sensor(V2,V1), partnerunits(V1,V2).
 :- not unit2sensorGEQ(V1,V1), unit2zoneGEQ(V1,V1), zone2sensor(V1,V1).
 :- not unit2zoneGEQ(V2,V2), unit2sensorGEQ(V2,V1), unit2zoneGEQ(V1,V1).
 :- not unit2sensorGEQ(V2,V2), unit2sensorGEQ(V2,V1), unit2zoneGEQ(V1,V1).
 :- closesensors(V1,V2), unit2sensorGEQ(V1,V2), unit2sensorGEQ(V2,V1).
"
96,./PUP/double_weight/,2-double-6.lp,Enumerate,Alternative,Full,1,3,18316,DEFAULT,6.231,3057.21,285,3,0," :- not unit2zoneGEQ(V1,V1), unit2sensorGEQ(V1,V1), zone2sensor(V1,V1).
 :- not closesensors(V1,V2), partnerunits(V2,V1), zone2sensor(V1,V1).
 :- not unit2zoneGEQ(V1,V1), not unit2zoneGEQ(V2,V2), partnerunits(V1,V2).
 :- closesensors(V1,V2), unit2sensorGEQ(V1,V2), unit2sensorGEQ(V2,V1).
 :- not unit2zoneGEQ(V2,V1), unit2sensorGEQ(V2,V1), unit2zoneGEQ(V1,V1).
"
97,./PUP/double_weight/,2-double-6.lp,Enumerate,Alternative,Full,1,1,32033,DEFAULT,2.05,773.563,95,1,0," :- closezones(V1,V2), not zone2sensor(V2,V1), partnerunits(V1,V2).
 :- not zone2sensor(V2,V2), unit2sensorGEQ(V2,V1), unit2zoneGEQ(V1,V2).
"
98,./PUP/double_weight/,2-double-6.lp,Enumerate,Alternative,Full,1,2,32598,DEFAULT,4.202,389.481,190,2,0," :- closezones(V1,V2), not closesensors(V2,V1), partnerunits(V1,V2).
 :- not zone2sensor(V2,V2), unit2sensorGEQ(V2,V1), unit2zoneGEQ(V1,V1).
"
99,./PUP/double_weight/,2-double-6.lp,Enumerate,Alternative,Full,1,3,11310,DEFAULT,4.76,3350.76,237,3,5," :- closezones(V1,V2), not zone2sensor(V1,V2), partnerunits(V1,V2).
 :- not unit2sensorGEQ(V2,V2), not zone2sensor(V1,V2), partnerunits(V1,V2).
 :- not unit2zoneGEQ(V2,V1), unit2sensorGEQ(V2,V1), unit2zoneGEQ(V1,V1).
 :- not unit2zoneGEQ(V1,V2), not unit2zoneGEQ(V2,V1), partnerunits(V1,V2).
"
100,./PUP/double_weight/,2-double-6.lp,Enumerate,Alternative,Full,1,1,30414,DEFAULT,1.986,666.526,95,1,0," :- not unit2sensorGEQ(V1,V1), unit2zoneGEQ(V2,V1), zone2sensor(V1,V2).
 :- not unit2zoneGEQ(V2,V1), unit2sensorGEQ(V2,V2), zone2sensor(V1,V1).
"
101,./PUP/double_weight/,2-double-6.lp,Enumerate,Alternative,Full,1,2,7830,DEFAULT,3.999,2021.84,190,2,1," :- closezones(V1,V2), not zone2sensor(V2,V1), partnerunits(V1,V2).
 :- not unit2zoneGEQ(V1,V1), not zone2sensor(V1,V1), unit2sensorGEQ(V1,V1).
 :- closezones(V1,V2), unit2sensorGEQ(V1,V2), unit2sensorGEQ(V2,V1).
 :- not unit2zoneGEQ(V2,V1), unit2sensorGEQ(V2,V1), unit2zoneGEQ(V1,V1).
"
102,./PUP/double_weight/,2-double-6.lp,Enumerate,Alternative,Full,1,3,31417,DEFAULT,6.236,117.223,285,3,0," :- closesensors(V1,V2), unit2sensorGEQ(V2,V2), unit2zoneGEQ(V1,V1).
"
103,./PUP/double_weight/,2-double-6.lp,Enumerate,Alternative,Full,1,1,31869,DEFAULT,2.124,336.481,95,1,0," :- not unit2sensorGEQ(V1,V1), zone2sensor(V1,V1).
 :- not unit2zoneGEQ(V2,V1), not zone2sensor(V2,V1), partnerunits(V1,V2).
"
104,./PUP/double_weight/,2-double-6.lp,Enumerate,Alternative,Full,1,2,22564,DEFAULT,4.098,2515.86,190,2,0," :- not unit2zoneGEQ(V1,V1), zone2sensor(V1,V1).
 :- closezones(V1,V2), not closesensors(V2,V1), partnerunits(V1,V2).
 :- not zone2sensor(V1,V2), unit2sensorGEQ(V2,V1), unit2zoneGEQ(V1,V2).
 :- not zone2sensor(V2,V2), unit2sensorGEQ(V2,V1), unit2zoneGEQ(V1,V2).
"
105,./PUP/double_weight/,2-double-6.lp,Enumerate,Alternative,Full,1,3,7051,DEFAULT,6.297,706.889,285,3,0," :- not closesensors(V1,V2), not zone2sensor(V2,V1), partnerunits(V1,V2).
 :- not unit2zoneGEQ(V2,V1), unit2sensorGEQ(V1,V1), unit2sensorGEQ(V2,V1).
"
106,./PUP/double_weight/,2-double-6.lp,Enumerate,Alternative,Full,1,1,8543,DEFAULT,2.293,657.307,95,1,0," :- not unit2zoneGEQ(V2,V1), unit2zoneGEQ(V2,V2), zone2sensor(V1,V1).
 :- not unit2zoneGEQ(V2,V2), partnerunits(V2,V1), unit2sensorGEQ(V1,V1).
"
107,./PUP/double_weight/,2-double-6.lp,Enumerate,Alternative,Full,1,2,12158,DEFAULT,4.259,505.189,190,2,0," :- not closesensors(V2,V1), not zone2sensor(V1,V2), partnerunits(V1,V2).
 :- not zone2sensor(V2,V2), unit2sensorGEQ(V1,V2), unit2sensorGEQ(V2,V1).
"
108,./PUP/double_weight/,2-double-6.lp,Enumerate,Alternative,Full,1,3,16923,DEFAULT,6.161,2153.19,285,3,1," :- closezones(V1,V2), not zone2sensor(V1,V2), partnerunits(V1,V2).
 :- not unit2sensorGEQ(V1,V1), unit2zoneGEQ(V1,V1), zone2sensor(V1,V1).
 :- closezones(V1,V2), unit2sensorGEQ(V1,V2), unit2sensorGEQ(V2,V1).
 :- not unit2zoneGEQ(V2,V1), unit2sensorGEQ(V2,V1), unit2zoneGEQ(V1,V1).
"
109,./PUP/double_weight/,2-double-6.lp,Enumerate,Alternative,Full,1,1,16687,DEFAULT,1.782,880.065,95,1,0," :- not unit2zoneGEQ(V1,V1), unit2sensorGEQ(V2,V2), zone2sensor(V1,V2).
 :- not unit2sensorGEQ(V2,V2), unit2sensorGEQ(V2,V1), zone2sensor(V1,V2).
"
110,./PUP/double_weight/,2-double-6.lp,Enumerate,Alternative,Full,1,2,27416,DEFAULT,4.223,1530.97,190,2,0," :- not closesensors(V1,V2), partnerunits(V2,V1), zone2sensor(V1,V1).
 :- not unit2zoneGEQ(V1,V2), unit2sensorGEQ(V1,V1), zone2sensor(V1,V2).
 :- not zone2sensor(V2,V2), unit2sensorGEQ(V2,V1), unit2zoneGEQ(V1,V2).
"
111,./PUP/double_weight/,2-double-6.lp,Enumerate,Alternative,Full,1,3,21083,DEFAULT,6.372,1075.04,285,3,0," :- not closesensors(V1,V2), partnerunits(V2,V1), zone2sensor(V1,V1).
 :- not zone2sensor(V2,V2), unit2sensorGEQ(V1,V1), unit2sensorGEQ(V2,V1).
"
112,./PUP/double_weight/,2-double-6.lp,Enumerate,Alternative,Full,1,1,16567,DEFAULT,2.096,962.23,95,1,0," :- closezones(V2,V1), not unit2sensorGEQ(V1,V2), zone2sensor(V1,V1).
 :- not unit2zoneGEQ(V1,V1), unit2sensorGEQ(V2,V2), zone2sensor(V1,V2).
"
113,./PUP/double_weight/,2-double-6.lp,Enumerate,Alternative,Full,1,2,70,DEFAULT,3.866,81.649,190,2,0," :- closesensors(V1,V2), unit2sensorGEQ(V2,V2), unit2zoneGEQ(V1,V1).
"
114,./PUP/double_weight/,2-double-6.lp,Enumerate,Alternative,Full,1,3,22154,DEFAULT,5.635,1678.99,285,3,1," :- not closesensors(V1,V2), not unit2zoneGEQ(V1,V1), partnerunits(V1,V2).
 :- closezones(V2,V1), unit2sensorGEQ(V2,V1), unit2zoneGEQ(V1,V2).
"
115,./PUP/double_weight/,2-double-6.lp,Enumerate,Alternative,Full,1,1,16699,DEFAULT,1.973,125.657,95,1,0," :- closesensors(V1,V2), unit2sensorGEQ(V2,V2), unit2zoneGEQ(V1,V1).
"
116,./PUP/double_weight/,2-double-6.lp,Enumerate,Alternative,Full,1,2,25944,DEFAULT,4.189,552.502,190,2,0," :- not closesensors(V1,V2), partnerunits(V2,V1), zone2sensor(V1,V1).
 :- not zone2sensor(V1,V1), unit2sensorGEQ(V1,V2), unit2sensorGEQ(V2,V1).
"
117,./PUP/double_weight/,2-double-6.lp,Enumerate,Alternative,Full,1,3,15838,DEFAULT,6.056,2107.84,285,3,1," :- not closesensors(V1,V2), partnerunits(V2,V1), zone2sensor(V1,V1).
 :- not unit2zoneGEQ(V2,V2), unit2zoneGEQ(V2,V1), zone2sensor(V1,V2).
 :- closesensors(V1,V2), unit2sensorGEQ(V1,V2), unit2sensorGEQ(V2,V1).
 :- closezones(V1,V2), unit2sensorGEQ(V1,V2), unit2sensorGEQ(V2,V1).
"
118,./PUP/double_weight/,2-double-6.lp,Enumerate,Alternative,Full,1,1,2753,DEFAULT,2.118,438.991,95,1,0," :- not unit2sensorGEQ(V1,V1), zone2sensor(V1,V1).
 :- not unit2zoneGEQ(V2,V1), partnerunits(V2,V1), unit2sensorGEQ(V1,V1).
"
119,./PUP/double_weight/,2-double-6.lp,Enumerate,Alternative,Full,1,2,31792,DEFAULT,4.215,2249.45,190,2,0," :- closezones(V1,V2), not closesensors(V1,V2), partnerunits(V1,V2).
 :- not zone2sensor(V1,V2), unit2sensorGEQ(V1,V1), unit2sensorGEQ(V2,V2).
"
120,./PUP/double_weight/,2-double-6.lp,Enumerate,Alternative,Full,1,3,6602,DEFAULT,6.105,2644.06,285,3,2," :- not unit2sensorGEQ(V1,V1), zone2sensor(V1,V1).
 :- not unit2zoneGEQ(V1,V1), unit2sensorGEQ(V2,V2), zone2sensor(V1,V2).
 :- closesensors(V1,V2), unit2sensorGEQ(V1,V2), unit2sensorGEQ(V2,V1).
 :- not unit2sensorGEQ(V1,V2), not unit2sensorGEQ(V2,V1), partnerunits(V1,V2).
"
