,Directory,Files analysed with SBASS,Learning mode,Ordering,SBC,Iteration,Cell,Seed,Version,Time for creating examples,Time for solving ILP task,Total neg examples,Total pos examples,Neg examples uncovered,Learned Constraints
1,./PUP/double_weight/,2-double-6.lp,Enumerate,Standard,Full,1,1,31681,DEFAULT,1.408,215.386,95,1,0," :- closesensors(V1,V2), partnerunits(V2,V1), zone2sensor(V1,V2).
 :- not unit2sensorGEQ(V1,V2), partnerunits(V1,V2).
"
2,./PUP/double_weight/,2-double-6.lp,Enumerate,Standard,Full,1,2,4634,DEFAULT,2.782,203.343,190,2,0," :- not unit2zoneGEQ(V1,V1), zone2sensor(V1,V1).
 :- closezones(V2,V1), not unit2sensorGEQ(V2,V2), unit2sensorGEQ(V1,V2).
"
3,./PUP/double_weight/,2-double-6.lp,Enumerate,Standard,Full,1,3,16837,DEFAULT,4.51,597.739,285,3,2," :- not unit2sensorGEQ(V2,V1), unit2sensorGEQ(V2,V2), zone2sensor(V1,V2).
 :- not unit2sensorGEQ(V1,V2), not zone2sensor(V2,V1), partnerunits(V1,V2).
"
4,./PUP/double_weight/,2-double-6.lp,Enumerate,Standard,Full,1,1,15262,DEFAULT,1.307,155.018,95,1,0," :- not closezones(V1,V2), not unit2sensorGEQ(V1,V2), unit2zoneGEQ(V1,V2).
"
5,./PUP/double_weight/,2-double-6.lp,Enumerate,Standard,Full,1,2,22084,DEFAULT,2.735,2943.66,190,2,1," :- closezones(V2,V1), partnerunits(V2,V1), zone2sensor(V1,V2).
 :- not unit2sensorGEQ(V1,V1), not unit2zoneGEQ(V1,V1), zone2sensor(V1,V1).
 :- not unit2sensorGEQ(V1,V2), not zone2sensor(V1,V2), partnerunits(V1,V2).
 :- not unit2sensorGEQ(V1,V2), unit2sensorGEQ(V2,V1), unit2zoneGEQ(V1,V2).
"
6,./PUP/double_weight/,2-double-6.lp,Enumerate,Standard,Full,1,3,24758,DEFAULT,4.17,975.775,285,3,0," :- not unit2sensorGEQ(V1,V2), unit2sensorGEQ(V2,V2), zone2sensor(V1,V1).
 :- not unit2sensorGEQ(V1,V1), not unit2sensorGEQ(V2,V1), partnerunits(V1,V2).
 :- not unit2sensorGEQ(V2,V1), not unit2zoneGEQ(V2,V1), partnerunits(V1,V2).
"
8,./PUP/double_weight/,2-double-6.lp,Enumerate,Standard,Full,1,2,26796,DEFAULT,4.431,636.315,190,2,1," :- not unit2sensorGEQ(V3,V1), partnerunits(V3,V2), unit2zoneGEQ(V1,V2).
"
9,./PUP/double_weight/,2-double-6.lp,Enumerate,Standard,Full,1,3,25434,DEFAULT,7.37,2032.72,285,3,5," :- not unit2sensorGEQ(V1,V1), not zone2sensor(V1,V1), unit2zoneGEQ(V1,V1).
 :- closesensors(V1,V2), not unit2sensorGEQ(V1,V2), partnerunits(V1,V2).
 :- not unit2sensorGEQ(V1,V2), unit2sensorGEQ(V2,V2), unit2zoneGEQ(V1,V2).
"
10,./PUP/double_weight/,2-double-6.lp,Enumerate,Standard,Full,1,1,8598,DEFAULT,1.317,297.058,95,1,0," :- not unit2zoneGEQ(V1,V1), zone2sensor(V1,V1).
 :- closesensors(V1,V2), not unit2sensorGEQ(V2,V2), unit2sensorGEQ(V1,V2).
"
11,./PUP/double_weight/,2-double-6.lp,Enumerate,Standard,Full,1,2,21172,DEFAULT,4.236,97.71,190,2,0," :- not unit2sensorGEQ(V2,V1), partnerunits(V1,V2).
"
12,./PUP/double_weight/,2-double-6.lp,Enumerate,Standard,Full,1,3,31928,DEFAULT,6.829,3377.82,285,3,3," :- not unit2zoneGEQ(V1,V1), zone2sensor(V1,V1).
 :- closesensors(V1,V2), partnerunits(V1,V2), zone2sensor(V1,V2).
 :- not unit2sensorGEQ(V2,V1), not zone2sensor(V1,V2), partnerunits(V1,V2).
 :- not unit2sensorGEQ(V1,V1), not unit2sensorGEQ(V2,V1), partnerunits(V1,V2).
"
13,./PUP/double_weight/,2-double-6.lp,Enumerate,Standard,Full,1,1,29690,DEFAULT,2.086,97.196,95,1,0," :- not unit2sensorGEQ(V2,V1), partnerunits(V1,V2).
"
14,./PUP/double_weight/,2-double-6.lp,Enumerate,Standard,Full,1,2,3800,DEFAULT,4.449,813.118,190,2,1," :- closezones(V2,V3), not unit2sensorGEQ(V1,V3), unit2zoneGEQ(V1,V1).
 :- not unit2sensorGEQ(V2,V1), partnerunits(V2,V1), zone2sensor(V1,V1).
"
15,./PUP/double_weight/,2-double-6.lp,Enumerate,Standard,Full,1,3,1743,DEFAULT,4.283,95.116,285,3,0," :- not unit2sensorGEQ(V1,V2), partnerunits(V1,V2).
"
16,./PUP/double_weight/,2-double-6.lp,Enumerate,Standard,Full,1,1,26740,DEFAULT,2.197,416.195,95,1,0," :- closezones(V2,V1), not unit2zoneGEQ(V1,V1), unit2sensorGEQ(V1,V2).
 :- not unit2zoneGEQ(V2,V1), unit2sensorGEQ(V1,V1), zone2sensor(V1,V2).
"
17,./PUP/double_weight/,2-double-6.lp,Enumerate,Standard,Full,1,2,22856,DEFAULT,4.466,985.301,190,2,0," :- not zone2sensor(V1,V1), unit2zoneGEQ(V1,V1).
 :- partnerunits(V1,V2), unit2zoneGEQ(V1,V2), unit2zoneGEQ(V2,V1).
"
18,./PUP/double_weight/,2-double-6.lp,Enumerate,Standard,Full,1,3,25148,DEFAULT,6.162,3137.53,285,3,2," :- closesensors(V2,V1), partnerunits(V2,V1), zone2sensor(V1,V2).
 :- closezones(V1,V2), not unit2zoneGEQ(V1,V1), unit2zoneGEQ(V1,V2).
 :- not unit2sensorGEQ(V1,V2), not unit2sensorGEQ(V2,V2), partnerunits(V1,V2).
 :- not unit2sensorGEQ(V2,V1), not unit2zoneGEQ(V2,V1), partnerunits(V1,V2).
"
19,./PUP/double_weight/,2-double-6.lp,Enumerate,Standard,Full,1,1,6751,DEFAULT,2.055,247.689,95,1,0," :- closezones(V2,V1), partnerunits(V1,V2), zone2sensor(V1,V2).
 :- not unit2sensorGEQ(V1,V1), unit2sensorGEQ(V1,V2).
"
20,./PUP/double_weight/,2-double-6.lp,Enumerate,Standard,Full,1,2,13658,DEFAULT,4.586,584.09,190,2,0," :- closesensors(V1,V2), partnerunits(V1,V2), zone2sensor(V1,V2).
 :- not unit2sensorGEQ(V1,V1), unit2sensorGEQ(V1,V2), zone2sensor(V1,V2).
 :- not unit2sensorGEQ(V1,V2), partnerunits(V2,V1), unit2zoneGEQ(V1,V2).
"
21,./PUP/double_weight/,2-double-6.lp,Enumerate,Standard,Full,1,3,717,DEFAULT,5.807,94.912,285,3,0," :- not unit2sensorGEQ(V2,V1), partnerunits(V1,V2).
"
22,./PUP/double_weight/,2-double-6.lp,Enumerate,Standard,Full,1,1,16849,DEFAULT,1.32,233.545,95,1,0," :- closezones(V2,V1), unit2zoneGEQ(V2,V1), zone2sensor(V1,V1).
 :- not unit2sensorGEQ(V1,V2), unit2zoneGEQ(V2,V2), zone2sensor(V1,V1).
"
23,./PUP/double_weight/,2-double-6.lp,Enumerate,Standard,Full,1,2,29843,DEFAULT,3.55,239.565,190,2,0," :- not unit2zoneGEQ(V1,V1), zone2sensor(V1,V1).
 :- not unit2sensorGEQ(V2,V1), partnerunits(V1,V2), unit2zoneGEQ(V1,V1).
"
24,./PUP/double_weight/,2-double-6.lp,Enumerate,Standard,Full,1,3,8299,DEFAULT,5.693,269.376,285,3,0," :- not unit2zoneGEQ(V1,V1), not zone2sensor(V1,V1), unit2sensorGEQ(V1,V1).
 :- not unit2sensorGEQ(V1,V2), partnerunits(V1,V2).
"
25,./PUP/double_weight/,2-double-6.lp,Enumerate,Standard,Full,1,1,6709,DEFAULT,2.15,342.835,95,1,0," :- closesensors(V2,V1), not unit2zoneGEQ(V1,V2), zone2sensor(V1,V1).
 :- not unit2sensorGEQ(V2,V1), unit2zoneGEQ(V2,V2), zone2sensor(V1,V2).
"
26,./PUP/double_weight/,2-double-6.lp,Enumerate,Standard,Full,1,2,24419,DEFAULT,3.265,419.348,190,2,0," :- not unit2zoneGEQ(V1,V1), zone2sensor(V1,V1).
 :- not unit2sensorGEQ(V2,V1), partnerunits(V1,V2), unit2zoneGEQ(V1,V1).
"
27,./PUP/double_weight/,2-double-6.lp,Enumerate,Standard,Full,1,3,14456,DEFAULT,6.56,929.23,285,3,2," :- not unit2zoneGEQ(V1,V1), unit2sensorGEQ(V2,V2), zone2sensor(V1,V2).
 :- closesensors(V1,V2), partnerunits(V2,V1), zone2sensor(V1,V2).
 :- not unit2sensorGEQ(V1,V2), unit2sensorGEQ(V2,V1), zone2sensor(V1,V1).
"
28,./PUP/double_weight/,2-double-6.lp,Enumerate,Standard,Full,1,1,11547,DEFAULT,1.945,110.858,95,1,0," :- closezones(V2,V1), not unit2sensorGEQ(V2,V1), unit2zoneGEQ(V1,V1).
"
29,./PUP/double_weight/,2-double-6.lp,Enumerate,Standard,Full,1,2,7260,DEFAULT,2.763,553.92,190,2,1," :- not unit2zoneGEQ(V1,V1), unit2sensorGEQ(V2,V1), zone2sensor(V1,V2).
 :- not unit2sensorGEQ(V2,V1), not zone2sensor(V2,V1), partnerunits(V1,V2).
"
30,./PUP/double_weight/,2-double-6.lp,Enumerate,Standard,Full,1,3,21865,DEFAULT,4.844,600.877,285,3,2," :- not unit2sensorGEQ(V3,V1), partnerunits(V3,V2), unit2zoneGEQ(V1,V2).
"
31,./PUP/double_weight/,2-double-6.lp,Enumerate,Standard,Full,1,1,16017,DEFAULT,2.304,93.306,95,1,0," :- closesensors(V2,V1), not unit2zoneGEQ(V2,V2), unit2sensorGEQ(V1,V2).
"
32,./PUP/double_weight/,2-double-6.lp,Enumerate,Standard,Full,1,2,29417,DEFAULT,4.244,100.864,190,2,0," :- not unit2sensorGEQ(V1,V2), partnerunits(V1,V2).
"
33,./PUP/double_weight/,2-double-6.lp,Enumerate,Standard,Full,1,3,25421,DEFAULT,4.215,1011.65,237,3,1," :- not unit2zoneGEQ(V1,V1), not unit2zoneGEQ(V2,V2), partnerunits(V1,V2).
 :- not unit2sensorGEQ(V1,V2), not zone2sensor(V2,V1), partnerunits(V1,V2).
 :- not unit2sensorGEQ(V2,V1), unit2zoneGEQ(V1,V1), unit2zoneGEQ(V2,V1).
"
34,./PUP/double_weight/,2-double-6.lp,Enumerate,Standard,Full,1,1,10456,DEFAULT,1.892,1659.19,95,1,0," :- closezones(V2,V1), not unit2sensorGEQ(V1,V1), unit2zoneGEQ(V1,V2).
 :- closesensors(V2,V1), not unit2sensorGEQ(V1,V2), unit2zoneGEQ(V1,V1).
"
35,./PUP/double_weight/,2-double-6.lp,Enumerate,Standard,Full,1,2,25977,DEFAULT,3.701,200.268,190,2,0," :- not unit2sensorGEQ(V3,V1), partnerunits(V2,V3), unit2zoneGEQ(V1,V2).
"
36,./PUP/double_weight/,2-double-6.lp,Enumerate,Standard,Full,1,3,20418,DEFAULT,4.168,73.03,285,3,0," :- not unit2sensorGEQ(V2,V1), partnerunits(V1,V2).
"
37,./PUP/double_weight/,2-double-6.lp,Enumerate,Standard,Full,1,1,3380,DEFAULT,1.388,88.578,95,1,0," :- closezones(V1,V2), not unit2sensorGEQ(V2,V1), unit2sensorGEQ(V1,V2).
"
38,./PUP/double_weight/,2-double-6.lp,Enumerate,Standard,Full,1,2,4490,DEFAULT,2.812,76.456,190,2,0," :- not unit2sensorGEQ(V1,V2), partnerunits(V1,V2).
"
39,./PUP/double_weight/,2-double-6.lp,Enumerate,Standard,Full,1,3,29743,DEFAULT,4.136,1957.14,285,3,2," :- closesensors(V2,V1), partnerunits(V1,V2), zone2sensor(V1,V2).
 :- not unit2sensorGEQ(V2,V2), unit2zoneGEQ(V2,V1), zone2sensor(V1,V1).
 :- not unit2zoneGEQ(V1,V1), unit2zoneGEQ(V1,V2), zone2sensor(V1,V2).
"
40,./PUP/double_weight/,2-double-6.lp,Enumerate,Standard,Full,1,1,14157,DEFAULT,1.524,149.619,95,1,0," :- not unit2sensorGEQ(V1,V3), unit2sensorGEQ(V3,V2), unit2zoneGEQ(V1,V2).
"
41,./PUP/double_weight/,2-double-6.lp,Enumerate,Standard,Full,1,2,69,DEFAULT,3.514,1466.93,190,2,0," :- not unit2sensorGEQ(V1,V1), zone2sensor(V1,V1).
 :- not unit2sensorGEQ(V1,V1), unit2zoneGEQ(V1,V1).
 :- closezones(V1,V2), partnerunits(V2,V1), zone2sensor(V1,V2).
 :- not unit2sensorGEQ(V1,V2), not zone2sensor(V2,V1), partnerunits(V1,V2).
"
42,./PUP/double_weight/,2-double-6.lp,Enumerate,Standard,Full,1,3,3023,DEFAULT,6.423,435.868,285,3,0," :- closesensors(V2,V1), partnerunits(V2,V1), zone2sensor(V1,V2).
 :- closezones(V2,V1), not unit2sensorGEQ(V1,V2), partnerunits(V1,V2).
"
43,./PUP/double_weight/,2-double-6.lp,Enumerate,Standard,Full,1,1,14690,DEFAULT,1.746,245.711,95,1,0," :- not unit2sensorGEQ(V1,V1), zone2sensor(V1,V1).
 :- not unit2sensorGEQ(V1,V2), partnerunits(V1,V2).
"
44,./PUP/double_weight/,2-double-6.lp,Enumerate,Standard,Full,1,2,13524,DEFAULT,3.106,173.538,190,2,0," :- not unit2sensorGEQ(V1,V3), unit2sensorGEQ(V3,V2), unit2zoneGEQ(V1,V2).
"
45,./PUP/double_weight/,2-double-6.lp,Enumerate,Standard,Full,1,3,15622,DEFAULT,3.41,342.36,237,3,0," :- not unit2sensorGEQ(V2,V2), unit2sensorGEQ(V1,V2), zone2sensor(V1,V2).
 :- not unit2sensorGEQ(V1,V2), not zone2sensor(V1,V2), unit2zoneGEQ(V1,V2).
"
46,./PUP/double_weight/,2-double-6.lp,Enumerate,Standard,Full,1,1,10222,DEFAULT,1.403,65.753,95,1,0," :- closesensors(V1,V2), not unit2sensorGEQ(V2,V2), unit2zoneGEQ(V1,V1).
"
47,./PUP/double_weight/,2-double-6.lp,Enumerate,Standard,Full,1,2,23256,DEFAULT,3.252,911.907,190,2,0," :- not unit2sensorGEQ(V1,V1), unit2zoneGEQ(V1,V1).
 :- not unit2sensorGEQ(V1,V2), not zone2sensor(V2,V1), unit2zoneGEQ(V1,V2).
"
48,./PUP/double_weight/,2-double-6.lp,Enumerate,Standard,Full,1,3,29764,DEFAULT,5.485,520.892,285,3,0," :- not unit2sensorGEQ(V1,V2), unit2zoneGEQ(V1,V1), zone2sensor(V1,V2).
 :- not unit2zoneGEQ(V1,V2), not zone2sensor(V1,V2), partnerunits(V1,V2).
"
49,./PUP/double_weight/,2-double-6.lp,Enumerate,Standard,Full,1,1,6652,DEFAULT,1.487,459.419,95,1,0," :- closezones(V1,V2), not unit2sensorGEQ(V1,V2), zone2sensor(V1,V1).
 :- not unit2zoneGEQ(V2,V1), unit2sensorGEQ(V1,V1), zone2sensor(V1,V2).
"
50,./PUP/double_weight/,2-double-6.lp,Enumerate,Standard,Full,1,2,27221,DEFAULT,3.791,371.325,190,2,0," :- not unit2sensorGEQ(V2,V1), unit2sensorGEQ(V2,V2), zone2sensor(V1,V2).
 :- not unit2sensorGEQ(V2,V1), not zone2sensor(V2,V1), partnerunits(V1,V2).
"
51,./PUP/double_weight/,2-double-6.lp,Enumerate,Standard,Full,1,3,28577,DEFAULT,5.138,976.012,237,3,1," :- not unit2sensorGEQ(V1,V1), not zone2sensor(V1,V1), unit2zoneGEQ(V1,V2).
 :- not closesensors(V2,V1), not unit2sensorGEQ(V1,V1), unit2sensorGEQ(V1,V2).
 :- not unit2sensorGEQ(V2,V1), not zone2sensor(V1,V2), partnerunits(V1,V2).
"
52,./PUP/double_weight/,2-double-6.lp,Enumerate,Standard,Full,1,1,759,DEFAULT,1.554,161.959,95,1,0," :- not unit2sensorGEQ(V1,V3), unit2sensorGEQ(V3,V2), unit2zoneGEQ(V1,V2).
"
53,./PUP/double_weight/,2-double-6.lp,Enumerate,Standard,Full,1,2,2001,DEFAULT,2.639,926.927,190,2,0," :- closesensors(V2,V1), not unit2sensorGEQ(V2,V1), partnerunits(V1,V2).
 :- not unit2zoneGEQ(V1,V2), partnerunits(V2,V1), unit2sensorGEQ(V1,V1).
 :- not unit2sensorGEQ(V2,V1), partnerunits(V2,V1), unit2zoneGEQ(V1,V1).
"
55,./PUP/double_weight/,2-double-6.lp,Enumerate,Standard,Full,1,1,2905,DEFAULT,1.405,152.247,95,1,0," :- not unit2sensorGEQ(V1,V1), zone2sensor(V1,V1).
 :- not unit2zoneGEQ(V1,V2), not zone2sensor(V2,V1), partnerunits(V1,V2).
"
56,./PUP/double_weight/,2-double-6.lp,Enumerate,Standard,Full,1,2,27702,DEFAULT,2.745,2176.99,190,2,1," :- not unit2sensorGEQ(V1,V1), unit2zoneGEQ(V1,V2).
 :- not unit2sensorGEQ(V1,V1), unit2zoneGEQ(V2,V2), zone2sensor(V1,V2).
 :- not unit2sensorGEQ(V1,V2), not zone2sensor(V2,V1), partnerunits(V1,V2).
"
57,./PUP/double_weight/,2-double-6.lp,Enumerate,Standard,Full,1,3,4997,DEFAULT,4.22,1464.34,285,3,0," :- not unit2zoneGEQ(V1,V1), unit2sensorGEQ(V2,V2), zone2sensor(V1,V2).
 :- closesensors(V1,V2), partnerunits(V1,V2), zone2sensor(V1,V2).
 :- not unit2sensorGEQ(V2,V1), unit2sensorGEQ(V2,V2), zone2sensor(V1,V2).
 :- not unit2sensorGEQ(V1,V2), unit2sensorGEQ(V2,V1), zone2sensor(V1,V1).
"
58,./PUP/double_weight/,2-double-6.lp,Enumerate,Standard,Full,1,1,26985,DEFAULT,1.364,539.351,95,1,0," :- not unit2zoneGEQ(V1,V1), unit2sensorGEQ(V1,V1).
 :- not closesensors(V2,V1), not unit2sensorGEQ(V1,V1), unit2sensorGEQ(V1,V2).
 :- closesensors(V2,V1), not unit2sensorGEQ(V2,V1), partnerunits(V1,V2).
"
60,./PUP/double_weight/,2-double-6.lp,Enumerate,Standard,Full,1,3,16345,DEFAULT,4.302,539.743,285,3,0," :- not unit2zoneGEQ(V1,V1), not zone2sensor(V1,V1), unit2sensorGEQ(V1,V1).
 :- not unit2sensorGEQ(V2,V1), partnerunits(V1,V2).
"
61,./PUP/double_weight/,2-double-6.lp,Enumerate,Standard,Full,1,1,14189,DEFAULT,1.361,326.344,95,1,0," :- not unit2sensorGEQ(V2,V1), unit2sensorGEQ(V2,V2), zone2sensor(V1,V2).
 :- closesensors(V1,V2), not unit2sensorGEQ(V1,V2), partnerunits(V1,V2).
"
62,./PUP/double_weight/,2-double-6.lp,Enumerate,Standard,Full,1,2,21352,DEFAULT,2.732,1601.35,190,2,0," :- closesensors(V2,V1), not unit2sensorGEQ(V1,V1), unit2zoneGEQ(V1,V2).
 :- not unit2sensorGEQ(V2,V1), partnerunits(V1,V2), zone2sensor(V1,V1).
 :- not unit2sensorGEQ(V1,V2), unit2zoneGEQ(V1,V1), unit2zoneGEQ(V1,V2).
"
63,./PUP/double_weight/,2-double-6.lp,Enumerate,Standard,Full,1,3,14837,DEFAULT,4.303,187.045,285,3,0," :- not unit2sensorGEQ(V2,V1), partnerunits(V1,V2).
 :- closezones(V2,V1), not unit2sensorGEQ(V1,V1), unit2zoneGEQ(V1,V2).
"
64,./PUP/double_weight/,2-double-6.lp,Enumerate,Standard,Full,1,1,24318,DEFAULT,1.441,316.456,95,1,0," :- closesensors(V2,V1), partnerunits(V2,V1), zone2sensor(V1,V2).
 :- closezones(V2,V1), not unit2sensorGEQ(V2,V1), unit2sensorGEQ(V1,V2).
"
65,./PUP/double_weight/,2-double-6.lp,Enumerate,Standard,Full,1,2,26740,DEFAULT,2.749,1164.68,190,2,1," :- not unit2sensorGEQ(V2,V1), unit2sensorGEQ(V2,V2), zone2sensor(V1,V2).
 :- closesensors(V1,V2), not unit2sensorGEQ(V1,V2), partnerunits(V1,V2).
 :- not unit2zoneGEQ(V1,V1), unit2sensorGEQ(V2,V1), unit2zoneGEQ(V1,V2).
"
66,./PUP/double_weight/,2-double-6.lp,Enumerate,Standard,Full,1,3,23583,DEFAULT,3.305,3016.6,237,3,3," :- not unit2zoneGEQ(V1,V1), zone2sensor(V1,V1).
 :- not unit2sensorGEQ(V1,V1), not zone2sensor(V1,V1), unit2zoneGEQ(V1,V1).
 :- closesensors(V1,V2), partnerunits(V1,V2), zone2sensor(V1,V2).
 :- closesensors(V2,V1), not unit2sensorGEQ(V1,V2), partnerunits(V1,V2).
 :- not unit2sensorGEQ(V2,V2), not unit2zoneGEQ(V1,V2), partnerunits(V1,V2).
"
67,./PUP/double_weight/,2-double-6.lp,Enumerate,Standard,Full,1,1,17876,DEFAULT,1.423,46.941,95,1,0," :- not unit2sensorGEQ(V2,V1), partnerunits(V1,V2).
"
68,./PUP/double_weight/,2-double-6.lp,Enumerate,Standard,Full,1,2,19383,DEFAULT,2.892,810.939,190,2,1," :- not unit2sensorGEQ(V2,V1), partnerunits(V2,V1), zone2sensor(V1,V1).
 :- not unit2sensorGEQ(V1,V2), unit2sensorGEQ(V2,V1), unit2zoneGEQ(V1,V1).
 :- not unit2sensorGEQ(V2,V1), not unit2zoneGEQ(V1,V2), partnerunits(V1,V2).
"
69,./PUP/double_weight/,2-double-6.lp,Enumerate,Standard,Full,1,3,7579,DEFAULT,4.141,1019.38,285,3,0," :- not unit2sensorGEQ(V1,V2), not zone2sensor(V2,V1), partnerunits(V1,V2).
 :- not unit2zoneGEQ(V1,V2), not unit2zoneGEQ(V2,V2), partnerunits(V1,V2).
 :- not unit2sensorGEQ(V1,V1), not unit2sensorGEQ(V1,V2), partnerunits(V1,V2).
"
70,./PUP/double_weight/,2-double-6.lp,Enumerate,Standard,Full,1,1,28975,DEFAULT,1.264,201.722,95,1,0," :- not unit2sensorGEQ(V1,V1), zone2sensor(V1,V1).
 :- closezones(V2,V1), not unit2sensorGEQ(V2,V1), unit2zoneGEQ(V1,V1).
"
71,./PUP/double_weight/,2-double-6.lp,Enumerate,Standard,Full,1,2,1459,DEFAULT,2.934,447.085,190,2,0," :- not unit2sensorGEQ(V1,V1), unit2zoneGEQ(V1,V1).
 :- not unit2sensorGEQ(V2,V1), unit2sensorGEQ(V2,V2), unit2zoneGEQ(V1,V1).
 :- not unit2sensorGEQ(V1,V1), not unit2sensorGEQ(V2,V1), partnerunits(V1,V2).
"
72,./PUP/double_weight/,2-double-6.lp,Enumerate,Standard,Full,1,3,7706,DEFAULT,4.133,79.835,285,3,0," :- not unit2sensorGEQ(V2,V1), partnerunits(V1,V2).
"
73,./PUP/double_weight/,2-double-6.lp,Enumerate,Standard,Full,1,1,5107,DEFAULT,2.134,92.717,95,1,0," :- not unit2sensorGEQ(V3,V1), unit2zoneGEQ(V3,V2), zone2sensor(V1,V2).
"
74,./PUP/double_weight/,2-double-6.lp,Enumerate,Standard,Full,1,2,10838,DEFAULT,2.729,825.876,190,2,0," :- not unit2sensorGEQ(V1,V1), not unit2zoneGEQ(V2,V2), unit2sensorGEQ(V1,V2).
 :- not unit2sensorGEQ(V1,V2), partnerunits(V1,V2), unit2sensorGEQ(V1,V1).
"
75,./PUP/double_weight/,2-double-6.lp,Enumerate,Standard,Full,1,3,21787,DEFAULT,4.062,1649.76,285,3,0," :- not zone2sensor(V1,V1), unit2zoneGEQ(V1,V1).
 :- not unit2sensorGEQ(V1,V2), unit2zoneGEQ(V2,V1), zone2sensor(V1,V1).
 :- not unit2sensorGEQ(V2,V1), unit2sensorGEQ(V2,V2), unit2zoneGEQ(V1,V1).
 :- not unit2sensorGEQ(V1,V1), not unit2sensorGEQ(V2,V1), partnerunits(V1,V2).
"
76,./PUP/double_weight/,2-double-6.lp,Enumerate,Standard,Full,1,1,9373,DEFAULT,1.901,65.801,95,1,0," :- not unit2sensorGEQ(V2,V1), partnerunits(V1,V2).
"
77,./PUP/double_weight/,2-double-6.lp,Enumerate,Standard,Full,1,2,12399,DEFAULT,3.566,74.38,190,2,0," :- not unit2sensorGEQ(V2,V1), partnerunits(V1,V2).
"
78,./PUP/double_weight/,2-double-6.lp,Enumerate,Standard,Full,1,3,5812,DEFAULT,4.389,499.359,285,3,0," :- not unit2sensorGEQ(V1,V1), zone2sensor(V1,V1).
 :- not unit2sensorGEQ(V1,V2), unit2sensorGEQ(V2,V2), zone2sensor(V1,V2).
 :- closezones(V2,V1), not unit2sensorGEQ(V2,V1), unit2sensorGEQ(V1,V2).
"
79,./PUP/double_weight/,2-double-6.lp,Enumerate,Standard,Full,1,1,21123,DEFAULT,1.447,70.199,95,1,0," :- not unit2sensorGEQ(V2,V1), partnerunits(V1,V2).
"
80,./PUP/double_weight/,2-double-6.lp,Enumerate,Standard,Full,1,2,32737,DEFAULT,2.842,947.613,190,2,0," :- not closesensors(V1,V2), not unit2sensorGEQ(V1,V1), unit2sensorGEQ(V1,V2).
 :- closesensors(V2,V1), not unit2sensorGEQ(V2,V1), partnerunits(V1,V2).
 :- not unit2sensorGEQ(V1,V2), unit2zoneGEQ(V1,V1), unit2zoneGEQ(V1,V2).
"
81,./PUP/double_weight/,2-double-6.lp,Enumerate,Standard,Full,1,3,2231,DEFAULT,4.102,213.061,285,3,0," :- not unit2zoneGEQ(V1,V1), not zone2sensor(V1,V2), partnerunits(V1,V2).
 :- not unit2sensorGEQ(V2,V2), unit2sensorGEQ(V1,V2), zone2sensor(V1,V2).
"
82,./PUP/double_weight/,2-double-6.lp,Enumerate,Standard,Full,1,1,26645,DEFAULT,2.166,72.105,95,1,0," :- closezones(V2,V1), not unit2sensorGEQ(V2,V2), unit2zoneGEQ(V1,V2).
"
83,./PUP/double_weight/,2-double-6.lp,Enumerate,Standard,Full,1,2,4448,DEFAULT,2.78,264.145,190,2,0," :- not unit2sensorGEQ(V2,V1), unit2zoneGEQ(V2,V2), zone2sensor(V1,V2).
 :- not unit2zoneGEQ(V1,V1), not zone2sensor(V2,V2), unit2zoneGEQ(V1,V2).
"
84,./PUP/double_weight/,2-double-6.lp,Enumerate,Standard,Full,1,3,12868,DEFAULT,4.071,1597.82,285,3,3," :- not unit2sensorGEQ(V1,V1), not zone2sensor(V1,V1), unit2zoneGEQ(V1,V1).
 :- closesensors(V2,V1), partnerunits(V2,V1), zone2sensor(V1,V2).
 :- closezones(V1,V2), not unit2sensorGEQ(V2,V1), partnerunits(V1,V2).
 :- not unit2sensorGEQ(V1,V2), partnerunits(V1,V2), unit2zoneGEQ(V1,V2).
 :- not unit2sensorGEQ(V1,V2), not unit2sensorGEQ(V2,V1), partnerunits(V1,V2).
"
85,./PUP/double_weight/,2-double-6.lp,Enumerate,Standard,Full,1,1,1769,DEFAULT,1.392,46.912,95,1,0," :- not unit2sensorGEQ(V2,V1), partnerunits(V1,V2).
"
86,./PUP/double_weight/,2-double-6.lp,Enumerate,Standard,Full,1,2,8467,DEFAULT,2.321,226.071,142,2,0," :- not unit2sensorGEQ(V1,V1), zone2sensor(V1,V1).
 :- not unit2sensorGEQ(V1,V2), not zone2sensor(V2,V1), unit2zoneGEQ(V1,V2).
"
87,./PUP/double_weight/,2-double-6.lp,Enumerate,Standard,Full,1,3,14775,DEFAULT,4.081,1625.9,285,3,4," :- closesensors(V2,V1), partnerunits(V1,V2), zone2sensor(V1,V2).
 :- not unit2zoneGEQ(V1,V2), not zone2sensor(V2,V2), partnerunits(V1,V2).
 :- not unit2sensorGEQ(V1,V2), unit2sensorGEQ(V2,V1), zone2sensor(V1,V1).
"
88,./PUP/double_weight/,2-double-6.lp,Enumerate,Standard,Full,1,1,2212,DEFAULT,1.439,673.458,95,1,0," :- not unit2zoneGEQ(V2,V2), unit2zoneGEQ(V2,V1), zone2sensor(V1,V2).
 :- closezones(V2,V3), not unit2sensorGEQ(V1,V3), unit2zoneGEQ(V1,V1).
"
89,./PUP/double_weight/,2-double-6.lp,Enumerate,Standard,Full,1,2,9472,DEFAULT,2.685,39.732,190,2,0," :- not unit2sensorGEQ(V1,V2), partnerunits(V1,V2).
"
90,./PUP/double_weight/,2-double-6.lp,Enumerate,Standard,Full,1,3,1280,DEFAULT,3.738,823.304,285,3,0," :- not unit2zoneGEQ(V1,V2), not zone2sensor(V2,V2), partnerunits(V1,V2).
 :- not unit2sensorGEQ(V2,V1), not zone2sensor(V1,V2), partnerunits(V1,V2).
"
91,./PUP/double_weight/,2-double-6.lp,Enumerate,Standard,Full,1,1,13383,DEFAULT,1.3,274.64,95,1,0," :- closezones(V1,V2), partnerunits(V2,V1), zone2sensor(V1,V2).
 :- closezones(V2,V1), not unit2zoneGEQ(V1,V2), unit2zoneGEQ(V1,V1).
"
92,./PUP/double_weight/,2-double-6.lp,Enumerate,Standard,Full,1,2,2517,DEFAULT,2.862,304.013,190,2,0," :- closezones(V2,V1), not unit2zoneGEQ(V1,V2), zone2sensor(V1,V1).
 :- not unit2zoneGEQ(V2,V2), unit2sensorGEQ(V1,V2), zone2sensor(V1,V2).
"
93,./PUP/double_weight/,2-double-6.lp,Enumerate,Standard,Full,1,3,20286,DEFAULT,4.138,1809.54,285,3,0," :- not unit2sensorGEQ(V2,V1), not zone2sensor(V1,V2), partnerunits(V1,V2).
 :- not unit2sensorGEQ(V1,V2), unit2zoneGEQ(V1,V2), zone2sensor(V1,V1).
 :- not unit2sensorGEQ(V1,V1), not unit2zoneGEQ(V2,V2), partnerunits(V1,V2).
 :- not unit2sensorGEQ(V2,V1), unit2zoneGEQ(V1,V1), unit2zoneGEQ(V2,V1).
"
94,./PUP/double_weight/,2-double-6.lp,Enumerate,Standard,Full,1,1,13727,DEFAULT,1.379,279.17,95,1,0," :- not unit2sensorGEQ(V1,V1), unit2zoneGEQ(V2,V1), zone2sensor(V1,V2).
 :- not unit2sensorGEQ(V2,V1), unit2sensorGEQ(V2,V2), zone2sensor(V1,V2).
"
95,./PUP/double_weight/,2-double-6.lp,Enumerate,Standard,Full,1,2,15928,DEFAULT,2.76,256.122,190,2,0," :- not unit2sensorGEQ(V1,V1), not zone2sensor(V2,V2), unit2sensorGEQ(V1,V2).
 :- closezones(V2,V3), not unit2sensorGEQ(V1,V3), unit2zoneGEQ(V1,V1).
"
96,./PUP/double_weight/,2-double-6.lp,Enumerate,Standard,Full,1,3,18316,DEFAULT,3.919,1363.49,285,3,1," :- not unit2zoneGEQ(V1,V1), zone2sensor(V1,V1).
 :- not unit2sensorGEQ(V2,V1), unit2sensorGEQ(V2,V2), zone2sensor(V1,V2).
 :- not unit2sensorGEQ(V2,V1), not zone2sensor(V2,V1), partnerunits(V1,V2).
 :- not unit2sensorGEQ(V1,V1), not unit2sensorGEQ(V2,V2), partnerunits(V1,V2).
"
97,./PUP/double_weight/,2-double-6.lp,Enumerate,Standard,Full,1,1,32033,DEFAULT,1.434,70.998,95,1,0," :- not unit2sensorGEQ(V2,V1), partnerunits(V1,V2).
"
98,./PUP/double_weight/,2-double-6.lp,Enumerate,Standard,Full,1,2,32598,DEFAULT,2.725,119.896,190,2,0," :- not zone2sensor(V1,V1), unit2sensorGEQ(V1,V1), unit2zoneGEQ(V1,V1).
 :- not unit2sensorGEQ(V1,V2), partnerunits(V1,V2).
"
99,./PUP/double_weight/,2-double-6.lp,Enumerate,Standard,Full,1,3,11310,DEFAULT,3.242,1219.63,237,3,0," :- closezones(V1,V2), partnerunits(V1,V2), zone2sensor(V1,V2).
 :- not unit2sensorGEQ(V1,V1), not unit2zoneGEQ(V1,V1), zone2sensor(V1,V1).
 :- not unit2sensorGEQ(V1,V2), unit2sensorGEQ(V2,V2), zone2sensor(V1,V1).
 :- closezones(V2,V1), not unit2sensorGEQ(V1,V2), unit2zoneGEQ(V1,V2).
 :- not unit2zoneGEQ(V1,V1), not unit2zoneGEQ(V2,V1), partnerunits(V1,V2).
"
100,./PUP/double_weight/,2-double-6.lp,Enumerate,Standard,Full,1,1,30414,DEFAULT,2.046,126.61,95,1,0," :- not unit2sensorGEQ(V3,V1), unit2sensorGEQ(V3,V2), unit2zoneGEQ(V1,V2).
"
101,./PUP/double_weight/,2-double-6.lp,Enumerate,Standard,Full,1,2,7830,DEFAULT,2.648,387.361,190,2,0," :- not unit2sensorGEQ(V2,V2), not unit2zoneGEQ(V1,V1), partnerunits(V1,V2).
 :- not unit2sensorGEQ(V2,V1), partnerunits(V1,V2), unit2zoneGEQ(V1,V1).
 :- not unit2sensorGEQ(V1,V2), partnerunits(V1,V2), unit2zoneGEQ(V1,V1).
"
102,./PUP/double_weight/,2-double-6.lp,Enumerate,Standard,Full,1,3,31417,DEFAULT,4.274,49.303,285,3,0," :- not unit2sensorGEQ(V2,V1), partnerunits(V1,V2).
"
103,./PUP/double_weight/,2-double-6.lp,Enumerate,Standard,Full,1,1,31869,DEFAULT,1.43,64.523,95,1,0," :- not unit2sensorGEQ(V2,V1), partnerunits(V1,V2).
"
104,./PUP/double_weight/,2-double-6.lp,Enumerate,Standard,Full,1,2,22564,DEFAULT,2.703,431.038,190,2,0," :- closesensors(V2,V1), not unit2sensorGEQ(V2,V1), partnerunits(V1,V2).
 :- not unit2sensorGEQ(V1,V2), not zone2sensor(V2,V1), unit2zoneGEQ(V1,V2).
"
105,./PUP/double_weight/,2-double-6.lp,Enumerate,Standard,Full,1,3,7051,DEFAULT,4.277,300.39,285,3,0," :- not unit2sensorGEQ(V2,V1), unit2sensorGEQ(V2,V2), zone2sensor(V1,V2).
 :- closesensors(V1,V2), not unit2sensorGEQ(V2,V1), partnerunits(V1,V2).
"
106,./PUP/double_weight/,2-double-6.lp,Enumerate,Standard,Full,1,1,8543,DEFAULT,1.415,138.905,95,1,0," :- not unit2sensorGEQ(V1,V1), zone2sensor(V1,V1).
 :- not unit2sensorGEQ(V2,V1), partnerunits(V1,V2).
"
107,./PUP/double_weight/,2-double-6.lp,Enumerate,Standard,Full,1,2,12158,DEFAULT,2.763,63.904,190,2,0," :- closesensors(V2,V1), not unit2zoneGEQ(V2,V2), unit2sensorGEQ(V1,V2).
"
108,./PUP/double_weight/,2-double-6.lp,Enumerate,Standard,Full,1,3,16923,DEFAULT,3.894,589.356,285,3,2," :- not unit2sensorGEQ(V1,V1), unit2zoneGEQ(V1,V1).
 :- closesensors(V2,V1), not unit2sensorGEQ(V2,V1), unit2sensorGEQ(V1,V2).
"
109,./PUP/double_weight/,2-double-6.lp,Enumerate,Standard,Full,1,1,16687,DEFAULT,1.377,42.951,95,1,0," :- closesensors(V1,V2), not unit2sensorGEQ(V2,V2), unit2zoneGEQ(V1,V1).
"
110,./PUP/double_weight/,2-double-6.lp,Enumerate,Standard,Full,1,2,27416,DEFAULT,2.706,177.941,190,2,0," :- not unit2sensorGEQ(V1,V3), unit2sensorGEQ(V3,V2), unit2zoneGEQ(V1,V2).
"
111,./PUP/double_weight/,2-double-6.lp,Enumerate,Standard,Full,1,3,21083,DEFAULT,4.059,203.923,285,3,0," :- not unit2zoneGEQ(V1,V1), zone2sensor(V1,V1).
 :- not unit2sensorGEQ(V3,V1), partnerunits(V2,V3), unit2zoneGEQ(V1,V2).
"
112,./PUP/double_weight/,2-double-6.lp,Enumerate,Standard,Full,1,1,16567,DEFAULT,1.392,86.829,95,1,0," :- closezones(V1,V2), not unit2sensorGEQ(V2,V1), unit2sensorGEQ(V1,V2).
"
113,./PUP/double_weight/,2-double-6.lp,Enumerate,Standard,Full,1,2,70,DEFAULT,2.806,62.193,190,2,0," :- not unit2sensorGEQ(V2,V1), partnerunits(V1,V2).
"
114,./PUP/double_weight/,2-double-6.lp,Enumerate,Standard,Full,1,3,22154,DEFAULT,4.066,304.203,285,3,0," :- partnerunits(V1,V2), unit2zoneGEQ(V1,V1), zone2sensor(V1,V2).
 :- not unit2sensorGEQ(V2,V1), unit2sensorGEQ(V2,V2), zone2sensor(V1,V2).
"
115,./PUP/double_weight/,2-double-6.lp,Enumerate,Standard,Full,1,1,16699,DEFAULT,1.629,50.305,95,1,0," :- not unit2sensorGEQ(V2,V1), partnerunits(V1,V2).
"
116,./PUP/double_weight/,2-double-6.lp,Enumerate,Standard,Full,1,2,25944,DEFAULT,2.724,52.635,190,2,0," :- not unit2sensorGEQ(V2,V1), partnerunits(V1,V2).
"
117,./PUP/double_weight/,2-double-6.lp,Enumerate,Standard,Full,1,3,15838,DEFAULT,4.08,2004.52,285,3,0," :- not unit2sensorGEQ(V1,V1), unit2sensorGEQ(V2,V1), zone2sensor(V1,V2).
 :- closesensors(V1,V2), not unit2sensorGEQ(V2,V1), partnerunits(V1,V2).
 :- not partnerunits(V2,V1), not unit2sensorGEQ(V1,V1), unit2sensorGEQ(V1,V2).
 :- not unit2sensorGEQ(V1,V2), not unit2zoneGEQ(V2,V2), partnerunits(V1,V2).
"
118,./PUP/double_weight/,2-double-6.lp,Enumerate,Standard,Full,1,1,2753,DEFAULT,1.382,240.716,95,1,0," :- not unit2zoneGEQ(V1,V1), unit2sensorGEQ(V1,V1).
 :- not unit2sensorGEQ(V1,V3), partnerunits(V2,V3), zone2sensor(V1,V1).
"
119,./PUP/double_weight/,2-double-6.lp,Enumerate,Standard,Full,1,2,31792,DEFAULT,3.32,46.621,190,2,0," :- not unit2sensorGEQ(V2,V1), partnerunits(V1,V2).
"
120,./PUP/double_weight/,2-double-6.lp,Enumerate,Standard,Full,1,3,6602,DEFAULT,3.937,453.514,285,3,1," :- not unit2sensorGEQ(V1,V2), not unit2zoneGEQ(V2,V1), partnerunits(V1,V2).
 :- not unit2sensorGEQ(V1,V3), unit2sensorGEQ(V3,V2), unit2zoneGEQ(V1,V2).
"
