,Directory,Files analysed with SBASS,Learning mode,Ordering,SBC,Iteration,Cell,Seed,Version,Time for creating examples,Time for solving ILP task,Total neg examples,Total pos examples,Neg examples uncovered,Learned Constraints
3,./PUP/double_weight/,2-double-6.lp,Enumerate,Standard,Partial,1,288,16837,DEFAULT,11.265,0,288,0,288,
4,./PUP/double_weight/,2-double-6.lp,Enumerate,Standard,Partial,1,96,15262,DEFAULT,3.409,684.45,5,91,5,
13,./PUP/double_weight/,2-double-6.lp,Enumerate,Standard,Partial,1,96,29690,DEFAULT,4.08,0,96,0,96,
14,./PUP/double_weight/,2-double-6.lp,Enumerate,Standard,Partial,1,192,3800,DEFAULT,7.078,0,192,0,192,
20,./PUP/double_weight/,2-double-6.lp,Enumerate,Standard,Partial,1,192,13658,DEFAULT,6.43,183.971,182,10,0," :- not unit2zoneGEQ(V2,V1), unit2zoneGEQ(V1,V2), zone2sensor(V1,V2).
"
23,./PUP/double_weight/,2-double-6.lp,Enumerate,Standard,Partial,1,192,29843,DEFAULT,7.457,0,192,0,192,
25,./PUP/double_weight/,2-double-6.lp,Enumerate,Standard,Partial,1,96,6709,DEFAULT,3.678,0,96,0,96,
27,./PUP/double_weight/,2-double-6.lp,Enumerate,Standard,Partial,1,288,14456,DEFAULT,10.309,0,288,0,288,
28,./PUP/double_weight/,2-double-6.lp,Enumerate,Standard,Partial,1,96,11547,DEFAULT,3.399,0,96,0,96,
29,./PUP/double_weight/,2-double-6.lp,Enumerate,Standard,Partial,1,192,7260,DEFAULT,6.204,0,192,0,192,
30,./PUP/double_weight/,2-double-6.lp,Enumerate,Standard,Partial,1,288,21865,DEFAULT,10.224,357.603,266,22,0," :- not unit2zoneGEQ(V2,V1), unit2zoneGEQ(V2,V3), zone2sensor(V1,V1).
"
34,./PUP/double_weight/,2-double-6.lp,Enumerate,Standard,Partial,1,96,10456,DEFAULT,3.827,0,96,0,96,
40,./PUP/double_weight/,2-double-6.lp,Enumerate,Standard,Partial,1,96,14157,DEFAULT,3.023,1744.45,63,33,0," :- not unit2zoneGEQ(V2,V1), unit2zoneGEQ(V2,V2), zone2sensor(V1,V1).
 :- closesensors(V1,V2), not unit2zoneGEQ(V2,V1), partnerunits(V1,V2).
"
42,./PUP/double_weight/,2-double-6.lp,Enumerate,Standard,Partial,1,288,3023,DEFAULT,10.519,1814.94,284,4,0," :- not unit2zoneGEQ(V1,V2), unit2zoneGEQ(V2,V2), zone2sensor(V1,V2).
 :- not unit2sensorGEQ(V2,V2), partnerunits(V2,V1), unit2zoneGEQ(V1,V2).
"
46,./PUP/double_weight/,2-double-6.lp,Enumerate,Standard,Partial,1,96,10222,DEFAULT,3.365,0,96,0,96,
49,./PUP/double_weight/,2-double-6.lp,Enumerate,Standard,Partial,1,96,6652,DEFAULT,3.639,1105.32,76,20,0," :- not unit2zoneGEQ(V1,V1), not zone2sensor(V1,V1), unit2zoneGEQ(V1,V2).
 :- not unit2sensorGEQ(V2,V1), not unit2zoneGEQ(V1,V1), unit2zoneGEQ(V1,V2).
"
52,./PUP/double_weight/,2-double-6.lp,Enumerate,Standard,Partial,1,96,759,DEFAULT,3.862,0,96,0,96,
54,./PUP/double_weight/,2-double-6.lp,Enumerate,Standard,Partial,1,288,10002,DEFAULT,10.732,0,288,0,288,
56,./PUP/double_weight/,2-double-6.lp,Enumerate,Standard,Partial,1,192,27702,DEFAULT,6.495,0,192,0,192,
61,./PUP/double_weight/,2-double-6.lp,Enumerate,Standard,Partial,1,96,14189,DEFAULT,2.705,249.926,54,42,0," :- not zone2sensor(V1,V1), unit2zoneGEQ(V1,V1).
 :- partnerunits(V1,V2), unit2zoneGEQ(V1,V1), unit2zoneGEQ(V2,V2).
"
68,./PUP/double_weight/,2-double-6.lp,Enumerate,Standard,Partial,1,192,19383,DEFAULT,7.57,131.354,155,37,0," :- not unit2zoneGEQ(V1,V1), unit2zoneGEQ(V1,V2).
"
75,./PUP/double_weight/,2-double-6.lp,Enumerate,Standard,Partial,1,288,21787,DEFAULT,11.288,0,288,0,288,
76,./PUP/double_weight/,2-double-6.lp,Enumerate,Standard,Partial,1,96,9373,DEFAULT,3.658,0,96,0,96,
83,./PUP/double_weight/,2-double-6.lp,Enumerate,Standard,Partial,1,192,4448,DEFAULT,6.139,0,192,0,192,
85,./PUP/double_weight/,2-double-6.lp,Enumerate,Standard,Partial,1,96,1769,DEFAULT,3.08,1892.77,91,5,2," :- not unit2zoneGEQ(V2,V1), unit2zoneGEQ(V1,V1), zone2sensor(V1,V2).
 :- not unit2zoneGEQ(V1,V1), unit2zoneGEQ(V2,V1), zone2sensor(V1,V2).
 :- closesensors(V1,V2), unit2sensorGEQ(V1,V2), unit2sensorGEQ(V2,V1).
"
91,./PUP/double_weight/,2-double-6.lp,Enumerate,Standard,Partial,1,96,13383,DEFAULT,3.216,2824.87,76,20,12," :- not unit2zoneGEQ(V2,V2), unit2zoneGEQ(V2,V1), zone2sensor(V1,V1).
 :- closezones(V2,V1), not partnerunits(V1,V2), unit2zoneGEQ(V1,V2).
"
94,./PUP/double_weight/,2-double-6.lp,Enumerate,Standard,Partial,1,96,13727,DEFAULT,3.115,0,96,0,96,
95,./PUP/double_weight/,2-double-6.lp,Enumerate,Standard,Partial,1,192,15928,DEFAULT,6.633,0,192,0,192,
98,./PUP/double_weight/,2-double-6.lp,Enumerate,Standard,Partial,1,192,32598,DEFAULT,6.738,0,192,0,192,
100,./PUP/double_weight/,2-double-6.lp,Enumerate,Standard,Partial,1,96,30414,DEFAULT,3.31,0,96,0,96,
105,./PUP/double_weight/,2-double-6.lp,Enumerate,Standard,Partial,1,288,7051,DEFAULT,10.357,0,288,0,288,
106,./PUP/double_weight/,2-double-6.lp,Enumerate,Standard,Partial,1,96,8543,DEFAULT,3.823,1939.08,93,3,0," :- not unit2sensorGEQ(V1,V1), unit2zoneGEQ(V2,V1), zone2sensor(V1,V2).
 :- not unit2zoneGEQ(V1,V2), unit2zoneGEQ(V2,V2), zone2sensor(V1,V1).
"
109,./PUP/double_weight/,2-double-6.lp,Enumerate,Standard,Partial,1,96,16687,DEFAULT,3.562,0,96,0,96,
112,./PUP/double_weight/,2-double-6.lp,Enumerate,Standard,Partial,1,96,16567,DEFAULT,3.728,0,96,0,96,
116,./PUP/double_weight/,2-double-6.lp,Enumerate,Standard,Partial,1,192,25944,DEFAULT,7.364,0,192,0,192,
118,./PUP/double_weight/,2-double-6.lp,Enumerate,Standard,Partial,1,96,2753,DEFAULT,3.016,0,96,0,96,
