,Directory,Files analysed with SBASS,Learning mode,Ordering,SBC,Iteration,Cell,Seed,Version,Time for creating examples,Time for solving ILP task,Total neg examples,Total pos examples,Neg examples uncovered,Learned Constraints
1,./PUP/double_weight/,2-double-6.lp,Enumerate,Alternative,Partial,1,96,31681,DEFAULT,1.396,0,96,0,96,
4,./PUP/double_weight/,2-double-6.lp,Enumerate,Alternative,Partial,1,96,15262,DEFAULT,1.76,0,96,0,96,
5,./PUP/double_weight/,2-double-6.lp,Enumerate,Alternative,Partial,1,192,22084,DEFAULT,3.499,0,192,0,192,
9,./PUP/double_weight/,2-double-6.lp,Enumerate,Alternative,Partial,1,288,25434,DEFAULT,4.313,0,288,0,288,
10,./PUP/double_weight/,2-double-6.lp,Enumerate,Alternative,Partial,1,96,8598,DEFAULT,1.45,0,96,0,96,
11,./PUP/double_weight/,2-double-6.lp,Enumerate,Alternative,Partial,1,192,21172,DEFAULT,3.705,0,192,0,192,
16,./PUP/double_weight/,2-double-6.lp,Enumerate,Alternative,Partial,1,96,26740,DEFAULT,1.393,0,96,0,96,
21,./PUP/double_weight/,2-double-6.lp,Enumerate,Alternative,Partial,1,288,717,DEFAULT,5.599,0,288,0,288,
22,./PUP/double_weight/,2-double-6.lp,Enumerate,Alternative,Partial,1,96,16849,DEFAULT,1.768,707.92,83,13,2," :- not unit2zoneGEQ(V1,V2), unit2zoneGEQ(V1,V1), zone2sensor(V1,V2).
 :- not unit2zoneGEQ(V1,V2), partnerunits(V2,V1), zone2sensor(V1,V2).
"
24,./PUP/double_weight/,2-double-6.lp,Enumerate,Alternative,Partial,1,288,8299,DEFAULT,3.964,0,288,0,288,
31,./PUP/double_weight/,2-double-6.lp,Enumerate,Alternative,Partial,1,96,16017,DEFAULT,1.702,0,96,0,96,
32,./PUP/double_weight/,2-double-6.lp,Enumerate,Alternative,Partial,1,192,29417,DEFAULT,3.553,3361.39,179,13,15," :- not unit2zoneGEQ(V2,V1), unit2zoneGEQ(V2,V2), zone2sensor(V1,V2).
 :- closesensors(V2,V1), not unit2zoneGEQ(V1,V2), unit2zoneGEQ(V1,V1).
"
33,./PUP/double_weight/,2-double-6.lp,Enumerate,Alternative,Partial,1,288,25421,DEFAULT,5.318,0,288,0,288,
35,./PUP/double_weight/,2-double-6.lp,Enumerate,Alternative,Partial,1,192,25977,DEFAULT,2.719,0,192,0,192,
37,./PUP/double_weight/,2-double-6.lp,Enumerate,Alternative,Partial,1,96,3380,DEFAULT,1.913,0,96,0,96,
38,./PUP/double_weight/,2-double-6.lp,Enumerate,Alternative,Partial,1,192,4490,DEFAULT,2.633,0,192,0,192,
39,./PUP/double_weight/,2-double-6.lp,Enumerate,Alternative,Partial,1,288,29743,DEFAULT,3.981,0,288,0,288,
40,./PUP/double_weight/,2-double-6.lp,Enumerate,Alternative,Partial,1,96,14157,DEFAULT,1.386,78.915,95,1,0," :- closesensors(V2,V1), not unit2zoneGEQ(V1,V2), zone2sensor(V1,V1).
"
41,./PUP/double_weight/,2-double-6.lp,Enumerate,Alternative,Partial,1,192,69,DEFAULT,3.566,0,192,0,192,
43,./PUP/double_weight/,2-double-6.lp,Enumerate,Alternative,Partial,1,96,14690,DEFAULT,1.954,0,96,0,96,
44,./PUP/double_weight/,2-double-6.lp,Enumerate,Alternative,Partial,1,192,13524,DEFAULT,3.014,0,192,0,192,
49,./PUP/double_weight/,2-double-6.lp,Enumerate,Alternative,Partial,1,96,6652,DEFAULT,1.776,0,96,0,96,
51,./PUP/double_weight/,2-double-6.lp,Enumerate,Alternative,Partial,1,288,28577,DEFAULT,3.904,0,288,0,288,
52,./PUP/double_weight/,2-double-6.lp,Enumerate,Alternative,Partial,1,96,759,DEFAULT,1.27,2105.46,14,82,14,
53,./PUP/double_weight/,2-double-6.lp,Enumerate,Alternative,Partial,1,192,2001,DEFAULT,2.625,0,192,0,192,
55,./PUP/double_weight/,2-double-6.lp,Enumerate,Alternative,Partial,1,96,2905,DEFAULT,1.9,158.888,83,13,0," :- not unit2zoneGEQ(V2,V1), unit2zoneGEQ(V2,V2), zone2sensor(V1,V2).
 :- closesensors(V2,V1), not unit2zoneGEQ(V1,V2), unit2zoneGEQ(V1,V1).
"
58,./PUP/double_weight/,2-double-6.lp,Enumerate,Alternative,Partial,1,96,26985,DEFAULT,1.407,0,96,0,96,
61,./PUP/double_weight/,2-double-6.lp,Enumerate,Alternative,Partial,1,96,14189,DEFAULT,1.718,0,96,0,96,
62,./PUP/double_weight/,2-double-6.lp,Enumerate,Alternative,Partial,1,192,21352,DEFAULT,2.612,0,192,0,192,
64,./PUP/double_weight/,2-double-6.lp,Enumerate,Alternative,Partial,1,96,24318,DEFAULT,1.34,99.481,46,50,0," :- not unit2zoneGEQ(V2,V1), unit2zoneGEQ(V2,V2), zone2sensor(V1,V2).
 :- closesensors(V2,V1), not unit2zoneGEQ(V1,V2), unit2zoneGEQ(V1,V1).
"
65,./PUP/double_weight/,2-double-6.lp,Enumerate,Alternative,Partial,1,192,26740,DEFAULT,2.695,0,192,0,192,
68,./PUP/double_weight/,2-double-6.lp,Enumerate,Alternative,Partial,1,192,19383,DEFAULT,2.685,0,192,0,192,
69,./PUP/double_weight/,2-double-6.lp,Enumerate,Alternative,Partial,1,288,7579,DEFAULT,3.997,0,288,0,288,
70,./PUP/double_weight/,2-double-6.lp,Enumerate,Alternative,Partial,1,96,28975,DEFAULT,1.354,0,96,0,96,
71,./PUP/double_weight/,2-double-6.lp,Enumerate,Alternative,Partial,1,192,1459,DEFAULT,2.656,0,192,0,192,
73,./PUP/double_weight/,2-double-6.lp,Enumerate,Alternative,Partial,1,96,5107,DEFAULT,1.354,1087.36,89,7,5," :- closezones(V1,V2), not unit2zoneGEQ(V1,V2), zone2sensor(V1,V1).
 :- not unit2zoneGEQ(V1,V1), unit2zoneGEQ(V1,V2), zone2sensor(V1,V2).
"
77,./PUP/double_weight/,2-double-6.lp,Enumerate,Alternative,Partial,1,192,12399,DEFAULT,2.593,0,192,0,192,
82,./PUP/double_weight/,2-double-6.lp,Enumerate,Alternative,Partial,1,96,26645,DEFAULT,1.357,0,96,0,96,
86,./PUP/double_weight/,2-double-6.lp,Enumerate,Alternative,Partial,1,192,8467,DEFAULT,2.743,0,192,0,192,
90,./PUP/double_weight/,2-double-6.lp,Enumerate,Alternative,Partial,1,288,1280,DEFAULT,3.937,0,288,0,288,
91,./PUP/double_weight/,2-double-6.lp,Enumerate,Alternative,Partial,1,96,13383,DEFAULT,1.398,0,96,0,96,
97,./PUP/double_weight/,2-double-6.lp,Enumerate,Alternative,Partial,1,96,32033,DEFAULT,1.391,0,96,0,96,
98,./PUP/double_weight/,2-double-6.lp,Enumerate,Alternative,Partial,1,192,32598,DEFAULT,2.665,357.124,141,51,3," :- closezones(V2,V1), not unit2zoneGEQ(V1,V2), zone2sensor(V1,V1).
"
101,./PUP/double_weight/,2-double-6.lp,Enumerate,Alternative,Partial,1,192,7830,DEFAULT,2.709,0,192,0,192,
103,./PUP/double_weight/,2-double-6.lp,Enumerate,Alternative,Partial,1,96,31869,DEFAULT,1.391,0,96,0,96,
106,./PUP/double_weight/,2-double-6.lp,Enumerate,Alternative,Partial,1,96,8543,DEFAULT,1.392,37.91,95,1,0," :- not closesensors(V2,V1), partnerunits(V1,V2).
"
107,./PUP/double_weight/,2-double-6.lp,Enumerate,Alternative,Partial,1,192,12158,DEFAULT,2.73,0,192,0,192,
115,./PUP/double_weight/,2-double-6.lp,Enumerate,Alternative,Partial,1,96,16699,DEFAULT,1.341,0,96,0,96,
119,./PUP/double_weight/,2-double-6.lp,Enumerate,Alternative,Partial,1,192,31792,DEFAULT,2.675,0,192,0,192,
