ConstraintFile,Id,Mode,Order,Full,Cell,Version,Seed,Instance,Result,Model,Time,Solving,1st Model,Unsat,CPU
20_Enumerate_Standard_Partial_192_DEFAULT_13658,20,Enumerate,Standard,Partial,192,DEFAULT,13658,Un-2-double-10,UNKNOWN,0+,299.988,299.95,0.00,0.00,232.316
30_Enumerate_Standard_Partial_288_DEFAULT_21865,30,Enumerate,Standard,Partial,288,DEFAULT,21865,Un-2-double-10,UNKNOWN,0+,300.000,299.97,0.00,0.00,222.049
40_Enumerate_Standard_Partial_96_DEFAULT_14157,40,Enumerate,Standard,Partial,96,DEFAULT,14157,Un-2-double-10,UNKNOWN,0+,300.000,299.97,0.00,0.00,229.884
42_Enumerate_Standard_Partial_288_DEFAULT_3023,42,Enumerate,Standard,Partial,288,DEFAULT,3023,Un-2-double-10,UNSATISFIABLE,0,86.108,86.06,0.00,86.06,63.960
49_Enumerate_Standard_Partial_96_DEFAULT_6652,49,Enumerate,Standard,Partial,96,DEFAULT,6652,Un-2-double-10,UNKNOWN,0+,300.000,299.97,0.00,0.00,224.080
20_Enumerate_Standard_Partial_192_DEFAULT_13658,20,Enumerate,Standard,Partial,192,DEFAULT,13658,Un-2-double-12,UNKNOWN,0+,300.000,299.95,0.00,0.00,220.481
30_Enumerate_Standard_Partial_288_DEFAULT_21865,30,Enumerate,Standard,Partial,288,DEFAULT,21865,Un-2-double-12,UNKNOWN,0+,300.000,299.93,0.00,0.00,226.656
40_Enumerate_Standard_Partial_96_DEFAULT_14157,40,Enumerate,Standard,Partial,96,DEFAULT,14157,Un-2-double-12,UNKNOWN,0+,300.000,299.96,0.00,0.00,222.450
42_Enumerate_Standard_Partial_288_DEFAULT_3023,42,Enumerate,Standard,Partial,288,DEFAULT,3023,Un-2-double-12,UNKNOWN,0+,300.000,299.96,0.00,0.00,223.336
49_Enumerate_Standard_Partial_96_DEFAULT_6652,49,Enumerate,Standard,Partial,96,DEFAULT,6652,Un-2-double-12,UNKNOWN,0+,299.976,299.94,0.00,0.00,224.177
20_Enumerate_Standard_Partial_192_DEFAULT_13658,20,Enumerate,Standard,Partial,192,DEFAULT,13658,Un-2-double-14,UNKNOWN,0+,300.011,299.95,0.00,0.00,224.191
30_Enumerate_Standard_Partial_288_DEFAULT_21865,30,Enumerate,Standard,Partial,288,DEFAULT,21865,Un-2-double-14,UNKNOWN,0+,300.000,299.91,0.00,0.00,225.077
40_Enumerate_Standard_Partial_96_DEFAULT_14157,40,Enumerate,Standard,Partial,96,DEFAULT,14157,Un-2-double-14,UNKNOWN,0+,300.000,299.94,0.00,0.00,224.791
42_Enumerate_Standard_Partial_288_DEFAULT_3023,42,Enumerate,Standard,Partial,288,DEFAULT,3023,Un-2-double-14,UNKNOWN,0+,300.000,299.93,0.00,0.00,227.209
49_Enumerate_Standard_Partial_96_DEFAULT_6652,49,Enumerate,Standard,Partial,96,DEFAULT,6652,Un-2-double-14,UNKNOWN,0+,300.000,299.95,0.00,0.00,230.627
20_Enumerate_Standard_Partial_192_DEFAULT_13658,20,Enumerate,Standard,Partial,192,DEFAULT,13658,Un-2-double-16,UNKNOWN,0+,300.000,299.92,0.00,0.00,227.454
30_Enumerate_Standard_Partial_288_DEFAULT_21865,30,Enumerate,Standard,Partial,288,DEFAULT,21865,Un-2-double-16,UNKNOWN,0+,299.976,299.90,0.00,0.00,232.665
40_Enumerate_Standard_Partial_96_DEFAULT_14157,40,Enumerate,Standard,Partial,96,DEFAULT,14157,Un-2-double-16,UNKNOWN,0+,300.000,299.97,0.00,0.00,229.863
42_Enumerate_Standard_Partial_288_DEFAULT_3023,42,Enumerate,Standard,Partial,288,DEFAULT,3023,Un-2-double-16,UNKNOWN,0+,300.000,299.92,0.00,0.00,244.361
49_Enumerate_Standard_Partial_96_DEFAULT_6652,49,Enumerate,Standard,Partial,96,DEFAULT,6652,Un-2-double-16,UNKNOWN,0+,300.000,299.95,0.00,0.00,252.540
20_Enumerate_Standard_Partial_192_DEFAULT_13658,20,Enumerate,Standard,Partial,192,DEFAULT,13658,Un-2-double-18,UNKNOWN,0+,300.000,299.85,0.00,0.00,243.934
30_Enumerate_Standard_Partial_288_DEFAULT_21865,30,Enumerate,Standard,Partial,288,DEFAULT,21865,Un-2-double-18,UNKNOWN,0+,300.004,299.81,0.00,0.00,241.485
40_Enumerate_Standard_Partial_96_DEFAULT_14157,40,Enumerate,Standard,Partial,96,DEFAULT,14157,Un-2-double-18,UNKNOWN,0+,299.992,299.85,0.00,0.00,244.438
42_Enumerate_Standard_Partial_288_DEFAULT_3023,42,Enumerate,Standard,Partial,288,DEFAULT,3023,Un-2-double-18,UNKNOWN,0+,300.003,299.83,0.00,0.00,244.568
49_Enumerate_Standard_Partial_96_DEFAULT_6652,49,Enumerate,Standard,Partial,96,DEFAULT,6652,Un-2-double-18,UNKNOWN,0+,300.000,299.87,0.00,0.00,248.439
20_Enumerate_Standard_Partial_192_DEFAULT_13658,20,Enumerate,Standard,Partial,192,DEFAULT,13658,Un-2-double-20,UNKNOWN,0+,300.000,299.83,0.00,0.00,247.150
30_Enumerate_Standard_Partial_288_DEFAULT_21865,30,Enumerate,Standard,Partial,288,DEFAULT,21865,Un-2-double-20,UNKNOWN,0+,299.976,299.83,0.00,0.00,246.636
40_Enumerate_Standard_Partial_96_DEFAULT_14157,40,Enumerate,Standard,Partial,96,DEFAULT,14157,Un-2-double-20,UNKNOWN,0+,300.000,299.86,0.00,0.00,243.380
42_Enumerate_Standard_Partial_288_DEFAULT_3023,42,Enumerate,Standard,Partial,288,DEFAULT,3023,Un-2-double-20,UNKNOWN,0+,300.000,299.82,0.00,0.00,240.806
49_Enumerate_Standard_Partial_96_DEFAULT_6652,49,Enumerate,Standard,Partial,96,DEFAULT,6652,Un-2-double-20,UNKNOWN,0+,300.000,299.85,0.00,0.00,243.796
20_Enumerate_Standard_Partial_192_DEFAULT_13658,20,Enumerate,Standard,Partial,192,DEFAULT,13658,Un-2-double-6,UNSATISFIABLE,0,0.029,0.00,0.00,0.00,0.005
30_Enumerate_Standard_Partial_288_DEFAULT_21865,30,Enumerate,Standard,Partial,288,DEFAULT,21865,Un-2-double-6,UNSATISFIABLE,0,0.027,0.00,0.00,0.00,0.005
40_Enumerate_Standard_Partial_96_DEFAULT_14157,40,Enumerate,Standard,Partial,96,DEFAULT,14157,Un-2-double-6,UNSATISFIABLE,0,0.026,0.00,0.00,0.00,0.006
42_Enumerate_Standard_Partial_288_DEFAULT_3023,42,Enumerate,Standard,Partial,288,DEFAULT,3023,Un-2-double-6,UNSATISFIABLE,0,0.025,0.00,0.00,0.00,0.005
49_Enumerate_Standard_Partial_96_DEFAULT_6652,49,Enumerate,Standard,Partial,96,DEFAULT,6652,Un-2-double-6,UNSATISFIABLE,0,0.029,0.00,0.00,0.00,0.005
20_Enumerate_Standard_Partial_192_DEFAULT_13658,20,Enumerate,Standard,Partial,192,DEFAULT,13658,Un-2-double-8,UNSATISFIABLE,0,0.157,0.14,0.00,0.14,0.057
30_Enumerate_Standard_Partial_288_DEFAULT_21865,30,Enumerate,Standard,Partial,288,DEFAULT,21865,Un-2-double-8,UNSATISFIABLE,0,0.107,0.09,0.00,0.09,0.031
40_Enumerate_Standard_Partial_96_DEFAULT_14157,40,Enumerate,Standard,Partial,96,DEFAULT,14157,Un-2-double-8,UNSATISFIABLE,0,0.149,0.14,0.00,0.14,0.068
42_Enumerate_Standard_Partial_288_DEFAULT_3023,42,Enumerate,Standard,Partial,288,DEFAULT,3023,Un-2-double-8,UNSATISFIABLE,0,0.057,0.05,0.00,0.05,0.017
49_Enumerate_Standard_Partial_96_DEFAULT_6652,49,Enumerate,Standard,Partial,96,DEFAULT,6652,Un-2-double-8,UNSATISFIABLE,0,0.182,0.16,0.00,0.16,0.066
20_Enumerate_Standard_Partial_192_DEFAULT_13658,20,Enumerate,Standard,Partial,192,DEFAULT,13658,2-double-10,SATISFIABLE,1+,0.086,0.03,0.03,0.00,0.022
30_Enumerate_Standard_Partial_288_DEFAULT_21865,30,Enumerate,Standard,Partial,288,DEFAULT,21865,2-double-10,SATISFIABLE,1+,0.089,0.06,0.06,0.00,0.029
40_Enumerate_Standard_Partial_96_DEFAULT_14157,40,Enumerate,Standard,Partial,96,DEFAULT,14157,2-double-10,SATISFIABLE,1+,0.038,0.00,0.00,0.00,0.014
42_Enumerate_Standard_Partial_288_DEFAULT_3023,42,Enumerate,Standard,Partial,288,DEFAULT,3023,2-double-10,SATISFIABLE,1+,0.076,0.02,0.02,0.00,0.016
49_Enumerate_Standard_Partial_96_DEFAULT_6652,49,Enumerate,Standard,Partial,96,DEFAULT,6652,2-double-10,SATISFIABLE,1+,0.081,0.05,0.05,0.00,0.017
20_Enumerate_Standard_Partial_192_DEFAULT_13658,20,Enumerate,Standard,Partial,192,DEFAULT,13658,2-double-12,SATISFIABLE,1+,0.145,0.07,0.07,0.00,0.049
30_Enumerate_Standard_Partial_288_DEFAULT_21865,30,Enumerate,Standard,Partial,288,DEFAULT,21865,2-double-12,SATISFIABLE,1+,0.134,0.08,0.08,0.00,0.050
40_Enumerate_Standard_Partial_96_DEFAULT_14157,40,Enumerate,Standard,Partial,96,DEFAULT,14157,2-double-12,SATISFIABLE,1+,0.187,0.13,0.13,0.00,0.075
42_Enumerate_Standard_Partial_288_DEFAULT_3023,42,Enumerate,Standard,Partial,288,DEFAULT,3023,2-double-12,SATISFIABLE,1+,0.120,0.01,0.01,0.00,0.024
49_Enumerate_Standard_Partial_96_DEFAULT_6652,49,Enumerate,Standard,Partial,96,DEFAULT,6652,2-double-12,SATISFIABLE,1+,0.213,0.14,0.14,0.00,0.079
20_Enumerate_Standard_Partial_192_DEFAULT_13658,20,Enumerate,Standard,Partial,192,DEFAULT,13658,2-double-14,SATISFIABLE,1+,0.133,0.02,0.02,0.00,0.037
30_Enumerate_Standard_Partial_288_DEFAULT_21865,30,Enumerate,Standard,Partial,288,DEFAULT,21865,2-double-14,SATISFIABLE,1+,0.751,0.66,0.66,0.00,0.482
40_Enumerate_Standard_Partial_96_DEFAULT_14157,40,Enumerate,Standard,Partial,96,DEFAULT,14157,2-double-14,SATISFIABLE,1+,0.412,0.33,0.33,0.00,0.220
42_Enumerate_Standard_Partial_288_DEFAULT_3023,42,Enumerate,Standard,Partial,288,DEFAULT,3023,2-double-14,SATISFIABLE,1+,0.160,0.06,0.06,0.00,0.056
49_Enumerate_Standard_Partial_96_DEFAULT_6652,49,Enumerate,Standard,Partial,96,DEFAULT,6652,2-double-14,SATISFIABLE,1+,0.270,0.15,0.15,0.00,0.098
20_Enumerate_Standard_Partial_192_DEFAULT_13658,20,Enumerate,Standard,Partial,192,DEFAULT,13658,2-double-16,SATISFIABLE,1+,0.234,0.14,0.14,0.00,0.094
30_Enumerate_Standard_Partial_288_DEFAULT_21865,30,Enumerate,Standard,Partial,288,DEFAULT,21865,2-double-16,SATISFIABLE,1+,0.661,0.52,0.52,0.00,0.372
40_Enumerate_Standard_Partial_96_DEFAULT_14157,40,Enumerate,Standard,Partial,96,DEFAULT,14157,2-double-16,SATISFIABLE,1+,0.230,0.09,0.09,0.00,0.087
42_Enumerate_Standard_Partial_288_DEFAULT_3023,42,Enumerate,Standard,Partial,288,DEFAULT,3023,2-double-16,SATISFIABLE,1+,0.812,0.66,0.66,0.00,0.487
49_Enumerate_Standard_Partial_96_DEFAULT_6652,49,Enumerate,Standard,Partial,96,DEFAULT,6652,2-double-16,SATISFIABLE,1+,0.501,0.39,0.39,0.00,0.292
20_Enumerate_Standard_Partial_192_DEFAULT_13658,20,Enumerate,Standard,Partial,192,DEFAULT,13658,2-double-18,SATISFIABLE,1+,0.418,0.27,0.27,0.00,0.242
30_Enumerate_Standard_Partial_288_DEFAULT_21865,30,Enumerate,Standard,Partial,288,DEFAULT,21865,2-double-18,SATISFIABLE,1+,0.799,0.60,0.60,0.00,0.455
40_Enumerate_Standard_Partial_96_DEFAULT_14157,40,Enumerate,Standard,Partial,96,DEFAULT,14157,2-double-18,SATISFIABLE,1+,0.928,0.74,0.74,0.00,0.535
42_Enumerate_Standard_Partial_288_DEFAULT_3023,42,Enumerate,Standard,Partial,288,DEFAULT,3023,2-double-18,SATISFIABLE,1+,1.814,1.69,1.69,0.00,1.658
49_Enumerate_Standard_Partial_96_DEFAULT_6652,49,Enumerate,Standard,Partial,96,DEFAULT,6652,2-double-18,SATISFIABLE,1+,1.636,1.49,1.49,0.00,0.978
20_Enumerate_Standard_Partial_192_DEFAULT_13658,20,Enumerate,Standard,Partial,192,DEFAULT,13658,2-double-20,SATISFIABLE,1+,3.817,3.63,3.63,0.00,2.796
30_Enumerate_Standard_Partial_288_DEFAULT_21865,30,Enumerate,Standard,Partial,288,DEFAULT,21865,2-double-20,SATISFIABLE,1+,2.256,2.03,2.03,0.00,1.938
40_Enumerate_Standard_Partial_96_DEFAULT_14157,40,Enumerate,Standard,Partial,96,DEFAULT,14157,2-double-20,SATISFIABLE,1+,1.012,0.79,0.79,0.00,0.691
42_Enumerate_Standard_Partial_288_DEFAULT_3023,42,Enumerate,Standard,Partial,288,DEFAULT,3023,2-double-20,SATISFIABLE,1+,1.959,1.75,1.75,0.00,1.229
49_Enumerate_Standard_Partial_96_DEFAULT_6652,49,Enumerate,Standard,Partial,96,DEFAULT,6652,2-double-20,SATISFIABLE,1+,29.338,29.13,29.13,0.00,22.933
20_Enumerate_Standard_Partial_192_DEFAULT_13658,20,Enumerate,Standard,Partial,192,DEFAULT,13658,2-double-6,SATISFIABLE,1+,0.005,0.00,0.00,0.00,0.005
30_Enumerate_Standard_Partial_288_DEFAULT_21865,30,Enumerate,Standard,Partial,288,DEFAULT,21865,2-double-6,SATISFIABLE,1+,0.013,0.00,0.00,0.00,0.005
40_Enumerate_Standard_Partial_96_DEFAULT_14157,40,Enumerate,Standard,Partial,96,DEFAULT,14157,2-double-6,SATISFIABLE,1+,0.005,0.00,0.00,0.00,0.005
42_Enumerate_Standard_Partial_288_DEFAULT_3023,42,Enumerate,Standard,Partial,288,DEFAULT,3023,2-double-6,SATISFIABLE,1+,0.021,0.00,0.00,0.00,0.005
49_Enumerate_Standard_Partial_96_DEFAULT_6652,49,Enumerate,Standard,Partial,96,DEFAULT,6652,2-double-6,SATISFIABLE,1+,0.041,0.00,0.00,0.00,0.005
20_Enumerate_Standard_Partial_192_DEFAULT_13658,20,Enumerate,Standard,Partial,192,DEFAULT,13658,2-double-8,SATISFIABLE,1+,0.028,0.00,0.00,0.00,0.008
30_Enumerate_Standard_Partial_288_DEFAULT_21865,30,Enumerate,Standard,Partial,288,DEFAULT,21865,2-double-8,SATISFIABLE,1+,0.019,0.00,0.00,0.00,0.007
40_Enumerate_Standard_Partial_96_DEFAULT_14157,40,Enumerate,Standard,Partial,96,DEFAULT,14157,2-double-8,SATISFIABLE,1+,0.044,0.00,0.00,0.00,0.008
42_Enumerate_Standard_Partial_288_DEFAULT_3023,42,Enumerate,Standard,Partial,288,DEFAULT,3023,2-double-8,SATISFIABLE,1+,0.048,0.00,0.00,0.00,0.008
49_Enumerate_Standard_Partial_96_DEFAULT_6652,49,Enumerate,Standard,Partial,96,DEFAULT,6652,2-double-8,SATISFIABLE,1+,0.031,0.00,0.00,0.00,0.007
106_Enumerate_Standard_Partial_96_DEFAULT_8543,106,Enumerate,Standard,Partial,96,DEFAULT,8543,Un-2-double-10,UNKNOWN,0+,300.000,299.95,0.00,0.00,169.592
61_Enumerate_Standard_Partial_96_DEFAULT_14189,61,Enumerate,Standard,Partial,96,DEFAULT,14189,Un-2-double-10,UNKNOWN,0+,300.013,299.97,0.00,0.00,169.198
68_Enumerate_Standard_Partial_192_DEFAULT_19383,68,Enumerate,Standard,Partial,192,DEFAULT,19383,Un-2-double-10,UNKNOWN,0+,300.008,300.00,0.00,0.00,172.093
85_Enumerate_Standard_Partial_96_DEFAULT_1769,85,Enumerate,Standard,Partial,96,DEFAULT,1769,Un-2-double-10,UNSATISFIABLE,0,2.331,2.28,0.00,2.28,1.416
91_Enumerate_Standard_Partial_96_DEFAULT_13383,91,Enumerate,Standard,Partial,96,DEFAULT,13383,Un-2-double-10,UNSATISFIABLE,0,0.084,0.07,0.00,0.07,0.064
106_Enumerate_Standard_Partial_96_DEFAULT_8543,106,Enumerate,Standard,Partial,96,DEFAULT,8543,Un-2-double-12,UNKNOWN,0+,300.012,299.96,0.00,0.00,180.393
61_Enumerate_Standard_Partial_96_DEFAULT_14189,61,Enumerate,Standard,Partial,96,DEFAULT,14189,Un-2-double-12,UNKNOWN,0+,300.000,299.93,0.00,0.00,172.568
68_Enumerate_Standard_Partial_192_DEFAULT_19383,68,Enumerate,Standard,Partial,192,DEFAULT,19383,Un-2-double-12,UNKNOWN,0+,300.000,299.97,0.00,0.00,171.633
85_Enumerate_Standard_Partial_96_DEFAULT_1769,85,Enumerate,Standard,Partial,96,DEFAULT,1769,Un-2-double-12,UNSATISFIABLE,0,12.915,12.86,0.00,12.86,9.245
91_Enumerate_Standard_Partial_96_DEFAULT_13383,91,Enumerate,Standard,Partial,96,DEFAULT,13383,Un-2-double-12,UNSATISFIABLE,0,0.235,0.19,0.00,0.19,0.071
106_Enumerate_Standard_Partial_96_DEFAULT_8543,106,Enumerate,Standard,Partial,96,DEFAULT,8543,Un-2-double-14,UNKNOWN,0+,300.012,299.94,0.00,0.00,169.554
61_Enumerate_Standard_Partial_96_DEFAULT_14189,61,Enumerate,Standard,Partial,96,DEFAULT,14189,Un-2-double-14,UNKNOWN,0+,300.000,299.89,0.00,0.00,166.581
68_Enumerate_Standard_Partial_192_DEFAULT_19383,68,Enumerate,Standard,Partial,192,DEFAULT,19383,Un-2-double-14,UNKNOWN,0+,300.008,299.93,0.00,0.00,175.573
85_Enumerate_Standard_Partial_96_DEFAULT_1769,85,Enumerate,Standard,Partial,96,DEFAULT,1769,Un-2-double-14,UNKNOWN,0+,300.012,299.94,0.00,0.00,167.278
91_Enumerate_Standard_Partial_96_DEFAULT_13383,91,Enumerate,Standard,Partial,96,DEFAULT,13383,Un-2-double-14,UNSATISFIABLE,0,0.442,0.28,0.00,0.28,0.134
106_Enumerate_Standard_Partial_96_DEFAULT_8543,106,Enumerate,Standard,Partial,96,DEFAULT,8543,Un-2-double-16,UNKNOWN,0+,300.003,299.94,0.00,0.00,170.960
61_Enumerate_Standard_Partial_96_DEFAULT_14189,61,Enumerate,Standard,Partial,96,DEFAULT,14189,Un-2-double-16,UNKNOWN,0+,300.000,299.85,0.00,0.00,169.858
68_Enumerate_Standard_Partial_192_DEFAULT_19383,68,Enumerate,Standard,Partial,192,DEFAULT,19383,Un-2-double-16,UNKNOWN,0+,300.000,299.89,0.00,0.00,170.619
85_Enumerate_Standard_Partial_96_DEFAULT_1769,85,Enumerate,Standard,Partial,96,DEFAULT,1769,Un-2-double-16,UNKNOWN,0+,300.016,299.94,0.00,0.00,167.876
91_Enumerate_Standard_Partial_96_DEFAULT_13383,91,Enumerate,Standard,Partial,96,DEFAULT,13383,Un-2-double-16,UNSATISFIABLE,0,0.444,0.32,0.00,0.32,0.160
106_Enumerate_Standard_Partial_96_DEFAULT_8543,106,Enumerate,Standard,Partial,96,DEFAULT,8543,Un-2-double-18,UNKNOWN,0+,300.000,299.89,0.00,0.00,181.449
61_Enumerate_Standard_Partial_96_DEFAULT_14189,61,Enumerate,Standard,Partial,96,DEFAULT,14189,Un-2-double-18,UNKNOWN,0+,300.012,299.82,0.00,0.00,178.402
68_Enumerate_Standard_Partial_192_DEFAULT_19383,68,Enumerate,Standard,Partial,192,DEFAULT,19383,Un-2-double-18,UNKNOWN,0+,300.000,299.86,0.00,0.00,181.071
85_Enumerate_Standard_Partial_96_DEFAULT_1769,85,Enumerate,Standard,Partial,96,DEFAULT,1769,Un-2-double-18,UNKNOWN,0+,300.000,299.84,0.00,0.00,167.963
91_Enumerate_Standard_Partial_96_DEFAULT_13383,91,Enumerate,Standard,Partial,96,DEFAULT,13383,Un-2-double-18,UNSATISFIABLE,0,0.824,0.72,0.00,0.72,0.527
106_Enumerate_Standard_Partial_96_DEFAULT_8543,106,Enumerate,Standard,Partial,96,DEFAULT,8543,Un-2-double-20,UNKNOWN,0+,300.000,299.88,0.00,0.00,177.257
61_Enumerate_Standard_Partial_96_DEFAULT_14189,61,Enumerate,Standard,Partial,96,DEFAULT,14189,Un-2-double-20,UNKNOWN,0+,300.000,299.84,0.00,0.00,192.295
68_Enumerate_Standard_Partial_192_DEFAULT_19383,68,Enumerate,Standard,Partial,192,DEFAULT,19383,Un-2-double-20,UNKNOWN,0+,300.013,299.85,0.00,0.00,193.713
85_Enumerate_Standard_Partial_96_DEFAULT_1769,85,Enumerate,Standard,Partial,96,DEFAULT,1769,Un-2-double-20,UNKNOWN,0+,300.009,299.85,0.00,0.00,207.903
91_Enumerate_Standard_Partial_96_DEFAULT_13383,91,Enumerate,Standard,Partial,96,DEFAULT,13383,Un-2-double-20,UNSATISFIABLE,0,0.941,0.76,0.00,0.76,0.679
106_Enumerate_Standard_Partial_96_DEFAULT_8543,106,Enumerate,Standard,Partial,96,DEFAULT,8543,Un-2-double-6,UNSATISFIABLE,0,0.005,0.00,0.00,0.00,0.005
61_Enumerate_Standard_Partial_96_DEFAULT_14189,61,Enumerate,Standard,Partial,96,DEFAULT,14189,Un-2-double-6,UNSATISFIABLE,0,0.005,0.00,0.00,0.00,0.005
68_Enumerate_Standard_Partial_192_DEFAULT_19383,68,Enumerate,Standard,Partial,192,DEFAULT,19383,Un-2-double-6,UNSATISFIABLE,0,0.025,0.02,0.00,0.02,0.005
85_Enumerate_Standard_Partial_96_DEFAULT_1769,85,Enumerate,Standard,Partial,96,DEFAULT,1769,Un-2-double-6,UNSATISFIABLE,0,0.029,0.00,0.00,0.00,0.005
91_Enumerate_Standard_Partial_96_DEFAULT_13383,91,Enumerate,Standard,Partial,96,DEFAULT,13383,Un-2-double-6,UNSATISFIABLE,0,0.004,0.00,0.00,0.00,0.004
106_Enumerate_Standard_Partial_96_DEFAULT_8543,106,Enumerate,Standard,Partial,96,DEFAULT,8543,Un-2-double-8,UNSATISFIABLE,0,0.130,0.10,0.00,0.10,0.046
61_Enumerate_Standard_Partial_96_DEFAULT_14189,61,Enumerate,Standard,Partial,96,DEFAULT,14189,Un-2-double-8,UNSATISFIABLE,0,0.177,0.17,0.00,0.17,0.057
68_Enumerate_Standard_Partial_192_DEFAULT_19383,68,Enumerate,Standard,Partial,192,DEFAULT,19383,Un-2-double-8,UNSATISFIABLE,0,0.194,0.17,0.00,0.17,0.066
85_Enumerate_Standard_Partial_96_DEFAULT_1769,85,Enumerate,Standard,Partial,96,DEFAULT,1769,Un-2-double-8,UNSATISFIABLE,0,0.055,0.02,0.00,0.02,0.011
91_Enumerate_Standard_Partial_96_DEFAULT_13383,91,Enumerate,Standard,Partial,96,DEFAULT,13383,Un-2-double-8,UNSATISFIABLE,0,0.026,0.00,0.00,0.00,0.006
106_Enumerate_Standard_Partial_96_DEFAULT_8543,106,Enumerate,Standard,Partial,96,DEFAULT,8543,2-double-10,SATISFIABLE,1+,0.086,0.05,0.05,0.00,0.022
61_Enumerate_Standard_Partial_96_DEFAULT_14189,61,Enumerate,Standard,Partial,96,DEFAULT,14189,2-double-10,SATISFIABLE,1+,0.053,0.00,0.00,0.00,0.013
68_Enumerate_Standard_Partial_192_DEFAULT_19383,68,Enumerate,Standard,Partial,192,DEFAULT,19383,2-double-10,SATISFIABLE,1+,0.077,0.05,0.05,0.00,0.017
85_Enumerate_Standard_Partial_96_DEFAULT_1769,85,Enumerate,Standard,Partial,96,DEFAULT,1769,2-double-10,SATISFIABLE,1+,0.051,0.00,0.00,0.00,0.015
91_Enumerate_Standard_Partial_96_DEFAULT_13383,91,Enumerate,Standard,Partial,96,DEFAULT,13383,2-double-10,SATISFIABLE,1+,0.079,0.05,0.05,0.00,0.023
106_Enumerate_Standard_Partial_96_DEFAULT_8543,106,Enumerate,Standard,Partial,96,DEFAULT,8543,2-double-12,SATISFIABLE,1+,0.167,0.09,0.09,0.00,0.047
61_Enumerate_Standard_Partial_96_DEFAULT_14189,61,Enumerate,Standard,Partial,96,DEFAULT,14189,2-double-12,SATISFIABLE,1+,0.139,0.12,0.12,0.00,0.051
68_Enumerate_Standard_Partial_192_DEFAULT_19383,68,Enumerate,Standard,Partial,192,DEFAULT,19383,2-double-12,SATISFIABLE,1+,0.103,0.07,0.07,0.00,0.043
85_Enumerate_Standard_Partial_96_DEFAULT_1769,85,Enumerate,Standard,Partial,96,DEFAULT,1769,2-double-12,SATISFIABLE,1+,0.074,0.00,0.00,0.00,0.018
91_Enumerate_Standard_Partial_96_DEFAULT_13383,91,Enumerate,Standard,Partial,96,DEFAULT,13383,2-double-12,SATISFIABLE,1+,0.122,0.07,0.07,0.00,0.046
106_Enumerate_Standard_Partial_96_DEFAULT_8543,106,Enumerate,Standard,Partial,96,DEFAULT,8543,2-double-14,SATISFIABLE,1+,0.129,0.06,0.06,0.00,0.053
61_Enumerate_Standard_Partial_96_DEFAULT_14189,61,Enumerate,Standard,Partial,96,DEFAULT,14189,2-double-14,SATISFIABLE,1+,0.237,0.16,0.16,0.00,0.145
68_Enumerate_Standard_Partial_192_DEFAULT_19383,68,Enumerate,Standard,Partial,192,DEFAULT,19383,2-double-14,SATISFIABLE,1+,0.361,0.29,0.29,0.00,0.161
85_Enumerate_Standard_Partial_96_DEFAULT_1769,85,Enumerate,Standard,Partial,96,DEFAULT,1769,2-double-14,SATISFIABLE,1+,0.098,0.03,0.03,0.00,0.038
91_Enumerate_Standard_Partial_96_DEFAULT_13383,91,Enumerate,Standard,Partial,96,DEFAULT,13383,2-double-14,UNSATISFIABLE,0,0.440,0.37,0.00,0.37,0.236
106_Enumerate_Standard_Partial_96_DEFAULT_8543,106,Enumerate,Standard,Partial,96,DEFAULT,8543,2-double-16,SATISFIABLE,1+,0.583,0.55,0.55,0.00,0.418
61_Enumerate_Standard_Partial_96_DEFAULT_14189,61,Enumerate,Standard,Partial,96,DEFAULT,14189,2-double-16,SATISFIABLE,1+,0.308,0.18,0.18,0.00,0.116
68_Enumerate_Standard_Partial_192_DEFAULT_19383,68,Enumerate,Standard,Partial,192,DEFAULT,19383,2-double-16,SATISFIABLE,1+,5.112,5.01,5.01,0.00,3.875
85_Enumerate_Standard_Partial_96_DEFAULT_1769,85,Enumerate,Standard,Partial,96,DEFAULT,1769,2-double-16,SATISFIABLE,1+,0.265,0.15,0.15,0.00,0.097
91_Enumerate_Standard_Partial_96_DEFAULT_13383,91,Enumerate,Standard,Partial,96,DEFAULT,13383,2-double-16,UNSATISFIABLE,0,0.605,0.49,0.00,0.49,0.341
106_Enumerate_Standard_Partial_96_DEFAULT_8543,106,Enumerate,Standard,Partial,96,DEFAULT,8543,2-double-18,SATISFIABLE,1+,1.723,1.58,1.58,0.00,1.241
61_Enumerate_Standard_Partial_96_DEFAULT_14189,61,Enumerate,Standard,Partial,96,DEFAULT,14189,2-double-18,SATISFIABLE,1+,0.470,0.42,0.42,0.00,0.464
68_Enumerate_Standard_Partial_192_DEFAULT_19383,68,Enumerate,Standard,Partial,192,DEFAULT,19383,2-double-18,SATISFIABLE,1+,6.148,5.99,5.99,0.00,4.583
85_Enumerate_Standard_Partial_96_DEFAULT_1769,85,Enumerate,Standard,Partial,96,DEFAULT,1769,2-double-18,SATISFIABLE,1+,0.054,0.00,0.00,0.00,0.054
91_Enumerate_Standard_Partial_96_DEFAULT_13383,91,Enumerate,Standard,Partial,96,DEFAULT,13383,2-double-18,UNSATISFIABLE,0,1.364,1.28,0.00,1.28,0.992
106_Enumerate_Standard_Partial_96_DEFAULT_8543,106,Enumerate,Standard,Partial,96,DEFAULT,8543,2-double-20,SATISFIABLE,1+,2.532,2.34,2.34,0.00,1.731
61_Enumerate_Standard_Partial_96_DEFAULT_14189,61,Enumerate,Standard,Partial,96,DEFAULT,14189,2-double-20,SATISFIABLE,1+,6.252,6.07,6.07,0.00,4.420
68_Enumerate_Standard_Partial_192_DEFAULT_19383,68,Enumerate,Standard,Partial,192,DEFAULT,19383,2-double-20,SATISFIABLE,1+,5.526,5.33,5.33,0.00,4.556
85_Enumerate_Standard_Partial_96_DEFAULT_1769,85,Enumerate,Standard,Partial,96,DEFAULT,1769,2-double-20,SATISFIABLE,1+,0.730,0.54,0.54,0.00,0.410
91_Enumerate_Standard_Partial_96_DEFAULT_13383,91,Enumerate,Standard,Partial,96,DEFAULT,13383,2-double-20,UNSATISFIABLE,0,1.815,1.62,0.00,1.62,1.026
106_Enumerate_Standard_Partial_96_DEFAULT_8543,106,Enumerate,Standard,Partial,96,DEFAULT,8543,2-double-6,SATISFIABLE,1+,0.005,0.00,0.00,0.00,0.005
61_Enumerate_Standard_Partial_96_DEFAULT_14189,61,Enumerate,Standard,Partial,96,DEFAULT,14189,2-double-6,SATISFIABLE,1+,0.025,0.00,0.00,0.00,0.005
68_Enumerate_Standard_Partial_192_DEFAULT_19383,68,Enumerate,Standard,Partial,192,DEFAULT,19383,2-double-6,SATISFIABLE,1+,0.026,0.00,0.00,0.00,0.006
85_Enumerate_Standard_Partial_96_DEFAULT_1769,85,Enumerate,Standard,Partial,96,DEFAULT,1769,2-double-6,SATISFIABLE,1+,0.026,0.00,0.00,0.00,0.006
91_Enumerate_Standard_Partial_96_DEFAULT_13383,91,Enumerate,Standard,Partial,96,DEFAULT,13383,2-double-6,SATISFIABLE,1+,0.025,0.00,0.00,0.00,0.005
106_Enumerate_Standard_Partial_96_DEFAULT_8543,106,Enumerate,Standard,Partial,96,DEFAULT,8543,2-double-8,SATISFIABLE,1+,0.027,0.00,0.00,0.00,0.007
61_Enumerate_Standard_Partial_96_DEFAULT_14189,61,Enumerate,Standard,Partial,96,DEFAULT,14189,2-double-8,SATISFIABLE,1+,0.048,0.00,0.00,0.00,0.008
68_Enumerate_Standard_Partial_192_DEFAULT_19383,68,Enumerate,Standard,Partial,192,DEFAULT,19383,2-double-8,SATISFIABLE,1+,0.028,0.00,0.00,0.00,0.008
85_Enumerate_Standard_Partial_96_DEFAULT_1769,85,Enumerate,Standard,Partial,96,DEFAULT,1769,2-double-8,SATISFIABLE,1+,0.007,0.00,0.00,0.00,0.007
91_Enumerate_Standard_Partial_96_DEFAULT_13383,91,Enumerate,Standard,Partial,96,DEFAULT,13383,2-double-8,SATISFIABLE,1+,0.039,0.00,0.00,0.00,0.007
