ConstraintFile,Id,Mode,Order,Full,Cell,Version,Seed,Instance,Result,Model,Time,Solving,1st Model,Unsat,CPU
106_Enumerate_Alternative_Partial_96_DEFAULT_8543,106,Enumerate,Alternative,Partial,96,DEFAULT,8543,Un-2-double-10,UNSATISFIABLE,0,0.187,0.18,0.00,0.18,0.187
22_Enumerate_Alternative_Partial_96_DEFAULT_16849,22,Enumerate,Alternative,Partial,96,DEFAULT,16849,Un-2-double-10,UNKNOWN,0+,300.000,299.99,0.00,0.00,299.990
32_Enumerate_Alternative_Partial_192_DEFAULT_29417,32,Enumerate,Alternative,Partial,192,DEFAULT,29417,Un-2-double-10,UNKNOWN,0+,300.000,299.99,0.00,0.00,299.991
40_Enumerate_Alternative_Partial_96_DEFAULT_14157,40,Enumerate,Alternative,Partial,96,DEFAULT,14157,Un-2-double-10,UNKNOWN,0+,300.000,299.99,0.00,0.00,299.991
55_Enumerate_Alternative_Partial_96_DEFAULT_2905,55,Enumerate,Alternative,Partial,96,DEFAULT,2905,Un-2-double-10,UNKNOWN,0+,300.000,299.99,0.00,0.00,299.977
64_Enumerate_Alternative_Partial_96_DEFAULT_24318,64,Enumerate,Alternative,Partial,96,DEFAULT,24318,Un-2-double-10,UNKNOWN,0+,300.000,299.99,0.00,0.00,299.991
73_Enumerate_Alternative_Partial_96_DEFAULT_5107,73,Enumerate,Alternative,Partial,96,DEFAULT,5107,Un-2-double-10,UNKNOWN,0+,300.000,299.99,0.00,0.00,299.991
98_Enumerate_Alternative_Partial_192_DEFAULT_32598,98,Enumerate,Alternative,Partial,192,DEFAULT,32598,Un-2-double-10,UNKNOWN,0+,300.000,299.99,0.00,0.00,299.992
106_Enumerate_Alternative_Partial_96_DEFAULT_8543,106,Enumerate,Alternative,Partial,96,DEFAULT,8543,Un-2-double-12,UNSATISFIABLE,0,0.497,0.49,0.00,0.49,0.497
22_Enumerate_Alternative_Partial_96_DEFAULT_16849,22,Enumerate,Alternative,Partial,96,DEFAULT,16849,Un-2-double-12,UNKNOWN,0+,300.000,299.99,0.00,0.00,299.991
32_Enumerate_Alternative_Partial_192_DEFAULT_29417,32,Enumerate,Alternative,Partial,192,DEFAULT,29417,Un-2-double-12,UNKNOWN,0+,300.000,299.99,0.00,0.00,299.991
40_Enumerate_Alternative_Partial_96_DEFAULT_14157,40,Enumerate,Alternative,Partial,96,DEFAULT,14157,Un-2-double-12,UNKNOWN,0+,300.000,299.99,0.00,0.00,299.979
55_Enumerate_Alternative_Partial_96_DEFAULT_2905,55,Enumerate,Alternative,Partial,96,DEFAULT,2905,Un-2-double-12,UNKNOWN,0+,300.000,299.99,0.00,0.00,299.992
64_Enumerate_Alternative_Partial_96_DEFAULT_24318,64,Enumerate,Alternative,Partial,96,DEFAULT,24318,Un-2-double-12,UNKNOWN,0+,300.000,299.99,0.00,0.00,299.992
73_Enumerate_Alternative_Partial_96_DEFAULT_5107,73,Enumerate,Alternative,Partial,96,DEFAULT,5107,Un-2-double-12,UNKNOWN,0+,300.000,299.99,0.00,0.00,299.992
98_Enumerate_Alternative_Partial_192_DEFAULT_32598,98,Enumerate,Alternative,Partial,192,DEFAULT,32598,Un-2-double-12,UNKNOWN,0+,300.000,299.99,0.00,0.00,299.992
106_Enumerate_Alternative_Partial_96_DEFAULT_8543,106,Enumerate,Alternative,Partial,96,DEFAULT,8543,Un-2-double-14,UNSATISFIABLE,0,1.586,1.58,0.00,1.58,1.586
22_Enumerate_Alternative_Partial_96_DEFAULT_16849,22,Enumerate,Alternative,Partial,96,DEFAULT,16849,Un-2-double-14,UNKNOWN,0+,300.000,299.99,0.00,0.00,299.992
32_Enumerate_Alternative_Partial_192_DEFAULT_29417,32,Enumerate,Alternative,Partial,192,DEFAULT,29417,Un-2-double-14,UNKNOWN,0+,300.000,299.99,0.00,0.00,299.992
40_Enumerate_Alternative_Partial_96_DEFAULT_14157,40,Enumerate,Alternative,Partial,96,DEFAULT,14157,Un-2-double-14,UNKNOWN,0+,300.000,299.98,0.00,0.00,299.992
55_Enumerate_Alternative_Partial_96_DEFAULT_2905,55,Enumerate,Alternative,Partial,96,DEFAULT,2905,Un-2-double-14,UNKNOWN,0+,300.000,299.99,0.00,0.00,299.993
64_Enumerate_Alternative_Partial_96_DEFAULT_24318,64,Enumerate,Alternative,Partial,96,DEFAULT,24318,Un-2-double-14,UNKNOWN,0+,300.000,299.98,0.00,0.00,299.993
73_Enumerate_Alternative_Partial_96_DEFAULT_5107,73,Enumerate,Alternative,Partial,96,DEFAULT,5107,Un-2-double-14,UNKNOWN,0+,300.000,299.99,0.00,0.00,299.993
98_Enumerate_Alternative_Partial_192_DEFAULT_32598,98,Enumerate,Alternative,Partial,192,DEFAULT,32598,Un-2-double-14,UNKNOWN,0+,300.000,299.98,0.00,0.00,299.990
106_Enumerate_Alternative_Partial_96_DEFAULT_8543,106,Enumerate,Alternative,Partial,96,DEFAULT,8543,Un-2-double-16,UNSATISFIABLE,0,2.685,2.67,0.00,2.67,2.685
22_Enumerate_Alternative_Partial_96_DEFAULT_16849,22,Enumerate,Alternative,Partial,96,DEFAULT,16849,Un-2-double-16,UNKNOWN,0+,300.000,299.98,0.00,0.00,299.985
32_Enumerate_Alternative_Partial_192_DEFAULT_29417,32,Enumerate,Alternative,Partial,192,DEFAULT,29417,Un-2-double-16,UNKNOWN,0+,300.000,299.99,0.00,0.00,299.992
40_Enumerate_Alternative_Partial_96_DEFAULT_14157,40,Enumerate,Alternative,Partial,96,DEFAULT,14157,Un-2-double-16,UNKNOWN,0+,300.000,299.98,0.00,0.00,299.993
55_Enumerate_Alternative_Partial_96_DEFAULT_2905,55,Enumerate,Alternative,Partial,96,DEFAULT,2905,Un-2-double-16,UNKNOWN,0+,300.000,299.97,0.00,0.00,299.994
64_Enumerate_Alternative_Partial_96_DEFAULT_24318,64,Enumerate,Alternative,Partial,96,DEFAULT,24318,Un-2-double-16,UNKNOWN,0+,300.000,299.97,0.00,0.00,299.993
73_Enumerate_Alternative_Partial_96_DEFAULT_5107,73,Enumerate,Alternative,Partial,96,DEFAULT,5107,Un-2-double-16,UNKNOWN,0+,300.000,299.99,0.00,0.00,299.983
98_Enumerate_Alternative_Partial_192_DEFAULT_32598,98,Enumerate,Alternative,Partial,192,DEFAULT,32598,Un-2-double-16,UNKNOWN,0+,300.000,299.99,0.00,0.00,299.983
106_Enumerate_Alternative_Partial_96_DEFAULT_8543,106,Enumerate,Alternative,Partial,96,DEFAULT,8543,Un-2-double-18,UNSATISFIABLE,0,6.730,6.71,0.00,6.71,6.729
22_Enumerate_Alternative_Partial_96_DEFAULT_16849,22,Enumerate,Alternative,Partial,96,DEFAULT,16849,Un-2-double-18,UNKNOWN,0+,300.000,299.98,0.00,0.00,299.987
32_Enumerate_Alternative_Partial_192_DEFAULT_29417,32,Enumerate,Alternative,Partial,192,DEFAULT,29417,Un-2-double-18,UNKNOWN,0+,300.000,299.98,0.00,0.00,299.993
40_Enumerate_Alternative_Partial_96_DEFAULT_14157,40,Enumerate,Alternative,Partial,96,DEFAULT,14157,Un-2-double-18,UNKNOWN,0+,300.000,299.97,0.00,0.00,299.994
55_Enumerate_Alternative_Partial_96_DEFAULT_2905,55,Enumerate,Alternative,Partial,96,DEFAULT,2905,Un-2-double-18,UNKNOWN,0+,300.000,299.96,0.00,0.00,299.993
64_Enumerate_Alternative_Partial_96_DEFAULT_24318,64,Enumerate,Alternative,Partial,96,DEFAULT,24318,Un-2-double-18,UNKNOWN,0+,300.000,299.98,0.00,0.00,299.993
73_Enumerate_Alternative_Partial_96_DEFAULT_5107,73,Enumerate,Alternative,Partial,96,DEFAULT,5107,Un-2-double-18,UNKNOWN,0+,300.000,299.98,0.00,0.00,299.994
98_Enumerate_Alternative_Partial_192_DEFAULT_32598,98,Enumerate,Alternative,Partial,192,DEFAULT,32598,Un-2-double-18,UNKNOWN,0+,300.000,299.97,0.00,0.00,299.994
106_Enumerate_Alternative_Partial_96_DEFAULT_8543,106,Enumerate,Alternative,Partial,96,DEFAULT,8543,Un-2-double-20,UNSATISFIABLE,0,8.249,8.22,0.00,8.22,8.248
22_Enumerate_Alternative_Partial_96_DEFAULT_16849,22,Enumerate,Alternative,Partial,96,DEFAULT,16849,Un-2-double-20,UNKNOWN,0+,300.000,299.97,0.00,0.00,299.994
32_Enumerate_Alternative_Partial_192_DEFAULT_29417,32,Enumerate,Alternative,Partial,192,DEFAULT,29417,Un-2-double-20,UNKNOWN,0+,300.000,299.97,0.00,0.00,299.994
40_Enumerate_Alternative_Partial_96_DEFAULT_14157,40,Enumerate,Alternative,Partial,96,DEFAULT,14157,Un-2-double-20,UNKNOWN,0+,300.000,299.95,0.00,0.00,299.976
55_Enumerate_Alternative_Partial_96_DEFAULT_2905,55,Enumerate,Alternative,Partial,96,DEFAULT,2905,Un-2-double-20,UNKNOWN,0+,300.000,299.96,0.00,0.00,299.993
64_Enumerate_Alternative_Partial_96_DEFAULT_24318,64,Enumerate,Alternative,Partial,96,DEFAULT,24318,Un-2-double-20,UNKNOWN,0+,300.000,299.97,0.00,0.00,299.993
73_Enumerate_Alternative_Partial_96_DEFAULT_5107,73,Enumerate,Alternative,Partial,96,DEFAULT,5107,Un-2-double-20,UNKNOWN,0+,300.000,299.97,0.00,0.00,299.993
98_Enumerate_Alternative_Partial_192_DEFAULT_32598,98,Enumerate,Alternative,Partial,192,DEFAULT,32598,Un-2-double-20,UNKNOWN,0+,300.000,299.97,0.00,0.00,299.979
106_Enumerate_Alternative_Partial_96_DEFAULT_8543,106,Enumerate,Alternative,Partial,96,DEFAULT,8543,Un-2-double-6,UNSATISFIABLE,0,0.003,0.00,0.00,0.00,0.003
22_Enumerate_Alternative_Partial_96_DEFAULT_16849,22,Enumerate,Alternative,Partial,96,DEFAULT,16849,Un-2-double-6,UNSATISFIABLE,0,0.003,0.00,0.00,0.00,0.003
32_Enumerate_Alternative_Partial_192_DEFAULT_29417,32,Enumerate,Alternative,Partial,192,DEFAULT,29417,Un-2-double-6,UNSATISFIABLE,0,0.004,0.00,0.00,0.00,0.004
40_Enumerate_Alternative_Partial_96_DEFAULT_14157,40,Enumerate,Alternative,Partial,96,DEFAULT,14157,Un-2-double-6,UNSATISFIABLE,0,0.002,0.00,0.00,0.00,0.002
55_Enumerate_Alternative_Partial_96_DEFAULT_2905,55,Enumerate,Alternative,Partial,96,DEFAULT,2905,Un-2-double-6,UNSATISFIABLE,0,0.003,0.00,0.00,0.00,0.003
64_Enumerate_Alternative_Partial_96_DEFAULT_24318,64,Enumerate,Alternative,Partial,96,DEFAULT,24318,Un-2-double-6,UNSATISFIABLE,0,0.003,0.00,0.00,0.00,0.003
73_Enumerate_Alternative_Partial_96_DEFAULT_5107,73,Enumerate,Alternative,Partial,96,DEFAULT,5107,Un-2-double-6,UNSATISFIABLE,0,0.004,0.00,0.00,0.00,0.004
98_Enumerate_Alternative_Partial_192_DEFAULT_32598,98,Enumerate,Alternative,Partial,192,DEFAULT,32598,Un-2-double-6,UNSATISFIABLE,0,0.003,0.00,0.00,0.00,0.003
106_Enumerate_Alternative_Partial_96_DEFAULT_8543,106,Enumerate,Alternative,Partial,96,DEFAULT,8543,Un-2-double-8,UNSATISFIABLE,0,0.020,0.02,0.00,0.02,0.020
22_Enumerate_Alternative_Partial_96_DEFAULT_16849,22,Enumerate,Alternative,Partial,96,DEFAULT,16849,Un-2-double-8,UNSATISFIABLE,0,0.041,0.04,0.00,0.04,0.041
32_Enumerate_Alternative_Partial_192_DEFAULT_29417,32,Enumerate,Alternative,Partial,192,DEFAULT,29417,Un-2-double-8,UNSATISFIABLE,0,0.037,0.03,0.00,0.03,0.037
40_Enumerate_Alternative_Partial_96_DEFAULT_14157,40,Enumerate,Alternative,Partial,96,DEFAULT,14157,Un-2-double-8,UNSATISFIABLE,0,0.039,0.04,0.00,0.04,0.039
55_Enumerate_Alternative_Partial_96_DEFAULT_2905,55,Enumerate,Alternative,Partial,96,DEFAULT,2905,Un-2-double-8,UNSATISFIABLE,0,0.037,0.03,0.00,0.03,0.037
64_Enumerate_Alternative_Partial_96_DEFAULT_24318,64,Enumerate,Alternative,Partial,96,DEFAULT,24318,Un-2-double-8,UNSATISFIABLE,0,0.037,0.03,0.00,0.03,0.037
73_Enumerate_Alternative_Partial_96_DEFAULT_5107,73,Enumerate,Alternative,Partial,96,DEFAULT,5107,Un-2-double-8,UNSATISFIABLE,0,0.038,0.03,0.00,0.03,0.038
98_Enumerate_Alternative_Partial_192_DEFAULT_32598,98,Enumerate,Alternative,Partial,192,DEFAULT,32598,Un-2-double-8,UNSATISFIABLE,0,0.051,0.05,0.00,0.05,0.051
106_Enumerate_Alternative_Partial_96_DEFAULT_8543,106,Enumerate,Alternative,Partial,96,DEFAULT,8543,2-double-10,SATISFIABLE,1+,0.011,0.01,0.01,0.00,0.011
22_Enumerate_Alternative_Partial_96_DEFAULT_16849,22,Enumerate,Alternative,Partial,96,DEFAULT,16849,2-double-10,SATISFIABLE,1+,0.007,0.00,0.00,0.00,0.007
32_Enumerate_Alternative_Partial_192_DEFAULT_29417,32,Enumerate,Alternative,Partial,192,DEFAULT,29417,2-double-10,SATISFIABLE,1+,0.013,0.01,0.01,0.00,0.013
40_Enumerate_Alternative_Partial_96_DEFAULT_14157,40,Enumerate,Alternative,Partial,96,DEFAULT,14157,2-double-10,SATISFIABLE,1+,0.012,0.00,0.00,0.00,0.012
55_Enumerate_Alternative_Partial_96_DEFAULT_2905,55,Enumerate,Alternative,Partial,96,DEFAULT,2905,2-double-10,SATISFIABLE,1+,0.013,0.01,0.01,0.00,0.013
64_Enumerate_Alternative_Partial_96_DEFAULT_24318,64,Enumerate,Alternative,Partial,96,DEFAULT,24318,2-double-10,SATISFIABLE,1+,0.013,0.01,0.01,0.00,0.013
73_Enumerate_Alternative_Partial_96_DEFAULT_5107,73,Enumerate,Alternative,Partial,96,DEFAULT,5107,2-double-10,SATISFIABLE,1+,0.012,0.01,0.01,0.00,0.012
98_Enumerate_Alternative_Partial_192_DEFAULT_32598,98,Enumerate,Alternative,Partial,192,DEFAULT,32598,2-double-10,SATISFIABLE,1+,0.008,0.00,0.00,0.00,0.008
106_Enumerate_Alternative_Partial_96_DEFAULT_8543,106,Enumerate,Alternative,Partial,96,DEFAULT,8543,2-double-12,SATISFIABLE,1+,0.022,0.01,0.01,0.00,0.022
22_Enumerate_Alternative_Partial_96_DEFAULT_16849,22,Enumerate,Alternative,Partial,96,DEFAULT,16849,2-double-12,SATISFIABLE,1+,0.014,0.01,0.01,0.00,0.014
32_Enumerate_Alternative_Partial_192_DEFAULT_29417,32,Enumerate,Alternative,Partial,192,DEFAULT,29417,2-double-12,SATISFIABLE,1+,0.010,0.00,0.00,0.00,0.010
40_Enumerate_Alternative_Partial_96_DEFAULT_14157,40,Enumerate,Alternative,Partial,96,DEFAULT,14157,2-double-12,SATISFIABLE,1+,0.012,0.00,0.00,0.00,0.012
55_Enumerate_Alternative_Partial_96_DEFAULT_2905,55,Enumerate,Alternative,Partial,96,DEFAULT,2905,2-double-12,SATISFIABLE,1+,0.010,0.00,0.00,0.00,0.010
64_Enumerate_Alternative_Partial_96_DEFAULT_24318,64,Enumerate,Alternative,Partial,96,DEFAULT,24318,2-double-12,SATISFIABLE,1+,0.010,0.00,0.00,0.00,0.010
73_Enumerate_Alternative_Partial_96_DEFAULT_5107,73,Enumerate,Alternative,Partial,96,DEFAULT,5107,2-double-12,SATISFIABLE,1+,0.019,0.01,0.01,0.00,0.019
98_Enumerate_Alternative_Partial_192_DEFAULT_32598,98,Enumerate,Alternative,Partial,192,DEFAULT,32598,2-double-12,SATISFIABLE,1+,0.011,0.00,0.00,0.00,0.011
106_Enumerate_Alternative_Partial_96_DEFAULT_8543,106,Enumerate,Alternative,Partial,96,DEFAULT,8543,2-double-14,SATISFIABLE,1+,0.103,0.09,0.09,0.00,0.103
22_Enumerate_Alternative_Partial_96_DEFAULT_16849,22,Enumerate,Alternative,Partial,96,DEFAULT,16849,2-double-14,SATISFIABLE,1+,0.086,0.07,0.07,0.00,0.086
32_Enumerate_Alternative_Partial_192_DEFAULT_29417,32,Enumerate,Alternative,Partial,192,DEFAULT,29417,2-double-14,SATISFIABLE,1+,0.073,0.06,0.06,0.00,0.073
40_Enumerate_Alternative_Partial_96_DEFAULT_14157,40,Enumerate,Alternative,Partial,96,DEFAULT,14157,2-double-14,SATISFIABLE,1+,0.024,0.01,0.01,0.00,0.024
55_Enumerate_Alternative_Partial_96_DEFAULT_2905,55,Enumerate,Alternative,Partial,96,DEFAULT,2905,2-double-14,SATISFIABLE,1+,0.085,0.06,0.06,0.00,0.085
64_Enumerate_Alternative_Partial_96_DEFAULT_24318,64,Enumerate,Alternative,Partial,96,DEFAULT,24318,2-double-14,SATISFIABLE,1+,0.074,0.06,0.06,0.00,0.074
73_Enumerate_Alternative_Partial_96_DEFAULT_5107,73,Enumerate,Alternative,Partial,96,DEFAULT,5107,2-double-14,SATISFIABLE,1+,0.079,0.07,0.07,0.00,0.079
98_Enumerate_Alternative_Partial_192_DEFAULT_32598,98,Enumerate,Alternative,Partial,192,DEFAULT,32598,2-double-14,SATISFIABLE,1+,0.029,0.02,0.02,0.00,0.029
106_Enumerate_Alternative_Partial_96_DEFAULT_8543,106,Enumerate,Alternative,Partial,96,DEFAULT,8543,2-double-16,SATISFIABLE,1+,0.294,0.27,0.27,0.00,0.294
22_Enumerate_Alternative_Partial_96_DEFAULT_16849,22,Enumerate,Alternative,Partial,96,DEFAULT,16849,2-double-16,SATISFIABLE,1+,0.958,0.94,0.94,0.00,0.958
32_Enumerate_Alternative_Partial_192_DEFAULT_29417,32,Enumerate,Alternative,Partial,192,DEFAULT,29417,2-double-16,SATISFIABLE,1+,0.295,0.28,0.28,0.00,0.295
40_Enumerate_Alternative_Partial_96_DEFAULT_14157,40,Enumerate,Alternative,Partial,96,DEFAULT,14157,2-double-16,SATISFIABLE,1+,0.313,0.29,0.29,0.00,0.313
55_Enumerate_Alternative_Partial_96_DEFAULT_2905,55,Enumerate,Alternative,Partial,96,DEFAULT,2905,2-double-16,SATISFIABLE,1+,0.290,0.27,0.27,0.00,0.290
64_Enumerate_Alternative_Partial_96_DEFAULT_24318,64,Enumerate,Alternative,Partial,96,DEFAULT,24318,2-double-16,SATISFIABLE,1+,0.290,0.27,0.27,0.00,0.290
73_Enumerate_Alternative_Partial_96_DEFAULT_5107,73,Enumerate,Alternative,Partial,96,DEFAULT,5107,2-double-16,SATISFIABLE,1+,0.083,0.07,0.07,0.00,0.083
98_Enumerate_Alternative_Partial_192_DEFAULT_32598,98,Enumerate,Alternative,Partial,192,DEFAULT,32598,2-double-16,SATISFIABLE,1+,0.138,0.12,0.12,0.00,0.138
106_Enumerate_Alternative_Partial_96_DEFAULT_8543,106,Enumerate,Alternative,Partial,96,DEFAULT,8543,2-double-18,SATISFIABLE,1+,0.309,0.29,0.29,0.00,0.309
22_Enumerate_Alternative_Partial_96_DEFAULT_16849,22,Enumerate,Alternative,Partial,96,DEFAULT,16849,2-double-18,SATISFIABLE,1+,0.473,0.44,0.44,0.00,0.473
32_Enumerate_Alternative_Partial_192_DEFAULT_29417,32,Enumerate,Alternative,Partial,192,DEFAULT,29417,2-double-18,SATISFIABLE,1+,0.034,0.01,0.01,0.00,0.034
40_Enumerate_Alternative_Partial_96_DEFAULT_14157,40,Enumerate,Alternative,Partial,96,DEFAULT,14157,2-double-18,SATISFIABLE,1+,0.221,0.19,0.19,0.00,0.221
55_Enumerate_Alternative_Partial_96_DEFAULT_2905,55,Enumerate,Alternative,Partial,96,DEFAULT,2905,2-double-18,SATISFIABLE,1+,0.035,0.01,0.01,0.00,0.035
64_Enumerate_Alternative_Partial_96_DEFAULT_24318,64,Enumerate,Alternative,Partial,96,DEFAULT,24318,2-double-18,SATISFIABLE,1+,0.035,0.01,0.01,0.00,0.035
73_Enumerate_Alternative_Partial_96_DEFAULT_5107,73,Enumerate,Alternative,Partial,96,DEFAULT,5107,2-double-18,SATISFIABLE,1+,0.072,0.05,0.05,0.00,0.072
98_Enumerate_Alternative_Partial_192_DEFAULT_32598,98,Enumerate,Alternative,Partial,192,DEFAULT,32598,2-double-18,SATISFIABLE,1+,0.180,0.15,0.15,0.00,0.180
106_Enumerate_Alternative_Partial_96_DEFAULT_8543,106,Enumerate,Alternative,Partial,96,DEFAULT,8543,2-double-20,SATISFIABLE,1+,1.174,1.15,1.15,0.00,1.174
22_Enumerate_Alternative_Partial_96_DEFAULT_16849,22,Enumerate,Alternative,Partial,96,DEFAULT,16849,2-double-20,SATISFIABLE,1+,0.247,0.20,0.20,0.00,0.247
32_Enumerate_Alternative_Partial_192_DEFAULT_29417,32,Enumerate,Alternative,Partial,192,DEFAULT,29417,2-double-20,SATISFIABLE,1+,0.299,0.25,0.25,0.00,0.299
40_Enumerate_Alternative_Partial_96_DEFAULT_14157,40,Enumerate,Alternative,Partial,96,DEFAULT,14157,2-double-20,SATISFIABLE,1+,0.123,0.09,0.09,0.00,0.123
55_Enumerate_Alternative_Partial_96_DEFAULT_2905,55,Enumerate,Alternative,Partial,96,DEFAULT,2905,2-double-20,SATISFIABLE,1+,0.279,0.25,0.25,0.00,0.279
64_Enumerate_Alternative_Partial_96_DEFAULT_24318,64,Enumerate,Alternative,Partial,96,DEFAULT,24318,2-double-20,SATISFIABLE,1+,0.278,0.24,0.24,0.00,0.278
73_Enumerate_Alternative_Partial_96_DEFAULT_5107,73,Enumerate,Alternative,Partial,96,DEFAULT,5107,2-double-20,SATISFIABLE,1+,0.192,0.16,0.16,0.00,0.192
98_Enumerate_Alternative_Partial_192_DEFAULT_32598,98,Enumerate,Alternative,Partial,192,DEFAULT,32598,2-double-20,SATISFIABLE,1+,0.468,0.43,0.43,0.00,0.468
106_Enumerate_Alternative_Partial_96_DEFAULT_8543,106,Enumerate,Alternative,Partial,96,DEFAULT,8543,2-double-6,SATISFIABLE,1+,0.003,0.00,0.00,0.00,0.003
22_Enumerate_Alternative_Partial_96_DEFAULT_16849,22,Enumerate,Alternative,Partial,96,DEFAULT,16849,2-double-6,SATISFIABLE,1+,0.003,0.00,0.00,0.00,0.003
32_Enumerate_Alternative_Partial_192_DEFAULT_29417,32,Enumerate,Alternative,Partial,192,DEFAULT,29417,2-double-6,SATISFIABLE,1+,0.004,0.00,0.00,0.00,0.004
40_Enumerate_Alternative_Partial_96_DEFAULT_14157,40,Enumerate,Alternative,Partial,96,DEFAULT,14157,2-double-6,SATISFIABLE,1+,0.003,0.00,0.00,0.00,0.003
55_Enumerate_Alternative_Partial_96_DEFAULT_2905,55,Enumerate,Alternative,Partial,96,DEFAULT,2905,2-double-6,SATISFIABLE,1+,0.003,0.00,0.00,0.00,0.003
64_Enumerate_Alternative_Partial_96_DEFAULT_24318,64,Enumerate,Alternative,Partial,96,DEFAULT,24318,2-double-6,SATISFIABLE,1+,0.003,0.00,0.00,0.00,0.003
73_Enumerate_Alternative_Partial_96_DEFAULT_5107,73,Enumerate,Alternative,Partial,96,DEFAULT,5107,2-double-6,SATISFIABLE,1+,0.003,0.00,0.00,0.00,0.003
98_Enumerate_Alternative_Partial_192_DEFAULT_32598,98,Enumerate,Alternative,Partial,192,DEFAULT,32598,2-double-6,SATISFIABLE,1+,0.003,0.00,0.00,0.00,0.003
106_Enumerate_Alternative_Partial_96_DEFAULT_8543,106,Enumerate,Alternative,Partial,96,DEFAULT,8543,2-double-8,SATISFIABLE,1+,0.006,0.00,0.00,0.00,0.006
22_Enumerate_Alternative_Partial_96_DEFAULT_16849,22,Enumerate,Alternative,Partial,96,DEFAULT,16849,2-double-8,SATISFIABLE,1+,0.004,0.00,0.00,0.00,0.004
32_Enumerate_Alternative_Partial_192_DEFAULT_29417,32,Enumerate,Alternative,Partial,192,DEFAULT,29417,2-double-8,SATISFIABLE,1+,0.007,0.00,0.00,0.00,0.007
40_Enumerate_Alternative_Partial_96_DEFAULT_14157,40,Enumerate,Alternative,Partial,96,DEFAULT,14157,2-double-8,SATISFIABLE,1+,0.004,0.00,0.00,0.00,0.004
55_Enumerate_Alternative_Partial_96_DEFAULT_2905,55,Enumerate,Alternative,Partial,96,DEFAULT,2905,2-double-8,SATISFIABLE,1+,0.007,0.00,0.00,0.00,0.007
64_Enumerate_Alternative_Partial_96_DEFAULT_24318,64,Enumerate,Alternative,Partial,96,DEFAULT,24318,2-double-8,SATISFIABLE,1+,0.004,0.00,0.00,0.00,0.004
73_Enumerate_Alternative_Partial_96_DEFAULT_5107,73,Enumerate,Alternative,Partial,96,DEFAULT,5107,2-double-8,SATISFIABLE,1+,0.004,0.00,0.00,0.00,0.004
98_Enumerate_Alternative_Partial_192_DEFAULT_32598,98,Enumerate,Alternative,Partial,192,DEFAULT,32598,2-double-8,SATISFIABLE,1+,0.004,0.00,0.00,0.00,0.004
