,Directory,Files analysed with SBASS,Positive Examples in S,Ordering,SBC,Iteration,Cell,Seed,Opt,Time for creating examples,Time for solving ILP task,Total neg examples,Total pos examples,Neg examples uncovered,Learned Constraints
1,./../Problems/House_Configuration/,p1_c3_t4.lp,Specific,Alternative,Full,1,0,47032,Nopt,0.131,0.329,53,1,1,
2,./../Problems/House_Configuration/,p1_c2_t4.lp,Specific,Alternative,Full,1,0,75642,Nopt,0.034,0.272,5,1,1,
3,./../Problems/House_Configuration/,p2_c2_t3.lp,Specific,Alternative,Full,2,0,59273,Nopt,0.04,1.478,11,1,0," :- cabinetGEQ(V3,V1), next_thing(V1,V2), not cabinetGEQ(V3,V2).
 :- personGEQ(V1,V2), next_thing(V2,V3), not personGEQ(V1,V3).
"
4,./../Problems/House_Configuration/,p2_c3_t5.lp,Specific,Alternative,Full,2,0,51362,Nopt,1.695,3.221,539,1,0," :- cabinetGEQ(V3,V1), next_thing(V1,V2), not cabinetGEQ(V3,V2).
 :- personGEQ(V1,V2), next_thing(V2,V3), not personGEQ(V1,V3).
"
5,./../Problems/House_Configuration/,p2_c2_t3.lp - p2_c3_t5.lp,Specific,Alternative,Full,2,0,18063,Nopt,1.639,4.488,550,2,0," :- cabinetGEQ(V3,V1), next_thing(V1,V2), not cabinetGEQ(V3,V2).
 :- personGEQ(V1,V2), next_thing(V2,V3), not personGEQ(V1,V3).
"
