,Directory,Files analysed with SBASS,Positive Examples in S,Ordering,SBC,Iteration,Cell,Seed,Opt,Time for creating examples,Time for solving ILP task,Total neg examples,Total pos examples,Neg examples uncovered,Learned Constraints
1,./../Problems/PUP/doublev_weight/,2-doublev-9-6.lp - 2-doublev-9-5.lp,Specific,Alternative,Full,1,1,31681,Nopt,87.999,333.427,200,2,0," :- partnerunits(V1,V2), unit2sensorGEQ(V1,V1), not unit2zoneGEQ(V2,V2).
 :- unit2sensorGEQ(V2,V1), unit2sensorGEQ(V1,V2), closesensors(V1,V2).
"
2,./../Problems/PUP/doublev_weight/,2-doublev-9-6.lp - 2-doublev-9-5.lp,Specific,Alternative,Full,1,2,4634,Nopt,158.077,247.211,400,4,0," :- partnerunits(V1,V2), closezones(V2,V1), not zone2sensor(V1,V2).
 :- zone2sensor(V1,V1), unit2sensorGEQ(V2,V1), not unit2zoneGEQ(V2,V2).
"
3,./../Problems/PUP/doublev_weight/,2-doublev-9-6.lp - 2-doublev-9-5.lp,Specific,Alternative,Full,1,3,16837,Nopt,248.477,696.644,600,6,0," :- partnerunits(V2,V1), zone2sensor(V1,V1), not closesensors(V1,V2). 
 :- partnerunits(V2,V1), zone2sensor(V1,V1), not closesensors(V1,V2).
 :- zone2sensor(V1,V1), unit2sensorGEQ(V1,V1), not unit2zoneGEQ(V1,V1).
 :- unit2sensorGEQ(V2,V1), unit2sensorGEQ(V1,V2), closezones(V1,V2).
 :- unit2zoneGEQ(V1,V2), unit2sensorGEQ(V3,V1), not unit2zoneGEQ(V3,V2).
"
4,./../Problems/PUP/doublev_weight/,2-doublev-9-6.lp - 2-doublev-9-5.lp,Specific,Alternative,Full,1,1,15262,Nopt,90.291,827.194,200,2,0," :- unit2zoneGEQ(V1,V1), unit2sensorGEQ(V1,V1), not zone2sensor(V1,V1).
 :- partnerunits(V2,V1), zone2sensor(V1,V1), not closesensors(V1,V2).
 :- zone2sensor(V1,V1), unit2sensorGEQ(V2,V1), not unit2zoneGEQ(V2,V2).
 :- partnerunits(V1,V2), not unit2sensorGEQ(V2,V1), not unit2sensorGEQ(V1,V2).
"
5,./../Problems/PUP/doublev_weight/,2-doublev-9-6.lp - 2-doublev-9-5.lp,Specific,Alternative,Full,1,2,22084,Nopt,157.422,1823.05,400,4,0," :- partnerunits(V2,V1), zone2sensor(V1,V1), not closesensors(V1,V2).
 :- zone2sensor(V1,V1), unit2sensorGEQ(V1,V1), not unit2zoneGEQ(V1,V1).
 :- partnerunits(V1,V2), not unit2zoneGEQ(V1,V1), not unit2zoneGEQ(V2,V2).
 :- unit2sensorGEQ(V2,V1), unit2sensorGEQ(V1,V2), closesensors(V1,V2).
"
6,./../Problems/PUP/doublev_weight/,2-doublev-9-6.lp - 2-doublev-9-5.lp,Specific,Alternative,Full,1,3,24758,Nopt,240.731,1481.05,600,6,0," :- partnerunits(V2,V1), zone2sensor(V1,V1), not closesensors(V2,V1).
 :- zone2sensor(V1,V1), unit2sensorGEQ(V2,V1), not unit2zoneGEQ(V2,V2).
 :- unit2zoneGEQ(V1,V2), unit2sensorGEQ(V2,V1), not unit2zoneGEQ(V2,V2).
 :- partnerunits(V1,V2), unit2sensorGEQ(V2,V1), unit2sensorGEQ(V1,V2).
"
7,./../Problems/PUP/doublev_weight/,2-doublev-9-6.lp - 2-doublev-9-5.lp,Specific,Alternative,Full,1,1,3718,Nopt,90.613,915.855,200,2,0," :- unit2zoneGEQ(V1,V2), unit2sensorGEQ(V2,V1), not unit2sensorGEQ(V2,V2).
 :- unit2zoneGEQ(V1,V2), unit2sensorGEQ(V3,V1), not unit2zoneGEQ(V3,V2).
"
8,./../Problems/PUP/doublev_weight/,2-doublev-9-6.lp - 2-doublev-9-5.lp,Specific,Alternative,Full,1,2,26796,Nopt,166.223,631.154,400,4,0," :- partnerunits(V2,V1), zone2sensor(V1,V1), not closesensors(V1,V2).
 :- zone2sensor(V1,V2), unit2sensorGEQ(V1,V2), not unit2zoneGEQ(V1,V1).
 :- unit2sensorGEQ(V2,V1), unit2sensorGEQ(V1,V2), closesensors(V1,V2).
"
9,./../Problems/PUP/doublev_weight/,2-doublev-9-6.lp - 2-doublev-9-5.lp,Specific,Alternative,Full,1,3,25434,Nopt,231.229,1354.4,600,6,0," :- partnerunits(V2,V1), zone2sensor(V1,V1), not closesensors(V1,V2).
 :- zone2sensor(V1,V1), unit2sensorGEQ(V2,V1), not unit2zoneGEQ(V2,V2).
 :- unit2sensorGEQ(V2,V1), unit2sensorGEQ(V1,V2), closesensors(V1,V2).
 :- partnerunits(V1,V2), unit2sensorGEQ(V2,V1), unit2sensorGEQ(V1,V2).
"
10,./../Problems/PUP/doublev_weight/,2-doublev-9-6.lp - 2-doublev-9-5.lp,Specific,Alternative,Full,1,1,8598,Nopt,85.732,506.151,200,2,0," :- partnerunits(V1,V2), not unit2zoneGEQ(V1,V1), not closesensors(V1,V2).
 :- unit2zoneGEQ(V1,V2), unit2sensorGEQ(V2,V1), not unit2sensorGEQ(V1,V1).
"
11,./../Problems/PUP/doublev_weight/,2-doublev-9-6.lp - 2-doublev-9-5.lp,Specific,Alternative,Full,1,2,21172,Nopt,156.872,1269.14,400,4,0," :- partnerunits(V1,V2), closezones(V2,V1), not zone2sensor(V2,V1).
 :- unit2sensorGEQ(V2,V1), unit2sensorGEQ(V1,V2), closesensors(V1,V2).
"
12,./../Problems/PUP/doublev_weight/,2-doublev-9-6.lp - 2-doublev-9-5.lp,Specific,Alternative,Full,1,3,31928,Nopt,239.35,1035.97,601,5,0," :- partnerunits(V2,V1), zone2sensor(V1,V1), not closesensors(V2,V1).
 :- partnerunits(V1,V2), not unit2zoneGEQ(V1,V1), not unit2zoneGEQ(V2,V2).
 :- zone2sensor(V1,V1), unit2sensorGEQ(V2,V1), not unit2zoneGEQ(V2,V1).
 :- unit2sensorGEQ(V2,V1), unit2sensorGEQ(V1,V2), closesensors(V1,V2).
 :- partnerunits(V1,V2), not unit2sensorGEQ(V2,V1), not unit2sensorGEQ(V1,V2).
"
14,./../Problems/PUP/doublev_weight/,2-doublev-9-6.lp - 2-doublev-9-5.lp,Specific,Alternative,Full,1,2,3800,Nopt,163.068,671.928,400,4,0," :- zone2sensor(V1,V1), not unit2zoneGEQ(V1,V1).
 :- zone2sensor(V1,V2), unit2sensorGEQ(V1,V2), not unit2zoneGEQ(V1,V1).
 :- unit2sensorGEQ(V2,V1), unit2sensorGEQ(V1,V2), closesensors(V1,V2).
"
15,./../Problems/PUP/doublev_weight/,2-doublev-9-6.lp - 2-doublev-9-5.lp,Specific,Alternative,Full,1,3,1743,Nopt,241.707,1719,600,6,0," :- partnerunits(V1,V2), zone2sensor(V1,V1), not closesensors(V1,V2). 
 :- partnerunits(V2,V1), zone2sensor(V1,V1), not closesensors(V2,V1).
 :- unit2sensorGEQ(V2,V1), unit2sensorGEQ(V1,V2), closesensors(V1,V2).
"
16,./../Problems/PUP/doublev_weight/,2-doublev-9-6.lp - 2-doublev-9-5.lp,Specific,Alternative,Full,1,1,26740,Nopt,90.775,1517.82,200,2,0," :- partnerunits(V1,V2), unit2sensorGEQ(V1,V1), unit2sensorGEQ(V2,V2). 
 :- partnerunits(V2,V1), zone2sensor(V1,V1), not unit2zoneGEQ(V2,V2).
 :- unit2sensorGEQ(V2,V1), unit2sensorGEQ(V1,V2), closezones(V1,V2).
"
17,./../Problems/PUP/doublev_weight/,2-doublev-9-6.lp - 2-doublev-9-5.lp,Specific,Alternative,Full,1,2,22856,Nopt,161.273,1238.29,400,4,0," :- zone2sensor(V1,V1), unit2sensorGEQ(V1,V1), not unit2zoneGEQ(V1,V1).
 :- partnerunits(V1,V2), not zone2sensor(V2,V1), not closesensors(V1,V2).
 :- unit2sensorGEQ(V2,V1), unit2sensorGEQ(V1,V2), closesensors(V1,V2).
"
19,./../Problems/PUP/doublev_weight/,2-doublev-9-6.lp - 2-doublev-9-5.lp,Specific,Alternative,Full,1,1,6751,Nopt,89.946,158.785,200,2,0," :- partnerunits(V2,V1), zone2sensor(V1,V1), not closesensors(V1,V2).
 :- unit2sensorGEQ(V2,V1), unit2sensorGEQ(V1,V2), closesensors(V1,V2).
"
21,./../Problems/PUP/doublev_weight/,2-doublev-9-6.lp - 2-doublev-9-5.lp,Specific,Alternative,Full,1,3,717,Nopt,244.866,1315.01,600,6,0," :- partnerunits(V1,V2), not unit2zoneGEQ(V1,V1), not unit2zoneGEQ(V2,V2). 
 :- partnerunits(V2,V1), zone2sensor(V1,V1), not closesensors(V2,V1).
 :- zone2sensor(V1,V1), unit2sensorGEQ(V1,V1), not unit2zoneGEQ(V1,V1).
 :- unit2sensorGEQ(V2,V1), unit2sensorGEQ(V1,V2), closesensors(V1,V2).
"
22,./../Problems/PUP/doublev_weight/,2-doublev-9-6.lp - 2-doublev-9-5.lp,Specific,Alternative,Full,1,1,16849,Nopt,91.511,1809.07,201,1,0," :- zone2sensor(V1,V1), not unit2zoneGEQ(V1,V1). 
 :- unit2zoneGEQ(V1,V1), unit2sensorGEQ(V1,V1), not zone2sensor(V1,V1).
 :- partnerunits(V2,V1), zone2sensor(V1,V1), not closesensors(V2,V1).
 :- zone2sensor(V1,V1), unit2sensorGEQ(V2,V1), not unit2zoneGEQ(V2,V2).
"
24,./../Problems/PUP/doublev_weight/,2-doublev-9-6.lp - 2-doublev-9-5.lp,Specific,Alternative,Full,1,3,8299,Nopt,244.719,1602.18,600,6,0," :- partnerunits(V2,V1), zone2sensor(V1,V1), not closesensors(V2,V1).
 :- partnerunits(V1,V2), not unit2zoneGEQ(V1,V1), not unit2zoneGEQ(V2,V2).
 :- unit2sensorGEQ(V2,V1), unit2sensorGEQ(V1,V2), closesensors(V1,V2).
 :- unit2zoneGEQ(V1,V1), unit2sensorGEQ(V2,V1), not unit2zoneGEQ(V2,V1).
 :- partnerunits(V1,V2), not unit2sensorGEQ(V2,V1), not unit2sensorGEQ(V1,V2).
"
25,./../Problems/PUP/doublev_weight/,2-doublev-9-6.lp - 2-doublev-9-5.lp,Specific,Alternative,Full,1,1,6709,Nopt,83.908,568.299,200,2,0," :- partnerunits(V1,V2), not zone2sensor(V2,V1), not closesensors(V2,V1).
 :- zone2sensor(V1,V1), unit2sensorGEQ(V2,V1), not unit2sensorGEQ(V2,V2).
"
26,./../Problems/PUP/doublev_weight/,2-doublev-9-6.lp - 2-doublev-9-5.lp,Specific,Alternative,Full,1,2,24419,Nopt,166.261,2403.91,400,4,0," :- partnerunits(V1,V2), unit2sensorGEQ(V2,V1), unit2sensorGEQ(V1,V2). 
 :- partnerunits(V2,V1), zone2sensor(V1,V1), not closesensors(V1,V2).
 :- zone2sensor(V1,V1), unit2sensorGEQ(V2,V1), not unit2zoneGEQ(V2,V2).
 :- zone2sensor(V1,V1), unit2sensorGEQ(V2,V1), not unit2zoneGEQ(V2,V1).
 :- partnerunits(V1,V2), unit2sensorGEQ(V2,V1), unit2sensorGEQ(V1,V2).
"
27,./../Problems/PUP/doublev_weight/,2-doublev-9-6.lp - 2-doublev-9-5.lp,Specific,Alternative,Full,1,3,14456,Nopt,235.026,2598.95,601,5,0," :- partnerunits(V2,V1), zone2sensor(V1,V1), not closesensors(V1,V2). 
 :- partnerunits(V1,V2), not unit2zoneGEQ(V1,V1), not unit2zoneGEQ(V2,V2). 
 :- partnerunits(V2,V1), zone2sensor(V1,V1), not closesensors(V2,V1).
 :- zone2sensor(V1,V1), unit2sensorGEQ(V1,V1), not unit2zoneGEQ(V1,V1).
 :- zone2sensor(V1,V1), unit2sensorGEQ(V2,V1), not unit2sensorGEQ(V2,V2).
 :- partnerunits(V1,V2), not unit2zoneGEQ(V1,V1), not unit2zoneGEQ(V2,V2).
 :- unit2sensorGEQ(V2,V1), unit2sensorGEQ(V1,V2), closesensors(V1,V2).
"
28,./../Problems/PUP/doublev_weight/,2-doublev-9-6.lp - 2-doublev-9-5.lp,Specific,Alternative,Full,1,1,11547,Nopt,89.616,952.308,200,2,0," :- zone2sensor(V1,V1), unit2zoneGEQ(V1,V1), not unit2sensorGEQ(V1,V1).
 :- partnerunits(V1,V2), closezones(V2,V1), not unit2zoneGEQ(V1,V1).
 :- unit2sensorGEQ(V2,V1), unit2sensorGEQ(V1,V2), closesensors(V1,V2).
 :- partnerunits(V1,V2), not unit2sensorGEQ(V2,V1), not unit2sensorGEQ(V1,V2).
"
29,./../Problems/PUP/doublev_weight/,2-doublev-9-6.lp - 2-doublev-9-5.lp,Specific,Alternative,Full,1,2,7260,Nopt,164.965,1249.83,400,4,0," :- partnerunits(V1,V2), zone2sensor(V1,V1), not closesensors(V1,V2).
 :- unit2sensorGEQ(V2,V1), unit2sensorGEQ(V1,V2), closesensors(V1,V2).
 :- partnerunits(V1,V2), not unit2sensorGEQ(V2,V1), not unit2sensorGEQ(V1,V2).
 :- partnerunits(V1,V2), not unit2zoneGEQ(V2,V1), not unit2zoneGEQ(V1,V2).
"
30,./../Problems/PUP/doublev_weight/,2-doublev-9-6.lp - 2-doublev-9-5.lp,Specific,Alternative,Full,1,3,21865,Nopt,242.899,2215.93,600,6,0," :- partnerunits(V2,V1), zone2sensor(V1,V1), not closesensors(V1,V2).
 :- zone2sensor(V1,V1), unit2sensorGEQ(V1,V1), not unit2zoneGEQ(V1,V1).
 :- partnerunits(V1,V2), not unit2zoneGEQ(V1,V1), not unit2zoneGEQ(V2,V2).
 :- unit2sensorGEQ(V2,V1), unit2sensorGEQ(V1,V2), closesensors(V1,V2).
 :- unit2zoneGEQ(V1,V1), unit2sensorGEQ(V2,V1), not unit2zoneGEQ(V2,V1).
 :- partnerunits(V1,V2), not unit2sensorGEQ(V2,V1), not unit2sensorGEQ(V1,V2).
 :- partnerunits(V1,V2), not unit2zoneGEQ(V2,V1), not unit2zoneGEQ(V1,V2).
"
31,./../Problems/PUP/doublev_weight/,2-doublev-9-6.lp - 2-doublev-9-5.lp,Specific,Alternative,Full,1,1,16017,Nopt,87.615,284.486,200,2,0," :- partnerunits(V2,V1), zone2sensor(V1,V1), not closesensors(V1,V2).
 :- zone2sensor(V1,V1), unit2sensorGEQ(V2,V1), not unit2zoneGEQ(V2,V2).
 :- partnerunits(V1,V2), unit2sensorGEQ(V2,V1), unit2sensorGEQ(V1,V2).
"
32,./../Problems/PUP/doublev_weight/,2-doublev-9-6.lp - 2-doublev-9-5.lp,Specific,Alternative,Full,1,2,29417,Nopt,167.64,1200.31,400,4,0," :- partnerunits(V1,V2), not unit2zoneGEQ(V1,V2), not unit2sensorGEQ(V2,V1). 
 :- unit2zoneGEQ(V1,V1), unit2sensorGEQ(V1,V1), not zone2sensor(V1,V1).
 :- partnerunits(V1,V2), not unit2zoneGEQ(V1,V1), not unit2zoneGEQ(V2,V2).
 :- unit2sensorGEQ(V2,V1), unit2sensorGEQ(V1,V2), closesensors(V1,V2).
 :- partnerunits(V1,V2), not unit2zoneGEQ(V2,V1), not unit2sensorGEQ(V1,V2).
"
34,./../Problems/PUP/doublev_weight/,2-doublev-9-6.lp - 2-doublev-9-5.lp,Specific,Alternative,Full,1,1,10456,Nopt,84.893,747.984,200,2,0," :- unit2sensorGEQ(V1,V1), not unit2zoneGEQ(V1,V1).
 :- zone2sensor(V1,V1), unit2zoneGEQ(V1,V1), not unit2sensorGEQ(V1,V1).
 :- partnerunits(V1,V2), zone2sensor(V1,V1), not closesensors(V1,V2).
 :- unit2sensorGEQ(V2,V1), unit2sensorGEQ(V1,V2), closesensors(V1,V2).
"
35,./../Problems/PUP/doublev_weight/,2-doublev-9-6.lp - 2-doublev-9-5.lp,Specific,Alternative,Full,1,2,25977,Nopt,161.137,180.708,400,4,0," :- partnerunits(V1,V2), closezones(V2,V1), not closesensors(V1,V2).
 :- unit2sensorGEQ(V2,V1), unit2sensorGEQ(V1,V2), closesensors(V1,V2).
"
36,./../Problems/PUP/doublev_weight/,2-doublev-9-6.lp - 2-doublev-9-5.lp,Specific,Alternative,Full,1,3,20418,Nopt,249.633,2393.91,600,6,0," :- zone2sensor(V1,V1), unit2sensorGEQ(V2,V1), not unit2zoneGEQ(V2,V2). 
 :- partnerunits(V2,V1), zone2sensor(V1,V1), not closesensors(V2,V1).
 :- zone2sensor(V1,V1), unit2sensorGEQ(V1,V1), not unit2zoneGEQ(V1,V1).
 :- partnerunits(V1,V2), not unit2zoneGEQ(V1,V1), not unit2zoneGEQ(V2,V2).
 :- unit2sensorGEQ(V2,V1), unit2sensorGEQ(V1,V2), closesensors(V1,V2).
 :- unit2zoneGEQ(V1,V1), unit2sensorGEQ(V2,V1), not unit2zoneGEQ(V2,V1).
 :- partnerunits(V1,V2), not unit2sensorGEQ(V2,V1), not unit2sensorGEQ(V1,V2).
"
37,./../Problems/PUP/doublev_weight/,2-doublev-9-6.lp - 2-doublev-9-5.lp,Specific,Alternative,Full,1,1,3380,Nopt,91.665,1395.44,200,2,0," :- partnerunits(V1,V2), not unit2zoneGEQ(V1,V1), not closesensors(V1,V2).
 :- unit2zoneGEQ(V2,V1), unit2zoneGEQ(V1,V2), closezones(V1,V2).
"
38,./../Problems/PUP/doublev_weight/,2-doublev-9-6.lp - 2-doublev-9-5.lp,Specific,Alternative,Full,1,2,4490,Nopt,167.002,1608.86,400,4,0," :- unit2zoneGEQ(V1,V1), unit2sensorGEQ(V2,V1), not unit2zoneGEQ(V2,V1). 
 :- partnerunits(V1,V2), not unit2zoneGEQ(V1,V1), not unit2zoneGEQ(V2,V2).
 :- unit2sensorGEQ(V2,V1), unit2sensorGEQ(V1,V2), closesensors(V1,V2).
 :- unit2zoneGEQ(V1,V1), unit2sensorGEQ(V2,V1), not unit2zoneGEQ(V2,V1).
 :- partnerunits(V1,V2), not unit2sensorGEQ(V2,V1), not unit2sensorGEQ(V1,V2).
"
39,./../Problems/PUP/doublev_weight/,2-doublev-9-6.lp - 2-doublev-9-5.lp,Specific,Alternative,Full,1,3,29743,Nopt,242.348,2301.61,600,6,0," :- partnerunits(V1,V2), unit2sensorGEQ(V2,V1), unit2sensorGEQ(V1,V2). 
 :- partnerunits(V2,V1), zone2sensor(V1,V1), not closesensors(V2,V1).
 :- zone2sensor(V1,V1), unit2sensorGEQ(V2,V1), not unit2zoneGEQ(V2,V2).
 :- unit2sensorGEQ(V2,V1), unit2sensorGEQ(V1,V2), closesensors(V1,V2).
 :- unit2zoneGEQ(V1,V2), unit2sensorGEQ(V2,V1), not unit2zoneGEQ(V2,V2).
 :- partnerunits(V1,V2), unit2sensorGEQ(V2,V1), unit2sensorGEQ(V1,V2).
 :- partnerunits(V1,V2), not unit2sensorGEQ(V2,V1), not unit2sensorGEQ(V1,V2).
"
40,./../Problems/PUP/doublev_weight/,2-doublev-9-6.lp - 2-doublev-9-5.lp,Specific,Alternative,Full,1,1,14157,Nopt,86.179,223.883,200,2,0," :- partnerunits(V1,V2), closezones(V2,V1), not zone2sensor(V1,V2).
 :- unit2sensorGEQ(V1,V2), closesensors(V2,V1), not unit2zoneGEQ(V1,V1).
"
41,./../Problems/PUP/doublev_weight/,2-doublev-9-6.lp - 2-doublev-9-5.lp,Specific,Alternative,Full,1,2,69,Nopt,162.824,1094.04,400,4,1," :- unit2sensorGEQ(V2,V1), unit2sensorGEQ(V1,V2), closesensors(V1,V2). 
 :- partnerunits(V2,V1), zone2sensor(V1,V1), not closesensors(V1,V2).
 :- zone2sensor(V1,V1), unit2sensorGEQ(V2,V1), not unit2sensorGEQ(V2,V2).
 :- zone2sensor(V1,V1), unit2sensorGEQ(V2,V1), not unit2zoneGEQ(V2,V2).
 :- unit2sensorGEQ(V2,V1), unit2sensorGEQ(V1,V2), closesensors(V1,V2).
 :- partnerunits(V1,V2), not unit2sensorGEQ(V2,V1), not unit2sensorGEQ(V1,V2).
"
42,./../Problems/PUP/doublev_weight/,2-doublev-9-6.lp - 2-doublev-9-5.lp,Specific,Alternative,Full,1,3,3023,Nopt,231.653,1342.72,600,6,0," :- partnerunits(V2,V1), zone2sensor(V1,V1), not closesensors(V1,V2).
 :- zone2sensor(V1,V1), unit2sensorGEQ(V1,V1), not unit2zoneGEQ(V1,V1).
 :- unit2sensorGEQ(V2,V1), unit2sensorGEQ(V1,V2), closesensors(V1,V2).
"
44,./../Problems/PUP/doublev_weight/,2-doublev-9-6.lp - 2-doublev-9-5.lp,Specific,Alternative,Full,1,2,13524,Nopt,159.734,815.015,400,4,0," :- partnerunits(V2,V1), zone2sensor(V1,V1), not closesensors(V2,V1).
 :- unit2sensorGEQ(V2,V1), unit2sensorGEQ(V1,V2), closesensors(V1,V2).
 :- unit2zoneGEQ(V1,V2), unit2sensorGEQ(V2,V1), not unit2zoneGEQ(V2,V2).
"
46,./../Problems/PUP/doublev_weight/,2-doublev-9-6.lp - 2-doublev-9-5.lp,Specific,Alternative,Full,1,1,10222,Nopt,87.25,721.534,200,2,0," :- unit2sensorGEQ(V1,V1), not unit2zoneGEQ(V1,V1).
 :- zone2sensor(V1,V1), unit2zoneGEQ(V1,V1), not unit2sensorGEQ(V1,V1).
 :- zone2sensor(V1,V1), unit2sensorGEQ(V2,V1), not unit2sensorGEQ(V2,V2).
 :- partnerunits(V1,V2), not unit2sensorGEQ(V2,V1), not unit2sensorGEQ(V1,V2).
"
47,./../Problems/PUP/doublev_weight/,2-doublev-9-6.lp - 2-doublev-9-5.lp,Specific,Alternative,Full,1,2,23256,Nopt,167.263,948.412,400,4,0," :- partnerunits(V2,V1), zone2sensor(V1,V1), not closesensors(V1,V2).
 :- unit2zoneGEQ(V1,V2), unit2sensorGEQ(V3,V1), not unit2zoneGEQ(V3,V2).
"
48,./../Problems/PUP/doublev_weight/,2-doublev-9-6.lp - 2-doublev-9-5.lp,Specific,Alternative,Full,1,3,29764,Nopt,236.154,1490.47,601,5,0," :- partnerunits(V2,V1), zone2sensor(V1,V1), not closesensors(V2,V1).
 :- partnerunits(V1,V2), not unit2zoneGEQ(V1,V1), not unit2zoneGEQ(V2,V2).
 :- unit2zoneGEQ(V1,V2), unit2sensorGEQ(V2,V1), not unit2zoneGEQ(V2,V2).
 :- partnerunits(V1,V2), unit2sensorGEQ(V2,V1), unit2sensorGEQ(V1,V2).
 :- partnerunits(V1,V2), not unit2sensorGEQ(V2,V1), not unit2sensorGEQ(V1,V2).
"
49,./../Problems/PUP/doublev_weight/,2-doublev-9-6.lp - 2-doublev-9-5.lp,Specific,Alternative,Full,1,1,6652,Nopt,86.852,1404.39,200,2,0," :- zone2sensor(V1,V2), unit2sensorGEQ(V2,V1), not unit2zoneGEQ(V2,V2). 
 :- zone2sensor(V1,V1), unit2zoneGEQ(V2,V1), not unit2sensorGEQ(V2,V2).
 :- unit2zoneGEQ(V1,V2), unit2sensorGEQ(V2,V1), not unit2zoneGEQ(V2,V1).
"
50,./../Problems/PUP/doublev_weight/,2-doublev-9-6.lp - 2-doublev-9-5.lp,Specific,Alternative,Full,1,2,27221,Nopt,168.398,427.053,400,4,0," :- partnerunits(V2,V1), zone2sensor(V1,V1), not closesensors(V2,V1).
 :- unit2zoneGEQ(V1,V2), unit2sensorGEQ(V3,V1), not unit2zoneGEQ(V3,V2).
"
51,./../Problems/PUP/doublev_weight/,2-doublev-9-6.lp - 2-doublev-9-5.lp,Specific,Alternative,Full,1,3,28577,Nopt,236.486,1014.09,600,6,0," :- partnerunits(V1,V2), zone2sensor(V1,V1), not closesensors(V2,V1).
 :- zone2sensor(V1,V2), unit2sensorGEQ(V2,V1), not unit2zoneGEQ(V2,V2).
 :- zone2sensor(V1,V1), unit2sensorGEQ(V2,V1), not unit2sensorGEQ(V2,V2).
"
52,./../Problems/PUP/doublev_weight/,2-doublev-9-6.lp - 2-doublev-9-5.lp,Specific,Alternative,Full,1,1,759,Nopt,85.293,426.008,200,2,0," :- partnerunits(V1,V2), zone2sensor(V1,V1), not closesensors(V1,V2).
 :- partnerunits(V1,V2), closezones(V1,V2), not zone2sensor(V2,V1).
"
53,./../Problems/PUP/doublev_weight/,2-doublev-9-6.lp - 2-doublev-9-5.lp,Specific,Alternative,Full,1,2,2001,Nopt,170.26,2251.74,400,4,0," :- partnerunits(V2,V1), zone2sensor(V1,V1), not unit2zoneGEQ(V2,V2).
 :- unit2zoneGEQ(V1,V2), unit2sensorGEQ(V3,V1), not unit2zoneGEQ(V3,V2).
"
54,./../Problems/PUP/doublev_weight/,2-doublev-9-6.lp - 2-doublev-9-5.lp,Specific,Alternative,Full,1,3,10002,Nopt,241.302,3273.21,600,6,0," :- partnerunits(V1,V2), not unit2zoneGEQ(V1,V1), not unit2zoneGEQ(V2,V2). 
 :- partnerunits(V2,V1), zone2sensor(V1,V1), not closesensors(V2,V1).
 :- partnerunits(V1,V2), not unit2zoneGEQ(V1,V1), not unit2zoneGEQ(V2,V2).
 :- unit2sensorGEQ(V2,V1), unit2sensorGEQ(V1,V2), closesensors(V1,V2).
 :- partnerunits(V1,V2), not unit2sensorGEQ(V2,V1), not unit2sensorGEQ(V1,V2).
"
55,./../Problems/PUP/doublev_weight/,2-doublev-9-6.lp - 2-doublev-9-5.lp,Specific,Alternative,Full,1,1,2905,Nopt,91.859,346.143,200,2,0," :- partnerunits(V2,V1), zone2sensor(V1,V1), not closesensors(V1,V2).
 :- unit2zoneGEQ(V1,V2), unit2sensorGEQ(V3,V1), not unit2zoneGEQ(V3,V2).
"
56,./../Problems/PUP/doublev_weight/,2-doublev-9-6.lp - 2-doublev-9-5.lp,Specific,Alternative,Full,1,2,27702,Nopt,168.881,483.985,400,4,0," :- zone2sensor(V1,V1), not unit2zoneGEQ(V1,V1).
 :- partnerunits(V1,V2), not zone2sensor(V2,V1), not unit2zoneGEQ(V1,V1).
 :- partnerunits(V1,V2), unit2sensorGEQ(V2,V1), unit2sensorGEQ(V1,V2).
"
58,./../Problems/PUP/doublev_weight/,2-doublev-9-6.lp - 2-doublev-9-5.lp,Specific,Alternative,Full,1,1,26985,Nopt,86.997,405.249,201,1,0," :- partnerunits(V1,V2), closezones(V1,V2), not zone2sensor(V1,V2).
 :- zone2sensor(V1,V2), unit2sensorGEQ(V1,V2), not unit2sensorGEQ(V1,V1).
"
59,./../Problems/PUP/doublev_weight/,2-doublev-9-6.lp - 2-doublev-9-5.lp,Specific,Alternative,Full,1,2,16281,Nopt,168.43,1268.41,401,3,0," :- partnerunits(V2,V1), zone2sensor(V1,V1), not closesensors(V1,V2).
 :- partnerunits(V1,V2), closezones(V1,V2), not unit2zoneGEQ(V2,V2).
 :- zone2sensor(V1,V2), unit2sensorGEQ(V2,V1), not unit2zoneGEQ(V2,V2).
 :- unit2sensorGEQ(V2,V1), unit2sensorGEQ(V1,V2), closesensors(V1,V2).
"
60,./../Problems/PUP/doublev_weight/,2-doublev-9-6.lp - 2-doublev-9-5.lp,Specific,Alternative,Full,1,3,16345,Nopt,231.922,1387.65,600,6,0," :- partnerunits(V2,V1), zone2sensor(V1,V1), not closesensors(V1,V2).
 :- zone2sensor(V1,V1), unit2sensorGEQ(V2,V1), not unit2sensorGEQ(V2,V2).
 :- zone2sensor(V1,V1), unit2sensorGEQ(V2,V1), not unit2zoneGEQ(V2,V2).
 :- partnerunits(V1,V2), unit2sensorGEQ(V2,V1), unit2sensorGEQ(V1,V2).
"
61,./../Problems/PUP/doublev_weight/,2-doublev-9-6.lp - 2-doublev-9-5.lp,Specific,Alternative,Full,1,1,14189,Nopt,91.855,1248.68,400,2,0," :- zone2sensor(V1,V1), unit2zoneGEQ(V1,V1), not unit2sensorGEQ(V1,V1).
 :- partnerunits(V2,V1), zone2sensor(V1,V1), not closesensors(V1,V2).
 :- unit2sensorGEQ(V1,V2), not unit2zoneGEQ(V1,V1), not closesensors(V2,V1).
 :- unit2sensorGEQ(V2,V1), unit2sensorGEQ(V1,V2), closezones(V1,V2).
"
63,./../Problems/PUP/doublev_weight/,2-doublev-9-6.lp - 2-doublev-9-5.lp,Specific,Alternative,Full,1,3,14837,Nopt,254.574,1219.08,1201,5,0," :- zone2sensor(V1,V1), unit2sensorGEQ(V2,V1), not unit2zoneGEQ(V2,V1). 
 :- partnerunits(V1,V2), zone2sensor(V1,V1), not closesensors(V1,V2).
 :- zone2sensor(V1,V2), unit2sensorGEQ(V2,V1), not unit2zoneGEQ(V2,V2).
 :- zone2sensor(V1,V1), unit2sensorGEQ(V2,V1), not unit2zoneGEQ(V2,V1).
 :- unit2sensorGEQ(V2,V1), unit2sensorGEQ(V1,V2), closesensors(V1,V2).
"
67,./../Problems/PUP/doublev_weight/,2-doublev-9-6.lp - 2-doublev-9-5.lp,Specific,Alternative,Full,1,1,17876,Nopt,91.231,2121.49,401,1,0," :- partnerunits(V1,V2), closezones(V2,V1), not unit2zoneGEQ(V1,V1).
 :- unit2zoneGEQ(V2,V1), unit2zoneGEQ(V1,V2), closesensors(V1,V2).
"
68,./../Problems/PUP/doublev_weight/,2-doublev-9-6.lp - 2-doublev-9-5.lp,Specific,Alternative,Full,1,2,19383,Nopt,164.865,1581.25,800,4,0," :- partnerunits(V1,V2), zone2sensor(V1,V1), not closesensors(V1,V2).
 :- partnerunits(V1,V2), closezones(V2,V1), not zone2sensor(V2,V1).
 :- zone2sensor(V1,V1), unit2sensorGEQ(V2,V1), not unit2zoneGEQ(V2,V2).
"
70,./../Problems/PUP/doublev_weight/,2-doublev-9-6.lp - 2-doublev-9-5.lp,Specific,Alternative,Full,1,1,28975,Nopt,86.737,1680.12,400,2,0," :- partnerunits(V2,V1), zone2sensor(V1,V1), not closesensors(V1,V2). 
 :- unit2sensorGEQ(V1,V1), not unit2zoneGEQ(V1,V1).
 :- partnerunits(V1,V2), zone2sensor(V1,V1), not closesensors(V2,V1).
 :- zone2sensor(V1,V1), unit2zoneGEQ(V2,V1), not unit2zoneGEQ(V2,V2).
 :- partnerunits(V1,V2), unit2sensorGEQ(V2,V1), unit2sensorGEQ(V1,V2).
"
71,./../Problems/PUP/doublev_weight/,2-doublev-9-6.lp - 2-doublev-9-5.lp,Specific,Alternative,Full,1,2,1459,Nopt,173.066,2739.98,800,4,0," :- partnerunits(V2,V1), zone2sensor(V1,V1), not closesensors(V1,V2).
 :- zone2sensor(V1,V1), unit2sensorGEQ(V2,V1), not unit2zoneGEQ(V2,V2).
 :- unit2sensorGEQ(V2,V1), unit2sensorGEQ(V1,V2), closesensors(V1,V2).
 :- unit2zoneGEQ(V1,V1), unit2sensorGEQ(V2,V1), not unit2zoneGEQ(V2,V1).
 :- partnerunits(V1,V2), not unit2sensorGEQ(V2,V1), not unit2sensorGEQ(V1,V2).
"
73,./../Problems/PUP/doublev_weight/,2-doublev-9-6.lp - 2-doublev-9-5.lp,Specific,Alternative,Full,1,1,5107,Nopt,92.778,2443.26,400,2,0," :- zone2sensor(V1,V1), not unit2zoneGEQ(V1,V1). 
 :- zone2sensor(V1,V1), not unit2zoneGEQ(V1,V1).
 :- unit2zoneGEQ(V1,V1), unit2sensorGEQ(V1,V1), not zone2sensor(V1,V1).
 :- partnerunits(V2,V1), zone2sensor(V1,V1), not closesensors(V2,V1).
 :- unit2sensorGEQ(V2,V1), unit2sensorGEQ(V1,V2), closesensors(V1,V2).
"
74,./../Problems/PUP/doublev_weight/,2-doublev-9-6.lp - 2-doublev-9-5.lp,Specific,Alternative,Full,1,2,10838,Nopt,160.015,3094.39,800,4,1," :- partnerunits(V1,V2), not unit2zoneGEQ(V1,V1), not closesensors(V1,V2). 
 :- zone2sensor(V1,V1), unit2zoneGEQ(V1,V1), not unit2sensorGEQ(V1,V1).
 :- partnerunits(V1,V2), zone2sensor(V1,V1), not closesensors(V2,V1).
 :- partnerunits(V1,V2), closezones(V2,V1), not unit2zoneGEQ(V2,V2).
 :- unit2sensorGEQ(V2,V1), unit2sensorGEQ(V1,V2), closesensors(V1,V2).
"
79,./../Problems/PUP/doublev_weight/,2-doublev-9-6.lp - 2-doublev-9-5.lp,Specific,Alternative,Full,1,1,21123,Nopt,90.765,2152.41,400,2,0," :- unit2zoneGEQ(V1,V1), unit2sensorGEQ(V2,V1), not unit2zoneGEQ(V2,V1). 
 :- partnerunits(V1,V2), zone2sensor(V1,V1), not closesensors(V2,V1).
 :- partnerunits(V1,V2), not zone2sensor(V1,V2), not unit2zoneGEQ(V2,V2).
 :- zone2sensor(V1,V1), unit2sensorGEQ(V2,V1), not unit2zoneGEQ(V2,V1).
"
81,./../Problems/PUP/doublev_weight/,2-doublev-9-6.lp - 2-doublev-9-5.lp,Specific,Alternative,Full,1,3,2231,Nopt,243.845,2347.02,1200,6,0," :- partnerunits(V1,V2), zone2sensor(V1,V1), not closesensors(V1,V2). 
 :- unit2sensorGEQ(V2,V1), unit2sensorGEQ(V1,V2), closesensors(V1,V2). 
 :- partnerunits(V2,V1), zone2sensor(V1,V1), not closesensors(V1,V2).
 :- zone2sensor(V1,V1), unit2sensorGEQ(V1,V1), not unit2zoneGEQ(V1,V1).
 :- partnerunits(V1,V2), not unit2zoneGEQ(V1,V1), not unit2zoneGEQ(V2,V2).
 :- unit2sensorGEQ(V2,V1), unit2sensorGEQ(V1,V2), closesensors(V1,V2).
 :- unit2zoneGEQ(V1,V1), unit2sensorGEQ(V2,V1), not unit2zoneGEQ(V2,V1).
 :- partnerunits(V1,V2), not unit2sensorGEQ(V2,V1), not unit2sensorGEQ(V1,V2).
"
82,./../Problems/PUP/doublev_weight/,2-doublev-9-6.lp - 2-doublev-9-5.lp,Specific,Alternative,Full,1,1,26645,Nopt,88.55,1330.9,400,2,0," :- partnerunits(V1,V2), closesensors(V1,V2), not unit2zoneGEQ(V2,V2).
 :- unit2sensorGEQ(V1,V2), closezones(V1,V2), not unit2zoneGEQ(V1,V2).
 :- zone2sensor(V1,V1), unit2sensorGEQ(V2,V1), not unit2zoneGEQ(V2,V1).
"
83,./../Problems/PUP/doublev_weight/,2-doublev-9-6.lp - 2-doublev-9-5.lp,Specific,Alternative,Full,1,2,4448,Nopt,159.887,1889.09,800,4,0," :- partnerunits(V1,V2), closezones(V2,V1), not zone2sensor(V1,V2).
 :- partnerunits(V2,V1), zone2sensor(V1,V1), not closesensors(V1,V2).
 :- unit2sensorGEQ(V2,V1), unit2sensorGEQ(V1,V2), closesensors(V1,V2).
"
84,./../Problems/PUP/doublev_weight/,2-doublev-9-6.lp - 2-doublev-9-5.lp,Specific,Alternative,Full,1,3,12868,Nopt,244.578,2528.36,1202,4,0," :- partnerunits(V2,V1), zone2sensor(V1,V1), not closesensors(V1,V2).
 :- zone2sensor(V1,V1), unit2sensorGEQ(V2,V1), not unit2zoneGEQ(V2,V1).
 :- unit2sensorGEQ(V2,V1), unit2sensorGEQ(V1,V2), closesensors(V1,V2).
 :- unit2zoneGEQ(V1,V2), unit2sensorGEQ(V2,V1), not unit2zoneGEQ(V2,V2).
 :- partnerunits(V1,V2), unit2sensorGEQ(V2,V1), unit2sensorGEQ(V1,V2).
"
85,./../Problems/PUP/doublev_weight/,2-doublev-9-6.lp - 2-doublev-9-5.lp,Specific,Alternative,Full,1,1,1769,Nopt,85.164,1175.66,400,2,0," :- partnerunits(V1,V2), closezones(V2,V1), not unit2zoneGEQ(V1,V1). 
 :- partnerunits(V1,V2), zone2sensor(V1,V1), not closesensors(V2,V1).
 :- zone2sensor(V1,V2), unit2sensorGEQ(V2,V1), not unit2zoneGEQ(V2,V2).
 :- partnerunits(V1,V2), unit2sensorGEQ(V2,V1), unit2sensorGEQ(V1,V2).
"
86,./../Problems/PUP/doublev_weight/,2-doublev-9-6.lp - 2-doublev-9-5.lp,Specific,Alternative,Full,1,2,8467,Nopt,164.674,969.922,802,2,0," :- partnerunits(V1,V2), zone2sensor(V1,V1), not closesensors(V1,V2).
 :- zone2sensor(V1,V2), unit2sensorGEQ(V1,V2), not unit2zoneGEQ(V1,V1).
 :- zone2sensor(V1,V2), unit2sensorGEQ(V2,V1), not unit2zoneGEQ(V2,V2).
 :- unit2sensorGEQ(V2,V1), unit2sensorGEQ(V1,V2), closesensors(V1,V2).
"
88,./../Problems/PUP/doublev_weight/,2-doublev-9-6.lp - 2-doublev-9-5.lp,Specific,Alternative,Full,1,1,2212,Nopt,84.745,2333.86,400,2,0," :- zone2sensor(V1,V1), unit2zoneGEQ(V1,V1), not unit2sensorGEQ(V1,V1).
 :- partnerunits(V1,V2), zone2sensor(V1,V1), not closesensors(V1,V2).
 :- partnerunits(V1,V2), closezones(V2,V1), not zone2sensor(V2,V1).
 :- zone2sensor(V1,V1), unit2sensorGEQ(V2,V1), not unit2zoneGEQ(V2,V2).
 :- unit2sensorGEQ(V2,V1), unit2sensorGEQ(V1,V2), closesensors(V1,V2).
"
91,./../Problems/PUP/doublev_weight/,2-doublev-9-6.lp - 2-doublev-9-5.lp,Specific,Alternative,Full,1,1,13383,Nopt,89.054,2345.06,400,2,0," :- zone2sensor(V1,V2), unit2sensorGEQ(V2,V2), not unit2zoneGEQ(V2,V1).
 :- unit2sensorGEQ(V1,V2), closezones(V2,V1), not unit2zoneGEQ(V1,V2).
"
92,./../Problems/PUP/doublev_weight/,2-doublev-9-6.lp - 2-doublev-9-5.lp,Specific,Alternative,Full,1,2,2517,Nopt,164.987,2401.75,800,4,0," :- partnerunits(V1,V2), not zone2sensor(V1,V2), not unit2zoneGEQ(V2,V2). 
 :- partnerunits(V1,V2), not zone2sensor(V1,V2), not unit2zoneGEQ(V2,V2).
 :- zone2sensor(V1,V1), unit2sensorGEQ(V2,V1), not unit2zoneGEQ(V2,V1).
 :- partnerunits(V1,V2), unit2sensorGEQ(V2,V1), unit2sensorGEQ(V1,V2).
"
94,./../Problems/PUP/doublev_weight/,2-doublev-9-6.lp - 2-doublev-9-5.lp,Specific,Alternative,Full,1,1,13727,Nopt,89.538,1758.87,400,2,0," :- partnerunits(V1,V2), not unit2sensorGEQ(V2,V1), not unit2sensorGEQ(V1,V2). 
 :- partnerunits(V1,V2), zone2sensor(V1,V1), not closesensors(V1,V2).
 :- zone2sensor(V1,V1), unit2sensorGEQ(V2,V1), not unit2sensorGEQ(V2,V2).
 :- zone2sensor(V1,V1), unit2sensorGEQ(V2,V1), not unit2zoneGEQ(V2,V2).
 :- unit2sensorGEQ(V2,V1), unit2sensorGEQ(V1,V2), closesensors(V1,V2).
 :- partnerunits(V1,V2), not unit2sensorGEQ(V2,V1), not unit2sensorGEQ(V1,V2).
"
101,./../Problems/PUP/doublev_weight/,2-doublev-9-6.lp - 2-doublev-9-5.lp,Specific,Alternative,Full,1,2,7830,Nopt,152.31,1877.87,800,4,1," :- zone2sensor(V1,V1), unit2sensorGEQ(V1,V1), not unit2zoneGEQ(V1,V1). 
 :- partnerunits(V2,V1), zone2sensor(V1,V1), not closesensors(V1,V2).
 :- zone2sensor(V1,V1), unit2sensorGEQ(V1,V1), not unit2zoneGEQ(V1,V1).
 :- zone2sensor(V1,V1), unit2sensorGEQ(V2,V1), not unit2sensorGEQ(V2,V2).
 :- partnerunits(V1,V2), not unit2zoneGEQ(V1,V1), not unit2zoneGEQ(V2,V2).
 :- unit2sensorGEQ(V2,V1), unit2sensorGEQ(V1,V2), closesensors(V1,V2).
"
102,./../Problems/PUP/doublev_weight/,2-doublev-9-6.lp - 2-doublev-9-5.lp,Specific,Alternative,Full,1,3,31417,Nopt,241.011,2199.92,1200,6,0," :- partnerunits(V2,V1), zone2sensor(V1,V1), not closesensors(V2,V1).
 :- zone2sensor(V1,V1), unit2sensorGEQ(V1,V1), not unit2zoneGEQ(V1,V1).
 :- partnerunits(V1,V2), not unit2zoneGEQ(V1,V1), not unit2zoneGEQ(V2,V2).
 :- unit2sensorGEQ(V2,V1), unit2sensorGEQ(V1,V2), closesensors(V1,V2).
 :- unit2zoneGEQ(V1,V1), unit2sensorGEQ(V2,V1), not unit2zoneGEQ(V2,V1).
 :- partnerunits(V1,V2), not unit2sensorGEQ(V2,V1), not unit2sensorGEQ(V1,V2).
"
106,./../Problems/PUP/doublev_weight/,2-doublev-9-6.lp - 2-doublev-9-5.lp,Specific,Alternative,Full,1,1,8543,Nopt,83.101,1265.15,400,2,1," :- unit2sensorGEQ(V1,V1), not unit2zoneGEQ(V1,V1).
 :- zone2sensor(V1,V1), unit2zoneGEQ(V1,V1), not unit2sensorGEQ(V1,V1).
 :- partnerunits(V1,V2), zone2sensor(V1,V1), not closesensors(V1,V2).
 :- partnerunits(V1,V2), closezones(V2,V1), not unit2zoneGEQ(V1,V1).
 :- partnerunits(V1,V2), not unit2sensorGEQ(V2,V1), not unit2sensorGEQ(V1,V2).
"
107,./../Problems/PUP/doublev_weight/,2-doublev-9-6.lp - 2-doublev-9-5.lp,Specific,Alternative,Full,1,2,12158,Nopt,150.529,1177.49,800,4,0," :- partnerunits(V2,V1), zone2sensor(V1,V1), not closesensors(V1,V2).
 :- partnerunits(V1,V2), closezones(V2,V1), not zone2sensor(V2,V1).
 :- unit2sensorGEQ(V2,V1), unit2sensorGEQ(V1,V2), closesensors(V1,V2).
"
109,./../Problems/PUP/doublev_weight/,2-doublev-9-6.lp - 2-doublev-9-5.lp,Specific,Alternative,Full,1,1,16687,Nopt,87.9,2003.64,400,2,0," :- partnerunits(V1,V2), closesensors(V1,V2), not unit2zoneGEQ(V2,V2).
 :- zone2sensor(V1,V2), unit2sensorGEQ(V1,V2), not unit2zoneGEQ(V1,V2).
 :- unit2sensorGEQ(V2,V1), unit2sensorGEQ(V1,V2), closesensors(V1,V2).
"
110,./../Problems/PUP/doublev_weight/,2-doublev-9-6.lp - 2-doublev-9-5.lp,Specific,Alternative,Full,1,2,27416,Nopt,153.362,2205.64,800,4,0," :- partnerunits(V2,V1), zone2sensor(V1,V1), not closesensors(V1,V2).
 :- partnerunits(V1,V2), closezones(V1,V2), not zone2sensor(V2,V1).
 :- zone2sensor(V1,V1), unit2sensorGEQ(V2,V1), not unit2zoneGEQ(V2,V2).
"
111,./../Problems/PUP/doublev_weight/,2-doublev-9-6.lp - 2-doublev-9-5.lp,Specific,Alternative,Full,1,3,21083,Nopt,238.786,2424.1,1200,6,0," :- unit2sensorGEQ(V2,V1), unit2sensorGEQ(V1,V2), closesensors(V1,V2). 
 :- partnerunits(V2,V1), zone2sensor(V1,V1), not closesensors(V2,V1).
 :- zone2sensor(V1,V1), unit2sensorGEQ(V2,V1), not unit2zoneGEQ(V2,V2).
 :- unit2sensorGEQ(V2,V1), unit2sensorGEQ(V1,V2), closesensors(V1,V2).
 :- partnerunits(V1,V2), unit2sensorGEQ(V2,V1), unit2sensorGEQ(V1,V2).
"
112,./../Problems/PUP/doublev_weight/,2-doublev-9-6.lp - 2-doublev-9-5.lp,Specific,Alternative,Full,1,1,16567,Nopt,86.028,1387.6,400,2,0," :- unit2sensorGEQ(V1,V1), closesensors(V2,V1), not unit2zoneGEQ(V1,V2).
 :- unit2sensorGEQ(V2,V1), unit2sensorGEQ(V1,V2), closesensors(V1,V2).
 :- partnerunits(V1,V2), not unit2sensorGEQ(V2,V1), not unit2sensorGEQ(V1,V2).
"
115,./../Problems/PUP/doublev_weight/,2-doublev-9-6.lp - 2-doublev-9-5.lp,Specific,Alternative,Full,1,1,16699,Nopt,86.683,1180.82,400,2,0," :- unit2zoneGEQ(V1,V2), unit2sensorGEQ(V2,V2), not unit2zoneGEQ(V2,V1). 
 :- zone2sensor(V1,V1), unit2zoneGEQ(V1,V1), not unit2sensorGEQ(V1,V1).
 :- zone2sensor(V1,V2), unit2sensorGEQ(V2,V2), not unit2zoneGEQ(V2,V1).
 :- unit2sensorGEQ(V2,V1), unit2sensorGEQ(V1,V2), closesensors(V1,V2).
"
116,./../Problems/PUP/doublev_weight/,2-doublev-9-6.lp - 2-doublev-9-5.lp,Specific,Alternative,Full,1,2,25944,Nopt,156.554,636.904,800,4,0," :- partnerunits(V1,V2), not unit2sensorGEQ(V2,V1), not unit2sensorGEQ(V1,V2). 
 :- partnerunits(V2,V1), zone2sensor(V1,V1), not closesensors(V2,V1).
 :- zone2sensor(V1,V1), unit2sensorGEQ(V1,V1), not unit2zoneGEQ(V1,V1).
 :- partnerunits(V1,V2), not unit2sensorGEQ(V2,V1), not unit2sensorGEQ(V1,V2).
 :- unit2zoneGEQ(V1,V2), unit2sensorGEQ(V3,V1), not unit2zoneGEQ(V3,V2).
"
117,./../Problems/PUP/doublev_weight/,2-doublev-9-6.lp - 2-doublev-9-5.lp,Specific,Alternative,Full,1,3,15838,Nopt,225.575,3301.08,1200,6,0," :- partnerunits(V1,V2), zone2sensor(V1,V1), not closesensors(V2,V1). 
 :- partnerunits(V2,V1), zone2sensor(V1,V1), not closesensors(V2,V1).
 :- zone2sensor(V1,V1), unit2sensorGEQ(V2,V1), not unit2sensorGEQ(V2,V2).
 :- zone2sensor(V1,V1), unit2sensorGEQ(V2,V1), not unit2zoneGEQ(V2,V2).
 :- unit2sensorGEQ(V2,V1), unit2sensorGEQ(V1,V2), closesensors(V1,V2).
 :- partnerunits(V1,V2), not unit2sensorGEQ(V2,V1), not unit2sensorGEQ(V1,V2).
"
118,./../Problems/PUP/doublev_weight/,2-doublev-9-6.lp - 2-doublev-9-5.lp,Specific,Alternative,Full,1,1,2753,Nopt,80.339,2388.11,400,2,0," :- partnerunits(V1,V2), not unit2sensorGEQ(V2,V1), not unit2sensorGEQ(V1,V2). 
 :- partnerunits(V1,V2), unit2sensorGEQ(V2,V1), unit2sensorGEQ(V1,V2). 
 :- partnerunits(V1,V2), not zone2sensor(V1,V2), not unit2zoneGEQ(V2,V2).
 :- zone2sensor(V1,V1), unit2sensorGEQ(V2,V1), not unit2zoneGEQ(V2,V1).
 :- partnerunits(V1,V2), not unit2sensorGEQ(V2,V1), not unit2sensorGEQ(V1,V2).
"
119,./../Problems/PUP/doublev_weight/,2-doublev-9-6.lp - 2-doublev-9-5.lp,Specific,Alternative,Full,1,2,31792,Nopt,156.13,1292.07,800,4,0," :- partnerunits(V1,V2), not zone2sensor(V2,V1), not unit2zoneGEQ(V1,V1).
 :- unit2sensorGEQ(V1,V2), not unit2zoneGEQ(V1,V1), not unit2sensorGEQ(V1,V1).
 :- unit2sensorGEQ(V2,V1), unit2sensorGEQ(V1,V2), closezones(V1,V2).
"
