,Directory,Files analysed with SBASS,Learning mode,Ordering,SBC,Iteration,Cell,Seed,Version,Time for creating examples,Time for solving ILP task,Total neg examples,Total pos examples,Neg examples uncovered,Learned Constraints
1,./PUP/triple/,2-triple-9.lp,Enumerate,Standard,Partial,1,101,31681,DEFAULT,3.351,0,101,0,101,
4,./PUP/triple/,2-triple-9.lp,Enumerate,Standard,Partial,1,101,15262,DEFAULT,9.234,0,101,0,101,
12,./PUP/triple/,2-triple-9.lp,Enumerate,Standard,Partial,1,303,31928,DEFAULT,24.825,0,303,0,303,
14,./PUP/triple/,2-triple-9.lp,Enumerate,Standard,Partial,1,202,3800,DEFAULT,16.527,0,202,0,202,
17,./PUP/triple/,2-triple-9.lp,Enumerate,Standard,Partial,1,202,22856,DEFAULT,15.546,0,202,0,202,
22,./PUP/triple/,2-triple-9.lp,Enumerate,Standard,Partial,1,101,16849,DEFAULT,7.688,0,101,0,101,
25,./PUP/triple/,2-triple-9.lp,Enumerate,Standard,Partial,1,101,6709,DEFAULT,8.519,0,101,0,101,
27,./PUP/triple/,2-triple-9.lp,Enumerate,Standard,Partial,1,303,14456,DEFAULT,25.411,0,303,0,303,
31,./PUP/triple/,2-triple-9.lp,Enumerate,Standard,Partial,1,101,16017,DEFAULT,8.66,0,101,0,101,
34,./PUP/triple/,2-triple-9.lp,Enumerate,Standard,Partial,1,101,10456,DEFAULT,8.398,0,101,0,101,
35,./PUP/triple/,2-triple-9.lp,Enumerate,Standard,Partial,1,202,25977,DEFAULT,15.991,0,202,0,202,
38,./PUP/triple/,2-triple-9.lp,Enumerate,Standard,Partial,1,202,4490,DEFAULT,19.012,0,202,0,202,
45,./PUP/triple/,2-triple-9.lp,Enumerate,Standard,Partial,1,303,15622,DEFAULT,22.319,0,303,0,303,
48,./PUP/triple/,2-triple-9.lp,Enumerate,Standard,Partial,1,303,29764,DEFAULT,24.388,0,303,0,303,
50,./PUP/triple/,2-triple-9.lp,Enumerate,Standard,Partial,1,202,27221,DEFAULT,17.03,0,202,0,202,
52,./PUP/triple/,2-triple-9.lp,Enumerate,Standard,Partial,1,101,759,DEFAULT,6.802,0,101,0,101,
58,./PUP/triple/,2-triple-9.lp,Enumerate,Standard,Partial,1,101,26985,DEFAULT,8.227,0,101,0,101,
59,./PUP/triple/,2-triple-9.lp,Enumerate,Standard,Partial,1,202,16281,DEFAULT,16.539,0,202,0,202,
61,./PUP/triple/,2-triple-9.lp,Enumerate,Standard,Partial,1,201,14189,DEFAULT,17.34,0,201,0,201,
66,./PUP/triple/,2-triple-9.lp,Enumerate,Standard,Partial,1,603,23583,DEFAULT,54.924,0,603,0,603,
67,./PUP/triple/,2-triple-9.lp,Enumerate,Standard,Partial,1,201,17876,DEFAULT,18.812,0,201,0,201,
70,./PUP/triple/,2-triple-9.lp,Enumerate,Standard,Partial,1,201,28975,DEFAULT,19.746,0,201,0,201,
73,./PUP/triple/,2-triple-9.lp,Enumerate,Standard,Partial,1,201,5107,DEFAULT,16.871,0,201,0,201,
75,./PUP/triple/,2-triple-9.lp,Enumerate,Standard,Partial,1,603,21787,DEFAULT,54.205,0,603,0,603,
84,./PUP/triple/,2-triple-9.lp,Enumerate,Standard,Partial,1,603,12868,DEFAULT,52.465,0,603,0,603,
87,./PUP/triple/,2-triple-9.lp,Enumerate,Standard,Partial,1,603,14775,DEFAULT,53.205,0,603,0,603,
94,./PUP/triple/,2-triple-9.lp,Enumerate,Standard,Partial,1,201,13727,DEFAULT,17.899,0,201,0,201,
96,./PUP/triple/,2-triple-9.lp,Enumerate,Standard,Partial,1,603,18316,DEFAULT,50.333,0,603,0,603,
99,./PUP/triple/,2-triple-9.lp,Enumerate,Standard,Partial,1,603,11310,DEFAULT,46.824,0,603,0,603,
103,./PUP/triple/,2-triple-9.lp,Enumerate,Standard,Partial,1,201,31869,DEFAULT,16.829,206.986,200,1,0," :- closesensors(V2,V1), not zone2sensor(V2,V2), unit2zoneGEQ(V1,V2).
"
104,./PUP/triple/,2-triple-9.lp,Enumerate,Standard,Partial,1,402,22564,DEFAULT,31.513,0,402,0,402,
111,./PUP/triple/,2-triple-9.lp,Enumerate,Standard,Partial,1,603,21083,DEFAULT,45.305,0,603,0,603,
120,./PUP/triple/,2-triple-9.lp,Enumerate,Standard,Partial,1,603,6602,DEFAULT,49.397,0,603,0,603,
