,Directory,Files analysed with SBASS,Learning mode,Ordering,SBC,Iteration,Cell,Seed,Version,Time for creating examples,Time for solving ILP task,Total neg examples,Total pos examples,Neg examples uncovered,Learned Constraints
4,PUP/triple/,2-triple-9.lp,Enumerate,Alternative,Partial,1,101,15262,DEFAULT,4.94,0,101,0,101,
7,PUP/triple/,2-triple-9.lp,Enumerate,Alternative,Partial,1,101,3718,DEFAULT,4.493,0,101,0,101,
8,PUP/triple/,2-triple-9.lp,Enumerate,Alternative,Partial,1,202,26796,DEFAULT,8.791,0,202,0,202,
9,PUP/triple/,2-triple-9.lp,Enumerate,Alternative,Partial,1,303,25434,DEFAULT,10.641,0,303,0,303,
10,PUP/triple/,2-triple-9.lp,Enumerate,Alternative,Partial,1,101,8598,DEFAULT,3.436,0,101,0,101,
11,PUP/triple/,2-triple-9.lp,Enumerate,Alternative,Partial,1,202,21172,DEFAULT,8.686,0,202,0,202,
12,PUP/triple/,2-triple-9.lp,Enumerate,Alternative,Partial,1,303,31928,DEFAULT,13.101,0,303,0,303,
13,PUP/triple/,2-triple-9.lp,Enumerate,Alternative,Partial,1,101,29690,DEFAULT,4.516,0,101,0,101,
15,PUP/triple/,2-triple-9.lp,Enumerate,Alternative,Partial,1,303,1743,DEFAULT,10.07,0,303,0,303,
16,PUP/triple/,2-triple-9.lp,Enumerate,Alternative,Partial,1,101,26740,DEFAULT,3.39,3230.19,86,15,15," :- not unit2sensorGEQ(V2,V2), unit2sensorGEQ(V2,V1), zone2sensor(V1,V1).
 :- not unit2sensorGEQ(V1,V1), unit2zoneGEQ(V1,V2), zone2sensor(V1,V2).
 :- closesensors(V1,V2), not unit2zoneGEQ(V2,V1), partnerunits(V1,V2).
 :- closezones(V2,V1), partnerunits(V1,V2), unit2sensorGEQ(V1,V2).
"
18,PUP/triple/,2-triple-9.lp,Enumerate,Alternative,Partial,1,303,25148,DEFAULT,10.385,0,303,0,303,
22,PUP/triple/,2-triple-9.lp,Enumerate,Alternative,Partial,1,101,16849,DEFAULT,4.517,0,101,0,101,
24,PUP/triple/,2-triple-9.lp,Enumerate,Alternative,Partial,1,303,8299,DEFAULT,12.812,0,303,0,303,
25,PUP/triple/,2-triple-9.lp,Enumerate,Alternative,Partial,1,101,6709,DEFAULT,4.522,0,101,0,101,
31,PUP/triple/,2-triple-9.lp,Enumerate,Alternative,Partial,1,101,16017,DEFAULT,4.823,0,101,0,101,
35,PUP/triple/,2-triple-9.lp,Enumerate,Alternative,Partial,1,202,25977,DEFAULT,8.677,0,202,0,202,
38,PUP/triple/,2-triple-9.lp,Enumerate,Alternative,Partial,1,202,4490,DEFAULT,8.788,0,202,0,202,
39,PUP/triple/,2-triple-9.lp,Enumerate,Alternative,Partial,1,303,29743,DEFAULT,12.921,0,303,0,303,
40,PUP/triple/,2-triple-9.lp,Enumerate,Alternative,Partial,1,101,14157,DEFAULT,4.484,0,101,0,101,
41,PUP/triple/,2-triple-9.lp,Enumerate,Alternative,Partial,1,202,69,DEFAULT,8.686,0,202,0,202,
42,PUP/triple/,2-triple-9.lp,Enumerate,Alternative,Partial,1,303,3023,DEFAULT,12.778,0,303,0,303,
43,PUP/triple/,2-triple-9.lp,Enumerate,Alternative,Partial,1,101,14690,DEFAULT,4.415,0,101,0,101,
50,PUP/triple/,2-triple-9.lp,Enumerate,Alternative,Partial,1,202,27221,DEFAULT,8.891,0,202,0,202,
54,PUP/triple/,2-triple-9.lp,Enumerate,Alternative,Partial,1,303,10002,DEFAULT,9.587,0,303,0,303,
55,PUP/triple/,2-triple-9.lp,Enumerate,Alternative,Partial,1,101,2905,DEFAULT,3.369,0,101,0,101,
66,PUP/triple/,2-triple-9.lp,Enumerate,Alternative,Partial,1,603,23583,DEFAULT,18.955,851.615,601,2,14," :- not unit2sensorGEQ(V2,V1), unit2sensorGEQ(V2,V2), zone2sensor(V1,V1).
 :- closesensors(V1,V2), not unit2sensorGEQ(V2,V1), partnerunits(V1,V2).
 :- closezones(V2,V1), not unit2zoneGEQ(V2,V2), unit2zoneGEQ(V1,V2).
"
67,PUP/triple/,2-triple-9.lp,Enumerate,Alternative,Partial,1,201,17876,DEFAULT,6.534,0,201,0,201,
68,PUP/triple/,2-triple-9.lp,Enumerate,Alternative,Partial,1,402,19383,DEFAULT,13.212,0,402,0,402,
69,PUP/triple/,2-triple-9.lp,Enumerate,Alternative,Partial,1,603,7579,DEFAULT,19.496,0,603,0,603,
70,PUP/triple/,2-triple-9.lp,Enumerate,Alternative,Partial,1,201,28975,DEFAULT,6.536,0,201,0,201,
71,PUP/triple/,2-triple-9.lp,Enumerate,Alternative,Partial,1,402,1459,DEFAULT,13.14,0,402,0,402,
76,PUP/triple/,2-triple-9.lp,Enumerate,Alternative,Partial,1,201,9373,DEFAULT,6.622,0,201,0,201,
77,PUP/triple/,2-triple-9.lp,Enumerate,Alternative,Partial,1,402,12399,DEFAULT,12.756,0,402,0,402,
78,PUP/triple/,2-triple-9.lp,Enumerate,Alternative,Partial,1,603,5812,DEFAULT,19.515,0,603,0,603,
79,PUP/triple/,2-triple-9.lp,Enumerate,Alternative,Partial,1,201,21123,DEFAULT,6.617,0,201,0,201,
81,PUP/triple/,2-triple-9.lp,Enumerate,Alternative,Partial,1,603,2231,DEFAULT,19.524,0,603,0,603,
82,PUP/triple/,2-triple-9.lp,Enumerate,Alternative,Partial,1,201,26645,DEFAULT,6.711,0,201,0,201,
83,PUP/triple/,2-triple-9.lp,Enumerate,Alternative,Partial,1,402,4448,DEFAULT,12.995,0,402,0,402,
86,PUP/triple/,2-triple-9.lp,Enumerate,Alternative,Partial,1,402,8467,DEFAULT,13.549,2078.45,398,4,6," :- not unit2sensorGEQ(V2,V2), unit2sensorGEQ(V2,V1), zone2sensor(V1,V2).
 :- not unit2sensorGEQ(V1,V2), partnerunits(V1,V2), unit2zoneGEQ(V1,V2).
 :- not unit2zoneGEQ(V1,V1), unit2zoneGEQ(V2,V1), zone2sensor(V1,V2).
 :- not unit2zoneGEQ(V1,V1), unit2zoneGEQ(V1,V2), zone2sensor(V1,V2).
"
88,PUP/triple/,2-triple-9.lp,Enumerate,Alternative,Partial,1,201,2212,DEFAULT,6.666,0,201,0,201,
89,PUP/triple/,2-triple-9.lp,Enumerate,Alternative,Partial,1,402,9472,DEFAULT,12.498,0,402,0,402,
91,PUP/triple/,2-triple-9.lp,Enumerate,Alternative,Partial,1,201,13383,DEFAULT,6.467,0,201,0,201,
92,PUP/triple/,2-triple-9.lp,Enumerate,Alternative,Partial,1,402,2517,DEFAULT,13.152,470.936,399,3,2," :- not unit2zoneGEQ(V1,V1), unit2sensorGEQ(V1,V1).
 :- not unit2zoneGEQ(V1,V2), unit2zoneGEQ(V2,V2), zone2sensor(V1,V2).
 :- closesensors(V1,V2), unit2zoneGEQ(V1,V2), unit2zoneGEQ(V2,V1).
"
94,PUP/triple/,2-triple-9.lp,Enumerate,Alternative,Partial,1,201,13727,DEFAULT,6.133,0,201,0,201,
96,PUP/triple/,2-triple-9.lp,Enumerate,Alternative,Partial,1,603,18316,DEFAULT,19.534,780.014,599,4,3," :- not unit2sensorGEQ(V2,V2), unit2sensorGEQ(V2,V1), unit2zoneGEQ(V1,V1).
 :- not unit2sensorGEQ(V1,V1), unit2zoneGEQ(V2,V1), zone2sensor(V1,V2).
 :- not unit2zoneGEQ(V2,V1), unit2sensorGEQ(V2,V1), zone2sensor(V1,V1).
"
97,PUP/triple/,2-triple-9.lp,Enumerate,Alternative,Partial,1,201,32033,DEFAULT,6.644,0,201,0,201,
101,PUP/triple/,2-triple-9.lp,Enumerate,Alternative,Partial,1,402,7830,DEFAULT,13.169,0,402,0,402,
103,PUP/triple/,2-triple-9.lp,Enumerate,Alternative,Partial,1,201,31869,DEFAULT,6.483,366.019,199,2,0," :- not zone2sensor(V1,V1), unit2sensorGEQ(V1,V1).
 :- not unit2zoneGEQ(V2,V1), partnerunits(V1,V2), zone2sensor(V1,V2).
 :- not unit2zoneGEQ(V2,V2), unit2zoneGEQ(V1,V2), zone2sensor(V1,V2).
"
105,PUP/triple/,2-triple-9.lp,Enumerate,Alternative,Partial,1,603,7051,DEFAULT,18.69,0,603,0,603,
106,PUP/triple/,2-triple-9.lp,Enumerate,Alternative,Partial,1,201,8543,DEFAULT,6.462,0,201,0,201,
107,PUP/triple/,2-triple-9.lp,Enumerate,Alternative,Partial,1,402,12158,DEFAULT,13.062,0,402,0,402,
109,PUP/triple/,2-triple-9.lp,Enumerate,Alternative,Partial,1,201,16687,DEFAULT,6.463,0,201,0,201,
110,PUP/triple/,2-triple-9.lp,Enumerate,Alternative,Partial,1,402,27416,DEFAULT,13.006,0,402,0,402,
111,PUP/triple/,2-triple-9.lp,Enumerate,Alternative,Partial,1,603,21083,DEFAULT,19.186,0,603,0,603,
112,PUP/triple/,2-triple-9.lp,Enumerate,Alternative,Partial,1,201,16567,DEFAULT,6.499,0,201,0,201,
117,PUP/triple/,2-triple-9.lp,Enumerate,Alternative,Partial,1,603,15838,DEFAULT,19.204,0,603,0,603,
