,Directory,Files analysed with SBASS,Learning mode,Ordering,SBC,Iteration,Cell,Seed,Version,Time for creating examples,Time for solving ILP task,Total neg examples,Total pos examples,Neg examples uncovered,Learned Constraints
5,./PUP/triple/,2-triple-9.lp,Enumerate,Alternative,Full,1,2,22084,DEFAULT,299.909,742.829,200,2,0," :- not unit2sensorGEQ(V1,V2), partnerunits(V2,V1), unit2zoneGEQ(V1,V2).
 :- not zone2sensor(V1,V2), unit2sensorGEQ(V2,V1), unit2zoneGEQ(V1,V2).
"
37,./PUP/triple/,2-triple-9.lp,Enumerate,Alternative,Full,1,1,3380,DEFAULT,126.049,485.766,100,1,0," :- not unit2zoneGEQ(V2,V2), partnerunits(V1,V2), zone2sensor(V1,V1).
 :- closezones(V2,V1), not unit2zoneGEQ(V1,V2), unit2sensorGEQ(V1,V2).
"
52,./PUP/triple/,2-triple-9.lp,Enumerate,Alternative,Full,1,1,759,DEFAULT,81.23,354.044,100,1,0," :- not zone2sensor(V1,V1), unit2sensorGEQ(V1,V2), unit2sensorGEQ(V2,V1).
 :- closezones(V2,V1), not closesensors(V2,V1), partnerunits(V1,V2).
"
56,./PUP/triple/,2-triple-9.lp,Enumerate,Alternative,Full,1,2,27702,DEFAULT,148.189,477.42,200,2,0," :- not zone2sensor(V1,V1), unit2sensorGEQ(V2,V2), unit2zoneGEQ(V1,V2).
 :- closesensors(V2,V1), not unit2zoneGEQ(V2,V2), partnerunits(V1,V2).
"
58,./PUP/triple/,2-triple-9.lp,Enumerate,Alternative,Full,1,1,26985,DEFAULT,69.468,269.776,100,1,0," :- not unit2zoneGEQ(V1,V1), not zone2sensor(V2,V1), unit2zoneGEQ(V1,V2).
 :- closezones(V1,V2), not closesensors(V2,V1), partnerunits(V1,V2).
"
61,./PUP/triple/,2-triple-9.lp,Enumerate,Alternative,Full,1,1,14189,DEFAULT,76.954,429.661,200,1,0," :- not unit2zoneGEQ(V2,V2), partnerunits(V2,V1), unit2sensorGEQ(V1,V1).
 :- closezones(V2,V1), unit2sensorGEQ(V2,V1), zone2sensor(V1,V2).
"
65,./PUP/triple/,2-triple-9.lp,Enumerate,Alternative,Full,1,2,26740,DEFAULT,162.615,458.902,400,2,0," :- not unit2zoneGEQ(V1,V1), not unit2zoneGEQ(V1,V2), partnerunits(V1,V2).
 :- not zone2sensor(V1,V1), partnerunits(V2,V1), unit2sensorGEQ(V1,V2).
"
67,./PUP/triple/,2-triple-9.lp,Enumerate,Alternative,Full,1,1,17876,DEFAULT,71.821,335.497,200,1,0," :- not unit2sensorGEQ(V1,V1), unit2sensorGEQ(V1,V2).
 :- not unit2sensorGEQ(V1,V2), unit2zoneGEQ(V1,V1), zone2sensor(V1,V2).
"
81,./PUP/triple/,2-triple-9.lp,Enumerate,Alternative,Full,1,3,2231,DEFAULT,488.215,1481.66,600,3,0," :- not unit2sensorGEQ(V1,V1), not zone2sensor(V1,V1), unit2zoneGEQ(V1,V1).
 :- not closesensors(V1,V2), not unit2sensorGEQ(V2,V2), partnerunits(V1,V2).
 :- closesensors(V2,V1), not unit2zoneGEQ(V1,V2), unit2sensorGEQ(V1,V1).
"
86,./PUP/triple/,2-triple-9.lp,Enumerate,Alternative,Full,1,2,8467,DEFAULT,305.256,726.093,400,2,0," :- not unit2sensorGEQ(V1,V3), unit2sensorGEQ(V2,V3), unit2zoneGEQ(V1,V2).
 :- not unit2zoneGEQ(V1,V1), unit2sensorGEQ(V2,V2), zone2sensor(V1,V2).
"
97,./PUP/triple/,2-triple-9.lp,Enumerate,Alternative,Full,1,1,32033,DEFAULT,142.993,712.104,200,1,0," :- not unit2zoneGEQ(V1,V1), partnerunits(V1,V2).
 :- partnerunits(V1,V2), unit2sensorGEQ(V2,V1), unit2zoneGEQ(V1,V2).
"
103,./PUP/triple/,2-triple-9.lp,Enumerate,Alternative,Full,1,1,31869,DEFAULT,127.184,690.473,200,1,0," :- not unit2sensorGEQ(V2,V2), unit2zoneGEQ(V2,V1), zone2sensor(V1,V2).
 :- closezones(V1,V2), not unit2sensorGEQ(V2,V1), unit2sensorGEQ(V1,V1).
"
