,Directory,Files analysed with SBASS,Learning mode,Ordering,SBC,Iteration,Cell,Seed,Version,Time for creating examples,Time for solving ILP task,Total neg examples,Total pos examples,Neg examples uncovered,Learned Constraints
1,./PUP/triple/,2-triple-9.lp,Enumerate,Standard,Full,1,1,31681,DEFAULT,48.385,157.748,100,1,0," :- closezones(V2,V1), partnerunits(V1,V2).
 :- closesensors(V2,V1), not unit2sensorGEQ(V1,V1), unit2zoneGEQ(V1,V2).
"
2,./PUP/triple/,2-triple-9.lp,Enumerate,Standard,Full,1,2,4634,DEFAULT,104.149,108.135,200,2,0," :- not unit2sensorGEQ(V3,V1), partnerunits(V2,V3), unit2zoneGEQ(V1,V2).
"
3,./PUP/triple/,2-triple-9.lp,Enumerate,Standard,Full,1,3,16837,DEFAULT,157.537,210.77,300,3,0," :- closezones(V2,V1), partnerunits(V1,V2).
 :- not unit2sensorGEQ(V2,V1), partnerunits(V2,V1), unit2sensorGEQ(V1,V1).
"
4,./PUP/triple/,2-triple-9.lp,Enumerate,Standard,Full,1,1,15262,DEFAULT,51.535,157.391,100,1,0," :- closezones(V2,V1), partnerunits(V1,V2).
 :- not unit2sensorGEQ(V2,V1), not zone2sensor(V1,V1), partnerunits(V1,V2).
"
7,./PUP/triple/,2-triple-9.lp,Enumerate,Standard,Full,1,1,3718,DEFAULT,74.755,198.968,100,1,0," :- not unit2sensorGEQ(V1,V2), not zone2sensor(V1,V2), partnerunits(V1,V2).
"
8,./PUP/triple/,2-triple-9.lp,Enumerate,Standard,Full,1,2,26796,DEFAULT,139.073,204.174,200,2,0," :- not unit2sensorGEQ(V1,V2), not zone2sensor(V1,V2), partnerunits(V1,V2).
"
11,./PUP/triple/,2-triple-9.lp,Enumerate,Standard,Full,1,2,21172,DEFAULT,126.444,323.299,200,2,0," :- closezones(V2,V1), partnerunits(V1,V2).
 :- closesensors(V2,V1), not unit2zoneGEQ(V1,V2), unit2sensorGEQ(V1,V1).
"
13,./PUP/triple/,2-triple-9.lp,Enumerate,Standard,Full,1,1,29690,DEFAULT,62.693,220.777,100,1,0," :- not unit2sensorGEQ(V2,V1), not zone2sensor(V1,V2), partnerunits(V1,V2).
"
15,./PUP/triple/,2-triple-9.lp,Enumerate,Standard,Full,1,3,1743,DEFAULT,168.251,678.876,300,3,3," :- closezones(V1,V2), partnerunits(V1,V2).
 :- partnerunits(V1,V2), unit2sensorGEQ(V1,V1), unit2sensorGEQ(V2,V2).
 :- not unit2zoneGEQ(V1,V1), not unit2zoneGEQ(V2,V2), partnerunits(V1,V2).
"
16,./PUP/triple/,2-triple-9.lp,Enumerate,Standard,Full,1,1,26740,DEFAULT,52.095,97.256,100,1,0," :- not unit2sensorGEQ(V2,V1), not zone2sensor(V1,V2), partnerunits(V1,V2).
"
17,./PUP/triple/,2-triple-9.lp,Enumerate,Standard,Full,1,2,22856,DEFAULT,119.251,95.198,200,2,0," :- closezones(V1,V2), partnerunits(V1,V2).
 :- not zone2sensor(V1,V1), unit2sensorGEQ(V1,V1).
"
19,./PUP/triple/,2-triple-9.lp,Enumerate,Standard,Full,1,1,6751,DEFAULT,51.251,167.571,100,1,0," :- closezones(V1,V2), partnerunits(V1,V2).
 :- not unit2sensorGEQ(V2,V2), partnerunits(V2,V1), zone2sensor(V1,V2).
"
22,./PUP/triple/,2-triple-9.lp,Enumerate,Standard,Full,1,1,16849,DEFAULT,50.127,146.908,100,1,0," :- closezones(V1,V2), partnerunits(V1,V2).
 :- not unit2sensorGEQ(V2,V1), not zone2sensor(V1,V1), partnerunits(V1,V2).
"
23,./PUP/triple/,2-triple-9.lp,Enumerate,Standard,Full,1,2,29843,DEFAULT,101.195,128.306,200,2,0," :- closezones(V2,V1), partnerunits(V1,V2).
 :- not unit2sensorGEQ(V2,V1), partnerunits(V2,V1), unit2sensorGEQ(V1,V1).
"
24,./PUP/triple/,2-triple-9.lp,Enumerate,Standard,Full,1,3,8299,DEFAULT,151.472,271.097,300,3,0," :- closezones(V2,V1), partnerunits(V1,V2).
 :- closezones(V2,V1), not unit2zoneGEQ(V2,V1), unit2sensorGEQ(V1,V1).
"
25,./PUP/triple/,2-triple-9.lp,Enumerate,Standard,Full,1,1,6709,DEFAULT,50.64,121.985,100,1,0," :- closezones(V1,V2), partnerunits(V1,V2).
 :- not unit2zoneGEQ(V2,V2), partnerunits(V1,V2).
"
26,./PUP/triple/,2-triple-9.lp,Enumerate,Standard,Full,1,2,24419,DEFAULT,100.303,216.645,200,2,0," :- closezones(V1,V2), partnerunits(V1,V2).
 :- not unit2sensorGEQ(V1,V2), not unit2zoneGEQ(V1,V1), partnerunits(V1,V2).
"
28,./PUP/triple/,2-triple-9.lp,Enumerate,Standard,Full,1,1,11547,DEFAULT,50.09,180.893,100,1,0," :- closezones(V2,V1), partnerunits(V1,V2).
 :- not unit2sensorGEQ(V1,V1), not unit2zoneGEQ(V2,V2), partnerunits(V1,V2).
"
29,./PUP/triple/,2-triple-9.lp,Enumerate,Standard,Full,1,2,7260,DEFAULT,102.702,159.246,200,2,0," :- closezones(V2,V1), partnerunits(V1,V2).
 :- not unit2sensorGEQ(V1,V1), unit2sensorGEQ(V1,V2), zone2sensor(V1,V2).
"
30,./PUP/triple/,2-triple-9.lp,Enumerate,Standard,Full,1,3,21865,DEFAULT,152.766,213.43,300,3,0," :- closezones(V2,V1), partnerunits(V1,V2).
 :- not unit2sensorGEQ(V2,V1), partnerunits(V1,V2), unit2sensorGEQ(V1,V1).
"
31,./PUP/triple/,2-triple-9.lp,Enumerate,Standard,Full,1,1,16017,DEFAULT,51.24,124.243,100,1,0," :- closezones(V2,V1), partnerunits(V1,V2).
 :- not unit2sensorGEQ(V1,V1), unit2zoneGEQ(V1,V1).
"
34,./PUP/triple/,2-triple-9.lp,Enumerate,Standard,Full,1,1,10456,DEFAULT,49.876,183.864,100,1,0," :- closezones(V1,V2), partnerunits(V1,V2).
 :- not unit2sensorGEQ(V2,V2), partnerunits(V1,V2), zone2sensor(V1,V2).
"
35,./PUP/triple/,2-triple-9.lp,Enumerate,Standard,Full,1,2,25977,DEFAULT,98.844,193.619,200,2,0," :- closezones(V1,V2), partnerunits(V1,V2).
 :- closezones(V2,V1), not unit2zoneGEQ(V1,V2), unit2sensorGEQ(V1,V1).
"
36,./PUP/triple/,2-triple-9.lp,Enumerate,Standard,Full,1,3,20418,DEFAULT,149.689,154.917,300,3,0," :- closezones(V2,V1), partnerunits(V1,V2).
 :- not unit2sensorGEQ(V2,V2), unit2zoneGEQ(V2,V1), zone2sensor(V1,V1).
"
37,./PUP/triple/,2-triple-9.lp,Enumerate,Standard,Full,1,1,3380,DEFAULT,50.661,187.939,100,1,0," :- closezones(V2,V1), partnerunits(V1,V2).
 :- closesensors(V1,V2), not unit2zoneGEQ(V1,V2), partnerunits(V1,V2).
"
39,./PUP/triple/,2-triple-9.lp,Enumerate,Standard,Full,1,3,29743,DEFAULT,149.278,173.136,300,3,0," :- closezones(V2,V1), partnerunits(V1,V2).
 :- not unit2sensorGEQ(V1,V1), not unit2sensorGEQ(V1,V2), partnerunits(V1,V2).
"
40,./PUP/triple/,2-triple-9.lp,Enumerate,Standard,Full,1,1,14157,DEFAULT,49.773,143.752,100,1,0," :- closezones(V2,V1), partnerunits(V1,V2).
 :- closezones(V2,V1), not unit2zoneGEQ(V1,V2), unit2zoneGEQ(V1,V1).
"
42,./PUP/triple/,2-triple-9.lp,Enumerate,Standard,Full,1,3,3023,DEFAULT,147.833,211.012,300,3,0," :- closezones(V2,V1), partnerunits(V1,V2).
 :- not unit2sensorGEQ(V2,V1), not unit2zoneGEQ(V2,V2), partnerunits(V1,V2).
"
47,./PUP/triple/,2-triple-9.lp,Enumerate,Standard,Full,1,2,23256,DEFAULT,97.005,86.942,200,2,0," :- closezones(V1,V2), partnerunits(V1,V2).
 :- not unit2zoneGEQ(V1,V2), partnerunits(V1,V2), unit2sensorGEQ(V1,V1).
"
49,./PUP/triple/,2-triple-9.lp,Enumerate,Standard,Full,1,1,6652,DEFAULT,48.356,163.072,100,1,0," :- closezones(V1,V2), partnerunits(V1,V2).
 :- not unit2sensorGEQ(V2,V2), unit2sensorGEQ(V2,V1), zone2sensor(V1,V2).
"
52,./PUP/triple/,2-triple-9.lp,Enumerate,Standard,Full,1,1,759,DEFAULT,47.956,136.859,100,1,0," :- closezones(V2,V1), partnerunits(V1,V2).
 :- not unit2sensorGEQ(V1,V1), unit2zoneGEQ(V1,V1).
"
53,./PUP/triple/,2-triple-9.lp,Enumerate,Standard,Full,1,2,2001,DEFAULT,96.017,73.919,200,2,0," :- not unit2sensorGEQ(V2,V1), not zone2sensor(V1,V2), partnerunits(V1,V2).
"
55,./PUP/triple/,2-triple-9.lp,Enumerate,Standard,Full,1,1,2905,DEFAULT,47.827,167.311,100,1,0," :- closezones(V1,V2), partnerunits(V1,V2).
 :- not unit2zoneGEQ(V1,V1), unit2zoneGEQ(V2,V1), zone2sensor(V1,V2).
"
58,./PUP/triple/,2-triple-9.lp,Enumerate,Standard,Full,1,1,26985,DEFAULT,48.372,23.917,100,1,0," :- not unit2sensorGEQ(V2,V1), partnerunits(V1,V2).
"
59,./PUP/triple/,2-triple-9.lp,Enumerate,Standard,Full,1,2,16281,DEFAULT,94.102,534.993,200,2,1," :- closezones(V1,V2), partnerunits(V1,V2).
 :- not unit2sensorGEQ(V1,V2), not unit2zoneGEQ(V2,V2), partnerunits(V1,V2).
 :- partnerunits(V2,V1), unit2sensorGEQ(V2,V2), unit2zoneGEQ(V1,V2).
"
60,./PUP/triple/,2-triple-9.lp,Enumerate,Standard,Full,1,3,16345,DEFAULT,145.346,194.341,300,3,0," :- closezones(V2,V1), partnerunits(V1,V2).
 :- closesensors(V1,V2), not unit2sensorGEQ(V1,V1), partnerunits(V1,V2).
"
65,./PUP/triple/,2-triple-9.lp,Enumerate,Standard,Full,1,2,26740,DEFAULT,97.375,115.523,400,2,0," :- closezones(V2,V1), partnerunits(V1,V2).
 :- closesensors(V1,V2), not unit2sensorGEQ(V1,V2), unit2sensorGEQ(V1,V1).
"
66,./PUP/triple/,2-triple-9.lp,Enumerate,Standard,Full,1,3,23583,DEFAULT,144.493,279.809,600,3,0," :- closezones(V2,V1), partnerunits(V1,V2).
 :- closesensors(V1,V2), not unit2zoneGEQ(V1,V1), unit2zoneGEQ(V1,V2).
"
67,./PUP/triple/,2-triple-9.lp,Enumerate,Standard,Full,1,1,17876,DEFAULT,48.43,180.245,200,1,0," :- closezones(V2,V1), partnerunits(V1,V2).
 :- closesensors(V1,V2), not unit2zoneGEQ(V2,V1), partnerunits(V1,V2).
"
68,./PUP/triple/,2-triple-9.lp,Enumerate,Standard,Full,1,2,19383,DEFAULT,98.77,387.962,400,2,0," :- closezones(V1,V2), partnerunits(V1,V2).
 :- not unit2sensorGEQ(V1,V2), partnerunits(V1,V2), zone2sensor(V1,V2).
 :- partnerunits(V2,V1), unit2zoneGEQ(V1,V1), zone2sensor(V1,V2).
"
69,./PUP/triple/,2-triple-9.lp,Enumerate,Standard,Full,1,3,7579,DEFAULT,145.404,251.837,600,3,0," :- closezones(V1,V2), partnerunits(V1,V2).
 :- not unit2sensorGEQ(V2,V1), partnerunits(V1,V2), zone2sensor(V1,V1).
"
73,./PUP/triple/,2-triple-9.lp,Enumerate,Standard,Full,1,1,5107,DEFAULT,48.705,77.995,200,1,0," :- closezones(V1,V2), partnerunits(V1,V2).
 :- not unit2sensorGEQ(V2,V1), partnerunits(V1,V2).
"
77,./PUP/triple/,2-triple-9.lp,Enumerate,Standard,Full,1,2,12399,DEFAULT,93.51,26.762,400,2,0," :- not unit2sensorGEQ(V2,V1), partnerunits(V1,V2).
"
78,./PUP/triple/,2-triple-9.lp,Enumerate,Standard,Full,1,3,5812,DEFAULT,140.673,120.711,600,3,0," :- not unit2sensorGEQ(V1,V2), not zone2sensor(V1,V2), partnerunits(V1,V2).
"
79,./PUP/triple/,2-triple-9.lp,Enumerate,Standard,Full,1,1,21123,DEFAULT,48.159,141.001,200,1,0," :- closezones(V1,V2), partnerunits(V1,V2).
 :- partnerunits(V1,V2), unit2zoneGEQ(V1,V1), unit2zoneGEQ(V2,V2).
"
82,./PUP/triple/,2-triple-9.lp,Enumerate,Standard,Full,1,1,26645,DEFAULT,47.531,85.737,200,1,0," :- not unit2sensorGEQ(V3,V1), partnerunits(V3,V2), unit2zoneGEQ(V1,V2).
"
83,./PUP/triple/,2-triple-9.lp,Enumerate,Standard,Full,1,2,4448,DEFAULT,95.827,139.972,400,2,0," :- closezones(V2,V1), partnerunits(V1,V2).
 :- closezones(V2,V1), not unit2zoneGEQ(V2,V2), unit2sensorGEQ(V1,V2).
"
84,./PUP/triple/,2-triple-9.lp,Enumerate,Standard,Full,1,3,12868,DEFAULT,141.7,119.562,600,3,0," :- not unit2sensorGEQ(V1,V2), not zone2sensor(V1,V2), partnerunits(V1,V2).
"
86,./PUP/triple/,2-triple-9.lp,Enumerate,Standard,Full,1,2,8467,DEFAULT,95.769,132,400,2,0," :- closezones(V2,V1), partnerunits(V1,V2).
 :- not unit2sensorGEQ(V1,V2), not unit2zoneGEQ(V1,V2), partnerunits(V1,V2).
"
87,./PUP/triple/,2-triple-9.lp,Enumerate,Standard,Full,1,3,14775,DEFAULT,133.389,174.809,600,3,0," :- closezones(V2,V1), partnerunits(V1,V2).
 :- closesensors(V1,V2), partnerunits(V1,V2), zone2sensor(V1,V2).
"
88,./PUP/triple/,2-triple-9.lp,Enumerate,Standard,Full,1,1,2212,DEFAULT,47.464,106.731,200,1,0," :- not zone2sensor(V2,V1), unit2zoneGEQ(V1,V1), unit2zoneGEQ(V2,V1).
"
89,./PUP/triple/,2-triple-9.lp,Enumerate,Standard,Full,1,2,9472,DEFAULT,98.712,123.38,400,2,0," :- closezones(V1,V2), partnerunits(V1,V2).
 :- partnerunits(V1,V2), unit2zoneGEQ(V2,V1), zone2sensor(V1,V1).
"
91,./PUP/triple/,2-triple-9.lp,Enumerate,Standard,Full,1,1,13383,DEFAULT,47.492,220.305,200,1,0," :- not unit2sensorGEQ(V2,V1), unit2sensorGEQ(V2,V2), unit2zoneGEQ(V1,V2).
 :- closesensors(V2,V1), not unit2sensorGEQ(V1,V1), partnerunits(V1,V2).
"
92,./PUP/triple/,2-triple-9.lp,Enumerate,Standard,Full,1,2,2517,DEFAULT,94.455,159.314,400,2,0," :- closezones(V2,V1), partnerunits(V1,V2).
 :- not unit2sensorGEQ(V1,V3), unit2sensorGEQ(V3,V3), unit2zoneGEQ(V1,V2).
"
93,./PUP/triple/,2-triple-9.lp,Enumerate,Standard,Full,1,3,20286,DEFAULT,143.776,153.817,600,3,0," :- not unit2sensorGEQ(V2,V1), not zone2sensor(V1,V2), partnerunits(V1,V2).
"
94,./PUP/triple/,2-triple-9.lp,Enumerate,Standard,Full,1,1,13727,DEFAULT,46.8,144.837,200,1,0," :- closezones(V2,V1), partnerunits(V1,V2).
 :- not unit2sensorGEQ(V2,V1), not unit2zoneGEQ(V2,V1), partnerunits(V1,V2).
"
95,./PUP/triple/,2-triple-9.lp,Enumerate,Standard,Full,1,2,15928,DEFAULT,95.477,90.795,400,2,0," :- not unit2sensorGEQ(V1,V2), not zone2sensor(V2,V1), partnerunits(V1,V2).
"
96,./PUP/triple/,2-triple-9.lp,Enumerate,Standard,Full,1,3,18316,DEFAULT,137.202,191.798,600,3,0," :- closezones(V2,V1), partnerunits(V1,V2).
 :- partnerunits(V2,V1), unit2sensorGEQ(V2,V2), unit2zoneGEQ(V1,V1).
"
98,./PUP/triple/,2-triple-9.lp,Enumerate,Standard,Full,1,2,32598,DEFAULT,91.976,107.323,400,2,0," :- closezones(V1,V2), partnerunits(V1,V2).
 :- closesensors(V1,V2), unit2zoneGEQ(V1,V2), unit2zoneGEQ(V2,V1).
"
100,./PUP/triple/,2-triple-9.lp,Enumerate,Standard,Full,1,1,30414,DEFAULT,46.121,148.428,200,1,0," :- closezones(V1,V2), partnerunits(V1,V2).
 :- not unit2sensorGEQ(V2,V2), not unit2zoneGEQ(V1,V1), unit2zoneGEQ(V1,V2).
"
101,./PUP/triple/,2-triple-9.lp,Enumerate,Standard,Full,1,2,7830,DEFAULT,93.963,212.332,400,2,0," :- closezones(V2,V1), partnerunits(V1,V2).
 :- partnerunits(V1,V2), unit2sensorGEQ(V2,V2), unit2zoneGEQ(V1,V1).
"
102,./PUP/triple/,2-triple-9.lp,Enumerate,Standard,Full,1,3,31417,DEFAULT,138.002,181.669,600,3,0," :- closezones(V1,V2), partnerunits(V1,V2).
 :- not unit2sensorGEQ(V2,V1), partnerunits(V2,V1), zone2sensor(V1,V1).
"
103,./PUP/triple/,2-triple-9.lp,Enumerate,Standard,Full,1,1,31869,DEFAULT,43.322,121.28,200,1,0," :- closezones(V2,V1), partnerunits(V1,V2).
 :- closesensors(V2,V1), not zone2sensor(V1,V1), partnerunits(V1,V2).
"
106,./PUP/triple/,2-triple-9.lp,Enumerate,Standard,Full,1,1,8543,DEFAULT,47.218,172.833,200,1,0," :- closezones(V1,V2), partnerunits(V1,V2).
 :- not unit2sensorGEQ(V2,V1), partnerunits(V2,V1), unit2sensorGEQ(V1,V1).
"
107,./PUP/triple/,2-triple-9.lp,Enumerate,Standard,Full,1,2,12158,DEFAULT,94.199,164.92,400,2,0," :- closezones(V2,V1), partnerunits(V1,V2).
 :- not unit2sensorGEQ(V2,V1), unit2zoneGEQ(V1,V2), unit2zoneGEQ(V2,V1).
"
109,./PUP/triple/,2-triple-9.lp,Enumerate,Standard,Full,1,1,16687,DEFAULT,46.305,108.565,200,1,0," :- not unit2zoneGEQ(V2,V1), not zone2sensor(V2,V1), partnerunits(V1,V2).
"
111,./PUP/triple/,2-triple-9.lp,Enumerate,Standard,Full,1,3,21083,DEFAULT,183.414,2338.64,600,3,3," :- closezones(V1,V2), partnerunits(V1,V2).
 :- not unit2sensorGEQ(V1,V2), partnerunits(V1,V2), zone2sensor(V1,V2).
 :- closesensors(V2,V1), partnerunits(V2,V1), zone2sensor(V1,V2).
"
114,./PUP/triple/,2-triple-9.lp,Enumerate,Standard,Full,1,3,22154,DEFAULT,175.855,197.398,600,3,0," :- not unit2sensorGEQ(V2,V1), not zone2sensor(V2,V1), partnerunits(V1,V2).
"
115,./PUP/triple/,2-triple-9.lp,Enumerate,Standard,Full,1,1,16699,DEFAULT,69.7,438.123,200,1,0," :- closezones(V2,V1), partnerunits(V1,V2).
 :- not unit2sensorGEQ(V1,V2), not unit2zoneGEQ(V1,V2), partnerunits(V1,V2).
"
119,./PUP/triple/,2-triple-9.lp,Enumerate,Standard,Full,1,2,31792,DEFAULT,110.059,1005.09,400,2,1," :- closezones(V1,V2), partnerunits(V1,V2).
 :- not unit2sensorGEQ(V1,V1), unit2zoneGEQ(V1,V2), zone2sensor(V1,V1).
 :- closesensors(V1,V2), unit2zoneGEQ(V1,V2), unit2zoneGEQ(V2,V1).
"
120,./PUP/triple/,2-triple-9.lp,Enumerate,Standard,Full,1,3,6602,DEFAULT,200.025,204.216,600,3,0," :- closezones(V2,V1), partnerunits(V1,V2).
 :- not unit2sensorGEQ(V2,V1), partnerunits(V2,V1), unit2sensorGEQ(V1,V1).
"
