ConstraintFile,Id,Mode,Order,Full,Cell,Version,Seed,Instance,Result,Model,Time,Solving,1st Model,Unsat,CPU
103_Enumerate_Standard_Partial_201_DEFAULT_31869,103,Enumerate,Standard,Partial,201,DEFAULT,31869,Un-2-triple-15,UNKNOWN,0+,300.000,299.86,0.00,0.00,173.661
103_Enumerate_Standard_Partial_201_DEFAULT_31869,103,Enumerate,Standard,Partial,201,DEFAULT,31869,Un-2-triple-18,UNKNOWN,0+,300.000,299.86,0.00,0.00,180.606
103_Enumerate_Standard_Partial_201_DEFAULT_31869,103,Enumerate,Standard,Partial,201,DEFAULT,31869,Un-2-triple-9,UNSATISFIABLE,0,5.161,5.12,0.00,5.12,2.577
103_Enumerate_Standard_Partial_201_DEFAULT_31869,103,Enumerate,Standard,Partial,201,DEFAULT,31869,Un-2-triple-12,UNSATISFIABLE,0,44.997,44.95,0.00,44.95,24.076
103_Enumerate_Standard_Partial_201_DEFAULT_31869,103,Enumerate,Standard,Partial,201,DEFAULT,31869,2-triple-15,SATISFIABLE,1+,0.684,0.58,0.58,0.00,0.364
103_Enumerate_Standard_Partial_201_DEFAULT_31869,103,Enumerate,Standard,Partial,201,DEFAULT,31869,2-triple-18,SATISFIABLE,1+,46.261,46.08,46.08,0.00,25.975
103_Enumerate_Standard_Partial_201_DEFAULT_31869,103,Enumerate,Standard,Partial,201,DEFAULT,31869,2-triple-21,SATISFIABLE,1+,117.792,117.59,117.59,0.00,72.536
103_Enumerate_Standard_Partial_201_DEFAULT_31869,103,Enumerate,Standard,Partial,201,DEFAULT,31869,2-triple-9,SATISFIABLE,1+,0.033,0.00,0.00,0.00,0.009
103_Enumerate_Standard_Partial_201_DEFAULT_31869,103,Enumerate,Standard,Partial,201,DEFAULT,31869,2-triple-12,SATISFIABLE,1+,0.091,0.01,0.01,0.00,0.023
