ConstraintFile,Id,Mode,Order,Full,Cell,Version,Seed,Instance,Result,Model,Time,Solving,1st Model,Unsat,CPU
103_Enumerate_Alternative_Partial_201_DEFAULT_31869,103,Enumerate,Alternative,Partial,201,DEFAULT,31869,Un-2-triple-15,UNKNOWN,0+,300.000,299.98,0.00,0.00,299.993
16_Enumerate_Alternative_Partial_101_DEFAULT_26740,16,Enumerate,Alternative,Partial,101,DEFAULT,26740,Un-2-triple-15,UNKNOWN,0+,300.000,299.99,0.00,0.00,299.993
66_Enumerate_Alternative_Partial_603_DEFAULT_23583,66,Enumerate,Alternative,Partial,603,DEFAULT,23583,Un-2-triple-15,UNKNOWN,0+,300.000,299.98,0.00,0.00,299.993
86_Enumerate_Alternative_Partial_402_DEFAULT_8467,86,Enumerate,Alternative,Partial,402,DEFAULT,8467,Un-2-triple-15,UNKNOWN,0+,300.000,299.98,0.00,0.00,299.993
92_Enumerate_Alternative_Partial_402_DEFAULT_2517,92,Enumerate,Alternative,Partial,402,DEFAULT,2517,Un-2-triple-15,UNKNOWN,0+,300.000,299.98,0.00,0.00,299.993
96_Enumerate_Alternative_Partial_603_DEFAULT_18316,96,Enumerate,Alternative,Partial,603,DEFAULT,18316,Un-2-triple-15,UNKNOWN,0+,300.000,299.98,0.00,0.00,299.993
103_Enumerate_Alternative_Partial_201_DEFAULT_31869,103,Enumerate,Alternative,Partial,201,DEFAULT,31869,Un-2-triple-18,UNKNOWN,0+,300.000,299.98,0.00,0.00,299.993
16_Enumerate_Alternative_Partial_101_DEFAULT_26740,16,Enumerate,Alternative,Partial,101,DEFAULT,26740,Un-2-triple-18,UNKNOWN,0+,300.000,299.97,0.00,0.00,299.993
66_Enumerate_Alternative_Partial_603_DEFAULT_23583,66,Enumerate,Alternative,Partial,603,DEFAULT,23583,Un-2-triple-18,UNKNOWN,0+,300.000,299.97,0.00,0.00,299.993
86_Enumerate_Alternative_Partial_402_DEFAULT_8467,86,Enumerate,Alternative,Partial,402,DEFAULT,8467,Un-2-triple-18,UNKNOWN,0+,300.000,299.97,0.00,0.00,299.993
92_Enumerate_Alternative_Partial_402_DEFAULT_2517,92,Enumerate,Alternative,Partial,402,DEFAULT,2517,Un-2-triple-18,UNKNOWN,0+,300.000,299.97,0.00,0.00,299.993
96_Enumerate_Alternative_Partial_603_DEFAULT_18316,96,Enumerate,Alternative,Partial,603,DEFAULT,18316,Un-2-triple-18,UNKNOWN,0+,300.000,299.97,0.00,0.00,299.989
103_Enumerate_Alternative_Partial_201_DEFAULT_31869,103,Enumerate,Alternative,Partial,201,DEFAULT,31869,Un-2-triple-9,UNSATISFIABLE,0,0.509,0.50,0.00,0.50,0.509
16_Enumerate_Alternative_Partial_101_DEFAULT_26740,16,Enumerate,Alternative,Partial,101,DEFAULT,26740,Un-2-triple-9,UNSATISFIABLE,0,0.057,0.05,0.00,0.05,0.057
66_Enumerate_Alternative_Partial_603_DEFAULT_23583,66,Enumerate,Alternative,Partial,603,DEFAULT,23583,Un-2-triple-9,UNSATISFIABLE,0,0.105,0.10,0.00,0.10,0.105
86_Enumerate_Alternative_Partial_402_DEFAULT_8467,86,Enumerate,Alternative,Partial,402,DEFAULT,8467,Un-2-triple-9,UNSATISFIABLE,0,1.041,1.03,0.00,1.03,1.041
92_Enumerate_Alternative_Partial_402_DEFAULT_2517,92,Enumerate,Alternative,Partial,402,DEFAULT,2517,Un-2-triple-9,UNSATISFIABLE,0,0.830,0.82,0.00,0.82,0.830
96_Enumerate_Alternative_Partial_603_DEFAULT_18316,96,Enumerate,Alternative,Partial,603,DEFAULT,18316,Un-2-triple-9,UNSATISFIABLE,0,0.409,0.40,0.00,0.40,0.409
103_Enumerate_Alternative_Partial_201_DEFAULT_31869,103,Enumerate,Alternative,Partial,201,DEFAULT,31869,Un-2-triple-12,UNSATISFIABLE,0,136.319,136.31,0.00,136.31,136.315
16_Enumerate_Alternative_Partial_101_DEFAULT_26740,16,Enumerate,Alternative,Partial,101,DEFAULT,26740,Un-2-triple-12,UNSATISFIABLE,0,95.559,95.55,0.00,95.55,95.551
66_Enumerate_Alternative_Partial_603_DEFAULT_23583,66,Enumerate,Alternative,Partial,603,DEFAULT,23583,Un-2-triple-12,UNKNOWN,0+,300.000,299.99,0.00,0.00,299.991
86_Enumerate_Alternative_Partial_402_DEFAULT_8467,86,Enumerate,Alternative,Partial,402,DEFAULT,8467,Un-2-triple-12,UNKNOWN,0+,300.000,299.99,0.00,0.00,299.980
92_Enumerate_Alternative_Partial_402_DEFAULT_2517,92,Enumerate,Alternative,Partial,402,DEFAULT,2517,Un-2-triple-12,UNSATISFIABLE,0,95.928,95.92,0.00,95.92,95.925
96_Enumerate_Alternative_Partial_603_DEFAULT_18316,96,Enumerate,Alternative,Partial,603,DEFAULT,18316,Un-2-triple-12,UNKNOWN,0+,300.000,299.99,0.00,0.00,299.992
103_Enumerate_Alternative_Partial_201_DEFAULT_31869,103,Enumerate,Alternative,Partial,201,DEFAULT,31869,2-triple-15,SATISFIABLE,1+,0.026,0.00,0.00,0.00,0.026
16_Enumerate_Alternative_Partial_101_DEFAULT_26740,16,Enumerate,Alternative,Partial,101,DEFAULT,26740,2-triple-15,SATISFIABLE,1+,0.161,0.14,0.14,0.00,0.161
66_Enumerate_Alternative_Partial_603_DEFAULT_23583,66,Enumerate,Alternative,Partial,603,DEFAULT,23583,2-triple-15,SATISFIABLE,1+,0.287,0.26,0.26,0.00,0.287
86_Enumerate_Alternative_Partial_402_DEFAULT_8467,86,Enumerate,Alternative,Partial,402,DEFAULT,8467,2-triple-15,SATISFIABLE,1+,0.029,0.01,0.01,0.00,0.029
92_Enumerate_Alternative_Partial_402_DEFAULT_2517,92,Enumerate,Alternative,Partial,402,DEFAULT,2517,2-triple-15,SATISFIABLE,1+,0.066,0.05,0.05,0.00,0.066
96_Enumerate_Alternative_Partial_603_DEFAULT_18316,96,Enumerate,Alternative,Partial,603,DEFAULT,18316,2-triple-15,SATISFIABLE,1+,0.057,0.04,0.04,0.00,0.057
103_Enumerate_Alternative_Partial_201_DEFAULT_31869,103,Enumerate,Alternative,Partial,201,DEFAULT,31869,2-triple-18,SATISFIABLE,1+,0.280,0.25,0.25,0.00,0.280
16_Enumerate_Alternative_Partial_101_DEFAULT_26740,16,Enumerate,Alternative,Partial,101,DEFAULT,26740,2-triple-18,SATISFIABLE,1+,0.069,0.05,0.05,0.00,0.069
66_Enumerate_Alternative_Partial_603_DEFAULT_23583,66,Enumerate,Alternative,Partial,603,DEFAULT,23583,2-triple-18,SATISFIABLE,1+,0.336,0.32,0.32,0.00,0.336
86_Enumerate_Alternative_Partial_402_DEFAULT_8467,86,Enumerate,Alternative,Partial,402,DEFAULT,8467,2-triple-18,SATISFIABLE,1+,0.883,0.85,0.85,0.00,0.883
92_Enumerate_Alternative_Partial_402_DEFAULT_2517,92,Enumerate,Alternative,Partial,402,DEFAULT,2517,2-triple-18,SATISFIABLE,1+,0.225,0.20,0.20,0.00,0.225
96_Enumerate_Alternative_Partial_603_DEFAULT_18316,96,Enumerate,Alternative,Partial,603,DEFAULT,18316,2-triple-18,SATISFIABLE,1+,0.365,0.34,0.34,0.00,0.365
103_Enumerate_Alternative_Partial_201_DEFAULT_31869,103,Enumerate,Alternative,Partial,201,DEFAULT,31869,2-triple-21,SATISFIABLE,1+,1.363,1.33,1.33,0.00,1.363
16_Enumerate_Alternative_Partial_101_DEFAULT_26740,16,Enumerate,Alternative,Partial,101,DEFAULT,26740,2-triple-21,SATISFIABLE,1+,9.286,9.25,9.25,0.00,9.286
66_Enumerate_Alternative_Partial_603_DEFAULT_23583,66,Enumerate,Alternative,Partial,603,DEFAULT,23583,2-triple-21,SATISFIABLE,1+,1.194,1.15,1.15,0.00,1.194
86_Enumerate_Alternative_Partial_402_DEFAULT_8467,86,Enumerate,Alternative,Partial,402,DEFAULT,8467,2-triple-21,SATISFIABLE,1+,0.727,0.68,0.68,0.00,0.727
92_Enumerate_Alternative_Partial_402_DEFAULT_2517,92,Enumerate,Alternative,Partial,402,DEFAULT,2517,2-triple-21,SATISFIABLE,1+,1.979,1.94,1.94,0.00,1.979
96_Enumerate_Alternative_Partial_603_DEFAULT_18316,96,Enumerate,Alternative,Partial,603,DEFAULT,18316,2-triple-21,SATISFIABLE,1+,1.217,1.18,1.18,0.00,1.217
103_Enumerate_Alternative_Partial_201_DEFAULT_31869,103,Enumerate,Alternative,Partial,201,DEFAULT,31869,2-triple-9,SATISFIABLE,1+,0.010,0.00,0.00,0.00,0.010
16_Enumerate_Alternative_Partial_101_DEFAULT_26740,16,Enumerate,Alternative,Partial,101,DEFAULT,26740,2-triple-9,SATISFIABLE,1+,0.010,0.00,0.00,0.00,0.010
66_Enumerate_Alternative_Partial_603_DEFAULT_23583,66,Enumerate,Alternative,Partial,603,DEFAULT,23583,2-triple-9,SATISFIABLE,1+,0.007,0.00,0.00,0.00,0.007
86_Enumerate_Alternative_Partial_402_DEFAULT_8467,86,Enumerate,Alternative,Partial,402,DEFAULT,8467,2-triple-9,SATISFIABLE,1+,0.006,0.00,0.00,0.00,0.006
92_Enumerate_Alternative_Partial_402_DEFAULT_2517,92,Enumerate,Alternative,Partial,402,DEFAULT,2517,2-triple-9,SATISFIABLE,1+,0.006,0.00,0.00,0.00,0.006
96_Enumerate_Alternative_Partial_603_DEFAULT_18316,96,Enumerate,Alternative,Partial,603,DEFAULT,18316,2-triple-9,SATISFIABLE,1+,0.010,0.00,0.00,0.00,0.010
103_Enumerate_Alternative_Partial_201_DEFAULT_31869,103,Enumerate,Alternative,Partial,201,DEFAULT,31869,2-triple-12,SATISFIABLE,1+,0.024,0.01,0.01,0.00,0.023
16_Enumerate_Alternative_Partial_101_DEFAULT_26740,16,Enumerate,Alternative,Partial,101,DEFAULT,26740,2-triple-12,SATISFIABLE,1+,0.035,0.02,0.02,0.00,0.035
66_Enumerate_Alternative_Partial_603_DEFAULT_23583,66,Enumerate,Alternative,Partial,603,DEFAULT,23583,2-triple-12,SATISFIABLE,1+,0.022,0.01,0.01,0.00,0.022
86_Enumerate_Alternative_Partial_402_DEFAULT_8467,86,Enumerate,Alternative,Partial,402,DEFAULT,8467,2-triple-12,SATISFIABLE,1+,0.026,0.02,0.02,0.00,0.026
92_Enumerate_Alternative_Partial_402_DEFAULT_2517,92,Enumerate,Alternative,Partial,402,DEFAULT,2517,2-triple-12,SATISFIABLE,1+,0.019,0.00,0.00,0.00,0.019
96_Enumerate_Alternative_Partial_603_DEFAULT_18316,96,Enumerate,Alternative,Partial,603,DEFAULT,18316,2-triple-12,SATISFIABLE,1+,0.012,0.00,0.00,0.00,0.012
