ConstraintFile,Id,Mode,Order,Full,Cell,Version,Seed,Instance,Result,Model,Time,Solving,1st Model,Unsat,CPU
103_Enumerate_Alternative_Full_1_DEFAULT_31869,103,Enumerate,Alternative,Full,1,DEFAULT,31869,Un-2-triple-15,UNKNOWN,0+,300.000,299.93,0.00,0.00,274.572
37_Enumerate_Alternative_Full_1_DEFAULT_3380,37,Enumerate,Alternative,Full,1,DEFAULT,3380,Un-2-triple-15,UNKNOWN,0+,300.000,299.93,0.00,0.00,269.248
52_Enumerate_Alternative_Full_1_DEFAULT_759,52,Enumerate,Alternative,Full,1,DEFAULT,759,Un-2-triple-15,UNKNOWN,0+,300.000,299.94,0.00,0.00,275.286
56_Enumerate_Alternative_Full_2_DEFAULT_27702,56,Enumerate,Alternative,Full,2,DEFAULT,27702,Un-2-triple-15,UNKNOWN,0+,300.000,299.89,0.00,0.00,275.653
58_Enumerate_Alternative_Full_1_DEFAULT_26985,58,Enumerate,Alternative,Full,1,DEFAULT,26985,Un-2-triple-15,UNKNOWN,0+,300.000,299.95,0.00,0.00,276.997
5_Enumerate_Alternative_Full_2_DEFAULT_22084,5,Enumerate,Alternative,Full,2,DEFAULT,22084,Un-2-triple-15,UNKNOWN,0+,300.000,299.98,0.00,0.00,275.731
61_Enumerate_Alternative_Full_1_DEFAULT_14189,61,Enumerate,Alternative,Full,1,DEFAULT,14189,Un-2-triple-15,UNKNOWN,0+,300.000,299.97,0.00,0.00,285.974
65_Enumerate_Alternative_Full_2_DEFAULT_26740,65,Enumerate,Alternative,Full,2,DEFAULT,26740,Un-2-triple-15,UNKNOWN,0+,299.980,299.92,0.00,0.00,279.619
67_Enumerate_Alternative_Full_1_DEFAULT_17876,67,Enumerate,Alternative,Full,1,DEFAULT,17876,Un-2-triple-15,UNKNOWN,0+,300.000,299.92,0.00,0.00,279.109
81_Enumerate_Alternative_Full_3_DEFAULT_2231,81,Enumerate,Alternative,Full,3,DEFAULT,2231,Un-2-triple-15,UNSATISFIABLE,0,23.046,23.00,0.00,23.00,20.509
86_Enumerate_Alternative_Full_2_DEFAULT_8467,86,Enumerate,Alternative,Full,2,DEFAULT,8467,Un-2-triple-15,UNKNOWN,0+,300.000,299.91,0.00,0.00,275.466
97_Enumerate_Alternative_Full_1_DEFAULT_32033,97,Enumerate,Alternative,Full,1,DEFAULT,32033,Un-2-triple-15,UNKNOWN,0+,300.000,299.92,0.00,0.00,281.933
103_Enumerate_Alternative_Full_1_DEFAULT_31869,103,Enumerate,Alternative,Full,1,DEFAULT,31869,Un-2-triple-18,UNKNOWN,0+,299.980,299.88,0.00,0.00,278.032
37_Enumerate_Alternative_Full_1_DEFAULT_3380,37,Enumerate,Alternative,Full,1,DEFAULT,3380,Un-2-triple-18,UNKNOWN,0+,300.000,299.85,0.00,0.00,272.812
52_Enumerate_Alternative_Full_1_DEFAULT_759,52,Enumerate,Alternative,Full,1,DEFAULT,759,Un-2-triple-18,UNKNOWN,0+,300.000,299.89,0.00,0.00,274.356
56_Enumerate_Alternative_Full_2_DEFAULT_27702,56,Enumerate,Alternative,Full,2,DEFAULT,27702,Un-2-triple-18,UNKNOWN,0+,300.000,299.91,0.00,0.00,282.248
58_Enumerate_Alternative_Full_1_DEFAULT_26985,58,Enumerate,Alternative,Full,1,DEFAULT,26985,Un-2-triple-18,UNKNOWN,0+,300.000,299.92,0.00,0.00,273.877
5_Enumerate_Alternative_Full_2_DEFAULT_22084,5,Enumerate,Alternative,Full,2,DEFAULT,22084,Un-2-triple-18,UNKNOWN,0+,299.988,299.85,0.00,0.00,282.094
61_Enumerate_Alternative_Full_1_DEFAULT_14189,61,Enumerate,Alternative,Full,1,DEFAULT,14189,Un-2-triple-18,UNKNOWN,0+,299.976,299.85,0.00,0.00,276.242
65_Enumerate_Alternative_Full_2_DEFAULT_26740,65,Enumerate,Alternative,Full,2,DEFAULT,26740,Un-2-triple-18,UNKNOWN,0+,300.000,299.87,0.00,0.00,276.360
67_Enumerate_Alternative_Full_1_DEFAULT_17876,67,Enumerate,Alternative,Full,1,DEFAULT,17876,Un-2-triple-18,UNKNOWN,0+,300.000,299.86,0.00,0.00,284.793
81_Enumerate_Alternative_Full_3_DEFAULT_2231,81,Enumerate,Alternative,Full,3,DEFAULT,2231,Un-2-triple-18,UNSATISFIABLE,0,67.078,66.99,0.00,66.99,59.948
86_Enumerate_Alternative_Full_2_DEFAULT_8467,86,Enumerate,Alternative,Full,2,DEFAULT,8467,Un-2-triple-18,UNKNOWN,0+,300.000,299.85,0.00,0.00,278.109
97_Enumerate_Alternative_Full_1_DEFAULT_32033,97,Enumerate,Alternative,Full,1,DEFAULT,32033,Un-2-triple-18,UNKNOWN,0+,300.000,299.86,0.00,0.00,279.959
103_Enumerate_Alternative_Full_1_DEFAULT_31869,103,Enumerate,Alternative,Full,1,DEFAULT,31869,Un-2-triple-9,UNSATISFIABLE,0,0.202,0.17,0.00,0.17,0.086
37_Enumerate_Alternative_Full_1_DEFAULT_3380,37,Enumerate,Alternative,Full,1,DEFAULT,3380,Un-2-triple-9,UNSATISFIABLE,0,6.543,6.52,0.00,6.52,5.830
52_Enumerate_Alternative_Full_1_DEFAULT_759,52,Enumerate,Alternative,Full,1,DEFAULT,759,Un-2-triple-9,UNSATISFIABLE,0,0.237,0.21,0.00,0.21,0.101
56_Enumerate_Alternative_Full_2_DEFAULT_27702,56,Enumerate,Alternative,Full,2,DEFAULT,27702,Un-2-triple-9,UNSATISFIABLE,0,2.691,2.68,0.00,2.68,2.590
58_Enumerate_Alternative_Full_1_DEFAULT_26985,58,Enumerate,Alternative,Full,1,DEFAULT,26985,Un-2-triple-9,UNSATISFIABLE,0,2.544,2.52,0.00,2.52,2.297
5_Enumerate_Alternative_Full_2_DEFAULT_22084,5,Enumerate,Alternative,Full,2,DEFAULT,22084,Un-2-triple-9,UNSATISFIABLE,0,0.298,0.27,0.00,0.27,0.138
61_Enumerate_Alternative_Full_1_DEFAULT_14189,61,Enumerate,Alternative,Full,1,DEFAULT,14189,Un-2-triple-9,UNSATISFIABLE,0,0.785,0.75,0.00,0.75,0.545
65_Enumerate_Alternative_Full_2_DEFAULT_26740,65,Enumerate,Alternative,Full,2,DEFAULT,26740,Un-2-triple-9,UNSATISFIABLE,0,3.484,3.48,0.00,3.48,3.167
67_Enumerate_Alternative_Full_1_DEFAULT_17876,67,Enumerate,Alternative,Full,1,DEFAULT,17876,Un-2-triple-9,UNSATISFIABLE,0,0.257,0.23,0.00,0.23,0.091
81_Enumerate_Alternative_Full_3_DEFAULT_2231,81,Enumerate,Alternative,Full,3,DEFAULT,2231,Un-2-triple-9,UNSATISFIABLE,0,0.243,0.22,0.00,0.22,0.091
86_Enumerate_Alternative_Full_2_DEFAULT_8467,86,Enumerate,Alternative,Full,2,DEFAULT,8467,Un-2-triple-9,UNSATISFIABLE,0,1.153,1.12,0.00,1.12,0.999
97_Enumerate_Alternative_Full_1_DEFAULT_32033,97,Enumerate,Alternative,Full,1,DEFAULT,32033,Un-2-triple-9,UNSATISFIABLE,0,0.508,0.49,0.00,0.49,0.419
103_Enumerate_Alternative_Full_1_DEFAULT_31869,103,Enumerate,Alternative,Full,1,DEFAULT,31869,Un-2-triple-12,UNKNOWN,0+,299.976,299.94,0.00,0.00,279.501
37_Enumerate_Alternative_Full_1_DEFAULT_3380,37,Enumerate,Alternative,Full,1,DEFAULT,3380,Un-2-triple-12,UNKNOWN,0+,300.000,299.95,0.00,0.00,270.896
52_Enumerate_Alternative_Full_1_DEFAULT_759,52,Enumerate,Alternative,Full,1,DEFAULT,759,Un-2-triple-12,UNSATISFIABLE,0,14.696,14.65,0.00,14.65,13.763
56_Enumerate_Alternative_Full_2_DEFAULT_27702,56,Enumerate,Alternative,Full,2,DEFAULT,27702,Un-2-triple-12,UNKNOWN,0+,300.000,299.97,0.00,0.00,278.061
58_Enumerate_Alternative_Full_1_DEFAULT_26985,58,Enumerate,Alternative,Full,1,DEFAULT,26985,Un-2-triple-12,UNKNOWN,0+,300.000,299.93,0.00,0.00,286.439
5_Enumerate_Alternative_Full_2_DEFAULT_22084,5,Enumerate,Alternative,Full,2,DEFAULT,22084,Un-2-triple-12,UNSATISFIABLE,0,17.699,17.66,0.00,17.66,15.198
61_Enumerate_Alternative_Full_1_DEFAULT_14189,61,Enumerate,Alternative,Full,1,DEFAULT,14189,Un-2-triple-12,UNKNOWN,0+,300.000,299.92,0.00,0.00,273.834
65_Enumerate_Alternative_Full_2_DEFAULT_26740,65,Enumerate,Alternative,Full,2,DEFAULT,26740,Un-2-triple-12,UNKNOWN,0+,300.000,299.96,0.00,0.00,275.785
67_Enumerate_Alternative_Full_1_DEFAULT_17876,67,Enumerate,Alternative,Full,1,DEFAULT,17876,Un-2-triple-12,UNSATISFIABLE,0,66.820,66.81,0.00,66.81,59.968
81_Enumerate_Alternative_Full_3_DEFAULT_2231,81,Enumerate,Alternative,Full,3,DEFAULT,2231,Un-2-triple-12,UNSATISFIABLE,0,3.347,3.31,0.00,3.31,2.812
86_Enumerate_Alternative_Full_2_DEFAULT_8467,86,Enumerate,Alternative,Full,2,DEFAULT,8467,Un-2-triple-12,UNSATISFIABLE,0,65.669,65.65,0.00,65.65,60.214
97_Enumerate_Alternative_Full_1_DEFAULT_32033,97,Enumerate,Alternative,Full,1,DEFAULT,32033,Un-2-triple-12,UNSATISFIABLE,0,29.465,29.42,0.00,29.42,26.077
103_Enumerate_Alternative_Full_1_DEFAULT_31869,103,Enumerate,Alternative,Full,1,DEFAULT,31869,2-triple-15,SATISFIABLE,1+,0.275,0.17,0.17,0.00,0.111
37_Enumerate_Alternative_Full_1_DEFAULT_3380,37,Enumerate,Alternative,Full,1,DEFAULT,3380,2-triple-15,SATISFIABLE,1+,0.377,0.30,0.30,0.00,0.173
52_Enumerate_Alternative_Full_1_DEFAULT_759,52,Enumerate,Alternative,Full,1,DEFAULT,759,2-triple-15,SATISFIABLE,1+,0.154,0.07,0.07,0.00,0.076
56_Enumerate_Alternative_Full_2_DEFAULT_27702,56,Enumerate,Alternative,Full,2,DEFAULT,27702,2-triple-15,SATISFIABLE,1+,0.326,0.22,0.22,0.00,0.240
58_Enumerate_Alternative_Full_1_DEFAULT_26985,58,Enumerate,Alternative,Full,1,DEFAULT,26985,2-triple-15,SATISFIABLE,1+,0.241,0.21,0.21,0.00,0.236
5_Enumerate_Alternative_Full_2_DEFAULT_22084,5,Enumerate,Alternative,Full,2,DEFAULT,22084,2-triple-15,SATISFIABLE,1+,0.408,0.30,0.30,0.00,0.172
61_Enumerate_Alternative_Full_1_DEFAULT_14189,61,Enumerate,Alternative,Full,1,DEFAULT,14189,2-triple-15,SATISFIABLE,1+,0.149,0.05,0.05,0.00,0.041
65_Enumerate_Alternative_Full_2_DEFAULT_26740,65,Enumerate,Alternative,Full,2,DEFAULT,26740,2-triple-15,SATISFIABLE,1+,1.458,1.35,1.35,0.00,1.329
67_Enumerate_Alternative_Full_1_DEFAULT_17876,67,Enumerate,Alternative,Full,1,DEFAULT,17876,2-triple-15,SATISFIABLE,1+,0.354,0.27,0.27,0.00,0.200
81_Enumerate_Alternative_Full_3_DEFAULT_2231,81,Enumerate,Alternative,Full,3,DEFAULT,2231,2-triple-15,SATISFIABLE,1+,1.975,1.88,1.88,0.00,1.419
86_Enumerate_Alternative_Full_2_DEFAULT_8467,86,Enumerate,Alternative,Full,2,DEFAULT,8467,2-triple-15,SATISFIABLE,1+,0.201,0.15,0.15,0.00,0.174
97_Enumerate_Alternative_Full_1_DEFAULT_32033,97,Enumerate,Alternative,Full,1,DEFAULT,32033,2-triple-15,SATISFIABLE,1+,1.041,0.96,0.96,0.00,0.964
103_Enumerate_Alternative_Full_1_DEFAULT_31869,103,Enumerate,Alternative,Full,1,DEFAULT,31869,2-triple-18,SATISFIABLE,1+,0.519,0.37,0.37,0.00,0.379
37_Enumerate_Alternative_Full_1_DEFAULT_3380,37,Enumerate,Alternative,Full,1,DEFAULT,3380,2-triple-18,SATISFIABLE,1+,3.440,3.31,3.31,0.00,2.856
52_Enumerate_Alternative_Full_1_DEFAULT_759,52,Enumerate,Alternative,Full,1,DEFAULT,759,2-triple-18,SATISFIABLE,1+,0.801,0.73,0.73,0.00,0.661
56_Enumerate_Alternative_Full_2_DEFAULT_27702,56,Enumerate,Alternative,Full,2,DEFAULT,27702,2-triple-18,SATISFIABLE,1+,1.530,1.40,1.40,0.00,1.426
58_Enumerate_Alternative_Full_1_DEFAULT_26985,58,Enumerate,Alternative,Full,1,DEFAULT,26985,2-triple-18,SATISFIABLE,1+,0.308,0.18,0.18,0.00,0.187
5_Enumerate_Alternative_Full_2_DEFAULT_22084,5,Enumerate,Alternative,Full,2,DEFAULT,22084,2-triple-18,SATISFIABLE,1+,1.004,0.88,0.88,0.00,0.800
61_Enumerate_Alternative_Full_1_DEFAULT_14189,61,Enumerate,Alternative,Full,1,DEFAULT,14189,2-triple-18,SATISFIABLE,1+,0.789,0.66,0.66,0.00,0.620
65_Enumerate_Alternative_Full_2_DEFAULT_26740,65,Enumerate,Alternative,Full,2,DEFAULT,26740,2-triple-18,SATISFIABLE,1+,101.926,101.82,101.82,0.00,91.598
67_Enumerate_Alternative_Full_1_DEFAULT_17876,67,Enumerate,Alternative,Full,1,DEFAULT,17876,2-triple-18,SATISFIABLE,1+,1.311,1.18,1.18,0.00,0.868
81_Enumerate_Alternative_Full_3_DEFAULT_2231,81,Enumerate,Alternative,Full,3,DEFAULT,2231,2-triple-18,SATISFIABLE,1+,5.303,5.16,5.16,0.00,4.785
86_Enumerate_Alternative_Full_2_DEFAULT_8467,86,Enumerate,Alternative,Full,2,DEFAULT,8467,2-triple-18,SATISFIABLE,1+,0.972,0.90,0.90,0.00,0.868
97_Enumerate_Alternative_Full_1_DEFAULT_32033,97,Enumerate,Alternative,Full,1,DEFAULT,32033,2-triple-18,SATISFIABLE,1+,7.997,7.91,7.91,0.00,7.330
103_Enumerate_Alternative_Full_1_DEFAULT_31869,103,Enumerate,Alternative,Full,1,DEFAULT,31869,2-triple-21,SATISFIABLE,1+,1.833,1.65,1.65,0.00,1.671
37_Enumerate_Alternative_Full_1_DEFAULT_3380,37,Enumerate,Alternative,Full,1,DEFAULT,3380,2-triple-21,SATISFIABLE,1+,2.377,2.24,2.24,0.00,2.293
52_Enumerate_Alternative_Full_1_DEFAULT_759,52,Enumerate,Alternative,Full,1,DEFAULT,759,2-triple-21,SATISFIABLE,1+,1.508,1.38,1.38,0.00,1.280
56_Enumerate_Alternative_Full_2_DEFAULT_27702,56,Enumerate,Alternative,Full,2,DEFAULT,27702,2-triple-21,SATISFIABLE,1+,0.836,0.63,0.63,0.00,0.667
58_Enumerate_Alternative_Full_1_DEFAULT_26985,58,Enumerate,Alternative,Full,1,DEFAULT,26985,2-triple-21,SATISFIABLE,1+,2.099,1.92,1.92,0.00,1.915
5_Enumerate_Alternative_Full_2_DEFAULT_22084,5,Enumerate,Alternative,Full,2,DEFAULT,22084,2-triple-21,SATISFIABLE,1+,0.976,0.80,0.80,0.00,0.820
61_Enumerate_Alternative_Full_1_DEFAULT_14189,61,Enumerate,Alternative,Full,1,DEFAULT,14189,2-triple-21,SATISFIABLE,1+,13.229,13.06,13.06,0.00,12.002
65_Enumerate_Alternative_Full_2_DEFAULT_26740,65,Enumerate,Alternative,Full,2,DEFAULT,26740,2-triple-21,SATISFIABLE,1+,47.052,46.87,46.87,0.00,42.424
67_Enumerate_Alternative_Full_1_DEFAULT_17876,67,Enumerate,Alternative,Full,1,DEFAULT,17876,2-triple-21,SATISFIABLE,1+,0.825,0.63,0.63,0.00,0.704
81_Enumerate_Alternative_Full_3_DEFAULT_2231,81,Enumerate,Alternative,Full,3,DEFAULT,2231,2-triple-21,UNKNOWN,0+,300.000,299.78,0.00,0.00,273.213
86_Enumerate_Alternative_Full_2_DEFAULT_8467,86,Enumerate,Alternative,Full,2,DEFAULT,8467,2-triple-21,SATISFIABLE,1+,15.699,15.48,15.48,0.00,14.310
97_Enumerate_Alternative_Full_1_DEFAULT_32033,97,Enumerate,Alternative,Full,1,DEFAULT,32033,2-triple-21,SATISFIABLE,1+,129.747,129.54,129.54,0.00,120.447
103_Enumerate_Alternative_Full_1_DEFAULT_31869,103,Enumerate,Alternative,Full,1,DEFAULT,31869,2-triple-9,SATISFIABLE,1+,0.050,0.00,0.00,0.00,0.010
37_Enumerate_Alternative_Full_1_DEFAULT_3380,37,Enumerate,Alternative,Full,1,DEFAULT,3380,2-triple-9,SATISFIABLE,1+,0.030,0.00,0.00,0.00,0.010
52_Enumerate_Alternative_Full_1_DEFAULT_759,52,Enumerate,Alternative,Full,1,DEFAULT,759,2-triple-9,SATISFIABLE,1+,0.009,0.00,0.00,0.00,0.009
56_Enumerate_Alternative_Full_2_DEFAULT_27702,56,Enumerate,Alternative,Full,2,DEFAULT,27702,2-triple-9,SATISFIABLE,1+,0.037,0.01,0.01,0.00,0.012
58_Enumerate_Alternative_Full_1_DEFAULT_26985,58,Enumerate,Alternative,Full,1,DEFAULT,26985,2-triple-9,SATISFIABLE,1+,0.045,0.00,0.00,0.00,0.011
5_Enumerate_Alternative_Full_2_DEFAULT_22084,5,Enumerate,Alternative,Full,2,DEFAULT,22084,2-triple-9,SATISFIABLE,1+,0.043,0.01,0.01,0.00,0.015
61_Enumerate_Alternative_Full_1_DEFAULT_14189,61,Enumerate,Alternative,Full,1,DEFAULT,14189,2-triple-9,SATISFIABLE,1+,0.050,0.00,0.00,0.00,0.010
65_Enumerate_Alternative_Full_2_DEFAULT_26740,65,Enumerate,Alternative,Full,2,DEFAULT,26740,2-triple-9,SATISFIABLE,1+,0.029,0.00,0.00,0.00,0.009
67_Enumerate_Alternative_Full_1_DEFAULT_17876,67,Enumerate,Alternative,Full,1,DEFAULT,17876,2-triple-9,SATISFIABLE,1+,0.035,0.00,0.00,0.00,0.011
81_Enumerate_Alternative_Full_3_DEFAULT_2231,81,Enumerate,Alternative,Full,3,DEFAULT,2231,2-triple-9,SATISFIABLE,1+,0.039,0.00,0.00,0.00,0.011
86_Enumerate_Alternative_Full_2_DEFAULT_8467,86,Enumerate,Alternative,Full,2,DEFAULT,8467,2-triple-9,SATISFIABLE,1+,0.054,0.02,0.02,0.00,0.012
97_Enumerate_Alternative_Full_1_DEFAULT_32033,97,Enumerate,Alternative,Full,1,DEFAULT,32033,2-triple-9,SATISFIABLE,1+,0.056,0.02,0.02,0.00,0.012
103_Enumerate_Alternative_Full_1_DEFAULT_31869,103,Enumerate,Alternative,Full,1,DEFAULT,31869,2-triple-12,SATISFIABLE,1+,0.056,0.02,0.02,0.00,0.024
37_Enumerate_Alternative_Full_1_DEFAULT_3380,37,Enumerate,Alternative,Full,1,DEFAULT,3380,2-triple-12,SATISFIABLE,1+,0.119,0.09,0.09,0.00,0.047
52_Enumerate_Alternative_Full_1_DEFAULT_759,52,Enumerate,Alternative,Full,1,DEFAULT,759,2-triple-12,SATISFIABLE,1+,0.078,0.01,0.01,0.00,0.022
56_Enumerate_Alternative_Full_2_DEFAULT_27702,56,Enumerate,Alternative,Full,2,DEFAULT,27702,2-triple-12,SATISFIABLE,1+,0.093,0.02,0.02,0.00,0.021
58_Enumerate_Alternative_Full_1_DEFAULT_26985,58,Enumerate,Alternative,Full,1,DEFAULT,26985,2-triple-12,SATISFIABLE,1+,0.093,0.02,0.02,0.00,0.025
5_Enumerate_Alternative_Full_2_DEFAULT_22084,5,Enumerate,Alternative,Full,2,DEFAULT,22084,2-triple-12,SATISFIABLE,1+,0.086,0.05,0.05,0.00,0.026
61_Enumerate_Alternative_Full_1_DEFAULT_14189,61,Enumerate,Alternative,Full,1,DEFAULT,14189,2-triple-12,SATISFIABLE,1+,0.142,0.08,0.08,0.00,0.034
65_Enumerate_Alternative_Full_2_DEFAULT_26740,65,Enumerate,Alternative,Full,2,DEFAULT,26740,2-triple-12,SATISFIABLE,1+,0.147,0.06,0.06,0.00,0.047
67_Enumerate_Alternative_Full_1_DEFAULT_17876,67,Enumerate,Alternative,Full,1,DEFAULT,17876,2-triple-12,SATISFIABLE,1+,0.116,0.05,0.05,0.00,0.030
81_Enumerate_Alternative_Full_3_DEFAULT_2231,81,Enumerate,Alternative,Full,3,DEFAULT,2231,2-triple-12,SATISFIABLE,1+,0.193,0.14,0.14,0.00,0.077
86_Enumerate_Alternative_Full_2_DEFAULT_8467,86,Enumerate,Alternative,Full,2,DEFAULT,8467,2-triple-12,SATISFIABLE,1+,0.162,0.08,0.08,0.00,0.042
97_Enumerate_Alternative_Full_1_DEFAULT_32033,97,Enumerate,Alternative,Full,1,DEFAULT,32033,2-triple-12,SATISFIABLE,1+,0.319,0.27,0.27,0.00,0.163
