ConstraintFile,Id,Mode,Order,Full,Cell,Version,Seed,Instance,Result,Model,Time,Solving,1st Model,Unsat,CPU
100_Enumerate_Standard_Full_1_DEFAULT_30414,100,Enumerate,Standard,Full,1,DEFAULT,30414,Un-2-triple-15,UNKNOWN,0+,300.000,299.98,0.00,0.00,299.992
101_Enumerate_Standard_Full_2_DEFAULT_7830,101,Enumerate,Standard,Full,2,DEFAULT,7830,Un-2-triple-15,UNKNOWN,0+,300.000,299.98,0.00,0.00,299.983
102_Enumerate_Standard_Full_3_DEFAULT_31417,102,Enumerate,Standard,Full,3,DEFAULT,31417,Un-2-triple-15,UNKNOWN,0+,300.000,299.98,0.00,0.00,299.992
103_Enumerate_Standard_Full_1_DEFAULT_31869,103,Enumerate,Standard,Full,1,DEFAULT,31869,Un-2-triple-15,UNKNOWN,0+,300.000,299.98,0.00,0.00,299.984
106_Enumerate_Standard_Full_1_DEFAULT_8543,106,Enumerate,Standard,Full,1,DEFAULT,8543,Un-2-triple-15,UNKNOWN,0+,300.000,299.98,0.00,0.00,299.975
107_Enumerate_Standard_Full_2_DEFAULT_12158,107,Enumerate,Standard,Full,2,DEFAULT,12158,Un-2-triple-15,UNKNOWN,0+,300.000,299.98,0.00,0.00,299.985
109_Enumerate_Standard_Full_1_DEFAULT_16687,109,Enumerate,Standard,Full,1,DEFAULT,16687,Un-2-triple-15,UNKNOWN,0+,300.000,299.98,0.00,0.00,299.988
111_Enumerate_Standard_Full_3_DEFAULT_21083,111,Enumerate,Standard,Full,3,DEFAULT,21083,Un-2-triple-15,UNKNOWN,0+,300.000,299.98,0.00,0.00,299.993
114_Enumerate_Standard_Full_3_DEFAULT_22154,114,Enumerate,Standard,Full,3,DEFAULT,22154,Un-2-triple-15,UNKNOWN,0+,300.000,299.99,0.00,0.00,299.984
115_Enumerate_Standard_Full_1_DEFAULT_16699,115,Enumerate,Standard,Full,1,DEFAULT,16699,Un-2-triple-15,UNKNOWN,0+,300.000,299.98,0.00,0.00,299.987
119_Enumerate_Standard_Full_2_DEFAULT_31792,119,Enumerate,Standard,Full,2,DEFAULT,31792,Un-2-triple-15,UNKNOWN,0+,300.000,299.99,0.00,0.00,299.984
11_Enumerate_Standard_Full_2_DEFAULT_21172,11,Enumerate,Standard,Full,2,DEFAULT,21172,Un-2-triple-15,UNKNOWN,0+,300.000,299.98,0.00,0.00,299.989
120_Enumerate_Standard_Full_3_DEFAULT_6602,120,Enumerate,Standard,Full,3,DEFAULT,6602,Un-2-triple-15,UNKNOWN,0+,300.000,299.98,0.00,0.00,299.988
13_Enumerate_Standard_Full_1_DEFAULT_29690,13,Enumerate,Standard,Full,1,DEFAULT,29690,Un-2-triple-15,UNKNOWN,0+,300.000,299.99,0.00,0.00,299.988
15_Enumerate_Standard_Full_3_DEFAULT_1743,15,Enumerate,Standard,Full,3,DEFAULT,1743,Un-2-triple-15,UNKNOWN,0+,300.000,299.98,0.00,0.00,299.992
16_Enumerate_Standard_Full_1_DEFAULT_26740,16,Enumerate,Standard,Full,1,DEFAULT,26740,Un-2-triple-15,UNKNOWN,0+,300.000,299.98,0.00,0.00,299.989
17_Enumerate_Standard_Full_2_DEFAULT_22856,17,Enumerate,Standard,Full,2,DEFAULT,22856,Un-2-triple-15,UNKNOWN,0+,300.000,299.98,0.00,0.00,299.990
19_Enumerate_Standard_Full_1_DEFAULT_6751,19,Enumerate,Standard,Full,1,DEFAULT,6751,Un-2-triple-15,UNKNOWN,0+,300.000,299.98,0.00,0.00,299.979
1_Enumerate_Standard_Full_1_DEFAULT_31681,1,Enumerate,Standard,Full,1,DEFAULT,31681,Un-2-triple-15,UNKNOWN,0+,300.000,299.98,0.00,0.00,299.991
22_Enumerate_Standard_Full_1_DEFAULT_16849,22,Enumerate,Standard,Full,1,DEFAULT,16849,Un-2-triple-15,UNKNOWN,0+,300.000,299.98,0.00,0.00,299.974
23_Enumerate_Standard_Full_2_DEFAULT_29843,23,Enumerate,Standard,Full,2,DEFAULT,29843,Un-2-triple-15,UNKNOWN,0+,300.000,299.98,0.00,0.00,299.980
24_Enumerate_Standard_Full_3_DEFAULT_8299,24,Enumerate,Standard,Full,3,DEFAULT,8299,Un-2-triple-15,UNKNOWN,0+,300.000,299.98,0.00,0.00,299.992
25_Enumerate_Standard_Full_1_DEFAULT_6709,25,Enumerate,Standard,Full,1,DEFAULT,6709,Un-2-triple-15,UNKNOWN,0+,300.000,299.98,0.00,0.00,299.970
26_Enumerate_Standard_Full_2_DEFAULT_24419,26,Enumerate,Standard,Full,2,DEFAULT,24419,Un-2-triple-15,UNKNOWN,0+,300.000,299.98,0.00,0.00,299.983
28_Enumerate_Standard_Full_1_DEFAULT_11547,28,Enumerate,Standard,Full,1,DEFAULT,11547,Un-2-triple-15,UNKNOWN,0+,300.000,299.98,0.00,0.00,299.988
29_Enumerate_Standard_Full_2_DEFAULT_7260,29,Enumerate,Standard,Full,2,DEFAULT,7260,Un-2-triple-15,UNKNOWN,0+,300.000,299.98,0.00,0.00,299.976
2_Enumerate_Standard_Full_2_DEFAULT_4634,2,Enumerate,Standard,Full,2,DEFAULT,4634,Un-2-triple-15,UNKNOWN,0+,300.000,299.98,0.00,0.00,299.981
30_Enumerate_Standard_Full_3_DEFAULT_21865,30,Enumerate,Standard,Full,3,DEFAULT,21865,Un-2-triple-15,UNKNOWN,0+,300.000,299.98,0.00,0.00,299.983
31_Enumerate_Standard_Full_1_DEFAULT_16017,31,Enumerate,Standard,Full,1,DEFAULT,16017,Un-2-triple-15,UNKNOWN,0+,300.000,299.98,0.00,0.00,299.972
34_Enumerate_Standard_Full_1_DEFAULT_10456,34,Enumerate,Standard,Full,1,DEFAULT,10456,Un-2-triple-15,UNKNOWN,0+,300.000,299.98,0.00,0.00,299.982
35_Enumerate_Standard_Full_2_DEFAULT_25977,35,Enumerate,Standard,Full,2,DEFAULT,25977,Un-2-triple-15,UNKNOWN,0+,300.000,299.98,0.00,0.00,299.987
36_Enumerate_Standard_Full_3_DEFAULT_20418,36,Enumerate,Standard,Full,3,DEFAULT,20418,Un-2-triple-15,UNKNOWN,0+,300.000,299.98,0.00,0.00,299.978
37_Enumerate_Standard_Full_1_DEFAULT_3380,37,Enumerate,Standard,Full,1,DEFAULT,3380,Un-2-triple-15,UNKNOWN,0+,299.998,299.98,0.00,0.00,299.978
39_Enumerate_Standard_Full_3_DEFAULT_29743,39,Enumerate,Standard,Full,3,DEFAULT,29743,Un-2-triple-15,UNKNOWN,0+,300.000,299.98,0.00,0.00,299.991
3_Enumerate_Standard_Full_3_DEFAULT_16837,3,Enumerate,Standard,Full,3,DEFAULT,16837,Un-2-triple-15,UNKNOWN,0+,300.000,299.99,0.00,0.00,299.989
40_Enumerate_Standard_Full_1_DEFAULT_14157,40,Enumerate,Standard,Full,1,DEFAULT,14157,Un-2-triple-15,UNKNOWN,0+,300.000,299.99,0.00,0.00,299.990
42_Enumerate_Standard_Full_3_DEFAULT_3023,42,Enumerate,Standard,Full,3,DEFAULT,3023,Un-2-triple-15,UNKNOWN,0+,300.000,299.98,0.00,0.00,299.977
47_Enumerate_Standard_Full_2_DEFAULT_23256,47,Enumerate,Standard,Full,2,DEFAULT,23256,Un-2-triple-15,UNKNOWN,0+,300.000,299.98,0.00,0.00,299.992
49_Enumerate_Standard_Full_1_DEFAULT_6652,49,Enumerate,Standard,Full,1,DEFAULT,6652,Un-2-triple-15,UNKNOWN,0+,300.000,299.98,0.00,0.00,299.987
4_Enumerate_Standard_Full_1_DEFAULT_15262,4,Enumerate,Standard,Full,1,DEFAULT,15262,Un-2-triple-15,UNKNOWN,0+,300.000,299.98,0.00,0.00,299.990
52_Enumerate_Standard_Full_1_DEFAULT_759,52,Enumerate,Standard,Full,1,DEFAULT,759,Un-2-triple-15,UNKNOWN,0+,300.000,299.98,0.00,0.00,299.992
53_Enumerate_Standard_Full_2_DEFAULT_2001,53,Enumerate,Standard,Full,2,DEFAULT,2001,Un-2-triple-15,UNKNOWN,0+,300.000,299.99,0.00,0.00,299.993
55_Enumerate_Standard_Full_1_DEFAULT_2905,55,Enumerate,Standard,Full,1,DEFAULT,2905,Un-2-triple-15,UNKNOWN,0+,300.000,299.98,0.00,0.00,299.992
58_Enumerate_Standard_Full_1_DEFAULT_26985,58,Enumerate,Standard,Full,1,DEFAULT,26985,Un-2-triple-15,UNKNOWN,0+,300.000,299.98,0.00,0.00,299.975
59_Enumerate_Standard_Full_2_DEFAULT_16281,59,Enumerate,Standard,Full,2,DEFAULT,16281,Un-2-triple-15,UNKNOWN,0+,300.000,299.98,0.00,0.00,299.990
60_Enumerate_Standard_Full_3_DEFAULT_16345,60,Enumerate,Standard,Full,3,DEFAULT,16345,Un-2-triple-15,UNKNOWN,0+,300.000,299.98,0.00,0.00,299.987
65_Enumerate_Standard_Full_2_DEFAULT_26740,65,Enumerate,Standard,Full,2,DEFAULT,26740,Un-2-triple-15,UNKNOWN,0+,300.000,299.98,0.00,0.00,299.989
66_Enumerate_Standard_Full_3_DEFAULT_23583,66,Enumerate,Standard,Full,3,DEFAULT,23583,Un-2-triple-15,UNKNOWN,0+,300.000,299.98,0.00,0.00,299.992
67_Enumerate_Standard_Full_1_DEFAULT_17876,67,Enumerate,Standard,Full,1,DEFAULT,17876,Un-2-triple-15,UNKNOWN,0+,300.000,299.98,0.00,0.00,299.990
68_Enumerate_Standard_Full_2_DEFAULT_19383,68,Enumerate,Standard,Full,2,DEFAULT,19383,Un-2-triple-15,UNKNOWN,0+,300.000,299.98,0.00,0.00,299.988
69_Enumerate_Standard_Full_3_DEFAULT_7579,69,Enumerate,Standard,Full,3,DEFAULT,7579,Un-2-triple-15,UNKNOWN,0+,300.000,299.98,0.00,0.00,299.992
73_Enumerate_Standard_Full_1_DEFAULT_5107,73,Enumerate,Standard,Full,1,DEFAULT,5107,Un-2-triple-15,UNSATISFIABLE,0,135.795,135.78,0.00,135.78,135.791
77_Enumerate_Standard_Full_2_DEFAULT_12399,77,Enumerate,Standard,Full,2,DEFAULT,12399,Un-2-triple-15,UNKNOWN,0+,300.000,299.98,0.00,0.00,299.989
78_Enumerate_Standard_Full_3_DEFAULT_5812,78,Enumerate,Standard,Full,3,DEFAULT,5812,Un-2-triple-15,UNKNOWN,0+,300.000,299.98,0.00,0.00,299.992
79_Enumerate_Standard_Full_1_DEFAULT_21123,79,Enumerate,Standard,Full,1,DEFAULT,21123,Un-2-triple-15,UNKNOWN,0+,300.000,299.98,0.00,0.00,299.984
7_Enumerate_Standard_Full_1_DEFAULT_3718,7,Enumerate,Standard,Full,1,DEFAULT,3718,Un-2-triple-15,UNKNOWN,0+,300.000,299.98,0.00,0.00,299.993
82_Enumerate_Standard_Full_1_DEFAULT_26645,82,Enumerate,Standard,Full,1,DEFAULT,26645,Un-2-triple-15,UNKNOWN,0+,300.000,299.98,0.00,0.00,299.991
83_Enumerate_Standard_Full_2_DEFAULT_4448,83,Enumerate,Standard,Full,2,DEFAULT,4448,Un-2-triple-15,UNKNOWN,0+,300.000,299.98,0.00,0.00,299.991
84_Enumerate_Standard_Full_3_DEFAULT_12868,84,Enumerate,Standard,Full,3,DEFAULT,12868,Un-2-triple-15,UNKNOWN,0+,300.000,299.98,0.00,0.00,299.976
86_Enumerate_Standard_Full_2_DEFAULT_8467,86,Enumerate,Standard,Full,2,DEFAULT,8467,Un-2-triple-15,UNKNOWN,0+,300.000,299.98,0.00,0.00,299.988
87_Enumerate_Standard_Full_3_DEFAULT_14775,87,Enumerate,Standard,Full,3,DEFAULT,14775,Un-2-triple-15,UNKNOWN,0+,300.000,299.98,0.00,0.00,299.990
88_Enumerate_Standard_Full_1_DEFAULT_2212,88,Enumerate,Standard,Full,1,DEFAULT,2212,Un-2-triple-15,UNKNOWN,0+,300.000,299.98,0.00,0.00,299.989
89_Enumerate_Standard_Full_2_DEFAULT_9472,89,Enumerate,Standard,Full,2,DEFAULT,9472,Un-2-triple-15,UNKNOWN,0+,300.000,299.98,0.00,0.00,299.988
8_Enumerate_Standard_Full_2_DEFAULT_26796,8,Enumerate,Standard,Full,2,DEFAULT,26796,Un-2-triple-15,UNKNOWN,0+,300.000,299.98,0.00,0.00,299.991
91_Enumerate_Standard_Full_1_DEFAULT_13383,91,Enumerate,Standard,Full,1,DEFAULT,13383,Un-2-triple-15,UNKNOWN,0+,300.000,299.98,0.00,0.00,299.976
92_Enumerate_Standard_Full_2_DEFAULT_2517,92,Enumerate,Standard,Full,2,DEFAULT,2517,Un-2-triple-15,UNKNOWN,0+,300.000,299.98,0.00,0.00,299.989
93_Enumerate_Standard_Full_3_DEFAULT_20286,93,Enumerate,Standard,Full,3,DEFAULT,20286,Un-2-triple-15,UNKNOWN,0+,300.000,299.98,0.00,0.00,299.991
94_Enumerate_Standard_Full_1_DEFAULT_13727,94,Enumerate,Standard,Full,1,DEFAULT,13727,Un-2-triple-15,UNKNOWN,0+,300.000,299.98,0.00,0.00,299.993
95_Enumerate_Standard_Full_2_DEFAULT_15928,95,Enumerate,Standard,Full,2,DEFAULT,15928,Un-2-triple-15,UNKNOWN,0+,300.000,299.98,0.00,0.00,299.993
96_Enumerate_Standard_Full_3_DEFAULT_18316,96,Enumerate,Standard,Full,3,DEFAULT,18316,Un-2-triple-15,UNKNOWN,0+,300.000,299.98,0.00,0.00,299.993
98_Enumerate_Standard_Full_2_DEFAULT_32598,98,Enumerate,Standard,Full,2,DEFAULT,32598,Un-2-triple-15,UNKNOWN,0+,300.000,299.98,0.00,0.00,299.992
100_Enumerate_Standard_Full_1_DEFAULT_30414,100,Enumerate,Standard,Full,1,DEFAULT,30414,Un-2-triple-18,UNKNOWN,0+,300.000,299.97,0.00,0.00,299.993
101_Enumerate_Standard_Full_2_DEFAULT_7830,101,Enumerate,Standard,Full,2,DEFAULT,7830,Un-2-triple-18,UNKNOWN,0+,300.000,299.98,0.00,0.00,299.993
102_Enumerate_Standard_Full_3_DEFAULT_31417,102,Enumerate,Standard,Full,3,DEFAULT,31417,Un-2-triple-18,UNKNOWN,0+,300.000,299.98,0.00,0.00,299.983
103_Enumerate_Standard_Full_1_DEFAULT_31869,103,Enumerate,Standard,Full,1,DEFAULT,31869,Un-2-triple-18,UNKNOWN,0+,300.000,299.97,0.00,0.00,299.993
106_Enumerate_Standard_Full_1_DEFAULT_8543,106,Enumerate,Standard,Full,1,DEFAULT,8543,Un-2-triple-18,UNKNOWN,0+,300.000,299.97,0.00,0.00,299.993
107_Enumerate_Standard_Full_2_DEFAULT_12158,107,Enumerate,Standard,Full,2,DEFAULT,12158,Un-2-triple-18,UNKNOWN,0+,300.000,299.97,0.00,0.00,299.948
109_Enumerate_Standard_Full_1_DEFAULT_16687,109,Enumerate,Standard,Full,1,DEFAULT,16687,Un-2-triple-18,UNKNOWN,0+,300.000,299.98,0.00,0.00,299.992
111_Enumerate_Standard_Full_3_DEFAULT_21083,111,Enumerate,Standard,Full,3,DEFAULT,21083,Un-2-triple-18,UNKNOWN,0+,300.000,299.97,0.00,0.00,299.993
114_Enumerate_Standard_Full_3_DEFAULT_22154,114,Enumerate,Standard,Full,3,DEFAULT,22154,Un-2-triple-18,UNKNOWN,0+,300.000,299.98,0.00,0.00,299.991
115_Enumerate_Standard_Full_1_DEFAULT_16699,115,Enumerate,Standard,Full,1,DEFAULT,16699,Un-2-triple-18,UNKNOWN,0+,300.000,299.97,0.00,0.00,299.990
119_Enumerate_Standard_Full_2_DEFAULT_31792,119,Enumerate,Standard,Full,2,DEFAULT,31792,Un-2-triple-18,UNKNOWN,0+,300.000,299.97,0.00,0.00,299.993
11_Enumerate_Standard_Full_2_DEFAULT_21172,11,Enumerate,Standard,Full,2,DEFAULT,21172,Un-2-triple-18,UNKNOWN,0+,300.000,299.97,0.00,0.00,299.993
120_Enumerate_Standard_Full_3_DEFAULT_6602,120,Enumerate,Standard,Full,3,DEFAULT,6602,Un-2-triple-18,UNKNOWN,0+,300.000,299.97,0.00,0.00,299.994
13_Enumerate_Standard_Full_1_DEFAULT_29690,13,Enumerate,Standard,Full,1,DEFAULT,29690,Un-2-triple-18,UNKNOWN,0+,300.000,299.97,0.00,0.00,299.993
15_Enumerate_Standard_Full_3_DEFAULT_1743,15,Enumerate,Standard,Full,3,DEFAULT,1743,Un-2-triple-18,UNKNOWN,0+,300.000,299.97,0.00,0.00,299.988
16_Enumerate_Standard_Full_1_DEFAULT_26740,16,Enumerate,Standard,Full,1,DEFAULT,26740,Un-2-triple-18,UNKNOWN,0+,300.000,299.96,0.00,0.00,299.987
17_Enumerate_Standard_Full_2_DEFAULT_22856,17,Enumerate,Standard,Full,2,DEFAULT,22856,Un-2-triple-18,UNKNOWN,0+,300.000,299.98,0.00,0.00,299.991
19_Enumerate_Standard_Full_1_DEFAULT_6751,19,Enumerate,Standard,Full,1,DEFAULT,6751,Un-2-triple-18,UNKNOWN,0+,300.000,299.97,0.00,0.00,299.979
1_Enumerate_Standard_Full_1_DEFAULT_31681,1,Enumerate,Standard,Full,1,DEFAULT,31681,Un-2-triple-18,UNKNOWN,0+,300.000,299.97,0.00,0.00,299.993
22_Enumerate_Standard_Full_1_DEFAULT_16849,22,Enumerate,Standard,Full,1,DEFAULT,16849,Un-2-triple-18,UNKNOWN,0+,300.000,299.98,0.00,0.00,299.993
23_Enumerate_Standard_Full_2_DEFAULT_29843,23,Enumerate,Standard,Full,2,DEFAULT,29843,Un-2-triple-18,UNKNOWN,0+,300.000,299.97,0.00,0.00,299.981
24_Enumerate_Standard_Full_3_DEFAULT_8299,24,Enumerate,Standard,Full,3,DEFAULT,8299,Un-2-triple-18,UNKNOWN,0+,300.000,299.97,0.00,0.00,299.985
25_Enumerate_Standard_Full_1_DEFAULT_6709,25,Enumerate,Standard,Full,1,DEFAULT,6709,Un-2-triple-18,UNKNOWN,0+,300.000,299.97,0.00,0.00,299.982
26_Enumerate_Standard_Full_2_DEFAULT_24419,26,Enumerate,Standard,Full,2,DEFAULT,24419,Un-2-triple-18,UNKNOWN,0+,300.000,299.97,0.00,0.00,299.989
28_Enumerate_Standard_Full_1_DEFAULT_11547,28,Enumerate,Standard,Full,1,DEFAULT,11547,Un-2-triple-18,UNKNOWN,0+,300.000,299.97,0.00,0.00,299.988
29_Enumerate_Standard_Full_2_DEFAULT_7260,29,Enumerate,Standard,Full,2,DEFAULT,7260,Un-2-triple-18,UNKNOWN,0+,300.000,299.97,0.00,0.00,299.968
2_Enumerate_Standard_Full_2_DEFAULT_4634,2,Enumerate,Standard,Full,2,DEFAULT,4634,Un-2-triple-18,UNKNOWN,0+,300.000,299.97,0.00,0.00,299.980
30_Enumerate_Standard_Full_3_DEFAULT_21865,30,Enumerate,Standard,Full,3,DEFAULT,21865,Un-2-triple-18,UNKNOWN,0+,300.000,299.98,0.00,0.00,299.966
31_Enumerate_Standard_Full_1_DEFAULT_16017,31,Enumerate,Standard,Full,1,DEFAULT,16017,Un-2-triple-18,UNKNOWN,0+,300.000,299.97,0.00,0.00,299.994
34_Enumerate_Standard_Full_1_DEFAULT_10456,34,Enumerate,Standard,Full,1,DEFAULT,10456,Un-2-triple-18,UNKNOWN,0+,300.000,299.97,0.00,0.00,299.993
35_Enumerate_Standard_Full_2_DEFAULT_25977,35,Enumerate,Standard,Full,2,DEFAULT,25977,Un-2-triple-18,UNKNOWN,0+,300.000,299.97,0.00,0.00,299.993
36_Enumerate_Standard_Full_3_DEFAULT_20418,36,Enumerate,Standard,Full,3,DEFAULT,20418,Un-2-triple-18,UNKNOWN,0+,300.000,299.97,0.00,0.00,299.992
37_Enumerate_Standard_Full_1_DEFAULT_3380,37,Enumerate,Standard,Full,1,DEFAULT,3380,Un-2-triple-18,UNKNOWN,0+,300.000,299.97,0.00,0.00,299.992
39_Enumerate_Standard_Full_3_DEFAULT_29743,39,Enumerate,Standard,Full,3,DEFAULT,29743,Un-2-triple-18,UNKNOWN,0+,300.000,299.97,0.00,0.00,299.993
3_Enumerate_Standard_Full_3_DEFAULT_16837,3,Enumerate,Standard,Full,3,DEFAULT,16837,Un-2-triple-18,UNKNOWN,0+,300.000,299.97,0.00,0.00,299.993
40_Enumerate_Standard_Full_1_DEFAULT_14157,40,Enumerate,Standard,Full,1,DEFAULT,14157,Un-2-triple-18,UNKNOWN,0+,300.000,299.97,0.00,0.00,299.989
42_Enumerate_Standard_Full_3_DEFAULT_3023,42,Enumerate,Standard,Full,3,DEFAULT,3023,Un-2-triple-18,UNKNOWN,0+,300.000,299.97,0.00,0.00,299.993
47_Enumerate_Standard_Full_2_DEFAULT_23256,47,Enumerate,Standard,Full,2,DEFAULT,23256,Un-2-triple-18,UNKNOWN,0+,300.000,299.97,0.00,0.00,299.980
49_Enumerate_Standard_Full_1_DEFAULT_6652,49,Enumerate,Standard,Full,1,DEFAULT,6652,Un-2-triple-18,UNKNOWN,0+,300.000,299.97,0.00,0.00,299.993
4_Enumerate_Standard_Full_1_DEFAULT_15262,4,Enumerate,Standard,Full,1,DEFAULT,15262,Un-2-triple-18,UNKNOWN,0+,300.000,299.98,0.00,0.00,299.993
52_Enumerate_Standard_Full_1_DEFAULT_759,52,Enumerate,Standard,Full,1,DEFAULT,759,Un-2-triple-18,UNKNOWN,0+,300.000,299.97,0.00,0.00,299.992
53_Enumerate_Standard_Full_2_DEFAULT_2001,53,Enumerate,Standard,Full,2,DEFAULT,2001,Un-2-triple-18,UNKNOWN,0+,300.000,299.97,0.00,0.00,299.992
55_Enumerate_Standard_Full_1_DEFAULT_2905,55,Enumerate,Standard,Full,1,DEFAULT,2905,Un-2-triple-18,UNKNOWN,0+,300.000,299.97,0.00,0.00,299.983
58_Enumerate_Standard_Full_1_DEFAULT_26985,58,Enumerate,Standard,Full,1,DEFAULT,26985,Un-2-triple-18,UNKNOWN,0+,300.000,299.97,0.00,0.00,299.993
59_Enumerate_Standard_Full_2_DEFAULT_16281,59,Enumerate,Standard,Full,2,DEFAULT,16281,Un-2-triple-18,UNKNOWN,0+,300.000,299.97,0.00,0.00,299.993
60_Enumerate_Standard_Full_3_DEFAULT_16345,60,Enumerate,Standard,Full,3,DEFAULT,16345,Un-2-triple-18,UNKNOWN,0+,300.000,299.97,0.00,0.00,299.974
65_Enumerate_Standard_Full_2_DEFAULT_26740,65,Enumerate,Standard,Full,2,DEFAULT,26740,Un-2-triple-18,UNKNOWN,0+,300.000,299.97,0.00,0.00,299.990
66_Enumerate_Standard_Full_3_DEFAULT_23583,66,Enumerate,Standard,Full,3,DEFAULT,23583,Un-2-triple-18,UNKNOWN,0+,300.000,299.97,0.00,0.00,299.993
67_Enumerate_Standard_Full_1_DEFAULT_17876,67,Enumerate,Standard,Full,1,DEFAULT,17876,Un-2-triple-18,UNKNOWN,0+,300.000,299.97,0.00,0.00,299.993
68_Enumerate_Standard_Full_2_DEFAULT_19383,68,Enumerate,Standard,Full,2,DEFAULT,19383,Un-2-triple-18,UNKNOWN,0+,300.000,299.98,0.00,0.00,299.981
69_Enumerate_Standard_Full_3_DEFAULT_7579,69,Enumerate,Standard,Full,3,DEFAULT,7579,Un-2-triple-18,UNKNOWN,0+,300.000,299.97,0.00,0.00,299.966
73_Enumerate_Standard_Full_1_DEFAULT_5107,73,Enumerate,Standard,Full,1,DEFAULT,5107,Un-2-triple-18,UNKNOWN,0+,300.000,299.97,0.00,0.00,299.987
77_Enumerate_Standard_Full_2_DEFAULT_12399,77,Enumerate,Standard,Full,2,DEFAULT,12399,Un-2-triple-18,UNKNOWN,0+,300.000,299.96,0.00,0.00,299.981
78_Enumerate_Standard_Full_3_DEFAULT_5812,78,Enumerate,Standard,Full,3,DEFAULT,5812,Un-2-triple-18,UNKNOWN,0+,300.000,299.96,0.00,0.00,299.980
79_Enumerate_Standard_Full_1_DEFAULT_21123,79,Enumerate,Standard,Full,1,DEFAULT,21123,Un-2-triple-18,UNKNOWN,0+,300.000,299.96,0.00,0.00,299.989
7_Enumerate_Standard_Full_1_DEFAULT_3718,7,Enumerate,Standard,Full,1,DEFAULT,3718,Un-2-triple-18,UNKNOWN,0+,300.000,299.97,0.00,0.00,299.989
82_Enumerate_Standard_Full_1_DEFAULT_26645,82,Enumerate,Standard,Full,1,DEFAULT,26645,Un-2-triple-18,UNKNOWN,0+,300.000,299.96,0.00,0.00,299.949
83_Enumerate_Standard_Full_2_DEFAULT_4448,83,Enumerate,Standard,Full,2,DEFAULT,4448,Un-2-triple-18,UNKNOWN,0+,300.000,299.96,0.00,0.00,299.993
84_Enumerate_Standard_Full_3_DEFAULT_12868,84,Enumerate,Standard,Full,3,DEFAULT,12868,Un-2-triple-18,UNKNOWN,0+,300.000,299.97,0.00,0.00,299.991
86_Enumerate_Standard_Full_2_DEFAULT_8467,86,Enumerate,Standard,Full,2,DEFAULT,8467,Un-2-triple-18,UNKNOWN,0+,300.000,299.97,0.00,0.00,299.993
87_Enumerate_Standard_Full_3_DEFAULT_14775,87,Enumerate,Standard,Full,3,DEFAULT,14775,Un-2-triple-18,UNKNOWN,0+,300.000,299.98,0.00,0.00,299.991
88_Enumerate_Standard_Full_1_DEFAULT_2212,88,Enumerate,Standard,Full,1,DEFAULT,2212,Un-2-triple-18,UNKNOWN,0+,300.000,299.98,0.00,0.00,299.992
89_Enumerate_Standard_Full_2_DEFAULT_9472,89,Enumerate,Standard,Full,2,DEFAULT,9472,Un-2-triple-18,UNKNOWN,0+,300.000,299.98,0.00,0.00,299.989
8_Enumerate_Standard_Full_2_DEFAULT_26796,8,Enumerate,Standard,Full,2,DEFAULT,26796,Un-2-triple-18,UNKNOWN,0+,300.000,299.96,0.00,0.00,299.988
91_Enumerate_Standard_Full_1_DEFAULT_13383,91,Enumerate,Standard,Full,1,DEFAULT,13383,Un-2-triple-18,UNKNOWN,0+,300.000,299.97,0.00,0.00,299.994
92_Enumerate_Standard_Full_2_DEFAULT_2517,92,Enumerate,Standard,Full,2,DEFAULT,2517,Un-2-triple-18,UNKNOWN,0+,300.000,299.96,0.00,0.00,299.990
93_Enumerate_Standard_Full_3_DEFAULT_20286,93,Enumerate,Standard,Full,3,DEFAULT,20286,Un-2-triple-18,UNKNOWN,0+,300.000,299.97,0.00,0.00,299.994
94_Enumerate_Standard_Full_1_DEFAULT_13727,94,Enumerate,Standard,Full,1,DEFAULT,13727,Un-2-triple-18,UNKNOWN,0+,300.000,299.97,0.00,0.00,299.994
95_Enumerate_Standard_Full_2_DEFAULT_15928,95,Enumerate,Standard,Full,2,DEFAULT,15928,Un-2-triple-18,UNKNOWN,0+,300.000,299.97,0.00,0.00,299.994
96_Enumerate_Standard_Full_3_DEFAULT_18316,96,Enumerate,Standard,Full,3,DEFAULT,18316,Un-2-triple-18,UNKNOWN,0+,300.000,299.97,0.00,0.00,299.994
98_Enumerate_Standard_Full_2_DEFAULT_32598,98,Enumerate,Standard,Full,2,DEFAULT,32598,Un-2-triple-18,UNKNOWN,0+,300.000,299.97,0.00,0.00,299.993
100_Enumerate_Standard_Full_1_DEFAULT_30414,100,Enumerate,Standard,Full,1,DEFAULT,30414,Un-2-triple-9,UNSATISFIABLE,0,0.584,0.58,0.00,0.58,0.584
101_Enumerate_Standard_Full_2_DEFAULT_7830,101,Enumerate,Standard,Full,2,DEFAULT,7830,Un-2-triple-9,UNSATISFIABLE,0,0.186,0.18,0.00,0.18,0.186
102_Enumerate_Standard_Full_3_DEFAULT_31417,102,Enumerate,Standard,Full,3,DEFAULT,31417,Un-2-triple-9,UNSATISFIABLE,0,0.068,0.06,0.00,0.06,0.068
103_Enumerate_Standard_Full_1_DEFAULT_31869,103,Enumerate,Standard,Full,1,DEFAULT,31869,Un-2-triple-9,UNSATISFIABLE,0,0.098,0.09,0.00,0.09,0.098
106_Enumerate_Standard_Full_1_DEFAULT_8543,106,Enumerate,Standard,Full,1,DEFAULT,8543,Un-2-triple-9,UNSATISFIABLE,0,0.119,0.11,0.00,0.11,0.119
107_Enumerate_Standard_Full_2_DEFAULT_12158,107,Enumerate,Standard,Full,2,DEFAULT,12158,Un-2-triple-9,UNSATISFIABLE,0,0.458,0.45,0.00,0.45,0.458
109_Enumerate_Standard_Full_1_DEFAULT_16687,109,Enumerate,Standard,Full,1,DEFAULT,16687,Un-2-triple-9,UNSATISFIABLE,0,4.422,4.42,0.00,4.42,4.422
111_Enumerate_Standard_Full_3_DEFAULT_21083,111,Enumerate,Standard,Full,3,DEFAULT,21083,Un-2-triple-9,UNSATISFIABLE,0,0.067,0.06,0.00,0.06,0.067
114_Enumerate_Standard_Full_3_DEFAULT_22154,114,Enumerate,Standard,Full,3,DEFAULT,22154,Un-2-triple-9,UNSATISFIABLE,0,0.579,0.57,0.00,0.57,0.579
115_Enumerate_Standard_Full_1_DEFAULT_16699,115,Enumerate,Standard,Full,1,DEFAULT,16699,Un-2-triple-9,UNSATISFIABLE,0,0.342,0.33,0.00,0.33,0.342
119_Enumerate_Standard_Full_2_DEFAULT_31792,119,Enumerate,Standard,Full,2,DEFAULT,31792,Un-2-triple-9,UNSATISFIABLE,0,0.049,0.04,0.00,0.04,0.049
11_Enumerate_Standard_Full_2_DEFAULT_21172,11,Enumerate,Standard,Full,2,DEFAULT,21172,Un-2-triple-9,UNSATISFIABLE,0,0.611,0.60,0.00,0.60,0.611
120_Enumerate_Standard_Full_3_DEFAULT_6602,120,Enumerate,Standard,Full,3,DEFAULT,6602,Un-2-triple-9,UNSATISFIABLE,0,0.152,0.15,0.00,0.15,0.151
13_Enumerate_Standard_Full_1_DEFAULT_29690,13,Enumerate,Standard,Full,1,DEFAULT,29690,Un-2-triple-9,UNSATISFIABLE,0,0.361,0.36,0.00,0.36,0.361
15_Enumerate_Standard_Full_3_DEFAULT_1743,15,Enumerate,Standard,Full,3,DEFAULT,1743,Un-2-triple-9,UNSATISFIABLE,0,0.443,0.44,0.00,0.44,0.443
16_Enumerate_Standard_Full_1_DEFAULT_26740,16,Enumerate,Standard,Full,1,DEFAULT,26740,Un-2-triple-9,UNSATISFIABLE,0,0.385,0.38,0.00,0.38,0.385
17_Enumerate_Standard_Full_2_DEFAULT_22856,17,Enumerate,Standard,Full,2,DEFAULT,22856,Un-2-triple-9,UNSATISFIABLE,0,0.460,0.45,0.00,0.45,0.460
19_Enumerate_Standard_Full_1_DEFAULT_6751,19,Enumerate,Standard,Full,1,DEFAULT,6751,Un-2-triple-9,UNSATISFIABLE,0,0.900,0.89,0.00,0.89,0.900
1_Enumerate_Standard_Full_1_DEFAULT_31681,1,Enumerate,Standard,Full,1,DEFAULT,31681,Un-2-triple-9,UNSATISFIABLE,0,0.392,0.39,0.00,0.39,0.392
22_Enumerate_Standard_Full_1_DEFAULT_16849,22,Enumerate,Standard,Full,1,DEFAULT,16849,Un-2-triple-9,UNSATISFIABLE,0,0.576,0.57,0.00,0.57,0.576
23_Enumerate_Standard_Full_2_DEFAULT_29843,23,Enumerate,Standard,Full,2,DEFAULT,29843,Un-2-triple-9,UNSATISFIABLE,0,0.115,0.11,0.00,0.11,0.115
24_Enumerate_Standard_Full_3_DEFAULT_8299,24,Enumerate,Standard,Full,3,DEFAULT,8299,Un-2-triple-9,UNSATISFIABLE,0,0.108,0.10,0.00,0.10,0.108
25_Enumerate_Standard_Full_1_DEFAULT_6709,25,Enumerate,Standard,Full,1,DEFAULT,6709,Un-2-triple-9,UNSATISFIABLE,0,0.251,0.24,0.00,0.24,0.251
26_Enumerate_Standard_Full_2_DEFAULT_24419,26,Enumerate,Standard,Full,2,DEFAULT,24419,Un-2-triple-9,UNSATISFIABLE,0,0.436,0.43,0.00,0.43,0.436
28_Enumerate_Standard_Full_1_DEFAULT_11547,28,Enumerate,Standard,Full,1,DEFAULT,11547,Un-2-triple-9,UNSATISFIABLE,0,1.200,1.19,0.00,1.19,1.200
29_Enumerate_Standard_Full_2_DEFAULT_7260,29,Enumerate,Standard,Full,2,DEFAULT,7260,Un-2-triple-9,UNSATISFIABLE,0,0.232,0.22,0.00,0.22,0.232
2_Enumerate_Standard_Full_2_DEFAULT_4634,2,Enumerate,Standard,Full,2,DEFAULT,4634,Un-2-triple-9,UNSATISFIABLE,0,4.919,4.91,0.00,4.91,4.919
30_Enumerate_Standard_Full_3_DEFAULT_21865,30,Enumerate,Standard,Full,3,DEFAULT,21865,Un-2-triple-9,UNSATISFIABLE,0,0.106,0.10,0.00,0.10,0.106
31_Enumerate_Standard_Full_1_DEFAULT_16017,31,Enumerate,Standard,Full,1,DEFAULT,16017,Un-2-triple-9,UNSATISFIABLE,0,0.949,0.94,0.00,0.94,0.949
34_Enumerate_Standard_Full_1_DEFAULT_10456,34,Enumerate,Standard,Full,1,DEFAULT,10456,Un-2-triple-9,UNSATISFIABLE,0,0.861,0.86,0.00,0.86,0.861
35_Enumerate_Standard_Full_2_DEFAULT_25977,35,Enumerate,Standard,Full,2,DEFAULT,25977,Un-2-triple-9,UNSATISFIABLE,0,0.562,0.56,0.00,0.56,0.562
36_Enumerate_Standard_Full_3_DEFAULT_20418,36,Enumerate,Standard,Full,3,DEFAULT,20418,Un-2-triple-9,UNSATISFIABLE,0,0.348,0.34,0.00,0.34,0.348
37_Enumerate_Standard_Full_1_DEFAULT_3380,37,Enumerate,Standard,Full,1,DEFAULT,3380,Un-2-triple-9,UNSATISFIABLE,0,0.685,0.68,0.00,0.68,0.685
39_Enumerate_Standard_Full_3_DEFAULT_29743,39,Enumerate,Standard,Full,3,DEFAULT,29743,Un-2-triple-9,UNSATISFIABLE,0,0.240,0.23,0.00,0.23,0.240
3_Enumerate_Standard_Full_3_DEFAULT_16837,3,Enumerate,Standard,Full,3,DEFAULT,16837,Un-2-triple-9,UNSATISFIABLE,0,0.175,0.17,0.00,0.17,0.175
40_Enumerate_Standard_Full_1_DEFAULT_14157,40,Enumerate,Standard,Full,1,DEFAULT,14157,Un-2-triple-9,UNSATISFIABLE,0,0.649,0.64,0.00,0.64,0.649
42_Enumerate_Standard_Full_3_DEFAULT_3023,42,Enumerate,Standard,Full,3,DEFAULT,3023,Un-2-triple-9,UNSATISFIABLE,0,0.329,0.32,0.00,0.32,0.329
47_Enumerate_Standard_Full_2_DEFAULT_23256,47,Enumerate,Standard,Full,2,DEFAULT,23256,Un-2-triple-9,UNSATISFIABLE,0,0.979,0.97,0.00,0.97,0.979
49_Enumerate_Standard_Full_1_DEFAULT_6652,49,Enumerate,Standard,Full,1,DEFAULT,6652,Un-2-triple-9,UNSATISFIABLE,0,0.445,0.44,0.00,0.44,0.445
4_Enumerate_Standard_Full_1_DEFAULT_15262,4,Enumerate,Standard,Full,1,DEFAULT,15262,Un-2-triple-9,UNSATISFIABLE,0,0.594,0.59,0.00,0.59,0.594
52_Enumerate_Standard_Full_1_DEFAULT_759,52,Enumerate,Standard,Full,1,DEFAULT,759,Un-2-triple-9,UNSATISFIABLE,0,0.830,0.83,0.00,0.83,0.830
53_Enumerate_Standard_Full_2_DEFAULT_2001,53,Enumerate,Standard,Full,2,DEFAULT,2001,Un-2-triple-9,UNSATISFIABLE,0,0.396,0.39,0.00,0.39,0.392
55_Enumerate_Standard_Full_1_DEFAULT_2905,55,Enumerate,Standard,Full,1,DEFAULT,2905,Un-2-triple-9,UNSATISFIABLE,0,1.187,1.18,0.00,1.18,1.187
58_Enumerate_Standard_Full_1_DEFAULT_26985,58,Enumerate,Standard,Full,1,DEFAULT,26985,Un-2-triple-9,UNSATISFIABLE,0,0.198,0.19,0.00,0.19,0.198
59_Enumerate_Standard_Full_2_DEFAULT_16281,59,Enumerate,Standard,Full,2,DEFAULT,16281,Un-2-triple-9,UNSATISFIABLE,0,0.168,0.16,0.00,0.16,0.168
60_Enumerate_Standard_Full_3_DEFAULT_16345,60,Enumerate,Standard,Full,3,DEFAULT,16345,Un-2-triple-9,UNSATISFIABLE,0,0.388,0.38,0.00,0.38,0.387
65_Enumerate_Standard_Full_2_DEFAULT_26740,65,Enumerate,Standard,Full,2,DEFAULT,26740,Un-2-triple-9,UNSATISFIABLE,0,0.167,0.16,0.00,0.16,0.167
66_Enumerate_Standard_Full_3_DEFAULT_23583,66,Enumerate,Standard,Full,3,DEFAULT,23583,Un-2-triple-9,UNSATISFIABLE,0,0.568,0.56,0.00,0.56,0.568
67_Enumerate_Standard_Full_1_DEFAULT_17876,67,Enumerate,Standard,Full,1,DEFAULT,17876,Un-2-triple-9,UNSATISFIABLE,0,0.549,0.54,0.00,0.54,0.549
68_Enumerate_Standard_Full_2_DEFAULT_19383,68,Enumerate,Standard,Full,2,DEFAULT,19383,Un-2-triple-9,UNSATISFIABLE,0,0.636,0.63,0.00,0.63,0.636
69_Enumerate_Standard_Full_3_DEFAULT_7579,69,Enumerate,Standard,Full,3,DEFAULT,7579,Un-2-triple-9,UNSATISFIABLE,0,0.067,0.06,0.00,0.06,0.067
73_Enumerate_Standard_Full_1_DEFAULT_5107,73,Enumerate,Standard,Full,1,DEFAULT,5107,Un-2-triple-9,UNSATISFIABLE,0,0.024,0.02,0.00,0.02,0.024
77_Enumerate_Standard_Full_2_DEFAULT_12399,77,Enumerate,Standard,Full,2,DEFAULT,12399,Un-2-triple-9,UNSATISFIABLE,0,0.141,0.14,0.00,0.14,0.141
78_Enumerate_Standard_Full_3_DEFAULT_5812,78,Enumerate,Standard,Full,3,DEFAULT,5812,Un-2-triple-9,UNSATISFIABLE,0,0.572,0.57,0.00,0.57,0.572
79_Enumerate_Standard_Full_1_DEFAULT_21123,79,Enumerate,Standard,Full,1,DEFAULT,21123,Un-2-triple-9,UNSATISFIABLE,0,0.629,0.62,0.00,0.62,0.629
7_Enumerate_Standard_Full_1_DEFAULT_3718,7,Enumerate,Standard,Full,1,DEFAULT,3718,Un-2-triple-9,UNSATISFIABLE,0,0.548,0.54,0.00,0.54,0.548
82_Enumerate_Standard_Full_1_DEFAULT_26645,82,Enumerate,Standard,Full,1,DEFAULT,26645,Un-2-triple-9,UNSATISFIABLE,0,0.745,0.74,0.00,0.74,0.745
83_Enumerate_Standard_Full_2_DEFAULT_4448,83,Enumerate,Standard,Full,2,DEFAULT,4448,Un-2-triple-9,UNSATISFIABLE,0,0.135,0.13,0.00,0.13,0.135
84_Enumerate_Standard_Full_3_DEFAULT_12868,84,Enumerate,Standard,Full,3,DEFAULT,12868,Un-2-triple-9,UNSATISFIABLE,0,0.650,0.64,0.00,0.64,0.650
86_Enumerate_Standard_Full_2_DEFAULT_8467,86,Enumerate,Standard,Full,2,DEFAULT,8467,Un-2-triple-9,UNSATISFIABLE,0,0.233,0.23,0.00,0.23,0.233
87_Enumerate_Standard_Full_3_DEFAULT_14775,87,Enumerate,Standard,Full,3,DEFAULT,14775,Un-2-triple-9,UNSATISFIABLE,0,0.083,0.08,0.00,0.08,0.083
88_Enumerate_Standard_Full_1_DEFAULT_2212,88,Enumerate,Standard,Full,1,DEFAULT,2212,Un-2-triple-9,UNSATISFIABLE,0,0.555,0.55,0.00,0.55,0.555
89_Enumerate_Standard_Full_2_DEFAULT_9472,89,Enumerate,Standard,Full,2,DEFAULT,9472,Un-2-triple-9,UNSATISFIABLE,0,0.104,0.10,0.00,0.10,0.104
8_Enumerate_Standard_Full_2_DEFAULT_26796,8,Enumerate,Standard,Full,2,DEFAULT,26796,Un-2-triple-9,UNSATISFIABLE,0,0.553,0.55,0.00,0.55,0.553
91_Enumerate_Standard_Full_1_DEFAULT_13383,91,Enumerate,Standard,Full,1,DEFAULT,13383,Un-2-triple-9,UNSATISFIABLE,0,0.525,0.52,0.00,0.52,0.525
92_Enumerate_Standard_Full_2_DEFAULT_2517,92,Enumerate,Standard,Full,2,DEFAULT,2517,Un-2-triple-9,UNSATISFIABLE,0,0.179,0.17,0.00,0.17,0.179
93_Enumerate_Standard_Full_3_DEFAULT_20286,93,Enumerate,Standard,Full,3,DEFAULT,20286,Un-2-triple-9,UNSATISFIABLE,0,0.413,0.41,0.00,0.41,0.413
94_Enumerate_Standard_Full_1_DEFAULT_13727,94,Enumerate,Standard,Full,1,DEFAULT,13727,Un-2-triple-9,UNSATISFIABLE,0,0.318,0.31,0.00,0.31,0.318
95_Enumerate_Standard_Full_2_DEFAULT_15928,95,Enumerate,Standard,Full,2,DEFAULT,15928,Un-2-triple-9,UNSATISFIABLE,0,0.422,0.42,0.00,0.42,0.422
96_Enumerate_Standard_Full_3_DEFAULT_18316,96,Enumerate,Standard,Full,3,DEFAULT,18316,Un-2-triple-9,UNSATISFIABLE,0,0.156,0.15,0.00,0.15,0.156
98_Enumerate_Standard_Full_2_DEFAULT_32598,98,Enumerate,Standard,Full,2,DEFAULT,32598,Un-2-triple-9,UNSATISFIABLE,0,0.151,0.14,0.00,0.14,0.151
100_Enumerate_Standard_Full_1_DEFAULT_30414,100,Enumerate,Standard,Full,1,DEFAULT,30414,Un-2-triple-12,UNKNOWN,0+,300.000,299.99,0.00,0.00,299.993
101_Enumerate_Standard_Full_2_DEFAULT_7830,101,Enumerate,Standard,Full,2,DEFAULT,7830,Un-2-triple-12,UNSATISFIABLE,0,238.787,238.78,0.00,238.78,238.781
102_Enumerate_Standard_Full_3_DEFAULT_31417,102,Enumerate,Standard,Full,3,DEFAULT,31417,Un-2-triple-12,UNSATISFIABLE,0,256.569,256.56,0.00,256.56,256.516
103_Enumerate_Standard_Full_1_DEFAULT_31869,103,Enumerate,Standard,Full,1,DEFAULT,31869,Un-2-triple-12,UNKNOWN,0+,300.000,299.99,0.00,0.00,299.972
106_Enumerate_Standard_Full_1_DEFAULT_8543,106,Enumerate,Standard,Full,1,DEFAULT,8543,Un-2-triple-12,UNKNOWN,0+,300.000,299.99,0.00,0.00,299.970
107_Enumerate_Standard_Full_2_DEFAULT_12158,107,Enumerate,Standard,Full,2,DEFAULT,12158,Un-2-triple-12,UNKNOWN,0+,300.000,299.99,0.00,0.00,299.986
109_Enumerate_Standard_Full_1_DEFAULT_16687,109,Enumerate,Standard,Full,1,DEFAULT,16687,Un-2-triple-12,UNKNOWN,0+,300.000,299.99,0.00,0.00,299.983
111_Enumerate_Standard_Full_3_DEFAULT_21083,111,Enumerate,Standard,Full,3,DEFAULT,21083,Un-2-triple-12,UNSATISFIABLE,0,120.721,120.71,0.00,120.71,120.717
114_Enumerate_Standard_Full_3_DEFAULT_22154,114,Enumerate,Standard,Full,3,DEFAULT,22154,Un-2-triple-12,UNKNOWN,0+,300.000,299.99,0.00,0.00,299.979
115_Enumerate_Standard_Full_1_DEFAULT_16699,115,Enumerate,Standard,Full,1,DEFAULT,16699,Un-2-triple-12,UNSATISFIABLE,0,139.893,139.88,0.00,139.88,139.889
119_Enumerate_Standard_Full_2_DEFAULT_31792,119,Enumerate,Standard,Full,2,DEFAULT,31792,Un-2-triple-12,UNSATISFIABLE,0,94.084,94.07,0.00,94.07,94.082
11_Enumerate_Standard_Full_2_DEFAULT_21172,11,Enumerate,Standard,Full,2,DEFAULT,21172,Un-2-triple-12,UNKNOWN,0+,300.000,299.99,0.00,0.00,299.989
120_Enumerate_Standard_Full_3_DEFAULT_6602,120,Enumerate,Standard,Full,3,DEFAULT,6602,Un-2-triple-12,UNKNOWN,0+,300.000,299.99,0.00,0.00,299.987
13_Enumerate_Standard_Full_1_DEFAULT_29690,13,Enumerate,Standard,Full,1,DEFAULT,29690,Un-2-triple-12,UNSATISFIABLE,0,89.261,89.25,0.00,89.25,89.257
15_Enumerate_Standard_Full_3_DEFAULT_1743,15,Enumerate,Standard,Full,3,DEFAULT,1743,Un-2-triple-12,UNKNOWN,0+,300.000,299.99,0.00,0.00,299.992
16_Enumerate_Standard_Full_1_DEFAULT_26740,16,Enumerate,Standard,Full,1,DEFAULT,26740,Un-2-triple-12,UNSATISFIABLE,0,108.052,108.04,0.00,108.04,108.047
17_Enumerate_Standard_Full_2_DEFAULT_22856,17,Enumerate,Standard,Full,2,DEFAULT,22856,Un-2-triple-12,UNKNOWN,0+,300.000,299.99,0.00,0.00,299.980
19_Enumerate_Standard_Full_1_DEFAULT_6751,19,Enumerate,Standard,Full,1,DEFAULT,6751,Un-2-triple-12,UNKNOWN,0+,300.000,299.99,0.00,0.00,299.989
1_Enumerate_Standard_Full_1_DEFAULT_31681,1,Enumerate,Standard,Full,1,DEFAULT,31681,Un-2-triple-12,UNKNOWN,0+,300.000,299.99,0.00,0.00,299.985
22_Enumerate_Standard_Full_1_DEFAULT_16849,22,Enumerate,Standard,Full,1,DEFAULT,16849,Un-2-triple-12,UNKNOWN,0+,300.000,299.99,0.00,0.00,299.992
23_Enumerate_Standard_Full_2_DEFAULT_29843,23,Enumerate,Standard,Full,2,DEFAULT,29843,Un-2-triple-12,UNKNOWN,0+,300.000,299.99,0.00,0.00,299.987
24_Enumerate_Standard_Full_3_DEFAULT_8299,24,Enumerate,Standard,Full,3,DEFAULT,8299,Un-2-triple-12,UNKNOWN,0+,300.000,299.99,0.00,0.00,299.983
25_Enumerate_Standard_Full_1_DEFAULT_6709,25,Enumerate,Standard,Full,1,DEFAULT,6709,Un-2-triple-12,UNSATISFIABLE,0,31.458,31.45,0.00,31.45,31.456
26_Enumerate_Standard_Full_2_DEFAULT_24419,26,Enumerate,Standard,Full,2,DEFAULT,24419,Un-2-triple-12,UNSATISFIABLE,0,248.733,248.72,0.00,248.72,248.727
28_Enumerate_Standard_Full_1_DEFAULT_11547,28,Enumerate,Standard,Full,1,DEFAULT,11547,Un-2-triple-12,UNKNOWN,0+,300.000,299.99,0.00,0.00,299.985
29_Enumerate_Standard_Full_2_DEFAULT_7260,29,Enumerate,Standard,Full,2,DEFAULT,7260,Un-2-triple-12,UNKNOWN,0+,300.000,299.99,0.00,0.00,299.992
2_Enumerate_Standard_Full_2_DEFAULT_4634,2,Enumerate,Standard,Full,2,DEFAULT,4634,Un-2-triple-12,UNSATISFIABLE,0,15.906,15.90,0.00,15.90,15.906
30_Enumerate_Standard_Full_3_DEFAULT_21865,30,Enumerate,Standard,Full,3,DEFAULT,21865,Un-2-triple-12,UNKNOWN,0+,300.000,299.99,0.00,0.00,299.990
31_Enumerate_Standard_Full_1_DEFAULT_16017,31,Enumerate,Standard,Full,1,DEFAULT,16017,Un-2-triple-12,UNKNOWN,0+,300.000,299.99,0.00,0.00,299.985
34_Enumerate_Standard_Full_1_DEFAULT_10456,34,Enumerate,Standard,Full,1,DEFAULT,10456,Un-2-triple-12,UNKNOWN,0+,300.000,299.99,0.00,0.00,299.991
35_Enumerate_Standard_Full_2_DEFAULT_25977,35,Enumerate,Standard,Full,2,DEFAULT,25977,Un-2-triple-12,UNKNOWN,0+,300.000,299.99,0.00,0.00,299.986
36_Enumerate_Standard_Full_3_DEFAULT_20418,36,Enumerate,Standard,Full,3,DEFAULT,20418,Un-2-triple-12,UNKNOWN,0+,300.000,299.99,0.00,0.00,299.988
37_Enumerate_Standard_Full_1_DEFAULT_3380,37,Enumerate,Standard,Full,1,DEFAULT,3380,Un-2-triple-12,UNKNOWN,0+,300.000,299.99,0.00,0.00,299.988
39_Enumerate_Standard_Full_3_DEFAULT_29743,39,Enumerate,Standard,Full,3,DEFAULT,29743,Un-2-triple-12,UNSATISFIABLE,0,292.076,292.07,0.00,292.07,292.057
3_Enumerate_Standard_Full_3_DEFAULT_16837,3,Enumerate,Standard,Full,3,DEFAULT,16837,Un-2-triple-12,UNKNOWN,0+,300.000,299.99,0.00,0.00,299.990
40_Enumerate_Standard_Full_1_DEFAULT_14157,40,Enumerate,Standard,Full,1,DEFAULT,14157,Un-2-triple-12,UNKNOWN,0+,300.000,299.99,0.00,0.00,299.985
42_Enumerate_Standard_Full_3_DEFAULT_3023,42,Enumerate,Standard,Full,3,DEFAULT,3023,Un-2-triple-12,UNSATISFIABLE,0,184.818,184.81,0.00,184.81,184.796
47_Enumerate_Standard_Full_2_DEFAULT_23256,47,Enumerate,Standard,Full,2,DEFAULT,23256,Un-2-triple-12,UNKNOWN,0+,300.000,299.99,0.00,0.00,299.989
49_Enumerate_Standard_Full_1_DEFAULT_6652,49,Enumerate,Standard,Full,1,DEFAULT,6652,Un-2-triple-12,UNKNOWN,0+,300.000,299.99,0.00,0.00,299.987
4_Enumerate_Standard_Full_1_DEFAULT_15262,4,Enumerate,Standard,Full,1,DEFAULT,15262,Un-2-triple-12,UNSATISFIABLE,0,276.027,276.02,0.00,276.02,276.019
52_Enumerate_Standard_Full_1_DEFAULT_759,52,Enumerate,Standard,Full,1,DEFAULT,759,Un-2-triple-12,UNKNOWN,0+,300.000,299.99,0.00,0.00,299.992
53_Enumerate_Standard_Full_2_DEFAULT_2001,53,Enumerate,Standard,Full,2,DEFAULT,2001,Un-2-triple-12,UNSATISFIABLE,0,94.470,94.46,0.00,94.46,94.468
55_Enumerate_Standard_Full_1_DEFAULT_2905,55,Enumerate,Standard,Full,1,DEFAULT,2905,Un-2-triple-12,UNKNOWN,0+,300.000,299.99,0.00,0.00,299.992
58_Enumerate_Standard_Full_1_DEFAULT_26985,58,Enumerate,Standard,Full,1,DEFAULT,26985,Un-2-triple-12,UNSATISFIABLE,0,13.549,13.54,0.00,13.54,13.548
59_Enumerate_Standard_Full_2_DEFAULT_16281,59,Enumerate,Standard,Full,2,DEFAULT,16281,Un-2-triple-12,UNSATISFIABLE,0,86.834,86.83,0.00,86.83,86.831
60_Enumerate_Standard_Full_3_DEFAULT_16345,60,Enumerate,Standard,Full,3,DEFAULT,16345,Un-2-triple-12,UNKNOWN,0+,300.000,299.99,0.00,0.00,299.992
65_Enumerate_Standard_Full_2_DEFAULT_26740,65,Enumerate,Standard,Full,2,DEFAULT,26740,Un-2-triple-12,UNSATISFIABLE,0,220.445,220.43,0.00,220.43,220.439
66_Enumerate_Standard_Full_3_DEFAULT_23583,66,Enumerate,Standard,Full,3,DEFAULT,23583,Un-2-triple-12,UNKNOWN,0+,300.000,299.99,0.00,0.00,299.975
67_Enumerate_Standard_Full_1_DEFAULT_17876,67,Enumerate,Standard,Full,1,DEFAULT,17876,Un-2-triple-12,UNKNOWN,0+,300.000,299.99,0.00,0.00,299.965
68_Enumerate_Standard_Full_2_DEFAULT_19383,68,Enumerate,Standard,Full,2,DEFAULT,19383,Un-2-triple-12,UNKNOWN,0+,300.000,299.99,0.00,0.00,299.977
69_Enumerate_Standard_Full_3_DEFAULT_7579,69,Enumerate,Standard,Full,3,DEFAULT,7579,Un-2-triple-12,UNSATISFIABLE,0,294.076,294.06,0.00,294.06,294.059
73_Enumerate_Standard_Full_1_DEFAULT_5107,73,Enumerate,Standard,Full,1,DEFAULT,5107,Un-2-triple-12,UNSATISFIABLE,0,1.595,1.58,0.00,1.58,1.595
77_Enumerate_Standard_Full_2_DEFAULT_12399,77,Enumerate,Standard,Full,2,DEFAULT,12399,Un-2-triple-12,UNSATISFIABLE,0,21.652,21.64,0.00,21.64,21.652
78_Enumerate_Standard_Full_3_DEFAULT_5812,78,Enumerate,Standard,Full,3,DEFAULT,5812,Un-2-triple-12,UNKNOWN,0+,300.000,299.99,0.00,0.00,299.984
79_Enumerate_Standard_Full_1_DEFAULT_21123,79,Enumerate,Standard,Full,1,DEFAULT,21123,Un-2-triple-12,UNKNOWN,0+,300.000,299.99,0.00,0.00,299.983
7_Enumerate_Standard_Full_1_DEFAULT_3718,7,Enumerate,Standard,Full,1,DEFAULT,3718,Un-2-triple-12,UNKNOWN,0+,300.000,299.99,0.00,0.00,299.987
82_Enumerate_Standard_Full_1_DEFAULT_26645,82,Enumerate,Standard,Full,1,DEFAULT,26645,Un-2-triple-12,UNSATISFIABLE,0,15.715,15.71,0.00,15.71,15.715
83_Enumerate_Standard_Full_2_DEFAULT_4448,83,Enumerate,Standard,Full,2,DEFAULT,4448,Un-2-triple-12,UNKNOWN,0+,300.000,299.99,0.00,0.00,299.981
84_Enumerate_Standard_Full_3_DEFAULT_12868,84,Enumerate,Standard,Full,3,DEFAULT,12868,Un-2-triple-12,UNKNOWN,0+,300.000,299.99,0.00,0.00,299.988
86_Enumerate_Standard_Full_2_DEFAULT_8467,86,Enumerate,Standard,Full,2,DEFAULT,8467,Un-2-triple-12,UNSATISFIABLE,0,92.527,92.52,0.00,92.52,92.523
87_Enumerate_Standard_Full_3_DEFAULT_14775,87,Enumerate,Standard,Full,3,DEFAULT,14775,Un-2-triple-12,UNKNOWN,0+,300.000,299.99,0.00,0.00,299.992
88_Enumerate_Standard_Full_1_DEFAULT_2212,88,Enumerate,Standard,Full,1,DEFAULT,2212,Un-2-triple-12,UNSATISFIABLE,0,41.155,41.14,0.00,41.14,41.154
89_Enumerate_Standard_Full_2_DEFAULT_9472,89,Enumerate,Standard,Full,2,DEFAULT,9472,Un-2-triple-12,UNKNOWN,0+,300.000,299.99,0.00,0.00,299.992
8_Enumerate_Standard_Full_2_DEFAULT_26796,8,Enumerate,Standard,Full,2,DEFAULT,26796,Un-2-triple-12,UNKNOWN,0+,300.000,299.99,0.00,0.00,299.991
91_Enumerate_Standard_Full_1_DEFAULT_13383,91,Enumerate,Standard,Full,1,DEFAULT,13383,Un-2-triple-12,UNKNOWN,0+,300.000,299.99,0.00,0.00,299.983
92_Enumerate_Standard_Full_2_DEFAULT_2517,92,Enumerate,Standard,Full,2,DEFAULT,2517,Un-2-triple-12,UNSATISFIABLE,0,143.195,143.18,0.00,143.18,143.191
93_Enumerate_Standard_Full_3_DEFAULT_20286,93,Enumerate,Standard,Full,3,DEFAULT,20286,Un-2-triple-12,UNSATISFIABLE,0,93.151,93.14,0.00,93.14,93.144
94_Enumerate_Standard_Full_1_DEFAULT_13727,94,Enumerate,Standard,Full,1,DEFAULT,13727,Un-2-triple-12,UNSATISFIABLE,0,121.894,121.88,0.00,121.88,121.891
95_Enumerate_Standard_Full_2_DEFAULT_15928,95,Enumerate,Standard,Full,2,DEFAULT,15928,Un-2-triple-12,UNSATISFIABLE,0,91.902,91.89,0.00,91.89,91.896
96_Enumerate_Standard_Full_3_DEFAULT_18316,96,Enumerate,Standard,Full,3,DEFAULT,18316,Un-2-triple-12,UNSATISFIABLE,0,205.300,205.29,0.00,205.29,205.291
98_Enumerate_Standard_Full_2_DEFAULT_32598,98,Enumerate,Standard,Full,2,DEFAULT,32598,Un-2-triple-12,UNSATISFIABLE,0,210.662,210.65,0.00,210.65,210.655
100_Enumerate_Standard_Full_1_DEFAULT_30414,100,Enumerate,Standard,Full,1,DEFAULT,30414,2-triple-15,SATISFIABLE,1+,0.129,0.10,0.10,0.00,0.129
101_Enumerate_Standard_Full_2_DEFAULT_7830,101,Enumerate,Standard,Full,2,DEFAULT,7830,2-triple-15,SATISFIABLE,1+,0.067,0.04,0.04,0.00,0.067
102_Enumerate_Standard_Full_3_DEFAULT_31417,102,Enumerate,Standard,Full,3,DEFAULT,31417,2-triple-15,SATISFIABLE,1+,0.800,0.78,0.78,0.00,0.800
103_Enumerate_Standard_Full_1_DEFAULT_31869,103,Enumerate,Standard,Full,1,DEFAULT,31869,2-triple-15,SATISFIABLE,1+,0.055,0.03,0.03,0.00,0.055
106_Enumerate_Standard_Full_1_DEFAULT_8543,106,Enumerate,Standard,Full,1,DEFAULT,8543,2-triple-15,SATISFIABLE,1+,0.141,0.12,0.12,0.00,0.141
107_Enumerate_Standard_Full_2_DEFAULT_12158,107,Enumerate,Standard,Full,2,DEFAULT,12158,2-triple-15,SATISFIABLE,1+,0.094,0.07,0.07,0.00,0.094
109_Enumerate_Standard_Full_1_DEFAULT_16687,109,Enumerate,Standard,Full,1,DEFAULT,16687,2-triple-15,SATISFIABLE,1+,1.498,1.47,1.47,0.00,1.498
111_Enumerate_Standard_Full_3_DEFAULT_21083,111,Enumerate,Standard,Full,3,DEFAULT,21083,2-triple-15,SATISFIABLE,1+,0.046,0.02,0.02,0.00,0.046
114_Enumerate_Standard_Full_3_DEFAULT_22154,114,Enumerate,Standard,Full,3,DEFAULT,22154,2-triple-15,SATISFIABLE,1+,1.148,1.12,1.12,0.00,1.148
115_Enumerate_Standard_Full_1_DEFAULT_16699,115,Enumerate,Standard,Full,1,DEFAULT,16699,2-triple-15,SATISFIABLE,1+,0.138,0.11,0.11,0.00,0.138
119_Enumerate_Standard_Full_2_DEFAULT_31792,119,Enumerate,Standard,Full,2,DEFAULT,31792,2-triple-15,SATISFIABLE,1+,0.182,0.16,0.16,0.00,0.182
11_Enumerate_Standard_Full_2_DEFAULT_21172,11,Enumerate,Standard,Full,2,DEFAULT,21172,2-triple-15,SATISFIABLE,1+,0.116,0.09,0.09,0.00,0.116
120_Enumerate_Standard_Full_3_DEFAULT_6602,120,Enumerate,Standard,Full,3,DEFAULT,6602,2-triple-15,SATISFIABLE,1+,0.136,0.11,0.11,0.00,0.136
13_Enumerate_Standard_Full_1_DEFAULT_29690,13,Enumerate,Standard,Full,1,DEFAULT,29690,2-triple-15,SATISFIABLE,1+,0.706,0.68,0.68,0.00,0.706
15_Enumerate_Standard_Full_3_DEFAULT_1743,15,Enumerate,Standard,Full,3,DEFAULT,1743,2-triple-15,SATISFIABLE,1+,0.171,0.14,0.14,0.00,0.171
16_Enumerate_Standard_Full_1_DEFAULT_26740,16,Enumerate,Standard,Full,1,DEFAULT,26740,2-triple-15,SATISFIABLE,1+,0.727,0.70,0.70,0.00,0.727
17_Enumerate_Standard_Full_2_DEFAULT_22856,17,Enumerate,Standard,Full,2,DEFAULT,22856,2-triple-15,SATISFIABLE,1+,0.136,0.11,0.11,0.00,0.136
19_Enumerate_Standard_Full_1_DEFAULT_6751,19,Enumerate,Standard,Full,1,DEFAULT,6751,2-triple-15,SATISFIABLE,1+,0.040,0.02,0.02,0.00,0.040
1_Enumerate_Standard_Full_1_DEFAULT_31681,1,Enumerate,Standard,Full,1,DEFAULT,31681,2-triple-15,SATISFIABLE,1+,0.144,0.12,0.12,0.00,0.144
22_Enumerate_Standard_Full_1_DEFAULT_16849,22,Enumerate,Standard,Full,1,DEFAULT,16849,2-triple-15,SATISFIABLE,1+,0.092,0.07,0.07,0.00,0.092
23_Enumerate_Standard_Full_2_DEFAULT_29843,23,Enumerate,Standard,Full,2,DEFAULT,29843,2-triple-15,SATISFIABLE,1+,0.130,0.10,0.10,0.00,0.130
24_Enumerate_Standard_Full_3_DEFAULT_8299,24,Enumerate,Standard,Full,3,DEFAULT,8299,2-triple-15,SATISFIABLE,1+,0.167,0.14,0.14,0.00,0.167
25_Enumerate_Standard_Full_1_DEFAULT_6709,25,Enumerate,Standard,Full,1,DEFAULT,6709,2-triple-15,SATISFIABLE,1+,2.191,2.17,2.17,0.00,2.191
26_Enumerate_Standard_Full_2_DEFAULT_24419,26,Enumerate,Standard,Full,2,DEFAULT,24419,2-triple-15,SATISFIABLE,1+,0.039,0.01,0.01,0.00,0.039
28_Enumerate_Standard_Full_1_DEFAULT_11547,28,Enumerate,Standard,Full,1,DEFAULT,11547,2-triple-15,SATISFIABLE,1+,0.051,0.03,0.03,0.00,0.051
29_Enumerate_Standard_Full_2_DEFAULT_7260,29,Enumerate,Standard,Full,2,DEFAULT,7260,2-triple-15,SATISFIABLE,1+,0.031,0.01,0.01,0.00,0.031
2_Enumerate_Standard_Full_2_DEFAULT_4634,2,Enumerate,Standard,Full,2,DEFAULT,4634,2-triple-15,SATISFIABLE,1+,2.721,2.69,2.69,0.00,2.721
30_Enumerate_Standard_Full_3_DEFAULT_21865,30,Enumerate,Standard,Full,3,DEFAULT,21865,2-triple-15,SATISFIABLE,1+,0.214,0.19,0.19,0.00,0.213
31_Enumerate_Standard_Full_1_DEFAULT_16017,31,Enumerate,Standard,Full,1,DEFAULT,16017,2-triple-15,SATISFIABLE,1+,0.063,0.04,0.04,0.00,0.063
34_Enumerate_Standard_Full_1_DEFAULT_10456,34,Enumerate,Standard,Full,1,DEFAULT,10456,2-triple-15,SATISFIABLE,1+,0.104,0.08,0.08,0.00,0.104
35_Enumerate_Standard_Full_2_DEFAULT_25977,35,Enumerate,Standard,Full,2,DEFAULT,25977,2-triple-15,SATISFIABLE,1+,0.110,0.09,0.09,0.00,0.110
36_Enumerate_Standard_Full_3_DEFAULT_20418,36,Enumerate,Standard,Full,3,DEFAULT,20418,2-triple-15,SATISFIABLE,1+,0.085,0.06,0.06,0.00,0.085
37_Enumerate_Standard_Full_1_DEFAULT_3380,37,Enumerate,Standard,Full,1,DEFAULT,3380,2-triple-15,SATISFIABLE,1+,0.173,0.15,0.15,0.00,0.173
39_Enumerate_Standard_Full_3_DEFAULT_29743,39,Enumerate,Standard,Full,3,DEFAULT,29743,2-triple-15,SATISFIABLE,1+,0.716,0.69,0.69,0.00,0.716
3_Enumerate_Standard_Full_3_DEFAULT_16837,3,Enumerate,Standard,Full,3,DEFAULT,16837,2-triple-15,SATISFIABLE,1+,0.127,0.10,0.10,0.00,0.127
40_Enumerate_Standard_Full_1_DEFAULT_14157,40,Enumerate,Standard,Full,1,DEFAULT,14157,2-triple-15,SATISFIABLE,1+,0.079,0.05,0.05,0.00,0.079
42_Enumerate_Standard_Full_3_DEFAULT_3023,42,Enumerate,Standard,Full,3,DEFAULT,3023,2-triple-15,SATISFIABLE,1+,0.426,0.40,0.40,0.00,0.426
47_Enumerate_Standard_Full_2_DEFAULT_23256,47,Enumerate,Standard,Full,2,DEFAULT,23256,2-triple-15,SATISFIABLE,1+,0.133,0.11,0.11,0.00,0.133
49_Enumerate_Standard_Full_1_DEFAULT_6652,49,Enumerate,Standard,Full,1,DEFAULT,6652,2-triple-15,SATISFIABLE,1+,0.036,0.01,0.01,0.00,0.036
4_Enumerate_Standard_Full_1_DEFAULT_15262,4,Enumerate,Standard,Full,1,DEFAULT,15262,2-triple-15,SATISFIABLE,1+,0.103,0.08,0.08,0.00,0.103
52_Enumerate_Standard_Full_1_DEFAULT_759,52,Enumerate,Standard,Full,1,DEFAULT,759,2-triple-15,SATISFIABLE,1+,0.068,0.04,0.04,0.00,0.068
53_Enumerate_Standard_Full_2_DEFAULT_2001,53,Enumerate,Standard,Full,2,DEFAULT,2001,2-triple-15,SATISFIABLE,1+,0.683,0.66,0.66,0.00,0.683
55_Enumerate_Standard_Full_1_DEFAULT_2905,55,Enumerate,Standard,Full,1,DEFAULT,2905,2-triple-15,SATISFIABLE,1+,0.211,0.19,0.19,0.00,0.211
58_Enumerate_Standard_Full_1_DEFAULT_26985,58,Enumerate,Standard,Full,1,DEFAULT,26985,2-triple-15,SATISFIABLE,1+,1.969,1.94,1.94,0.00,1.969
59_Enumerate_Standard_Full_2_DEFAULT_16281,59,Enumerate,Standard,Full,2,DEFAULT,16281,2-triple-15,SATISFIABLE,1+,0.054,0.03,0.03,0.00,0.054
60_Enumerate_Standard_Full_3_DEFAULT_16345,60,Enumerate,Standard,Full,3,DEFAULT,16345,2-triple-15,SATISFIABLE,1+,0.048,0.02,0.02,0.00,0.048
65_Enumerate_Standard_Full_2_DEFAULT_26740,65,Enumerate,Standard,Full,2,DEFAULT,26740,2-triple-15,SATISFIABLE,1+,0.295,0.27,0.27,0.00,0.295
66_Enumerate_Standard_Full_3_DEFAULT_23583,66,Enumerate,Standard,Full,3,DEFAULT,23583,2-triple-15,SATISFIABLE,1+,0.092,0.07,0.07,0.00,0.092
67_Enumerate_Standard_Full_1_DEFAULT_17876,67,Enumerate,Standard,Full,1,DEFAULT,17876,2-triple-15,SATISFIABLE,1+,0.114,0.09,0.09,0.00,0.114
68_Enumerate_Standard_Full_2_DEFAULT_19383,68,Enumerate,Standard,Full,2,DEFAULT,19383,2-triple-15,SATISFIABLE,1+,0.060,0.04,0.04,0.00,0.060
69_Enumerate_Standard_Full_3_DEFAULT_7579,69,Enumerate,Standard,Full,3,DEFAULT,7579,2-triple-15,SATISFIABLE,1+,0.064,0.04,0.04,0.00,0.064
73_Enumerate_Standard_Full_1_DEFAULT_5107,73,Enumerate,Standard,Full,1,DEFAULT,5107,2-triple-15,SATISFIABLE,1+,0.277,0.25,0.25,0.00,0.277
77_Enumerate_Standard_Full_2_DEFAULT_12399,77,Enumerate,Standard,Full,2,DEFAULT,12399,2-triple-15,SATISFIABLE,1+,1.664,1.64,1.64,0.00,1.664
78_Enumerate_Standard_Full_3_DEFAULT_5812,78,Enumerate,Standard,Full,3,DEFAULT,5812,2-triple-15,SATISFIABLE,1+,0.365,0.35,0.35,0.00,0.365
79_Enumerate_Standard_Full_1_DEFAULT_21123,79,Enumerate,Standard,Full,1,DEFAULT,21123,2-triple-15,SATISFIABLE,1+,0.108,0.08,0.08,0.00,0.108
7_Enumerate_Standard_Full_1_DEFAULT_3718,7,Enumerate,Standard,Full,1,DEFAULT,3718,2-triple-15,SATISFIABLE,1+,0.616,0.59,0.59,0.00,0.616
82_Enumerate_Standard_Full_1_DEFAULT_26645,82,Enumerate,Standard,Full,1,DEFAULT,26645,2-triple-15,SATISFIABLE,1+,4.114,4.08,4.08,0.00,4.113
83_Enumerate_Standard_Full_2_DEFAULT_4448,83,Enumerate,Standard,Full,2,DEFAULT,4448,2-triple-15,SATISFIABLE,1+,0.032,0.01,0.01,0.00,0.032
84_Enumerate_Standard_Full_3_DEFAULT_12868,84,Enumerate,Standard,Full,3,DEFAULT,12868,2-triple-15,SATISFIABLE,1+,0.573,0.55,0.55,0.00,0.573
86_Enumerate_Standard_Full_2_DEFAULT_8467,86,Enumerate,Standard,Full,2,DEFAULT,8467,2-triple-15,SATISFIABLE,1+,0.122,0.10,0.10,0.00,0.122
87_Enumerate_Standard_Full_3_DEFAULT_14775,87,Enumerate,Standard,Full,3,DEFAULT,14775,2-triple-15,SATISFIABLE,1+,0.062,0.04,0.04,0.00,0.062
88_Enumerate_Standard_Full_1_DEFAULT_2212,88,Enumerate,Standard,Full,1,DEFAULT,2212,2-triple-15,SATISFIABLE,1+,0.063,0.04,0.04,0.00,0.063
89_Enumerate_Standard_Full_2_DEFAULT_9472,89,Enumerate,Standard,Full,2,DEFAULT,9472,2-triple-15,SATISFIABLE,1+,0.059,0.04,0.04,0.00,0.059
8_Enumerate_Standard_Full_2_DEFAULT_26796,8,Enumerate,Standard,Full,2,DEFAULT,26796,2-triple-15,SATISFIABLE,1+,0.520,0.50,0.50,0.00,0.520
91_Enumerate_Standard_Full_1_DEFAULT_13383,91,Enumerate,Standard,Full,1,DEFAULT,13383,2-triple-15,SATISFIABLE,1+,0.060,0.04,0.04,0.00,0.060
92_Enumerate_Standard_Full_2_DEFAULT_2517,92,Enumerate,Standard,Full,2,DEFAULT,2517,2-triple-15,SATISFIABLE,1+,0.069,0.04,0.04,0.00,0.069
93_Enumerate_Standard_Full_3_DEFAULT_20286,93,Enumerate,Standard,Full,3,DEFAULT,20286,2-triple-15,SATISFIABLE,1+,0.603,0.58,0.58,0.00,0.603
94_Enumerate_Standard_Full_1_DEFAULT_13727,94,Enumerate,Standard,Full,1,DEFAULT,13727,2-triple-15,SATISFIABLE,1+,0.605,0.58,0.58,0.00,0.605
95_Enumerate_Standard_Full_2_DEFAULT_15928,95,Enumerate,Standard,Full,2,DEFAULT,15928,2-triple-15,SATISFIABLE,1+,0.192,0.17,0.17,0.00,0.192
96_Enumerate_Standard_Full_3_DEFAULT_18316,96,Enumerate,Standard,Full,3,DEFAULT,18316,2-triple-15,SATISFIABLE,1+,0.168,0.15,0.15,0.00,0.168
98_Enumerate_Standard_Full_2_DEFAULT_32598,98,Enumerate,Standard,Full,2,DEFAULT,32598,2-triple-15,SATISFIABLE,1+,0.030,0.01,0.01,0.00,0.030
100_Enumerate_Standard_Full_1_DEFAULT_30414,100,Enumerate,Standard,Full,1,DEFAULT,30414,2-triple-18,SATISFIABLE,1+,0.384,0.35,0.35,0.00,0.384
101_Enumerate_Standard_Full_2_DEFAULT_7830,101,Enumerate,Standard,Full,2,DEFAULT,7830,2-triple-18,SATISFIABLE,1+,0.925,0.89,0.89,0.00,0.925
102_Enumerate_Standard_Full_3_DEFAULT_31417,102,Enumerate,Standard,Full,3,DEFAULT,31417,2-triple-18,SATISFIABLE,1+,0.841,0.80,0.80,0.00,0.841
103_Enumerate_Standard_Full_1_DEFAULT_31869,103,Enumerate,Standard,Full,1,DEFAULT,31869,2-triple-18,SATISFIABLE,1+,0.277,0.24,0.24,0.00,0.277
106_Enumerate_Standard_Full_1_DEFAULT_8543,106,Enumerate,Standard,Full,1,DEFAULT,8543,2-triple-18,SATISFIABLE,1+,0.800,0.76,0.76,0.00,0.800
107_Enumerate_Standard_Full_2_DEFAULT_12158,107,Enumerate,Standard,Full,2,DEFAULT,12158,2-triple-18,SATISFIABLE,1+,0.733,0.70,0.70,0.00,0.733
109_Enumerate_Standard_Full_1_DEFAULT_16687,109,Enumerate,Standard,Full,1,DEFAULT,16687,2-triple-18,SATISFIABLE,1+,2.317,2.28,2.28,0.00,2.317
111_Enumerate_Standard_Full_3_DEFAULT_21083,111,Enumerate,Standard,Full,3,DEFAULT,21083,2-triple-18,SATISFIABLE,1+,0.060,0.02,0.02,0.00,0.060
114_Enumerate_Standard_Full_3_DEFAULT_22154,114,Enumerate,Standard,Full,3,DEFAULT,22154,2-triple-18,SATISFIABLE,1+,0.726,0.69,0.69,0.00,0.726
115_Enumerate_Standard_Full_1_DEFAULT_16699,115,Enumerate,Standard,Full,1,DEFAULT,16699,2-triple-18,SATISFIABLE,1+,1.022,0.98,0.98,0.00,1.022
119_Enumerate_Standard_Full_2_DEFAULT_31792,119,Enumerate,Standard,Full,2,DEFAULT,31792,2-triple-18,SATISFIABLE,1+,0.228,0.19,0.19,0.00,0.228
11_Enumerate_Standard_Full_2_DEFAULT_21172,11,Enumerate,Standard,Full,2,DEFAULT,21172,2-triple-18,SATISFIABLE,1+,0.157,0.12,0.12,0.00,0.157
120_Enumerate_Standard_Full_3_DEFAULT_6602,120,Enumerate,Standard,Full,3,DEFAULT,6602,2-triple-18,SATISFIABLE,1+,0.821,0.78,0.78,0.00,0.820
13_Enumerate_Standard_Full_1_DEFAULT_29690,13,Enumerate,Standard,Full,1,DEFAULT,29690,2-triple-18,SATISFIABLE,1+,10.301,10.27,10.27,0.00,10.301
15_Enumerate_Standard_Full_3_DEFAULT_1743,15,Enumerate,Standard,Full,3,DEFAULT,1743,2-triple-18,SATISFIABLE,1+,3.064,3.02,3.02,0.00,3.064
16_Enumerate_Standard_Full_1_DEFAULT_26740,16,Enumerate,Standard,Full,1,DEFAULT,26740,2-triple-18,SATISFIABLE,1+,8.759,8.72,8.72,0.00,8.759
17_Enumerate_Standard_Full_2_DEFAULT_22856,17,Enumerate,Standard,Full,2,DEFAULT,22856,2-triple-18,SATISFIABLE,1+,0.064,0.03,0.03,0.00,0.064
19_Enumerate_Standard_Full_1_DEFAULT_6751,19,Enumerate,Standard,Full,1,DEFAULT,6751,2-triple-18,SATISFIABLE,1+,2.956,2.92,2.92,0.00,2.956
1_Enumerate_Standard_Full_1_DEFAULT_31681,1,Enumerate,Standard,Full,1,DEFAULT,31681,2-triple-18,SATISFIABLE,1+,0.444,0.40,0.40,0.00,0.444
22_Enumerate_Standard_Full_1_DEFAULT_16849,22,Enumerate,Standard,Full,1,DEFAULT,16849,2-triple-18,SATISFIABLE,1+,1.628,1.59,1.59,0.00,1.628
23_Enumerate_Standard_Full_2_DEFAULT_29843,23,Enumerate,Standard,Full,2,DEFAULT,29843,2-triple-18,SATISFIABLE,1+,0.890,0.85,0.85,0.00,0.890
24_Enumerate_Standard_Full_3_DEFAULT_8299,24,Enumerate,Standard,Full,3,DEFAULT,8299,2-triple-18,SATISFIABLE,1+,0.933,0.90,0.90,0.00,0.933
25_Enumerate_Standard_Full_1_DEFAULT_6709,25,Enumerate,Standard,Full,1,DEFAULT,6709,2-triple-18,SATISFIABLE,1+,7.328,7.29,7.29,0.00,7.328
26_Enumerate_Standard_Full_2_DEFAULT_24419,26,Enumerate,Standard,Full,2,DEFAULT,24419,2-triple-18,SATISFIABLE,1+,1.319,1.28,1.28,0.00,1.319
28_Enumerate_Standard_Full_1_DEFAULT_11547,28,Enumerate,Standard,Full,1,DEFAULT,11547,2-triple-18,SATISFIABLE,1+,0.968,0.93,0.93,0.00,0.968
29_Enumerate_Standard_Full_2_DEFAULT_7260,29,Enumerate,Standard,Full,2,DEFAULT,7260,2-triple-18,SATISFIABLE,1+,0.250,0.21,0.21,0.00,0.250
2_Enumerate_Standard_Full_2_DEFAULT_4634,2,Enumerate,Standard,Full,2,DEFAULT,4634,2-triple-18,SATISFIABLE,1+,11.685,11.64,11.64,0.00,11.685
30_Enumerate_Standard_Full_3_DEFAULT_21865,30,Enumerate,Standard,Full,3,DEFAULT,21865,2-triple-18,SATISFIABLE,1+,0.346,0.31,0.31,0.00,0.346
31_Enumerate_Standard_Full_1_DEFAULT_16017,31,Enumerate,Standard,Full,1,DEFAULT,16017,2-triple-18,SATISFIABLE,1+,0.239,0.20,0.20,0.00,0.239
34_Enumerate_Standard_Full_1_DEFAULT_10456,34,Enumerate,Standard,Full,1,DEFAULT,10456,2-triple-18,SATISFIABLE,1+,0.186,0.15,0.15,0.00,0.186
35_Enumerate_Standard_Full_2_DEFAULT_25977,35,Enumerate,Standard,Full,2,DEFAULT,25977,2-triple-18,SATISFIABLE,1+,0.441,0.40,0.40,0.00,0.441
36_Enumerate_Standard_Full_3_DEFAULT_20418,36,Enumerate,Standard,Full,3,DEFAULT,20418,2-triple-18,SATISFIABLE,1+,0.410,0.37,0.37,0.00,0.410
37_Enumerate_Standard_Full_1_DEFAULT_3380,37,Enumerate,Standard,Full,1,DEFAULT,3380,2-triple-18,SATISFIABLE,1+,1.007,0.97,0.97,0.00,1.007
39_Enumerate_Standard_Full_3_DEFAULT_29743,39,Enumerate,Standard,Full,3,DEFAULT,29743,2-triple-18,SATISFIABLE,1+,8.261,8.22,8.22,0.00,8.261
3_Enumerate_Standard_Full_3_DEFAULT_16837,3,Enumerate,Standard,Full,3,DEFAULT,16837,2-triple-18,SATISFIABLE,1+,0.853,0.82,0.82,0.00,0.853
40_Enumerate_Standard_Full_1_DEFAULT_14157,40,Enumerate,Standard,Full,1,DEFAULT,14157,2-triple-18,SATISFIABLE,1+,0.134,0.10,0.10,0.00,0.134
42_Enumerate_Standard_Full_3_DEFAULT_3023,42,Enumerate,Standard,Full,3,DEFAULT,3023,2-triple-18,SATISFIABLE,1+,0.433,0.39,0.39,0.00,0.433
47_Enumerate_Standard_Full_2_DEFAULT_23256,47,Enumerate,Standard,Full,2,DEFAULT,23256,2-triple-18,SATISFIABLE,1+,0.058,0.02,0.02,0.00,0.058
49_Enumerate_Standard_Full_1_DEFAULT_6652,49,Enumerate,Standard,Full,1,DEFAULT,6652,2-triple-18,SATISFIABLE,1+,0.767,0.73,0.73,0.00,0.767
4_Enumerate_Standard_Full_1_DEFAULT_15262,4,Enumerate,Standard,Full,1,DEFAULT,15262,2-triple-18,SATISFIABLE,1+,1.463,1.43,1.43,0.00,1.463
52_Enumerate_Standard_Full_1_DEFAULT_759,52,Enumerate,Standard,Full,1,DEFAULT,759,2-triple-18,SATISFIABLE,1+,0.226,0.19,0.19,0.00,0.226
53_Enumerate_Standard_Full_2_DEFAULT_2001,53,Enumerate,Standard,Full,2,DEFAULT,2001,2-triple-18,SATISFIABLE,1+,8.980,8.94,8.94,0.00,8.980
55_Enumerate_Standard_Full_1_DEFAULT_2905,55,Enumerate,Standard,Full,1,DEFAULT,2905,2-triple-18,SATISFIABLE,1+,0.378,0.36,0.36,0.00,0.378
58_Enumerate_Standard_Full_1_DEFAULT_26985,58,Enumerate,Standard,Full,1,DEFAULT,26985,2-triple-18,SATISFIABLE,1+,10.599,10.58,10.58,0.00,10.599
59_Enumerate_Standard_Full_2_DEFAULT_16281,59,Enumerate,Standard,Full,2,DEFAULT,16281,2-triple-18,SATISFIABLE,1+,0.632,0.60,0.60,0.00,0.632
60_Enumerate_Standard_Full_3_DEFAULT_16345,60,Enumerate,Standard,Full,3,DEFAULT,16345,2-triple-18,SATISFIABLE,1+,0.776,0.74,0.74,0.00,0.776
65_Enumerate_Standard_Full_2_DEFAULT_26740,65,Enumerate,Standard,Full,2,DEFAULT,26740,2-triple-18,SATISFIABLE,1+,0.261,0.23,0.23,0.00,0.261
66_Enumerate_Standard_Full_3_DEFAULT_23583,66,Enumerate,Standard,Full,3,DEFAULT,23583,2-triple-18,SATISFIABLE,1+,0.277,0.24,0.24,0.00,0.277
67_Enumerate_Standard_Full_1_DEFAULT_17876,67,Enumerate,Standard,Full,1,DEFAULT,17876,2-triple-18,SATISFIABLE,1+,0.067,0.03,0.03,0.00,0.067
68_Enumerate_Standard_Full_2_DEFAULT_19383,68,Enumerate,Standard,Full,2,DEFAULT,19383,2-triple-18,SATISFIABLE,1+,0.178,0.14,0.14,0.00,0.178
69_Enumerate_Standard_Full_3_DEFAULT_7579,69,Enumerate,Standard,Full,3,DEFAULT,7579,2-triple-18,SATISFIABLE,1+,0.761,0.73,0.73,0.00,0.761
73_Enumerate_Standard_Full_1_DEFAULT_5107,73,Enumerate,Standard,Full,1,DEFAULT,5107,2-triple-18,SATISFIABLE,1+,12.116,12.08,12.08,0.00,12.115
77_Enumerate_Standard_Full_2_DEFAULT_12399,77,Enumerate,Standard,Full,2,DEFAULT,12399,2-triple-18,SATISFIABLE,1+,22.230,22.19,22.19,0.00,22.229
78_Enumerate_Standard_Full_3_DEFAULT_5812,78,Enumerate,Standard,Full,3,DEFAULT,5812,2-triple-18,SATISFIABLE,1+,0.505,0.46,0.46,0.00,0.505
79_Enumerate_Standard_Full_1_DEFAULT_21123,79,Enumerate,Standard,Full,1,DEFAULT,21123,2-triple-18,SATISFIABLE,1+,0.719,0.68,0.68,0.00,0.719
7_Enumerate_Standard_Full_1_DEFAULT_3718,7,Enumerate,Standard,Full,1,DEFAULT,3718,2-triple-18,SATISFIABLE,1+,0.497,0.46,0.46,0.00,0.497
82_Enumerate_Standard_Full_1_DEFAULT_26645,82,Enumerate,Standard,Full,1,DEFAULT,26645,2-triple-18,SATISFIABLE,1+,1.126,1.08,1.08,0.00,1.126
83_Enumerate_Standard_Full_2_DEFAULT_4448,83,Enumerate,Standard,Full,2,DEFAULT,4448,2-triple-18,SATISFIABLE,1+,0.373,0.33,0.33,0.00,0.373
84_Enumerate_Standard_Full_3_DEFAULT_12868,84,Enumerate,Standard,Full,3,DEFAULT,12868,2-triple-18,SATISFIABLE,1+,0.508,0.47,0.47,0.00,0.508
86_Enumerate_Standard_Full_2_DEFAULT_8467,86,Enumerate,Standard,Full,2,DEFAULT,8467,2-triple-18,SATISFIABLE,1+,1.188,1.15,1.15,0.00,1.188
87_Enumerate_Standard_Full_3_DEFAULT_14775,87,Enumerate,Standard,Full,3,DEFAULT,14775,2-triple-18,SATISFIABLE,1+,0.214,0.18,0.18,0.00,0.214
88_Enumerate_Standard_Full_1_DEFAULT_2212,88,Enumerate,Standard,Full,1,DEFAULT,2212,2-triple-18,SATISFIABLE,1+,0.075,0.04,0.04,0.00,0.075
89_Enumerate_Standard_Full_2_DEFAULT_9472,89,Enumerate,Standard,Full,2,DEFAULT,9472,2-triple-18,SATISFIABLE,1+,0.169,0.13,0.13,0.00,0.169
8_Enumerate_Standard_Full_2_DEFAULT_26796,8,Enumerate,Standard,Full,2,DEFAULT,26796,2-triple-18,SATISFIABLE,1+,0.447,0.41,0.41,0.00,0.447
91_Enumerate_Standard_Full_1_DEFAULT_13383,91,Enumerate,Standard,Full,1,DEFAULT,13383,2-triple-18,SATISFIABLE,1+,0.440,0.40,0.40,0.00,0.440
92_Enumerate_Standard_Full_2_DEFAULT_2517,92,Enumerate,Standard,Full,2,DEFAULT,2517,2-triple-18,SATISFIABLE,1+,0.426,0.38,0.38,0.00,0.426
93_Enumerate_Standard_Full_3_DEFAULT_20286,93,Enumerate,Standard,Full,3,DEFAULT,20286,2-triple-18,SATISFIABLE,1+,9.902,9.86,9.86,0.00,9.902
94_Enumerate_Standard_Full_1_DEFAULT_13727,94,Enumerate,Standard,Full,1,DEFAULT,13727,2-triple-18,SATISFIABLE,1+,2.976,2.94,2.94,0.00,2.976
95_Enumerate_Standard_Full_2_DEFAULT_15928,95,Enumerate,Standard,Full,2,DEFAULT,15928,2-triple-18,SATISFIABLE,1+,0.119,0.08,0.08,0.00,0.119
96_Enumerate_Standard_Full_3_DEFAULT_18316,96,Enumerate,Standard,Full,3,DEFAULT,18316,2-triple-18,SATISFIABLE,1+,1.421,1.39,1.39,0.00,1.421
98_Enumerate_Standard_Full_2_DEFAULT_32598,98,Enumerate,Standard,Full,2,DEFAULT,32598,2-triple-18,SATISFIABLE,1+,0.728,0.69,0.69,0.00,0.727
100_Enumerate_Standard_Full_1_DEFAULT_30414,100,Enumerate,Standard,Full,1,DEFAULT,30414,2-triple-21,SATISFIABLE,1+,1.567,1.51,1.51,0.00,1.567
101_Enumerate_Standard_Full_2_DEFAULT_7830,101,Enumerate,Standard,Full,2,DEFAULT,7830,2-triple-21,SATISFIABLE,1+,0.084,0.03,0.03,0.00,0.084
102_Enumerate_Standard_Full_3_DEFAULT_31417,102,Enumerate,Standard,Full,3,DEFAULT,31417,2-triple-21,SATISFIABLE,1+,1.441,1.39,1.39,0.00,1.441
103_Enumerate_Standard_Full_1_DEFAULT_31869,103,Enumerate,Standard,Full,1,DEFAULT,31869,2-triple-21,SATISFIABLE,1+,0.520,0.47,0.47,0.00,0.520
106_Enumerate_Standard_Full_1_DEFAULT_8543,106,Enumerate,Standard,Full,1,DEFAULT,8543,2-triple-21,SATISFIABLE,1+,0.062,0.01,0.01,0.00,0.062
107_Enumerate_Standard_Full_2_DEFAULT_12158,107,Enumerate,Standard,Full,2,DEFAULT,12158,2-triple-21,SATISFIABLE,1+,1.375,1.32,1.32,0.00,1.375
109_Enumerate_Standard_Full_1_DEFAULT_16687,109,Enumerate,Standard,Full,1,DEFAULT,16687,2-triple-21,SATISFIABLE,1+,10.512,10.45,10.45,0.00,10.512
111_Enumerate_Standard_Full_3_DEFAULT_21083,111,Enumerate,Standard,Full,3,DEFAULT,21083,2-triple-21,SATISFIABLE,1+,0.289,0.23,0.23,0.00,0.289
114_Enumerate_Standard_Full_3_DEFAULT_22154,114,Enumerate,Standard,Full,3,DEFAULT,22154,2-triple-21,SATISFIABLE,1+,14.268,14.21,14.21,0.00,14.267
115_Enumerate_Standard_Full_1_DEFAULT_16699,115,Enumerate,Standard,Full,1,DEFAULT,16699,2-triple-21,SATISFIABLE,1+,4.237,4.18,4.18,0.00,4.237
119_Enumerate_Standard_Full_2_DEFAULT_31792,119,Enumerate,Standard,Full,2,DEFAULT,31792,2-triple-21,SATISFIABLE,1+,0.345,0.29,0.29,0.00,0.345
11_Enumerate_Standard_Full_2_DEFAULT_21172,11,Enumerate,Standard,Full,2,DEFAULT,21172,2-triple-21,SATISFIABLE,1+,0.277,0.22,0.22,0.00,0.277
120_Enumerate_Standard_Full_3_DEFAULT_6602,120,Enumerate,Standard,Full,3,DEFAULT,6602,2-triple-21,SATISFIABLE,1+,0.066,0.01,0.01,0.00,0.066
13_Enumerate_Standard_Full_1_DEFAULT_29690,13,Enumerate,Standard,Full,1,DEFAULT,29690,2-triple-21,SATISFIABLE,1+,46.024,45.97,45.97,0.00,46.023
15_Enumerate_Standard_Full_3_DEFAULT_1743,15,Enumerate,Standard,Full,3,DEFAULT,1743,2-triple-21,SATISFIABLE,1+,3.354,3.30,3.30,0.00,3.354
16_Enumerate_Standard_Full_1_DEFAULT_26740,16,Enumerate,Standard,Full,1,DEFAULT,26740,2-triple-21,SATISFIABLE,1+,37.251,37.19,37.19,0.00,37.249
17_Enumerate_Standard_Full_2_DEFAULT_22856,17,Enumerate,Standard,Full,2,DEFAULT,22856,2-triple-21,SATISFIABLE,1+,0.359,0.31,0.31,0.00,0.359
19_Enumerate_Standard_Full_1_DEFAULT_6751,19,Enumerate,Standard,Full,1,DEFAULT,6751,2-triple-21,SATISFIABLE,1+,8.166,8.11,8.11,0.00,8.165
1_Enumerate_Standard_Full_1_DEFAULT_31681,1,Enumerate,Standard,Full,1,DEFAULT,31681,2-triple-21,SATISFIABLE,1+,6.154,6.09,6.09,0.00,6.154
22_Enumerate_Standard_Full_1_DEFAULT_16849,22,Enumerate,Standard,Full,1,DEFAULT,16849,2-triple-21,SATISFIABLE,1+,13.308,13.25,13.25,0.00,13.307
23_Enumerate_Standard_Full_2_DEFAULT_29843,23,Enumerate,Standard,Full,2,DEFAULT,29843,2-triple-21,SATISFIABLE,1+,0.066,0.01,0.01,0.00,0.066
24_Enumerate_Standard_Full_3_DEFAULT_8299,24,Enumerate,Standard,Full,3,DEFAULT,8299,2-triple-21,SATISFIABLE,1+,0.070,0.02,0.02,0.00,0.070
25_Enumerate_Standard_Full_1_DEFAULT_6709,25,Enumerate,Standard,Full,1,DEFAULT,6709,2-triple-21,SATISFIABLE,1+,6.261,6.23,6.23,0.00,6.261
26_Enumerate_Standard_Full_2_DEFAULT_24419,26,Enumerate,Standard,Full,2,DEFAULT,24419,2-triple-21,SATISFIABLE,1+,4.087,4.03,4.03,0.00,4.086
28_Enumerate_Standard_Full_1_DEFAULT_11547,28,Enumerate,Standard,Full,1,DEFAULT,11547,2-triple-21,SATISFIABLE,1+,5.063,5.03,5.03,0.00,5.063
29_Enumerate_Standard_Full_2_DEFAULT_7260,29,Enumerate,Standard,Full,2,DEFAULT,7260,2-triple-21,SATISFIABLE,1+,11.187,11.13,11.13,0.00,11.185
2_Enumerate_Standard_Full_2_DEFAULT_4634,2,Enumerate,Standard,Full,2,DEFAULT,4634,2-triple-21,SATISFIABLE,1+,149.058,148.99,148.99,0.00,149.051
30_Enumerate_Standard_Full_3_DEFAULT_21865,30,Enumerate,Standard,Full,3,DEFAULT,21865,2-triple-21,SATISFIABLE,1+,0.080,0.02,0.02,0.00,0.080
31_Enumerate_Standard_Full_1_DEFAULT_16017,31,Enumerate,Standard,Full,1,DEFAULT,16017,2-triple-21,SATISFIABLE,1+,21.362,21.30,21.30,0.00,21.361
34_Enumerate_Standard_Full_1_DEFAULT_10456,34,Enumerate,Standard,Full,1,DEFAULT,10456,2-triple-21,SATISFIABLE,1+,0.178,0.12,0.12,0.00,0.178
35_Enumerate_Standard_Full_2_DEFAULT_25977,35,Enumerate,Standard,Full,2,DEFAULT,25977,2-triple-21,SATISFIABLE,1+,0.390,0.35,0.35,0.00,0.390
36_Enumerate_Standard_Full_3_DEFAULT_20418,36,Enumerate,Standard,Full,3,DEFAULT,20418,2-triple-21,SATISFIABLE,1+,0.769,0.71,0.71,0.00,0.769
37_Enumerate_Standard_Full_1_DEFAULT_3380,37,Enumerate,Standard,Full,1,DEFAULT,3380,2-triple-21,SATISFIABLE,1+,0.510,0.46,0.46,0.00,0.510
39_Enumerate_Standard_Full_3_DEFAULT_29743,39,Enumerate,Standard,Full,3,DEFAULT,29743,2-triple-21,SATISFIABLE,1+,8.556,8.50,8.50,0.00,8.556
3_Enumerate_Standard_Full_3_DEFAULT_16837,3,Enumerate,Standard,Full,3,DEFAULT,16837,2-triple-21,SATISFIABLE,1+,0.073,0.01,0.01,0.00,0.073
40_Enumerate_Standard_Full_1_DEFAULT_14157,40,Enumerate,Standard,Full,1,DEFAULT,14157,2-triple-21,SATISFIABLE,1+,1.761,1.71,1.71,0.00,1.761
42_Enumerate_Standard_Full_3_DEFAULT_3023,42,Enumerate,Standard,Full,3,DEFAULT,3023,2-triple-21,SATISFIABLE,1+,10.987,10.93,10.93,0.00,10.987
47_Enumerate_Standard_Full_2_DEFAULT_23256,47,Enumerate,Standard,Full,2,DEFAULT,23256,2-triple-21,SATISFIABLE,1+,1.285,1.23,1.23,0.00,1.285
49_Enumerate_Standard_Full_1_DEFAULT_6652,49,Enumerate,Standard,Full,1,DEFAULT,6652,2-triple-21,SATISFIABLE,1+,0.068,0.01,0.01,0.00,0.068
4_Enumerate_Standard_Full_1_DEFAULT_15262,4,Enumerate,Standard,Full,1,DEFAULT,15262,2-triple-21,SATISFIABLE,1+,15.361,15.30,15.30,0.00,15.361
52_Enumerate_Standard_Full_1_DEFAULT_759,52,Enumerate,Standard,Full,1,DEFAULT,759,2-triple-21,SATISFIABLE,1+,23.822,23.76,23.76,0.00,23.820
53_Enumerate_Standard_Full_2_DEFAULT_2001,53,Enumerate,Standard,Full,2,DEFAULT,2001,2-triple-21,SATISFIABLE,1+,43.883,43.82,43.82,0.00,43.882
55_Enumerate_Standard_Full_1_DEFAULT_2905,55,Enumerate,Standard,Full,1,DEFAULT,2905,2-triple-21,SATISFIABLE,1+,5.222,5.16,5.16,0.00,5.222
58_Enumerate_Standard_Full_1_DEFAULT_26985,58,Enumerate,Standard,Full,1,DEFAULT,26985,2-triple-21,SATISFIABLE,1+,53.262,53.20,53.20,0.00,53.259
59_Enumerate_Standard_Full_2_DEFAULT_16281,59,Enumerate,Standard,Full,2,DEFAULT,16281,2-triple-21,SATISFIABLE,1+,3.908,3.85,3.85,0.00,3.908
60_Enumerate_Standard_Full_3_DEFAULT_16345,60,Enumerate,Standard,Full,3,DEFAULT,16345,2-triple-21,SATISFIABLE,1+,1.228,1.19,1.19,0.00,1.228
65_Enumerate_Standard_Full_2_DEFAULT_26740,65,Enumerate,Standard,Full,2,DEFAULT,26740,2-triple-21,SATISFIABLE,1+,1.079,1.03,1.03,0.00,1.079
66_Enumerate_Standard_Full_3_DEFAULT_23583,66,Enumerate,Standard,Full,3,DEFAULT,23583,2-triple-21,SATISFIABLE,1+,9.743,9.69,9.69,0.00,9.743
67_Enumerate_Standard_Full_1_DEFAULT_17876,67,Enumerate,Standard,Full,1,DEFAULT,17876,2-triple-21,SATISFIABLE,1+,3.980,3.93,3.93,0.00,3.979
68_Enumerate_Standard_Full_2_DEFAULT_19383,68,Enumerate,Standard,Full,2,DEFAULT,19383,2-triple-21,SATISFIABLE,1+,0.329,0.27,0.27,0.00,0.329
69_Enumerate_Standard_Full_3_DEFAULT_7579,69,Enumerate,Standard,Full,3,DEFAULT,7579,2-triple-21,SATISFIABLE,1+,0.179,0.12,0.12,0.00,0.179
73_Enumerate_Standard_Full_1_DEFAULT_5107,73,Enumerate,Standard,Full,1,DEFAULT,5107,2-triple-21,SATISFIABLE,1+,44.108,44.05,44.05,0.00,44.107
77_Enumerate_Standard_Full_2_DEFAULT_12399,77,Enumerate,Standard,Full,2,DEFAULT,12399,2-triple-21,SATISFIABLE,1+,36.369,36.31,36.31,0.00,36.368
78_Enumerate_Standard_Full_3_DEFAULT_5812,78,Enumerate,Standard,Full,3,DEFAULT,5812,2-triple-21,SATISFIABLE,1+,52.951,52.88,52.88,0.00,52.948
79_Enumerate_Standard_Full_1_DEFAULT_21123,79,Enumerate,Standard,Full,1,DEFAULT,21123,2-triple-21,SATISFIABLE,1+,12.409,12.35,12.35,0.00,12.409
7_Enumerate_Standard_Full_1_DEFAULT_3718,7,Enumerate,Standard,Full,1,DEFAULT,3718,2-triple-21,SATISFIABLE,1+,61.777,61.72,61.72,0.00,61.775
82_Enumerate_Standard_Full_1_DEFAULT_26645,82,Enumerate,Standard,Full,1,DEFAULT,26645,2-triple-21,SATISFIABLE,1+,136.384,136.31,136.31,0.00,136.380
83_Enumerate_Standard_Full_2_DEFAULT_4448,83,Enumerate,Standard,Full,2,DEFAULT,4448,2-triple-21,SATISFIABLE,1+,0.642,0.58,0.58,0.00,0.642
84_Enumerate_Standard_Full_3_DEFAULT_12868,84,Enumerate,Standard,Full,3,DEFAULT,12868,2-triple-21,SATISFIABLE,1+,49.648,49.58,49.58,0.00,49.647
86_Enumerate_Standard_Full_2_DEFAULT_8467,86,Enumerate,Standard,Full,2,DEFAULT,8467,2-triple-21,SATISFIABLE,1+,3.951,3.89,3.89,0.00,3.951
87_Enumerate_Standard_Full_3_DEFAULT_14775,87,Enumerate,Standard,Full,3,DEFAULT,14775,2-triple-21,SATISFIABLE,1+,1.218,1.16,1.16,0.00,1.218
88_Enumerate_Standard_Full_1_DEFAULT_2212,88,Enumerate,Standard,Full,1,DEFAULT,2212,2-triple-21,SATISFIABLE,1+,3.601,3.55,3.55,0.00,3.600
89_Enumerate_Standard_Full_2_DEFAULT_9472,89,Enumerate,Standard,Full,2,DEFAULT,9472,2-triple-21,SATISFIABLE,1+,0.180,0.13,0.13,0.00,0.180
8_Enumerate_Standard_Full_2_DEFAULT_26796,8,Enumerate,Standard,Full,2,DEFAULT,26796,2-triple-21,SATISFIABLE,1+,49.132,49.07,49.07,0.00,49.131
91_Enumerate_Standard_Full_1_DEFAULT_13383,91,Enumerate,Standard,Full,1,DEFAULT,13383,2-triple-21,SATISFIABLE,1+,1.292,1.23,1.23,0.00,1.292
92_Enumerate_Standard_Full_2_DEFAULT_2517,92,Enumerate,Standard,Full,2,DEFAULT,2517,2-triple-21,SATISFIABLE,1+,1.474,1.41,1.41,0.00,1.474
93_Enumerate_Standard_Full_3_DEFAULT_20286,93,Enumerate,Standard,Full,3,DEFAULT,20286,2-triple-21,SATISFIABLE,1+,36.992,36.94,36.94,0.00,36.991
94_Enumerate_Standard_Full_1_DEFAULT_13727,94,Enumerate,Standard,Full,1,DEFAULT,13727,2-triple-21,SATISFIABLE,1+,5.158,5.12,5.12,0.00,5.158
95_Enumerate_Standard_Full_2_DEFAULT_15928,95,Enumerate,Standard,Full,2,DEFAULT,15928,2-triple-21,SATISFIABLE,1+,72.211,72.15,72.15,0.00,72.209
96_Enumerate_Standard_Full_3_DEFAULT_18316,96,Enumerate,Standard,Full,3,DEFAULT,18316,2-triple-21,SATISFIABLE,1+,11.263,11.21,11.21,0.00,11.262
98_Enumerate_Standard_Full_2_DEFAULT_32598,98,Enumerate,Standard,Full,2,DEFAULT,32598,2-triple-21,SATISFIABLE,1+,4.474,4.42,4.42,0.00,4.474
100_Enumerate_Standard_Full_1_DEFAULT_30414,100,Enumerate,Standard,Full,1,DEFAULT,30414,2-triple-9,SATISFIABLE,1+,0.009,0.00,0.00,0.00,0.009
101_Enumerate_Standard_Full_2_DEFAULT_7830,101,Enumerate,Standard,Full,2,DEFAULT,7830,2-triple-9,SATISFIABLE,1+,0.009,0.00,0.00,0.00,0.009
102_Enumerate_Standard_Full_3_DEFAULT_31417,102,Enumerate,Standard,Full,3,DEFAULT,31417,2-triple-9,SATISFIABLE,1+,0.010,0.00,0.00,0.00,0.010
103_Enumerate_Standard_Full_1_DEFAULT_31869,103,Enumerate,Standard,Full,1,DEFAULT,31869,2-triple-9,SATISFIABLE,1+,0.009,0.00,0.00,0.00,0.009
106_Enumerate_Standard_Full_1_DEFAULT_8543,106,Enumerate,Standard,Full,1,DEFAULT,8543,2-triple-9,SATISFIABLE,1+,0.009,0.00,0.00,0.00,0.009
107_Enumerate_Standard_Full_2_DEFAULT_12158,107,Enumerate,Standard,Full,2,DEFAULT,12158,2-triple-9,SATISFIABLE,1+,0.009,0.00,0.00,0.00,0.009
109_Enumerate_Standard_Full_1_DEFAULT_16687,109,Enumerate,Standard,Full,1,DEFAULT,16687,2-triple-9,SATISFIABLE,1+,0.012,0.00,0.00,0.00,0.012
111_Enumerate_Standard_Full_3_DEFAULT_21083,111,Enumerate,Standard,Full,3,DEFAULT,21083,2-triple-9,SATISFIABLE,1+,0.009,0.00,0.00,0.00,0.009
114_Enumerate_Standard_Full_3_DEFAULT_22154,114,Enumerate,Standard,Full,3,DEFAULT,22154,2-triple-9,SATISFIABLE,1+,0.012,0.00,0.00,0.00,0.012
115_Enumerate_Standard_Full_1_DEFAULT_16699,115,Enumerate,Standard,Full,1,DEFAULT,16699,2-triple-9,SATISFIABLE,1+,0.009,0.00,0.00,0.00,0.009
119_Enumerate_Standard_Full_2_DEFAULT_31792,119,Enumerate,Standard,Full,2,DEFAULT,31792,2-triple-9,SATISFIABLE,1+,0.009,0.00,0.00,0.00,0.009
11_Enumerate_Standard_Full_2_DEFAULT_21172,11,Enumerate,Standard,Full,2,DEFAULT,21172,2-triple-9,SATISFIABLE,1+,0.011,0.00,0.00,0.00,0.011
120_Enumerate_Standard_Full_3_DEFAULT_6602,120,Enumerate,Standard,Full,3,DEFAULT,6602,2-triple-9,SATISFIABLE,1+,0.008,0.00,0.00,0.00,0.008
13_Enumerate_Standard_Full_1_DEFAULT_29690,13,Enumerate,Standard,Full,1,DEFAULT,29690,2-triple-9,SATISFIABLE,1+,0.011,0.00,0.00,0.00,0.011
15_Enumerate_Standard_Full_3_DEFAULT_1743,15,Enumerate,Standard,Full,3,DEFAULT,1743,2-triple-9,SATISFIABLE,1+,0.008,0.00,0.00,0.00,0.008
16_Enumerate_Standard_Full_1_DEFAULT_26740,16,Enumerate,Standard,Full,1,DEFAULT,26740,2-triple-9,SATISFIABLE,1+,0.012,0.00,0.00,0.00,0.012
17_Enumerate_Standard_Full_2_DEFAULT_22856,17,Enumerate,Standard,Full,2,DEFAULT,22856,2-triple-9,SATISFIABLE,1+,0.009,0.00,0.00,0.00,0.009
19_Enumerate_Standard_Full_1_DEFAULT_6751,19,Enumerate,Standard,Full,1,DEFAULT,6751,2-triple-9,SATISFIABLE,1+,0.010,0.00,0.00,0.00,0.010
1_Enumerate_Standard_Full_1_DEFAULT_31681,1,Enumerate,Standard,Full,1,DEFAULT,31681,2-triple-9,SATISFIABLE,1+,0.009,0.00,0.00,0.00,0.009
22_Enumerate_Standard_Full_1_DEFAULT_16849,22,Enumerate,Standard,Full,1,DEFAULT,16849,2-triple-9,SATISFIABLE,1+,0.011,0.00,0.00,0.00,0.011
23_Enumerate_Standard_Full_2_DEFAULT_29843,23,Enumerate,Standard,Full,2,DEFAULT,29843,2-triple-9,SATISFIABLE,1+,0.008,0.00,0.00,0.00,0.008
24_Enumerate_Standard_Full_3_DEFAULT_8299,24,Enumerate,Standard,Full,3,DEFAULT,8299,2-triple-9,SATISFIABLE,1+,0.009,0.00,0.00,0.00,0.009
25_Enumerate_Standard_Full_1_DEFAULT_6709,25,Enumerate,Standard,Full,1,DEFAULT,6709,2-triple-9,SATISFIABLE,1+,0.012,0.00,0.00,0.00,0.012
26_Enumerate_Standard_Full_2_DEFAULT_24419,26,Enumerate,Standard,Full,2,DEFAULT,24419,2-triple-9,SATISFIABLE,1+,0.009,0.00,0.00,0.00,0.009
28_Enumerate_Standard_Full_1_DEFAULT_11547,28,Enumerate,Standard,Full,1,DEFAULT,11547,2-triple-9,SATISFIABLE,1+,0.009,0.00,0.00,0.00,0.009
29_Enumerate_Standard_Full_2_DEFAULT_7260,29,Enumerate,Standard,Full,2,DEFAULT,7260,2-triple-9,SATISFIABLE,1+,0.008,0.00,0.00,0.00,0.008
2_Enumerate_Standard_Full_2_DEFAULT_4634,2,Enumerate,Standard,Full,2,DEFAULT,4634,2-triple-9,SATISFIABLE,1+,0.012,0.00,0.00,0.00,0.012
30_Enumerate_Standard_Full_3_DEFAULT_21865,30,Enumerate,Standard,Full,3,DEFAULT,21865,2-triple-9,SATISFIABLE,1+,0.008,0.00,0.00,0.00,0.008
31_Enumerate_Standard_Full_1_DEFAULT_16017,31,Enumerate,Standard,Full,1,DEFAULT,16017,2-triple-9,SATISFIABLE,1+,0.009,0.00,0.00,0.00,0.009
34_Enumerate_Standard_Full_1_DEFAULT_10456,34,Enumerate,Standard,Full,1,DEFAULT,10456,2-triple-9,SATISFIABLE,1+,0.011,0.00,0.00,0.00,0.011
35_Enumerate_Standard_Full_2_DEFAULT_25977,35,Enumerate,Standard,Full,2,DEFAULT,25977,2-triple-9,SATISFIABLE,1+,0.008,0.00,0.00,0.00,0.008
36_Enumerate_Standard_Full_3_DEFAULT_20418,36,Enumerate,Standard,Full,3,DEFAULT,20418,2-triple-9,SATISFIABLE,1+,0.010,0.00,0.00,0.00,0.010
37_Enumerate_Standard_Full_1_DEFAULT_3380,37,Enumerate,Standard,Full,1,DEFAULT,3380,2-triple-9,SATISFIABLE,1+,0.010,0.00,0.00,0.00,0.010
39_Enumerate_Standard_Full_3_DEFAULT_29743,39,Enumerate,Standard,Full,3,DEFAULT,29743,2-triple-9,SATISFIABLE,1+,0.010,0.00,0.00,0.00,0.010
3_Enumerate_Standard_Full_3_DEFAULT_16837,3,Enumerate,Standard,Full,3,DEFAULT,16837,2-triple-9,SATISFIABLE,1+,0.009,0.00,0.00,0.00,0.009
40_Enumerate_Standard_Full_1_DEFAULT_14157,40,Enumerate,Standard,Full,1,DEFAULT,14157,2-triple-9,SATISFIABLE,1+,0.009,0.00,0.00,0.00,0.009
42_Enumerate_Standard_Full_3_DEFAULT_3023,42,Enumerate,Standard,Full,3,DEFAULT,3023,2-triple-9,SATISFIABLE,1+,0.009,0.00,0.00,0.00,0.009
47_Enumerate_Standard_Full_2_DEFAULT_23256,47,Enumerate,Standard,Full,2,DEFAULT,23256,2-triple-9,SATISFIABLE,1+,0.008,0.00,0.00,0.00,0.008
49_Enumerate_Standard_Full_1_DEFAULT_6652,49,Enumerate,Standard,Full,1,DEFAULT,6652,2-triple-9,SATISFIABLE,1+,0.009,0.00,0.00,0.00,0.009
4_Enumerate_Standard_Full_1_DEFAULT_15262,4,Enumerate,Standard,Full,1,DEFAULT,15262,2-triple-9,SATISFIABLE,1+,0.012,0.00,0.00,0.00,0.012
52_Enumerate_Standard_Full_1_DEFAULT_759,52,Enumerate,Standard,Full,1,DEFAULT,759,2-triple-9,SATISFIABLE,1+,0.008,0.00,0.00,0.00,0.008
53_Enumerate_Standard_Full_2_DEFAULT_2001,53,Enumerate,Standard,Full,2,DEFAULT,2001,2-triple-9,SATISFIABLE,1+,0.011,0.00,0.00,0.00,0.011
55_Enumerate_Standard_Full_1_DEFAULT_2905,55,Enumerate,Standard,Full,1,DEFAULT,2905,2-triple-9,SATISFIABLE,1+,0.008,0.00,0.00,0.00,0.008
58_Enumerate_Standard_Full_1_DEFAULT_26985,58,Enumerate,Standard,Full,1,DEFAULT,26985,2-triple-9,SATISFIABLE,1+,0.010,0.00,0.00,0.00,0.010
59_Enumerate_Standard_Full_2_DEFAULT_16281,59,Enumerate,Standard,Full,2,DEFAULT,16281,2-triple-9,SATISFIABLE,1+,0.009,0.00,0.00,0.00,0.009
60_Enumerate_Standard_Full_3_DEFAULT_16345,60,Enumerate,Standard,Full,3,DEFAULT,16345,2-triple-9,SATISFIABLE,1+,0.009,0.00,0.00,0.00,0.009
65_Enumerate_Standard_Full_2_DEFAULT_26740,65,Enumerate,Standard,Full,2,DEFAULT,26740,2-triple-9,SATISFIABLE,1+,0.009,0.00,0.00,0.00,0.009
66_Enumerate_Standard_Full_3_DEFAULT_23583,66,Enumerate,Standard,Full,3,DEFAULT,23583,2-triple-9,SATISFIABLE,1+,0.010,0.00,0.00,0.00,0.010
67_Enumerate_Standard_Full_1_DEFAULT_17876,67,Enumerate,Standard,Full,1,DEFAULT,17876,2-triple-9,SATISFIABLE,1+,0.010,0.00,0.00,0.00,0.010
68_Enumerate_Standard_Full_2_DEFAULT_19383,68,Enumerate,Standard,Full,2,DEFAULT,19383,2-triple-9,SATISFIABLE,1+,0.010,0.00,0.00,0.00,0.010
69_Enumerate_Standard_Full_3_DEFAULT_7579,69,Enumerate,Standard,Full,3,DEFAULT,7579,2-triple-9,SATISFIABLE,1+,0.008,0.00,0.00,0.00,0.008
73_Enumerate_Standard_Full_1_DEFAULT_5107,73,Enumerate,Standard,Full,1,DEFAULT,5107,2-triple-9,SATISFIABLE,1+,0.014,0.01,0.01,0.00,0.014
77_Enumerate_Standard_Full_2_DEFAULT_12399,77,Enumerate,Standard,Full,2,DEFAULT,12399,2-triple-9,SATISFIABLE,1+,0.011,0.00,0.00,0.00,0.011
78_Enumerate_Standard_Full_3_DEFAULT_5812,78,Enumerate,Standard,Full,3,DEFAULT,5812,2-triple-9,SATISFIABLE,1+,0.011,0.00,0.00,0.00,0.011
79_Enumerate_Standard_Full_1_DEFAULT_21123,79,Enumerate,Standard,Full,1,DEFAULT,21123,2-triple-9,SATISFIABLE,1+,0.009,0.00,0.00,0.00,0.009
7_Enumerate_Standard_Full_1_DEFAULT_3718,7,Enumerate,Standard,Full,1,DEFAULT,3718,2-triple-9,SATISFIABLE,1+,0.011,0.00,0.00,0.00,0.011
82_Enumerate_Standard_Full_1_DEFAULT_26645,82,Enumerate,Standard,Full,1,DEFAULT,26645,2-triple-9,SATISFIABLE,1+,0.011,0.00,0.00,0.00,0.011
83_Enumerate_Standard_Full_2_DEFAULT_4448,83,Enumerate,Standard,Full,2,DEFAULT,4448,2-triple-9,SATISFIABLE,1+,0.008,0.00,0.00,0.00,0.008
84_Enumerate_Standard_Full_3_DEFAULT_12868,84,Enumerate,Standard,Full,3,DEFAULT,12868,2-triple-9,SATISFIABLE,1+,0.011,0.00,0.00,0.00,0.011
86_Enumerate_Standard_Full_2_DEFAULT_8467,86,Enumerate,Standard,Full,2,DEFAULT,8467,2-triple-9,SATISFIABLE,1+,0.010,0.00,0.00,0.00,0.010
87_Enumerate_Standard_Full_3_DEFAULT_14775,87,Enumerate,Standard,Full,3,DEFAULT,14775,2-triple-9,SATISFIABLE,1+,0.008,0.00,0.00,0.00,0.008
88_Enumerate_Standard_Full_1_DEFAULT_2212,88,Enumerate,Standard,Full,1,DEFAULT,2212,2-triple-9,SATISFIABLE,1+,0.010,0.00,0.00,0.00,0.010
89_Enumerate_Standard_Full_2_DEFAULT_9472,89,Enumerate,Standard,Full,2,DEFAULT,9472,2-triple-9,SATISFIABLE,1+,0.009,0.00,0.00,0.00,0.009
8_Enumerate_Standard_Full_2_DEFAULT_26796,8,Enumerate,Standard,Full,2,DEFAULT,26796,2-triple-9,SATISFIABLE,1+,0.012,0.00,0.00,0.00,0.012
91_Enumerate_Standard_Full_1_DEFAULT_13383,91,Enumerate,Standard,Full,1,DEFAULT,13383,2-triple-9,SATISFIABLE,1+,0.009,0.00,0.00,0.00,0.009
92_Enumerate_Standard_Full_2_DEFAULT_2517,92,Enumerate,Standard,Full,2,DEFAULT,2517,2-triple-9,SATISFIABLE,1+,0.009,0.00,0.00,0.00,0.009
93_Enumerate_Standard_Full_3_DEFAULT_20286,93,Enumerate,Standard,Full,3,DEFAULT,20286,2-triple-9,SATISFIABLE,1+,0.011,0.00,0.00,0.00,0.011
94_Enumerate_Standard_Full_1_DEFAULT_13727,94,Enumerate,Standard,Full,1,DEFAULT,13727,2-triple-9,SATISFIABLE,1+,0.010,0.00,0.00,0.00,0.010
95_Enumerate_Standard_Full_2_DEFAULT_15928,95,Enumerate,Standard,Full,2,DEFAULT,15928,2-triple-9,SATISFIABLE,1+,0.010,0.00,0.00,0.00,0.010
96_Enumerate_Standard_Full_3_DEFAULT_18316,96,Enumerate,Standard,Full,3,DEFAULT,18316,2-triple-9,SATISFIABLE,1+,0.008,0.00,0.00,0.00,0.008
98_Enumerate_Standard_Full_2_DEFAULT_32598,98,Enumerate,Standard,Full,2,DEFAULT,32598,2-triple-9,SATISFIABLE,1+,0.009,0.00,0.00,0.00,0.009
100_Enumerate_Standard_Full_1_DEFAULT_30414,100,Enumerate,Standard,Full,1,DEFAULT,30414,2-triple-12,SATISFIABLE,1+,0.028,0.01,0.01,0.00,0.028
101_Enumerate_Standard_Full_2_DEFAULT_7830,101,Enumerate,Standard,Full,2,DEFAULT,7830,2-triple-12,SATISFIABLE,1+,0.053,0.04,0.04,0.00,0.053
102_Enumerate_Standard_Full_3_DEFAULT_31417,102,Enumerate,Standard,Full,3,DEFAULT,31417,2-triple-12,SATISFIABLE,1+,0.015,0.00,0.00,0.00,0.015
103_Enumerate_Standard_Full_1_DEFAULT_31869,103,Enumerate,Standard,Full,1,DEFAULT,31869,2-triple-12,SATISFIABLE,1+,0.032,0.02,0.02,0.00,0.032
106_Enumerate_Standard_Full_1_DEFAULT_8543,106,Enumerate,Standard,Full,1,DEFAULT,8543,2-triple-12,SATISFIABLE,1+,0.015,0.00,0.00,0.00,0.015
107_Enumerate_Standard_Full_2_DEFAULT_12158,107,Enumerate,Standard,Full,2,DEFAULT,12158,2-triple-12,SATISFIABLE,1+,0.029,0.02,0.02,0.00,0.029
109_Enumerate_Standard_Full_1_DEFAULT_16687,109,Enumerate,Standard,Full,1,DEFAULT,16687,2-triple-12,SATISFIABLE,1+,0.021,0.01,0.01,0.00,0.021
111_Enumerate_Standard_Full_3_DEFAULT_21083,111,Enumerate,Standard,Full,3,DEFAULT,21083,2-triple-12,SATISFIABLE,1+,0.022,0.01,0.01,0.00,0.022
114_Enumerate_Standard_Full_3_DEFAULT_22154,114,Enumerate,Standard,Full,3,DEFAULT,22154,2-triple-12,SATISFIABLE,1+,0.059,0.05,0.05,0.00,0.059
115_Enumerate_Standard_Full_1_DEFAULT_16699,115,Enumerate,Standard,Full,1,DEFAULT,16699,2-triple-12,SATISFIABLE,1+,0.038,0.02,0.02,0.00,0.038
119_Enumerate_Standard_Full_2_DEFAULT_31792,119,Enumerate,Standard,Full,2,DEFAULT,31792,2-triple-12,SATISFIABLE,1+,0.022,0.01,0.01,0.00,0.022
11_Enumerate_Standard_Full_2_DEFAULT_21172,11,Enumerate,Standard,Full,2,DEFAULT,21172,2-triple-12,SATISFIABLE,1+,0.013,0.00,0.00,0.00,0.013
120_Enumerate_Standard_Full_3_DEFAULT_6602,120,Enumerate,Standard,Full,3,DEFAULT,6602,2-triple-12,SATISFIABLE,1+,0.015,0.00,0.00,0.00,0.015
13_Enumerate_Standard_Full_1_DEFAULT_29690,13,Enumerate,Standard,Full,1,DEFAULT,29690,2-triple-12,SATISFIABLE,1+,0.059,0.04,0.04,0.00,0.059
15_Enumerate_Standard_Full_3_DEFAULT_1743,15,Enumerate,Standard,Full,3,DEFAULT,1743,2-triple-12,SATISFIABLE,1+,0.016,0.00,0.00,0.00,0.016
16_Enumerate_Standard_Full_1_DEFAULT_26740,16,Enumerate,Standard,Full,1,DEFAULT,26740,2-triple-12,SATISFIABLE,1+,0.058,0.04,0.04,0.00,0.058
17_Enumerate_Standard_Full_2_DEFAULT_22856,17,Enumerate,Standard,Full,2,DEFAULT,22856,2-triple-12,SATISFIABLE,1+,0.015,0.00,0.00,0.00,0.015
19_Enumerate_Standard_Full_1_DEFAULT_6751,19,Enumerate,Standard,Full,1,DEFAULT,6751,2-triple-12,SATISFIABLE,1+,0.017,0.00,0.00,0.00,0.017
1_Enumerate_Standard_Full_1_DEFAULT_31681,1,Enumerate,Standard,Full,1,DEFAULT,31681,2-triple-12,SATISFIABLE,1+,0.015,0.00,0.00,0.00,0.015
22_Enumerate_Standard_Full_1_DEFAULT_16849,22,Enumerate,Standard,Full,1,DEFAULT,16849,2-triple-12,SATISFIABLE,1+,0.031,0.02,0.02,0.00,0.031
23_Enumerate_Standard_Full_2_DEFAULT_29843,23,Enumerate,Standard,Full,2,DEFAULT,29843,2-triple-12,SATISFIABLE,1+,0.015,0.00,0.00,0.00,0.015
24_Enumerate_Standard_Full_3_DEFAULT_8299,24,Enumerate,Standard,Full,3,DEFAULT,8299,2-triple-12,SATISFIABLE,1+,0.019,0.01,0.01,0.00,0.019
25_Enumerate_Standard_Full_1_DEFAULT_6709,25,Enumerate,Standard,Full,1,DEFAULT,6709,2-triple-12,SATISFIABLE,1+,0.031,0.02,0.02,0.00,0.031
26_Enumerate_Standard_Full_2_DEFAULT_24419,26,Enumerate,Standard,Full,2,DEFAULT,24419,2-triple-12,SATISFIABLE,1+,0.042,0.03,0.03,0.00,0.042
28_Enumerate_Standard_Full_1_DEFAULT_11547,28,Enumerate,Standard,Full,1,DEFAULT,11547,2-triple-12,SATISFIABLE,1+,0.024,0.01,0.01,0.00,0.024
29_Enumerate_Standard_Full_2_DEFAULT_7260,29,Enumerate,Standard,Full,2,DEFAULT,7260,2-triple-12,SATISFIABLE,1+,0.021,0.01,0.01,0.00,0.021
2_Enumerate_Standard_Full_2_DEFAULT_4634,2,Enumerate,Standard,Full,2,DEFAULT,4634,2-triple-12,SATISFIABLE,1+,0.101,0.08,0.08,0.00,0.101
30_Enumerate_Standard_Full_3_DEFAULT_21865,30,Enumerate,Standard,Full,3,DEFAULT,21865,2-triple-12,SATISFIABLE,1+,0.015,0.00,0.00,0.00,0.015
31_Enumerate_Standard_Full_1_DEFAULT_16017,31,Enumerate,Standard,Full,1,DEFAULT,16017,2-triple-12,SATISFIABLE,1+,0.020,0.01,0.01,0.00,0.020
34_Enumerate_Standard_Full_1_DEFAULT_10456,34,Enumerate,Standard,Full,1,DEFAULT,10456,2-triple-12,SATISFIABLE,1+,0.038,0.02,0.02,0.00,0.038
35_Enumerate_Standard_Full_2_DEFAULT_25977,35,Enumerate,Standard,Full,2,DEFAULT,25977,2-triple-12,SATISFIABLE,1+,0.013,0.00,0.00,0.00,0.013
36_Enumerate_Standard_Full_3_DEFAULT_20418,36,Enumerate,Standard,Full,3,DEFAULT,20418,2-triple-12,SATISFIABLE,1+,0.016,0.00,0.00,0.00,0.016
37_Enumerate_Standard_Full_1_DEFAULT_3380,37,Enumerate,Standard,Full,1,DEFAULT,3380,2-triple-12,SATISFIABLE,1+,0.017,0.00,0.00,0.00,0.017
39_Enumerate_Standard_Full_3_DEFAULT_29743,39,Enumerate,Standard,Full,3,DEFAULT,29743,2-triple-12,SATISFIABLE,1+,0.042,0.03,0.03,0.00,0.042
3_Enumerate_Standard_Full_3_DEFAULT_16837,3,Enumerate,Standard,Full,3,DEFAULT,16837,2-triple-12,SATISFIABLE,1+,0.015,0.00,0.00,0.00,0.015
40_Enumerate_Standard_Full_1_DEFAULT_14157,40,Enumerate,Standard,Full,1,DEFAULT,14157,2-triple-12,SATISFIABLE,1+,0.016,0.00,0.00,0.00,0.016
42_Enumerate_Standard_Full_3_DEFAULT_3023,42,Enumerate,Standard,Full,3,DEFAULT,3023,2-triple-12,SATISFIABLE,1+,0.034,0.02,0.02,0.00,0.034
47_Enumerate_Standard_Full_2_DEFAULT_23256,47,Enumerate,Standard,Full,2,DEFAULT,23256,2-triple-12,SATISFIABLE,1+,0.015,0.00,0.00,0.00,0.015
49_Enumerate_Standard_Full_1_DEFAULT_6652,49,Enumerate,Standard,Full,1,DEFAULT,6652,2-triple-12,SATISFIABLE,1+,0.022,0.01,0.01,0.00,0.022
4_Enumerate_Standard_Full_1_DEFAULT_15262,4,Enumerate,Standard,Full,1,DEFAULT,15262,2-triple-12,SATISFIABLE,1+,0.031,0.02,0.02,0.00,0.031
52_Enumerate_Standard_Full_1_DEFAULT_759,52,Enumerate,Standard,Full,1,DEFAULT,759,2-triple-12,SATISFIABLE,1+,0.018,0.01,0.01,0.00,0.018
53_Enumerate_Standard_Full_2_DEFAULT_2001,53,Enumerate,Standard,Full,2,DEFAULT,2001,2-triple-12,SATISFIABLE,1+,0.055,0.04,0.04,0.00,0.055
55_Enumerate_Standard_Full_1_DEFAULT_2905,55,Enumerate,Standard,Full,1,DEFAULT,2905,2-triple-12,SATISFIABLE,1+,0.018,0.00,0.00,0.00,0.018
58_Enumerate_Standard_Full_1_DEFAULT_26985,58,Enumerate,Standard,Full,1,DEFAULT,26985,2-triple-12,SATISFIABLE,1+,0.051,0.04,0.04,0.00,0.051
59_Enumerate_Standard_Full_2_DEFAULT_16281,59,Enumerate,Standard,Full,2,DEFAULT,16281,2-triple-12,SATISFIABLE,1+,0.069,0.05,0.05,0.00,0.069
60_Enumerate_Standard_Full_3_DEFAULT_16345,60,Enumerate,Standard,Full,3,DEFAULT,16345,2-triple-12,SATISFIABLE,1+,0.022,0.01,0.01,0.00,0.022
65_Enumerate_Standard_Full_2_DEFAULT_26740,65,Enumerate,Standard,Full,2,DEFAULT,26740,2-triple-12,SATISFIABLE,1+,0.016,0.00,0.00,0.00,0.015
66_Enumerate_Standard_Full_3_DEFAULT_23583,66,Enumerate,Standard,Full,3,DEFAULT,23583,2-triple-12,SATISFIABLE,1+,0.021,0.01,0.01,0.00,0.021
67_Enumerate_Standard_Full_1_DEFAULT_17876,67,Enumerate,Standard,Full,1,DEFAULT,17876,2-triple-12,SATISFIABLE,1+,0.018,0.00,0.00,0.00,0.018
68_Enumerate_Standard_Full_2_DEFAULT_19383,68,Enumerate,Standard,Full,2,DEFAULT,19383,2-triple-12,SATISFIABLE,1+,0.019,0.01,0.01,0.00,0.019
69_Enumerate_Standard_Full_3_DEFAULT_7579,69,Enumerate,Standard,Full,3,DEFAULT,7579,2-triple-12,SATISFIABLE,1+,0.017,0.00,0.00,0.00,0.017
73_Enumerate_Standard_Full_1_DEFAULT_5107,73,Enumerate,Standard,Full,1,DEFAULT,5107,2-triple-12,SATISFIABLE,1+,0.105,0.09,0.09,0.00,0.105
77_Enumerate_Standard_Full_2_DEFAULT_12399,77,Enumerate,Standard,Full,2,DEFAULT,12399,2-triple-12,SATISFIABLE,1+,0.049,0.03,0.03,0.00,0.049
78_Enumerate_Standard_Full_3_DEFAULT_5812,78,Enumerate,Standard,Full,3,DEFAULT,5812,2-triple-12,SATISFIABLE,1+,0.016,0.00,0.00,0.00,0.016
79_Enumerate_Standard_Full_1_DEFAULT_21123,79,Enumerate,Standard,Full,1,DEFAULT,21123,2-triple-12,SATISFIABLE,1+,0.020,0.01,0.01,0.00,0.020
7_Enumerate_Standard_Full_1_DEFAULT_3718,7,Enumerate,Standard,Full,1,DEFAULT,3718,2-triple-12,SATISFIABLE,1+,0.016,0.00,0.00,0.00,0.016
82_Enumerate_Standard_Full_1_DEFAULT_26645,82,Enumerate,Standard,Full,1,DEFAULT,26645,2-triple-12,SATISFIABLE,1+,0.051,0.03,0.03,0.00,0.051
83_Enumerate_Standard_Full_2_DEFAULT_4448,83,Enumerate,Standard,Full,2,DEFAULT,4448,2-triple-12,SATISFIABLE,1+,0.018,0.00,0.00,0.00,0.018
84_Enumerate_Standard_Full_3_DEFAULT_12868,84,Enumerate,Standard,Full,3,DEFAULT,12868,2-triple-12,SATISFIABLE,1+,0.017,0.00,0.00,0.00,0.017
86_Enumerate_Standard_Full_2_DEFAULT_8467,86,Enumerate,Standard,Full,2,DEFAULT,8467,2-triple-12,SATISFIABLE,1+,0.038,0.02,0.02,0.00,0.038
87_Enumerate_Standard_Full_3_DEFAULT_14775,87,Enumerate,Standard,Full,3,DEFAULT,14775,2-triple-12,SATISFIABLE,1+,0.030,0.02,0.02,0.00,0.030
88_Enumerate_Standard_Full_1_DEFAULT_2212,88,Enumerate,Standard,Full,1,DEFAULT,2212,2-triple-12,SATISFIABLE,1+,0.022,0.01,0.01,0.00,0.022
89_Enumerate_Standard_Full_2_DEFAULT_9472,89,Enumerate,Standard,Full,2,DEFAULT,9472,2-triple-12,SATISFIABLE,1+,0.024,0.01,0.01,0.00,0.024
8_Enumerate_Standard_Full_2_DEFAULT_26796,8,Enumerate,Standard,Full,2,DEFAULT,26796,2-triple-12,SATISFIABLE,1+,0.019,0.00,0.00,0.00,0.019
91_Enumerate_Standard_Full_1_DEFAULT_13383,91,Enumerate,Standard,Full,1,DEFAULT,13383,2-triple-12,SATISFIABLE,1+,0.020,0.00,0.00,0.00,0.020
92_Enumerate_Standard_Full_2_DEFAULT_2517,92,Enumerate,Standard,Full,2,DEFAULT,2517,2-triple-12,SATISFIABLE,1+,0.026,0.01,0.01,0.00,0.026
93_Enumerate_Standard_Full_3_DEFAULT_20286,93,Enumerate,Standard,Full,3,DEFAULT,20286,2-triple-12,SATISFIABLE,1+,0.051,0.04,0.04,0.00,0.051
94_Enumerate_Standard_Full_1_DEFAULT_13727,94,Enumerate,Standard,Full,1,DEFAULT,13727,2-triple-12,SATISFIABLE,1+,0.026,0.01,0.01,0.00,0.026
95_Enumerate_Standard_Full_2_DEFAULT_15928,95,Enumerate,Standard,Full,2,DEFAULT,15928,2-triple-12,SATISFIABLE,1+,0.023,0.01,0.01,0.00,0.023
96_Enumerate_Standard_Full_3_DEFAULT_18316,96,Enumerate,Standard,Full,3,DEFAULT,18316,2-triple-12,SATISFIABLE,1+,0.027,0.01,0.01,0.00,0.027
98_Enumerate_Standard_Full_2_DEFAULT_32598,98,Enumerate,Standard,Full,2,DEFAULT,32598,2-triple-12,SATISFIABLE,1+,0.040,0.03,0.03,0.00,0.039
