,Directory,Files analysed with SBASS,Positive Examples in S,Ordering,SBC,Iteration,Cell,Seed,Opt,Time for creating examples,Time for solving ILP task,Total neg examples,Total pos examples,Neg examples uncovered,Learned Constraints
6,./../Problems/Pigeon_Owner/,o1_c1_p3_h3.lp,Specific,Alternative,Full,1,0,48009,Nopt,0.04,0.281,5,1,5,
7,./../Problems/Pigeon_Owner/,o1_c2_p2_h4.lp,Specific,Alternative,Full,2,0,55625,Nopt,0.043,0.687,10,2,4," :- colorGEQ(V3,V1), next_color(V1,V2), not colorGEQ(V3,V2).
"
8,./../Problems/Pigeon_Owner/,o1_c2_p3_h4.lp,Specific,Alternative,Full,2,0,88786,Nopt,0.1,0.667,23,1,11," :- colorGEQ(V3,V1), next_color(V1,V2), not colorGEQ(V3,V2).
"
9,./../Problems/Pigeon_Owner/,o2_c1_p3_h4.lp,Specific,Alternative,Full,3,0,79435,Nopt,0.096,1.835,23,1,1," :- ownerGEQ(V1,V2), next_owner(V2,V3), not ownerGEQ(V1,V3).
 :- assignGEQ(V1,V3), next_pigeon(V1,V2), not assignGEQ(V2,V3).
"
10,./../Problems/Pigeon_Owner/,o2_c2_p3_h5.lp,Specific,Alternative,Full,3,0,67336,Nopt,1.281,3.232,353,7,174,
