,Directory,Files analysed with SBASS,Positive Examples in S,Ordering,SBC,Iteration,Cell,Seed,Opt,Time for creating examples,Time for solving ILP task,Total neg examples,Total pos examples,Neg examples uncovered,Learned Constraints
6,./../Problems/Pigeon_Color/,c1_p3_h3.lp,Specific,Alternative,Full,1,0,57186,Nopt,0.034,0.246,5,1,5,
7,./../Problems/Pigeon_Color/,c1_p3_h4.lp,Specific,Alternative,Full,1,0,76724,Nopt,0.07,0.264,23,1,23,
8,./../Problems/Pigeon_Color/,c2_p2_h3.lp,Specific,Alternative,Full,2,0,74667,Nopt,0.027,0.615,3,1,0," :- colorGEQ(V3,V1), next_color(V1,V2), not colorGEQ(V3,V2).
 :- assignGEQ(V1,V3), next_pigeon(V1,V2), not assignGEQ(V2,V3).
"
9,./../Problems/Pigeon_Color/,c2_p3_h4.lp,Specific,Alternative,Full,2,0,17751,Nopt,0.072,0.879,23,1,1," :- colorGEQ(V3,V1), next_color(V1,V2), not colorGEQ(V3,V2).
 :- assignGEQ(V1,V3), next_pigeon(V1,V2), not assignGEQ(V2,V3).
"
10,./../Problems/Pigeon_Color/,c2_p3_h4.lp - c2_p3_h5.lp,Specific,Alternative,Full,2,0,47168,Nopt,0.352,1.494,126,6,16," :- assignGEQ(V1,V3), next_pigeon(V1,V2), not assignGEQ(V2,V3).
"
