,Directory,Files analysed with SBASS,Positive Examples in S,Ordering,SBC,Iteration,Cell,Seed,Opt,Time for creating examples,Time for solving ILP task,Total neg examples,Total pos examples,Neg examples uncovered,Learned Constraints
1,./../Problems/PUP/doublev_opt/,2-doublev-9-6.lp,Specific,Alternative,Full,1,1,31681,Opt,10.105,50.415,3,1,0," :- zone2sensor(V1,V1), not unit2sensorGEQ(V1,V1).
"
2,./../Problems/PUP/doublev_opt/,2-doublev-9-6.lp,Specific,Alternative,Full,1,2,4634,Opt,6.454,50.884,6,2,0," :- zone2sensor(V1,V1), not unit2sensorGEQ(V1,V1).
 :- partnerunits(V1,V2), not zone2sensor(V2,V1), not unit2zoneGEQ(V1,V1).
"
3,./../Problems/PUP/doublev_opt/,2-doublev-9-6.lp,Specific,Alternative,Full,1,3,16837,Opt,10.249,159.15,9,3,0," :- partnerunits(V1,V2), unit2sensorGEQ(V2,V1), unit2sensorGEQ(V1,V2).
"
4,./../Problems/PUP/doublev_opt/,2-doublev-9-6.lp,Specific,Alternative,Full,1,1,15262,Opt,9.547,54.284,3,1,0," :- unit2sensorGEQ(V1,V1), unit2sensorGEQ(V2,V2), closesensors(V1,V2).
"
5,./../Problems/PUP/doublev_opt/,2-doublev-9-6.lp,Specific,Alternative,Full,1,2,22084,Opt,7.447,97.283,6,2,0," :- unit2zoneGEQ(V1,V2), closesensors(V1,V2), not unit2sensorGEQ(V1,V2).
"
6,./../Problems/PUP/doublev_opt/,2-doublev-9-6.lp,Specific,Alternative,Full,1,3,24758,Opt,8.352,229.289,9,3,0," :- zone2sensor(V1,V1), unit2zoneGEQ(V1,V1), not unit2sensorGEQ(V1,V1).
 :- zone2sensor(V1,V1), unit2sensorGEQ(V2,V1), not unit2zoneGEQ(V2,V1).
"
7,./../Problems/PUP/doublev_opt/,2-doublev-9-6.lp,Specific,Alternative,Full,1,1,3718,Opt,7.5,56.071,3,1,0," :- zone2sensor(V1,V1), closezones(V1,V2), not unit2zoneGEQ(V1,V2).
"
8,./../Problems/PUP/doublev_opt/,2-doublev-9-6.lp,Specific,Alternative,Full,1,2,26796,Opt,8.582,167.164,6,2,0," :- unit2sensorGEQ(V1,V2), closesensors(V1,V2), not unit2zoneGEQ(V1,V2).
"
9,./../Problems/PUP/doublev_opt/,2-doublev-9-6.lp,Specific,Alternative,Full,1,3,25434,Opt,7.62,199.734,9,3,0," :- partnerunits(V1,V2), unit2zoneGEQ(V1,V1), unit2zoneGEQ(V2,V2).
 :- partnerunits(V2,V1), unit2zoneGEQ(V1,V1), not unit2sensorGEQ(V1,V2).
"
10,./../Problems/PUP/doublev_opt/,2-doublev-9-6.lp,Specific,Alternative,Full,1,1,8598,Opt,6.377,31.093,3,1,0," :- unit2sensorGEQ(V1,V1), not unit2zoneGEQ(V1,V1).
"
11,./../Problems/PUP/doublev_opt/,2-doublev-9-6.lp,Specific,Alternative,Full,1,2,21172,Opt,8.34,49.59,6,2,0," :- zone2sensor(V1,V1), not unit2sensorGEQ(V1,V1).
"
12,./../Problems/PUP/doublev_opt/,2-doublev-9-6.lp,Specific,Alternative,Full,1,3,31928,Opt,6.503,103.394,9,3,0," :- unit2zoneGEQ(V1,V2), not zone2sensor(V1,V2), not unit2zoneGEQ(V1,V1).
"
13,./../Problems/PUP/doublev_opt/,2-doublev-9-6.lp,Specific,Alternative,Full,1,1,29690,Opt,8.512,51.798,3,1,0," :- partnerunits(V1,V2), closesensors(V2,V1), not unit2zoneGEQ(V1,V1).
"
14,./../Problems/PUP/doublev_opt/,2-doublev-9-6.lp,Specific,Alternative,Full,1,2,3800,Opt,8.53,31.204,6,2,0," :- zone2sensor(V1,V2), unit2zoneGEQ(V1,V2), not unit2zoneGEQ(V1,V1).
"
15,./../Problems/PUP/doublev_opt/,2-doublev-9-6.lp,Specific,Alternative,Full,1,3,1743,Opt,10.241,223.672,9,3,0," :- zone2sensor(V1,V1), unit2zoneGEQ(V2,V2), not unit2zoneGEQ(V2,V1).
 :- partnerunits(V2,V1), unit2zoneGEQ(V1,V1), not unit2sensorGEQ(V1,V2).
"
16,./../Problems/PUP/doublev_opt/,2-doublev-9-6.lp,Specific,Alternative,Full,1,1,26740,Opt,9.181,30.721,3,1,0," :- unit2sensorGEQ(V1,V2), closesensors(V1,V2), not unit2zoneGEQ(V1,V2).
"
17,./../Problems/PUP/doublev_opt/,2-doublev-9-6.lp,Specific,Alternative,Full,1,2,22856,Opt,9.691,54.569,6,2,0," :- unit2zoneGEQ(V1,V1), not zone2sensor(V1,V1).
"
18,./../Problems/PUP/doublev_opt/,2-doublev-9-6.lp,Specific,Alternative,Full,1,3,25148,Opt,9.407,350.882,9,3,0," :- zone2sensor(V1,V1), not unit2sensorGEQ(V1,V1).
 :- unit2sensorGEQ(V1,V1), not zone2sensor(V1,V1), not unit2zoneGEQ(V1,V1).
"
19,./../Problems/PUP/doublev_opt/,2-doublev-9-6.lp,Specific,Alternative,Full,1,1,6751,Opt,8.619,57.308,3,1,0," :- unit2zoneGEQ(V1,V2), unit2sensorGEQ(V2,V2), not zone2sensor(V1,V2).
"
20,./../Problems/PUP/doublev_opt/,2-doublev-9-6.lp,Specific,Alternative,Full,1,2,13658,Opt,10.171,70.743,6,2,0," :- unit2zoneGEQ(V1,V2), unit2sensorGEQ(V2,V1), not unit2zoneGEQ(V2,V2).
"
21,./../Problems/PUP/doublev_opt/,2-doublev-9-6.lp,Specific,Alternative,Full,1,3,717,Opt,8.161,170.392,9,3,0," :- zone2sensor(V1,V1), unit2zoneGEQ(V2,V2), not unit2zoneGEQ(V2,V1).
 :- partnerunits(V1,V2), not unit2sensorGEQ(V2,V1), not unit2sensorGEQ(V1,V2).
"
22,./../Problems/PUP/doublev_opt/,2-doublev-9-6.lp,Specific,Alternative,Full,1,1,16849,Opt,5.672,32.196,3,1,0," :- unit2zoneGEQ(V1,V1), not unit2sensorGEQ(V1,V1).
"
23,./../Problems/PUP/doublev_opt/,2-doublev-9-6.lp,Specific,Alternative,Full,1,2,29843,Opt,9.153,73.042,6,2,0," :- unit2sensorGEQ(V2,V1), unit2sensorGEQ(V1,V2), closesensors(V1,V2).
"
24,./../Problems/PUP/doublev_opt/,2-doublev-9-6.lp,Specific,Alternative,Full,1,3,8299,Opt,8.601,98.896,9,3,0," :- zone2sensor(V1,V1), not unit2zoneGEQ(V1,V1).
 :- partnerunits(V1,V2), not zone2sensor(V2,V2), not unit2sensorGEQ(V1,V1).
"
25,./../Problems/PUP/doublev_opt/,2-doublev-9-6.lp,Specific,Alternative,Full,1,1,6709,Opt,8.538,54.053,3,1,0," :- zone2sensor(V1,V1), unit2sensorGEQ(V2,V2), not unit2zoneGEQ(V1,V2).
"
26,./../Problems/PUP/doublev_opt/,2-doublev-9-6.lp,Specific,Alternative,Full,1,2,24419,Opt,7.423,53.433,6,2,0," :- unit2sensorGEQ(V1,V1), closesensors(V2,V1), not unit2zoneGEQ(V1,V2).
"
27,./../Problems/PUP/doublev_opt/,2-doublev-9-6.lp,Specific,Alternative,Full,1,3,14456,Opt,9.311,196.916,9,3,0," :- partnerunits(V1,V2), unit2sensorGEQ(V2,V1), unit2sensorGEQ(V1,V2).
"
28,./../Problems/PUP/doublev_opt/,2-doublev-9-6.lp,Specific,Alternative,Full,1,1,11547,Opt,9.619,34.752,3,1,0," :- unit2zoneGEQ(V1,V1), not zone2sensor(V1,V1).
"
29,./../Problems/PUP/doublev_opt/,2-doublev-9-6.lp,Specific,Alternative,Full,1,2,7260,Opt,6.738,80.845,6,2,0," :- partnerunits(V1,V2), unit2sensorGEQ(V1,V1), not closesensors(V1,V2).
 :- unit2zoneGEQ(V1,V1), unit2sensorGEQ(V2,V1), not unit2zoneGEQ(V2,V1).
"
30,./../Problems/PUP/doublev_opt/,2-doublev-9-6.lp,Specific,Alternative,Full,1,3,21865,Opt,5.519,78.73,9,3,0," :- zone2sensor(V1,V1), unit2sensorGEQ(V2,V1), not unit2sensorGEQ(V2,V2).
"
31,./../Problems/PUP/doublev_opt/,2-doublev-9-6.lp,Specific,Alternative,Full,1,1,16017,Opt,9.252,76.567,3,1,0," :- zone2sensor(V1,V2), unit2sensorGEQ(V1,V1), not unit2zoneGEQ(V2,V2).
"
32,./../Problems/PUP/doublev_opt/,2-doublev-9-6.lp,Specific,Alternative,Full,1,2,29417,Opt,6.427,55.326,6,2,0," :- unit2zoneGEQ(V1,V1), unit2zoneGEQ(V2,V2), closesensors(V1,V2).
"
33,./../Problems/PUP/doublev_opt/,2-doublev-9-6.lp,Specific,Alternative,Full,1,3,25421,Opt,8.77,109.888,9,3,0," :- unit2sensorGEQ(V2,V1), unit2sensorGEQ(V1,V2), closesensors(V1,V2).
"
34,./../Problems/PUP/doublev_opt/,2-doublev-9-6.lp,Specific,Alternative,Full,1,1,10456,Opt,6.952,80.729,3,1,0," :- partnerunits(V1,V2), closesensors(V1,V2), not unit2zoneGEQ(V1,V2).
"
35,./../Problems/PUP/doublev_opt/,2-doublev-9-6.lp,Specific,Alternative,Full,1,2,25977,Opt,10.173,52.117,6,2,0," :- unit2zoneGEQ(V1,V1), unit2sensorGEQ(V2,V2), not unit2zoneGEQ(V2,V1).
"
36,./../Problems/PUP/doublev_opt/,2-doublev-9-6.lp,Specific,Alternative,Full,1,3,20418,Opt,8.567,65.503,9,3,0," :- partnerunits(V2,V1), zone2sensor(V1,V2), not unit2zoneGEQ(V1,V2).
"
37,./../Problems/PUP/doublev_opt/,2-doublev-9-6.lp,Specific,Alternative,Full,1,1,3380,Opt,6.255,45.068,3,1,0," :- unit2sensorGEQ(V1,V2), not unit2zoneGEQ(V1,V1), not unit2sensorGEQ(V1,V1).
"
38,./../Problems/PUP/doublev_opt/,2-doublev-9-6.lp,Specific,Alternative,Full,1,2,4490,Opt,10.111,50.046,6,2,0," :- unit2zoneGEQ(V1,V1), unit2sensorGEQ(V1,V1), not zone2sensor(V1,V1).
"
39,./../Problems/PUP/doublev_opt/,2-doublev-9-6.lp,Specific,Alternative,Full,1,3,29743,Opt,8.447,52.19,9,3,0," :- zone2sensor(V1,V1), closesensors(V2,V1), not unit2zoneGEQ(V1,V2).
"
40,./../Problems/PUP/doublev_opt/,2-doublev-9-6.lp,Specific,Alternative,Full,1,1,14157,Opt,7.748,28.031,3,1,0," :- zone2sensor(V1,V1), unit2zoneGEQ(V2,V1), not unit2sensorGEQ(V2,V2).
"
41,./../Problems/PUP/doublev_opt/,2-doublev-9-6.lp,Specific,Alternative,Full,1,2,69,Opt,8.522,155.918,6,2,0," :- unit2sensorGEQ(V1,V1), not unit2zoneGEQ(V1,V1).
 :- partnerunits(V1,V2), not unit2zoneGEQ(V1,V1), not unit2zoneGEQ(V2,V2).
"
42,./../Problems/PUP/doublev_opt/,2-doublev-9-6.lp,Specific,Alternative,Full,1,3,3023,Opt,10.024,48.342,9,3,0," :- zone2sensor(V1,V1), unit2zoneGEQ(V2,V2), not unit2zoneGEQ(V2,V1).
"
43,./../Problems/PUP/doublev_opt/,2-doublev-9-6.lp,Specific,Alternative,Full,1,1,14690,Opt,8.815,48.598,3,1,0," :- unit2sensorGEQ(V1,V1), closesensors(V1,V2), not unit2zoneGEQ(V1,V2).
"
44,./../Problems/PUP/doublev_opt/,2-doublev-9-6.lp,Specific,Alternative,Full,1,2,13524,Opt,6.075,32.441,6,2,0," :- unit2zoneGEQ(V1,V1), unit2sensorGEQ(V1,V1), not zone2sensor(V1,V1).
"
45,./../Problems/PUP/doublev_opt/,2-doublev-9-6.lp,Specific,Alternative,Full,1,3,15622,Opt,10.103,34.181,9,3,0," :- unit2zoneGEQ(V1,V1), unit2sensorGEQ(V1,V1), not zone2sensor(V1,V1).
"
46,./../Problems/PUP/doublev_opt/,2-doublev-9-6.lp,Specific,Alternative,Full,1,1,10222,Opt,7.07,77.723,3,1,0," :- zone2sensor(V1,V2), unit2zoneGEQ(V1,V2), not unit2zoneGEQ(V2,V2).
"
47,./../Problems/PUP/doublev_opt/,2-doublev-9-6.lp,Specific,Alternative,Full,1,2,23256,Opt,9.111,88.208,6,2,0," :- unit2sensorGEQ(V2,V1), unit2sensorGEQ(V1,V2), closesensors(V1,V2).
"
48,./../Problems/PUP/doublev_opt/,2-doublev-9-6.lp,Specific,Alternative,Full,1,3,29764,Opt,10.233,44.521,9,3,0," :- zone2sensor(V1,V1), closezones(V1,V2), not unit2zoneGEQ(V1,V2).
"
49,./../Problems/PUP/doublev_opt/,2-doublev-9-6.lp,Specific,Alternative,Full,1,1,6652,Opt,7.797,47.242,3,1,0," :- unit2sensorGEQ(V2,V1), unit2sensorGEQ(V1,V2), closezones(V1,V2).
"
50,./../Problems/PUP/doublev_opt/,2-doublev-9-6.lp,Specific,Alternative,Full,1,2,27221,Opt,6.794,43.642,6,2,0," :- partnerunits(V2,V1), zone2sensor(V1,V1), unit2sensorGEQ(V2,V1).
"
51,./../Problems/PUP/doublev_opt/,2-doublev-9-6.lp,Specific,Alternative,Full,1,3,28577,Opt,6.555,117.263,9,3,0," :- zone2sensor(V1,V1), not unit2zoneGEQ(V1,V1).
 :- unit2zoneGEQ(V1,V1), not zone2sensor(V1,V1), not unit2sensorGEQ(V1,V1).
"
52,./../Problems/PUP/doublev_opt/,2-doublev-9-6.lp,Specific,Alternative,Full,1,1,759,Opt,8.425,67.035,3,1,0," :- partnerunits(V2,V1), zone2sensor(V1,V2), not unit2zoneGEQ(V1,V1).
"
53,./../Problems/PUP/doublev_opt/,2-doublev-9-6.lp,Specific,Alternative,Full,1,2,2001,Opt,5.558,24.808,6,2,0," :- unit2sensorGEQ(V1,V1), not unit2zoneGEQ(V1,V1).
"
54,./../Problems/PUP/doublev_opt/,2-doublev-9-6.lp,Specific,Alternative,Full,1,3,10002,Opt,7.544,203.219,9,3,0," :- unit2sensorGEQ(V2,V1), unit2sensorGEQ(V1,V2), closesensors(V1,V2).
"
55,./../Problems/PUP/doublev_opt/,2-doublev-9-6.lp,Specific,Alternative,Full,1,1,2905,Opt,9.505,48.547,3,1,0," :- partnerunits(V1,V2), not unit2zoneGEQ(V1,V1), not closezones(V1,V2).
"
56,./../Problems/PUP/doublev_opt/,2-doublev-9-6.lp,Specific,Alternative,Full,1,2,27702,Opt,7.808,31.487,6,2,0," :- zone2sensor(V1,V1), not unit2sensorGEQ(V1,V1).
"
57,./../Problems/PUP/doublev_opt/,2-doublev-9-6.lp,Specific,Alternative,Full,1,3,4997,Opt,7.636,591.845,9,3,0," :- zone2sensor(V1,V1), unit2zoneGEQ(V1,V1), not unit2sensorGEQ(V1,V1).
 :- partnerunits(V2,V1), zone2sensor(V1,V1), unit2sensorGEQ(V2,V1).
"
58,./../Problems/PUP/doublev_opt/,2-doublev-9-6.lp,Specific,Alternative,Full,1,1,26985,Opt,7.933,68.875,3,1,0," :- partnerunits(V2,V1), zone2sensor(V1,V1), unit2sensorGEQ(V2,V1).
"
59,./../Problems/PUP/doublev_opt/,2-doublev-9-6.lp,Specific,Alternative,Full,1,2,16281,Opt,10.168,31.339,6,2,0," :- unit2zoneGEQ(V1,V2), not zone2sensor(V2,V2), not unit2zoneGEQ(V1,V1).
"
60,./../Problems/PUP/doublev_opt/,2-doublev-9-6.lp,Specific,Alternative,Full,1,3,16345,Opt,9.614,34.632,9,3,0," :- unit2zoneGEQ(V1,V1), not zone2sensor(V1,V1).
"
61,./../Problems/PUP/doublev_opt/,2-doublev-9-6.lp,Specific,Alternative,Full,1,1,14189,Opt,7.428,33.045,3,1,0," :- partnerunits(V1,V2), closesensors(V1,V2), not unit2zoneGEQ(V1,V1).
"
62,./../Problems/PUP/doublev_opt/,2-doublev-9-6.lp,Specific,Alternative,Full,1,2,21352,Opt,7.166,59.57,6,2,0," :- unit2sensorGEQ(V2,V1), unit2sensorGEQ(V1,V2), closesensors(V1,V2).
"
63,./../Problems/PUP/doublev_opt/,2-doublev-9-6.lp,Specific,Alternative,Full,1,3,14837,Opt,8.752,100.245,9,3,0," :- zone2sensor(V1,V2), unit2zoneGEQ(V1,V2), not unit2sensorGEQ(V1,V1).
"
64,./../Problems/PUP/doublev_opt/,2-doublev-9-6.lp,Specific,Alternative,Full,1,1,24318,Opt,7.864,30.051,3,1,0," :- zone2sensor(V1,V1), closesensors(V1,V2), not unit2sensorGEQ(V1,V2).
"
65,./../Problems/PUP/doublev_opt/,2-doublev-9-6.lp,Specific,Alternative,Full,1,2,26740,Opt,10.162,246.921,6,2,0," :- zone2sensor(V1,V1), unit2zoneGEQ(V1,V1), not unit2sensorGEQ(V1,V1).
 :- partnerunits(V1,V2), zone2sensor(V1,V2), not unit2zoneGEQ(V1,V1).
"
66,./../Problems/PUP/doublev_opt/,2-doublev-9-6.lp,Specific,Alternative,Full,1,3,23583,Opt,9.56,142.209,9,3,0," :- zone2sensor(V1,V1), unit2zoneGEQ(V2,V1), not unit2zoneGEQ(V2,V2).
"
67,./../Problems/PUP/doublev_opt/,2-doublev-9-6.lp,Specific,Alternative,Full,1,1,17876,Opt,9.013,29.128,3,1,0," :- zone2sensor(V1,V2), unit2zoneGEQ(V1,V2), not unit2zoneGEQ(V1,V1).
"
68,./../Problems/PUP/doublev_opt/,2-doublev-9-6.lp,Specific,Alternative,Full,1,2,19383,Opt,7.978,111.549,6,2,0," :- unit2zoneGEQ(V1,V1), unit2sensorGEQ(V1,V1), not zone2sensor(V1,V1).
 :- unit2sensorGEQ(V1,V2), closesensors(V1,V2), not unit2zoneGEQ(V1,V1).
"
69,./../Problems/PUP/doublev_opt/,2-doublev-9-6.lp,Specific,Alternative,Full,1,3,7579,Opt,9.977,52.481,9,3,0," :- unit2zoneGEQ(V1,V2), closesensors(V2,V1), not unit2zoneGEQ(V1,V1).
"
70,./../Problems/PUP/doublev_opt/,2-doublev-9-6.lp,Specific,Alternative,Full,1,1,28975,Opt,5.96,35.076,3,1,0," :- unit2zoneGEQ(V1,V1), not unit2sensorGEQ(V1,V1).
"
71,./../Problems/PUP/doublev_opt/,2-doublev-9-6.lp,Specific,Alternative,Full,1,2,1459,Opt,10.165,105.774,6,2,0," :- unit2sensorGEQ(V2,V1), unit2sensorGEQ(V1,V2), closesensors(V1,V2).
"
72,./../Problems/PUP/doublev_opt/,2-doublev-9-6.lp,Specific,Alternative,Full,1,3,7706,Opt,7.007,165.313,9,3,0," :- partnerunits(V1,V2), unit2sensorGEQ(V2,V1), unit2sensorGEQ(V1,V2).
"
73,./../Problems/PUP/doublev_opt/,2-doublev-9-6.lp,Specific,Alternative,Full,1,1,5107,Opt,6.399,29.278,3,1,0," :- zone2sensor(V1,V1), not unit2sensorGEQ(V1,V1).
"
74,./../Problems/PUP/doublev_opt/,2-doublev-9-6.lp,Specific,Alternative,Full,1,2,10838,Opt,7.101,31.217,6,2,0," :- zone2sensor(V1,V1), not unit2sensorGEQ(V1,V1).
"
75,./../Problems/PUP/doublev_opt/,2-doublev-9-6.lp,Specific,Alternative,Full,1,3,21787,Opt,7.926,34.585,9,3,0," :- zone2sensor(V1,V2), unit2zoneGEQ(V1,V2), not unit2zoneGEQ(V2,V2).
"
76,./../Problems/PUP/doublev_opt/,2-doublev-9-6.lp,Specific,Alternative,Full,1,1,9373,Opt,6.466,40.953,3,1,0," :- unit2zoneGEQ(V1,V1), unit2sensorGEQ(V1,V1), not zone2sensor(V1,V1).
"
77,./../Problems/PUP/doublev_opt/,2-doublev-9-6.lp,Specific,Alternative,Full,1,2,12399,Opt,9.309,29.178,6,2,0," :- zone2sensor(V1,V1), not unit2sensorGEQ(V1,V1).
"
78,./../Problems/PUP/doublev_opt/,2-doublev-9-6.lp,Specific,Alternative,Full,1,3,5812,Opt,9.664,119.778,9,3,0," :- unit2zoneGEQ(V1,V1), not zone2sensor(V1,V1), not unit2sensorGEQ(V1,V1).
 :- unit2sensorGEQ(V2,V1), unit2sensorGEQ(V1,V2), closesensors(V1,V2).
"
79,./../Problems/PUP/doublev_opt/,2-doublev-9-6.lp,Specific,Alternative,Full,1,1,21123,Opt,8.489,46.722,3,1,0," :- zone2sensor(V1,V2), unit2zoneGEQ(V1,V2), not unit2zoneGEQ(V1,V1).
"
80,./../Problems/PUP/doublev_opt/,2-doublev-9-6.lp,Specific,Alternative,Full,1,2,32737,Opt,5.624,29.975,6,2,0," :- zone2sensor(V1,V1), not unit2sensorGEQ(V1,V1).
"
81,./../Problems/PUP/doublev_opt/,2-doublev-9-6.lp,Specific,Alternative,Full,1,3,2231,Opt,8.078,44.715,9,3,0," :- zone2sensor(V1,V1), closezones(V2,V1), not unit2zoneGEQ(V1,V2).
"
82,./../Problems/PUP/doublev_opt/,2-doublev-9-6.lp,Specific,Alternative,Full,1,1,26645,Opt,6.974,26.593,3,1,0," :- zone2sensor(V1,V1), closesensors(V2,V1), not unit2zoneGEQ(V1,V2).
"
83,./../Problems/PUP/doublev_opt/,2-doublev-9-6.lp,Specific,Alternative,Full,1,2,4448,Opt,7.849,76.163,6,2,0," :- unit2sensorGEQ(V2,V1), unit2sensorGEQ(V1,V2), closesensors(V1,V2).
"
84,./../Problems/PUP/doublev_opt/,2-doublev-9-6.lp,Specific,Alternative,Full,1,3,12868,Opt,8.359,77.752,9,3,0," :- partnerunits(V1,V2), zone2sensor(V1,V1), unit2sensorGEQ(V2,V1).
"
85,./../Problems/PUP/doublev_opt/,2-doublev-9-6.lp,Specific,Alternative,Full,1,1,1769,Opt,10.039,27.771,3,1,0," :- unit2zoneGEQ(V1,V1), not unit2sensorGEQ(V1,V1).
"
86,./../Problems/PUP/doublev_opt/,2-doublev-9-6.lp,Specific,Alternative,Full,1,2,8467,Opt,6.026,85.091,6,2,0," :- partnerunits(V2,V1), zone2sensor(V1,V1), unit2zoneGEQ(V2,V1).
"
87,./../Problems/PUP/doublev_opt/,2-doublev-9-6.lp,Specific,Alternative,Full,1,3,14775,Opt,10.218,147.929,9,3,0," :- unit2zoneGEQ(V1,V1), unit2sensorGEQ(V1,V1), not zone2sensor(V1,V1).
 :- zone2sensor(V1,V1), unit2zoneGEQ(V1,V1), not unit2sensorGEQ(V1,V1).
"
88,./../Problems/PUP/doublev_opt/,2-doublev-9-6.lp,Specific,Alternative,Full,1,1,2212,Opt,8.284,43.577,3,1,0," :- unit2sensorGEQ(V1,V1), unit2sensorGEQ(V2,V2), closesensors(V1,V2).
"
89,./../Problems/PUP/doublev_opt/,2-doublev-9-6.lp,Specific,Alternative,Full,1,2,9472,Opt,5.583,29.958,6,2,0," :- zone2sensor(V1,V1), unit2zoneGEQ(V2,V2), not unit2zoneGEQ(V1,V2).
"
90,./../Problems/PUP/doublev_opt/,2-doublev-9-6.lp,Specific,Alternative,Full,1,3,1280,Opt,6.122,81.233,9,3,0," :- unit2zoneGEQ(V1,V2), unit2sensorGEQ(V2,V1), not unit2zoneGEQ(V2,V2).
"
91,./../Problems/PUP/doublev_opt/,2-doublev-9-6.lp,Specific,Alternative,Full,1,1,13383,Opt,7.101,71.629,3,1,0," :- unit2zoneGEQ(V1,V2), unit2sensorGEQ(V2,V2), not zone2sensor(V2,V1).
"
92,./../Problems/PUP/doublev_opt/,2-doublev-9-6.lp,Specific,Alternative,Full,1,2,2517,Opt,6.703,149.707,6,2,0," :- partnerunits(V2,V1), zone2sensor(V1,V1), not unit2zoneGEQ(V1,V2).
 :- partnerunits(V1,V2), not unit2sensorGEQ(V2,V1), not unit2sensorGEQ(V1,V2).
"
93,./../Problems/PUP/doublev_opt/,2-doublev-9-6.lp,Specific,Alternative,Full,1,3,20286,Opt,10.227,65.286,9,3,0," :- zone2sensor(V1,V1), unit2zoneGEQ(V2,V2), not unit2zoneGEQ(V1,V2).
"
94,./../Problems/PUP/doublev_opt/,2-doublev-9-6.lp,Specific,Alternative,Full,1,1,13727,Opt,9.155,46.246,3,1,0," :- zone2sensor(V1,V1), not unit2sensorGEQ(V1,V1).
 :- partnerunits(V2,V1), zone2sensor(V1,V2), not unit2zoneGEQ(V1,V1).
"
95,./../Problems/PUP/doublev_opt/,2-doublev-9-6.lp,Specific,Alternative,Full,1,2,15928,Opt,9.435,78.471,6,2,0," :- zone2sensor(V1,V2), unit2sensorGEQ(V1,V1), not unit2zoneGEQ(V2,V2).
"
96,./../Problems/PUP/doublev_opt/,2-doublev-9-6.lp,Specific,Alternative,Full,1,3,18316,Opt,8.345,98.974,9,3,0," :- unit2sensorGEQ(V2,V1), unit2sensorGEQ(V1,V2), closezones(V1,V2).
"
97,./../Problems/PUP/doublev_opt/,2-doublev-9-6.lp,Specific,Alternative,Full,1,1,32033,Opt,7.809,28.008,3,1,0," :- zone2sensor(V1,V1), closezones(V1,V2), not unit2zoneGEQ(V1,V2).
"
98,./../Problems/PUP/doublev_opt/,2-doublev-9-6.lp,Specific,Alternative,Full,1,2,32598,Opt,7.465,134.152,6,2,0," :- unit2zoneGEQ(V1,V1), not zone2sensor(V1,V1).
"
99,./../Problems/PUP/doublev_opt/,2-doublev-9-6.lp,Specific,Alternative,Full,1,3,11310,Opt,8.9,205.959,9,3,0," :- zone2sensor(V1,V1), unit2zoneGEQ(V2,V1), not unit2zoneGEQ(V2,V2).
"
100,./../Problems/PUP/doublev_opt/,2-doublev-9-6.lp,Specific,Alternative,Full,1,1,30414,Opt,7.436,30.087,3,1,0," :- unit2sensorGEQ(V1,V1), not unit2zoneGEQ(V1,V1).
"
101,./../Problems/PUP/doublev_opt/,2-doublev-9-6.lp,Specific,Alternative,Full,1,2,7830,Opt,9.357,73.757,6,2,0," :- unit2zoneGEQ(V1,V1), unit2zoneGEQ(V2,V2), closesensors(V1,V2).
"
102,./../Problems/PUP/doublev_opt/,2-doublev-9-6.lp,Specific,Alternative,Full,1,3,31417,Opt,7.645,99.659,9,3,0," :- partnerunits(V1,V2), zone2sensor(V1,V1), not unit2zoneGEQ(V2,V2).
"
103,./../Problems/PUP/doublev_opt/,2-doublev-9-6.lp,Specific,Alternative,Full,1,1,31869,Opt,5.585,59.374,3,1,0," :- unit2zoneGEQ(V1,V1), unit2sensorGEQ(V2,V1), not zone2sensor(V2,V1).
"
104,./../Problems/PUP/doublev_opt/,2-doublev-9-6.lp,Specific,Alternative,Full,1,2,22564,Opt,5.616,54.549,6,2,0," :- partnerunits(V2,V1), unit2zoneGEQ(V1,V1), not unit2zoneGEQ(V2,V1).
"
105,./../Problems/PUP/doublev_opt/,2-doublev-9-6.lp,Specific,Alternative,Full,1,3,7051,Opt,10.212,37.721,9,3,0," :- unit2sensorGEQ(V2,V1), unit2sensorGEQ(V1,V2), closesensors(V1,V2).
"
106,./../Problems/PUP/doublev_opt/,2-doublev-9-6.lp,Specific,Alternative,Full,1,1,8543,Opt,6.905,184.618,3,1,0," :- unit2sensorGEQ(V1,V2), closesensors(V1,V2), not unit2zoneGEQ(V1,V2).
"
107,./../Problems/PUP/doublev_opt/,2-doublev-9-6.lp,Specific,Alternative,Full,1,2,12158,Opt,9.377,1437.06,6,2,0," :- unit2sensorGEQ(V1,V1), unit2sensorGEQ(V2,V1), not unit2zoneGEQ(V2,V2).
"
108,./../Problems/PUP/doublev_opt/,2-doublev-9-6.lp,Specific,Alternative,Full,1,3,16923,Opt,5.786,54.416,9,3,0," :- unit2sensorGEQ(V1,V1), closesensors(V1,V2), not unit2zoneGEQ(V1,V2).
"
109,./../Problems/PUP/doublev_opt/,2-doublev-9-6.lp,Specific,Alternative,Full,1,1,16687,Opt,6.441,25.096,3,1,0," :- unit2zoneGEQ(V1,V1), not zone2sensor(V1,V1).
"
110,./../Problems/PUP/doublev_opt/,2-doublev-9-6.lp,Specific,Alternative,Full,1,2,27416,Opt,8.686,31.347,6,2,0," :- zone2sensor(V1,V1), not unit2sensorGEQ(V1,V1).
"
111,./../Problems/PUP/doublev_opt/,2-doublev-9-6.lp,Specific,Alternative,Full,1,3,21083,Opt,8.204,178.822,9,3,0," :- zone2sensor(V1,V1), unit2zoneGEQ(V2,V1), not unit2sensorGEQ(V2,V2).
 :- partnerunits(V1,V2), not unit2zoneGEQ(V2,V1), not unit2sensorGEQ(V1,V2).
"
112,./../Problems/PUP/doublev_opt/,2-doublev-9-6.lp,Specific,Alternative,Full,1,1,16567,Opt,8.956,35.471,3,1,0," :- unit2zoneGEQ(V1,V1), not zone2sensor(V1,V1).
"
113,./../Problems/PUP/doublev_opt/,2-doublev-9-6.lp,Specific,Alternative,Full,1,2,70,Opt,8.857,48.192,6,2,0," :- unit2zoneGEQ(V1,V2), not unit2zoneGEQ(V1,V1), not closesensors(V2,V1).
"
114,./../Problems/PUP/doublev_opt/,2-doublev-9-6.lp,Specific,Alternative,Full,1,3,22154,Opt,8.456,49.151,9,3,0," :- zone2sensor(V1,V1), closezones(V2,V1), not unit2zoneGEQ(V1,V2).
"
115,./../Problems/PUP/doublev_opt/,2-doublev-9-6.lp,Specific,Alternative,Full,1,1,16699,Opt,4.988,32.787,3,1,0," :- unit2zoneGEQ(V1,V1), not zone2sensor(V1,V1).
"
116,./../Problems/PUP/doublev_opt/,2-doublev-9-6.lp,Specific,Alternative,Full,1,2,25944,Opt,6.547,54.644,6,2,0," :- unit2zoneGEQ(V1,V1), unit2zoneGEQ(V2,V2), closesensors(V1,V2).
"
117,./../Problems/PUP/doublev_opt/,2-doublev-9-6.lp,Specific,Alternative,Full,1,3,15838,Opt,5.703,51.101,9,3,0," :- unit2sensorGEQ(V2,V1), unit2sensorGEQ(V1,V2), closesensors(V1,V2).
"
118,./../Problems/PUP/doublev_opt/,2-doublev-9-6.lp,Specific,Alternative,Full,1,1,2753,Opt,9.47,38.377,3,1,0," :- unit2zoneGEQ(V1,V1), not zone2sensor(V1,V1).
"
119,./../Problems/PUP/doublev_opt/,2-doublev-9-6.lp,Specific,Alternative,Full,1,2,31792,Opt,6.628,37.276,6,2,0," :- zone2sensor(V1,V1), closezones(V1,V2), not unit2zoneGEQ(V1,V2).
"
120,./../Problems/PUP/doublev_opt/,2-doublev-9-6.lp,Specific,Alternative,Full,1,3,6602,Opt,10.172,128.399,9,3,0," :- partnerunits(V1,V2), closezones(V2,V1), not unit2zoneGEQ(V1,V2).
"
