,Directory,Files analysed with SBASS,Positive Examples in S,Ordering,SBC,Iteration,Cell,Seed,Opt,Time for creating examples,Time for solving ILP task,Total neg examples,Total pos examples,Neg examples uncovered,Learned Constraints
1,./../Problems/Pigeon_Color/,c1_p3_h3.lp,Specific,Alternative,Full,1,0,84801,Nopt,0.026,0.247,5,1,1,
2,./../Problems/Pigeon_Color/,c1_p3_h4.lp,Specific,Alternative,Full,1,0,54422,Nopt,0.061,0.287,23,1,1,
3,./../Problems/Pigeon_Color/,c2_p2_h3.lp,Specific,Alternative,Full,2,0,43306,Nopt,0.024,0.618,3,1,0," :- colorGEQ(V3,V1), next_color(V1,V2), not colorGEQ(V3,V2).
 :- assignGEQ(V1,V3), next_pigeon(V1,V2), not assignGEQ(V2,V3).
"
4,./../Problems/Pigeon_Color/,c2_p3_h4.lp,Specific,Alternative,Full,2,0,10623,Nopt,0.065,0.876,23,1,1," :- colorGEQ(V3,V1), next_color(V1,V2), not colorGEQ(V3,V2).
 :- assignGEQ(V1,V3), next_pigeon(V1,V2), not assignGEQ(V2,V3).
"
5,./../Problems/Pigeon_Color/,c2_p3_h4.lp - c2_p3_h5.lp,Specific,Alternative,Full,2,0,93588,Nopt,0.288,1.623,130,2,1," :- colorGEQ(V3,V1), next_color(V1,V2), not colorGEQ(V3,V2).
 :- assignGEQ(V1,V3), next_pigeon(V1,V2), not assignGEQ(V2,V3).
"
