,Directory,Files analysed with SBASS,Positive Examples in S,Ordering,SBC,Iteration,Cell,Seed,Opt,Time for creating examples,Time for solving ILP task,Total neg examples,Total pos examples,Neg examples uncovered,Learned Constraints
1,./../Problems/Pigeon_Hole/,p3_h3.lp,Specific,Alternative,Full,1,0,75110,Nopt,0.02,0.351,5,1,0," :- assignGEQ(V1,V3), next_pigeon(V1,V2), not assignGEQ(V2,V3).
"
2,./../Problems/Pigeon_Hole/,p3_h4.lp,Specific,Alternative,Full,1,0,39068,Nopt,0.045,0.523,23,1,0," :- assignGEQ(V1,V3), next_pigeon(V1,V2), not assignGEQ(V2,V3).
"
3,./../Problems/Pigeon_Hole/,p3_h5.lp,Specific,Alternative,Full,1,0,7552,Nopt,0.097,0.596,59,1,0," :- assignGEQ(V1,V3), next_pigeon(V1,V2), not assignGEQ(V2,V3).
"
4,./../Problems/Pigeon_Hole/,p3_h3.lp - p3_h4.lp,Specific,Alternative,Full,1,0,55045,Nopt,0.07,0.539,28,2,0," :- assignGEQ(V1,V3), next_pigeon(V1,V2), not assignGEQ(V2,V3).
"
