,Directory,Files analysed with SBASS,Positive Examples in S,Ordering,SBC,Iteration,Cell,Seed,Opt,Time for creating examples,Time for solving ILP task,Total neg examples,Total pos examples,Neg examples uncovered,Learned Constraints
1,./../Problems/PUP/double_opt/,2-double-6-6.lp,Specific,Alternative,Full,1,1,31681,Nopt,0.096,0,4,0,4,
2,./../Problems/PUP/double_opt/,2-double-6-6.lp,Specific,Alternative,Full,1,2,4634,Nopt,0.107,0,8,0,8,
3,./../Problems/PUP/double_opt/,2-double-6-6.lp,Specific,Alternative,Full,1,3,16837,Nopt,0.171,0,12,0,12,
4,./../Problems/PUP/double_opt/,2-double-6-6.lp,Specific,Alternative,Full,1,1,15262,Nopt,0.088,0,4,0,4,
5,./../Problems/PUP/double_opt/,2-double-6-6.lp,Specific,Alternative,Full,1,2,22084,Nopt,0.138,0,8,0,8,
6,./../Problems/PUP/double_opt/,2-double-6-6.lp,Specific,Alternative,Full,1,3,24758,Nopt,0.177,0,12,0,12,
7,./../Problems/PUP/double_opt/,2-double-6-6.lp,Specific,Alternative,Full,1,1,3718,Nopt,0.089,0,4,0,4,
8,./../Problems/PUP/double_opt/,2-double-6-6.lp,Specific,Alternative,Full,1,2,26796,Nopt,0.131,0,8,0,8,
9,./../Problems/PUP/double_opt/,2-double-6-6.lp,Specific,Alternative,Full,1,3,25434,Nopt,0.151,0,12,0,12,
10,./../Problems/PUP/double_opt/,2-double-6-6.lp,Specific,Alternative,Full,1,1,8598,Nopt,0.088,0,4,0,4,
11,./../Problems/PUP/double_opt/,2-double-6-6.lp,Specific,Alternative,Full,1,2,21172,Nopt,0.122,0,8,0,8,
12,./../Problems/PUP/double_opt/,2-double-6-6.lp,Specific,Alternative,Full,1,3,31928,Nopt,0.154,0,12,0,12,
13,./../Problems/PUP/double_opt/,2-double-6-6.lp,Specific,Alternative,Full,1,1,29690,Nopt,0.085,0,4,0,4,
14,./../Problems/PUP/double_opt/,2-double-6-6.lp,Specific,Alternative,Full,1,2,3800,Nopt,0.123,0,8,0,8,
15,./../Problems/PUP/double_opt/,2-double-6-6.lp,Specific,Alternative,Full,1,3,1743,Nopt,0.15,0,12,0,12,
16,./../Problems/PUP/double_opt/,2-double-6-6.lp,Specific,Alternative,Full,1,1,26740,Nopt,0.097,0,4,0,4,
17,./../Problems/PUP/double_opt/,2-double-6-6.lp,Specific,Alternative,Full,1,2,22856,Nopt,0.122,0,8,0,8,
18,./../Problems/PUP/double_opt/,2-double-6-6.lp,Specific,Alternative,Full,1,3,25148,Nopt,0.166,0,12,0,12,
19,./../Problems/PUP/double_opt/,2-double-6-6.lp,Specific,Alternative,Full,1,1,6751,Nopt,0.089,0,4,0,4,
20,./../Problems/PUP/double_opt/,2-double-6-6.lp,Specific,Alternative,Full,1,2,13658,Nopt,0.133,0,8,0,8,
21,./../Problems/PUP/double_opt/,2-double-6-6.lp,Specific,Alternative,Full,1,3,717,Nopt,0.172,0,12,0,12,
22,./../Problems/PUP/double_opt/,2-double-6-6.lp,Specific,Alternative,Full,1,1,16849,Nopt,0.087,0,4,0,4,
23,./../Problems/PUP/double_opt/,2-double-6-6.lp,Specific,Alternative,Full,1,2,29843,Nopt,0.124,0,8,0,8,
24,./../Problems/PUP/double_opt/,2-double-6-6.lp,Specific,Alternative,Full,1,3,8299,Nopt,0.14,0,12,0,12,
25,./../Problems/PUP/double_opt/,2-double-6-6.lp,Specific,Alternative,Full,1,1,6709,Nopt,0.089,0,4,0,4,
26,./../Problems/PUP/double_opt/,2-double-6-6.lp,Specific,Alternative,Full,1,2,24419,Nopt,0.12,0,8,0,8,
27,./../Problems/PUP/double_opt/,2-double-6-6.lp,Specific,Alternative,Full,1,3,14456,Nopt,0.165,0,12,0,12,
28,./../Problems/PUP/double_opt/,2-double-6-6.lp,Specific,Alternative,Full,1,1,11547,Nopt,0.087,0,4,0,4,
29,./../Problems/PUP/double_opt/,2-double-6-6.lp,Specific,Alternative,Full,1,2,7260,Nopt,0.126,0,8,0,8,
30,./../Problems/PUP/double_opt/,2-double-6-6.lp,Specific,Alternative,Full,1,3,21865,Nopt,0.146,0,12,0,12,
31,./../Problems/PUP/double_opt/,2-double-6-6.lp,Specific,Alternative,Full,1,1,16017,Nopt,0.087,0,4,0,4,
32,./../Problems/PUP/double_opt/,2-double-6-6.lp,Specific,Alternative,Full,1,2,29417,Nopt,0.121,0,8,0,8,
33,./../Problems/PUP/double_opt/,2-double-6-6.lp,Specific,Alternative,Full,1,3,25421,Nopt,0.15,0,12,0,12,
34,./../Problems/PUP/double_opt/,2-double-6-6.lp,Specific,Alternative,Full,1,1,10456,Nopt,0.088,0,4,0,4,
35,./../Problems/PUP/double_opt/,2-double-6-6.lp,Specific,Alternative,Full,1,2,25977,Nopt,0.107,0,8,0,8,
36,./../Problems/PUP/double_opt/,2-double-6-6.lp,Specific,Alternative,Full,1,3,20418,Nopt,0.171,0,12,0,12,
37,./../Problems/PUP/double_opt/,2-double-6-6.lp,Specific,Alternative,Full,1,1,3380,Nopt,0.092,0,4,0,4,
38,./../Problems/PUP/double_opt/,2-double-6-6.lp,Specific,Alternative,Full,1,2,4490,Nopt,0.147,0,8,0,8,
39,./../Problems/PUP/double_opt/,2-double-6-6.lp,Specific,Alternative,Full,1,3,29743,Nopt,0.134,0,12,0,12,
40,./../Problems/PUP/double_opt/,2-double-6-6.lp,Specific,Alternative,Full,1,1,14157,Nopt,0.097,0,4,0,4,
41,./../Problems/PUP/double_opt/,2-double-6-6.lp,Specific,Alternative,Full,1,2,69,Nopt,0.137,0,8,0,8,
42,./../Problems/PUP/double_opt/,2-double-6-6.lp,Specific,Alternative,Full,1,3,3023,Nopt,0.15,45.891,9,3,0," :- unit2zoneGEQ(V1,V2), unit2sensorGEQ(V2,V2), closesensors(V1,V2).
"
43,./../Problems/PUP/double_opt/,2-double-6-6.lp,Specific,Alternative,Full,1,1,14690,Nopt,0.105,0,4,0,4,
44,./../Problems/PUP/double_opt/,2-double-6-6.lp,Specific,Alternative,Full,1,2,13524,Nopt,0.16,0,8,0,8,
45,./../Problems/PUP/double_opt/,2-double-6-6.lp,Specific,Alternative,Full,1,3,15622,Nopt,0.191,0,12,0,12,
46,./../Problems/PUP/double_opt/,2-double-6-6.lp,Specific,Alternative,Full,1,1,10222,Nopt,0.078,0,4,0,4,
47,./../Problems/PUP/double_opt/,2-double-6-6.lp,Specific,Alternative,Full,1,2,23256,Nopt,0.135,0,8,0,8,
48,./../Problems/PUP/double_opt/,2-double-6-6.lp,Specific,Alternative,Full,1,3,29764,Nopt,0.205,0,12,0,12,
49,./../Problems/PUP/double_opt/,2-double-6-6.lp,Specific,Alternative,Full,1,1,6652,Nopt,0.114,0,4,0,4,
50,./../Problems/PUP/double_opt/,2-double-6-6.lp,Specific,Alternative,Full,1,2,27221,Nopt,0.146,0,8,0,8,
51,./../Problems/PUP/double_opt/,2-double-6-6.lp,Specific,Alternative,Full,1,3,28577,Nopt,0.175,0,10,0,10,
52,./../Problems/PUP/double_opt/,2-double-6-6.lp,Specific,Alternative,Full,1,1,759,Nopt,0.104,0,4,0,4,
53,./../Problems/PUP/double_opt/,2-double-6-6.lp,Specific,Alternative,Full,1,2,2001,Nopt,0.15,0,8,0,8,
54,./../Problems/PUP/double_opt/,2-double-6-6.lp,Specific,Alternative,Full,1,3,10002,Nopt,0.207,0,12,0,12,
55,./../Problems/PUP/double_opt/,2-double-6-6.lp,Specific,Alternative,Full,1,1,2905,Nopt,0.107,0,4,0,4,
56,./../Problems/PUP/double_opt/,2-double-6-6.lp,Specific,Alternative,Full,1,2,27702,Nopt,0.158,0,8,0,8,
57,./../Problems/PUP/double_opt/,2-double-6-6.lp,Specific,Alternative,Full,1,3,4997,Nopt,0.211,0,12,0,12,
58,./../Problems/PUP/double_opt/,2-double-6-6.lp,Specific,Alternative,Full,1,1,26985,Nopt,0.099,0,4,0,4,
59,./../Problems/PUP/double_opt/,2-double-6-6.lp,Specific,Alternative,Full,1,2,16281,Nopt,0.149,0,8,0,8,
60,./../Problems/PUP/double_opt/,2-double-6-6.lp,Specific,Alternative,Full,1,3,16345,Nopt,0.187,0,12,0,12,
61,./../Problems/PUP/double_opt/,2-double-6-6.lp,Specific,Alternative,Full,1,1,14189,Nopt,0.106,36.002,3,1,0," :- zone2sensor(V1,V1), not unit2zoneGEQ(V1,V1).
"
62,./../Problems/PUP/double_opt/,2-double-6-6.lp,Specific,Alternative,Full,1,2,21352,Nopt,0.165,0,8,0,8,
63,./../Problems/PUP/double_opt/,2-double-6-6.lp,Specific,Alternative,Full,1,3,14837,Nopt,0.2,0,12,0,12,
64,./../Problems/PUP/double_opt/,2-double-6-6.lp,Specific,Alternative,Full,1,1,24318,Nopt,0.1,0,4,0,4,
65,./../Problems/PUP/double_opt/,2-double-6-6.lp,Specific,Alternative,Full,1,2,26740,Nopt,0.156,0,8,0,8,
66,./../Problems/PUP/double_opt/,2-double-6-6.lp,Specific,Alternative,Full,1,3,23583,Nopt,0.212,0,12,0,12,
67,./../Problems/PUP/double_opt/,2-double-6-6.lp,Specific,Alternative,Full,1,1,17876,Nopt,0.118,44.458,3,1,0," :- zone2sensor(V1,V1), closezones(V1,V2), not unit2zoneGEQ(V1,V2).
"
68,./../Problems/PUP/double_opt/,2-double-6-6.lp,Specific,Alternative,Full,1,2,19383,Nopt,0.147,0,8,0,8,
69,./../Problems/PUP/double_opt/,2-double-6-6.lp,Specific,Alternative,Full,1,3,7579,Nopt,0.184,0,12,0,12,
70,./../Problems/PUP/double_opt/,2-double-6-6.lp,Specific,Alternative,Full,1,1,28975,Nopt,0.11,0,4,0,4,
71,./../Problems/PUP/double_opt/,2-double-6-6.lp,Specific,Alternative,Full,1,2,1459,Nopt,0.163,0,8,0,8,
72,./../Problems/PUP/double_opt/,2-double-6-6.lp,Specific,Alternative,Full,1,3,7706,Nopt,0.186,0,12,0,12,
73,./../Problems/PUP/double_opt/,2-double-6-6.lp,Specific,Alternative,Full,1,1,5107,Nopt,0.098,0,4,0,4,
74,./../Problems/PUP/double_opt/,2-double-6-6.lp,Specific,Alternative,Full,1,2,10838,Nopt,0.137,0,8,0,8,
75,./../Problems/PUP/double_opt/,2-double-6-6.lp,Specific,Alternative,Full,1,3,21787,Nopt,0.183,0,12,0,12,
76,./../Problems/PUP/double_opt/,2-double-6-6.lp,Specific,Alternative,Full,1,1,9373,Nopt,0.086,0,4,0,4,
77,./../Problems/PUP/double_opt/,2-double-6-6.lp,Specific,Alternative,Full,1,2,12399,Nopt,0.141,0,8,0,8,
78,./../Problems/PUP/double_opt/,2-double-6-6.lp,Specific,Alternative,Full,1,3,5812,Nopt,0.187,0,12,0,12,
79,./../Problems/PUP/double_opt/,2-double-6-6.lp,Specific,Alternative,Full,1,1,21123,Nopt,0.078,0,4,0,4,
80,./../Problems/PUP/double_opt/,2-double-6-6.lp,Specific,Alternative,Full,1,2,32737,Nopt,0.101,0,8,0,8,
81,./../Problems/PUP/double_opt/,2-double-6-6.lp,Specific,Alternative,Full,1,3,2231,Nopt,0.168,0,12,0,12,
82,./../Problems/PUP/double_opt/,2-double-6-6.lp,Specific,Alternative,Full,1,1,26645,Nopt,0.084,0,4,0,4,
83,./../Problems/PUP/double_opt/,2-double-6-6.lp,Specific,Alternative,Full,1,2,4448,Nopt,0.124,0,8,0,8,
84,./../Problems/PUP/double_opt/,2-double-6-6.lp,Specific,Alternative,Full,1,3,12868,Nopt,0.187,87.338,9,3,0," :- zone2sensor(V1,V1), not unit2zoneGEQ(V1,V1).
 :- unit2sensorGEQ(V2,V1), unit2sensorGEQ(V1,V2), closesensors(V1,V2).
"
85,./../Problems/PUP/double_opt/,2-double-6-6.lp,Specific,Alternative,Full,1,1,1769,Nopt,0.117,0,4,0,4,
86,./../Problems/PUP/double_opt/,2-double-6-6.lp,Specific,Alternative,Full,1,2,8467,Nopt,0.162,0,8,0,8,
87,./../Problems/PUP/double_opt/,2-double-6-6.lp,Specific,Alternative,Full,1,3,14775,Nopt,0.215,0,12,0,12,
88,./../Problems/PUP/double_opt/,2-double-6-6.lp,Specific,Alternative,Full,1,1,2212,Nopt,0.107,0,4,0,4,
89,./../Problems/PUP/double_opt/,2-double-6-6.lp,Specific,Alternative,Full,1,2,9472,Nopt,0.158,0,8,0,8,
90,./../Problems/PUP/double_opt/,2-double-6-6.lp,Specific,Alternative,Full,1,3,1280,Nopt,0.201,0,12,0,12,
91,./../Problems/PUP/double_opt/,2-double-6-6.lp,Specific,Alternative,Full,1,1,13383,Nopt,0.073,0,4,0,4,
92,./../Problems/PUP/double_opt/,2-double-6-6.lp,Specific,Alternative,Full,1,2,2517,Nopt,0.106,0,8,0,8,
93,./../Problems/PUP/double_opt/,2-double-6-6.lp,Specific,Alternative,Full,1,3,20286,Nopt,0.135,0,12,0,12,
94,./../Problems/PUP/double_opt/,2-double-6-6.lp,Specific,Alternative,Full,1,1,13727,Nopt,0.071,0,4,0,4,
95,./../Problems/PUP/double_opt/,2-double-6-6.lp,Specific,Alternative,Full,1,2,15928,Nopt,0.103,0,8,0,8,
96,./../Problems/PUP/double_opt/,2-double-6-6.lp,Specific,Alternative,Full,1,3,18316,Nopt,0.135,0,12,0,12,
97,./../Problems/PUP/double_opt/,2-double-6-6.lp,Specific,Alternative,Full,1,1,32033,Nopt,0.104,0,4,0,4,
98,./../Problems/PUP/double_opt/,2-double-6-6.lp,Specific,Alternative,Full,1,2,32598,Nopt,0.102,0,8,0,8,
99,./../Problems/PUP/double_opt/,2-double-6-6.lp,Specific,Alternative,Full,1,3,11310,Nopt,0.132,0,12,0,12,
100,./../Problems/PUP/double_opt/,2-double-6-6.lp,Specific,Alternative,Full,1,1,30414,Nopt,0.073,0,4,0,4,
101,./../Problems/PUP/double_opt/,2-double-6-6.lp,Specific,Alternative,Full,1,2,7830,Nopt,0.099,0,8,0,8,
102,./../Problems/PUP/double_opt/,2-double-6-6.lp,Specific,Alternative,Full,1,3,31417,Nopt,0.203,0,12,0,12,
103,./../Problems/PUP/double_opt/,2-double-6-6.lp,Specific,Alternative,Full,1,1,31869,Nopt,0.11,0,4,0,4,
104,./../Problems/PUP/double_opt/,2-double-6-6.lp,Specific,Alternative,Full,1,2,22564,Nopt,0.155,0,8,0,8,
105,./../Problems/PUP/double_opt/,2-double-6-6.lp,Specific,Alternative,Full,1,3,7051,Nopt,0.213,0,12,0,12,
106,./../Problems/PUP/double_opt/,2-double-6-6.lp,Specific,Alternative,Full,1,1,8543,Nopt,0.109,0,4,0,4,
107,./../Problems/PUP/double_opt/,2-double-6-6.lp,Specific,Alternative,Full,1,2,12158,Nopt,0.158,0,8,0,8,
108,./../Problems/PUP/double_opt/,2-double-6-6.lp,Specific,Alternative,Full,1,3,16923,Nopt,0.212,0,12,0,12,
109,./../Problems/PUP/double_opt/,2-double-6-6.lp,Specific,Alternative,Full,1,1,16687,Nopt,0.113,0,4,0,4,
110,./../Problems/PUP/double_opt/,2-double-6-6.lp,Specific,Alternative,Full,1,2,27416,Nopt,0.154,0,8,0,8,
111,./../Problems/PUP/double_opt/,2-double-6-6.lp,Specific,Alternative,Full,1,3,21083,Nopt,0.195,0,12,0,12,
112,./../Problems/PUP/double_opt/,2-double-6-6.lp,Specific,Alternative,Full,1,1,16567,Nopt,0.082,0,4,0,4,
113,./../Problems/PUP/double_opt/,2-double-6-6.lp,Specific,Alternative,Full,1,2,70,Nopt,0.145,0,8,0,8,
114,./../Problems/PUP/double_opt/,2-double-6-6.lp,Specific,Alternative,Full,1,3,22154,Nopt,0.185,0,12,0,12,
115,./../Problems/PUP/double_opt/,2-double-6-6.lp,Specific,Alternative,Full,1,1,16699,Nopt,0.112,0,4,0,4,
116,./../Problems/PUP/double_opt/,2-double-6-6.lp,Specific,Alternative,Full,1,2,25944,Nopt,0.157,0,8,0,8,
117,./../Problems/PUP/double_opt/,2-double-6-6.lp,Specific,Alternative,Full,1,3,15838,Nopt,0.213,0,12,0,12,
118,./../Problems/PUP/double_opt/,2-double-6-6.lp,Specific,Alternative,Full,1,1,2753,Nopt,0.078,28.962,3,1,0," :- zone2sensor(V1,V1), closezones(V1,V2), not unit2sensorGEQ(V1,V2).
"
119,./../Problems/PUP/double_opt/,2-double-6-6.lp,Specific,Alternative,Full,1,2,31792,Nopt,0.122,0,4,0,4,
120,./../Problems/PUP/double_opt/,2-double-6-6.lp,Specific,Alternative,Full,1,3,6602,Nopt,0.135,0,12,0,12,
