ConstraintFile,Id,Mode,Order,Full,Cell,Version,Seed,Instance,Result,OptVal,Time,Solving
118_Specific_Alternative_Full_1_Nopt_2753,118,Specific,Alternative,Full,1,Nopt,2753,Un-2-double-10,UNKNOWN,,5.000,4.99
42_Specific_Alternative_Full_3_Nopt_3023,42,Specific,Alternative,Full,3,Nopt,3023,Un-2-double-10,UNSATISFIABLE,,1.576,1.57
61_Specific_Alternative_Full_1_Nopt_14189,61,Specific,Alternative,Full,1,Nopt,14189,Un-2-double-10,UNKNOWN,,5.000,4.99
67_Specific_Alternative_Full_1_Nopt_17876,67,Specific,Alternative,Full,1,Nopt,17876,Un-2-double-10,UNKNOWN,,5.000,4.99
84_Specific_Alternative_Full_3_Nopt_12868,84,Specific,Alternative,Full,3,Nopt,12868,Un-2-double-10,UNKNOWN,,5.000,4.99
118_Specific_Alternative_Full_1_Nopt_2753,118,Specific,Alternative,Full,1,Nopt,2753,Un-2-double-12,UNKNOWN,,5.000,4.99
42_Specific_Alternative_Full_3_Nopt_3023,42,Specific,Alternative,Full,3,Nopt,3023,Un-2-double-12,UNKNOWN,,5.000,4.99
61_Specific_Alternative_Full_1_Nopt_14189,61,Specific,Alternative,Full,1,Nopt,14189,Un-2-double-12,UNKNOWN,,5.000,4.99
67_Specific_Alternative_Full_1_Nopt_17876,67,Specific,Alternative,Full,1,Nopt,17876,Un-2-double-12,UNKNOWN,,5.000,4.98
84_Specific_Alternative_Full_3_Nopt_12868,84,Specific,Alternative,Full,3,Nopt,12868,Un-2-double-12,UNKNOWN,,5.000,4.99
118_Specific_Alternative_Full_1_Nopt_2753,118,Specific,Alternative,Full,1,Nopt,2753,Un-2-double-14,UNKNOWN,,5.000,4.98
42_Specific_Alternative_Full_3_Nopt_3023,42,Specific,Alternative,Full,3,Nopt,3023,Un-2-double-14,UNKNOWN,,5.000,4.98
61_Specific_Alternative_Full_1_Nopt_14189,61,Specific,Alternative,Full,1,Nopt,14189,Un-2-double-14,UNKNOWN,,5.000,4.98
67_Specific_Alternative_Full_1_Nopt_17876,67,Specific,Alternative,Full,1,Nopt,17876,Un-2-double-14,UNKNOWN,,5.000,4.98
84_Specific_Alternative_Full_3_Nopt_12868,84,Specific,Alternative,Full,3,Nopt,12868,Un-2-double-14,UNKNOWN,,5.000,4.98
118_Specific_Alternative_Full_1_Nopt_2753,118,Specific,Alternative,Full,1,Nopt,2753,Un-2-double-16,UNKNOWN,,5.000,4.97
42_Specific_Alternative_Full_3_Nopt_3023,42,Specific,Alternative,Full,3,Nopt,3023,Un-2-double-16,UNKNOWN,,5.000,4.97
61_Specific_Alternative_Full_1_Nopt_14189,61,Specific,Alternative,Full,1,Nopt,14189,Un-2-double-16,UNKNOWN,,5.000,4.97
67_Specific_Alternative_Full_1_Nopt_17876,67,Specific,Alternative,Full,1,Nopt,17876,Un-2-double-16,UNKNOWN,,5.000,4.97
84_Specific_Alternative_Full_3_Nopt_12868,84,Specific,Alternative,Full,3,Nopt,12868,Un-2-double-16,UNKNOWN,,5.000,4.97
118_Specific_Alternative_Full_1_Nopt_2753,118,Specific,Alternative,Full,1,Nopt,2753,Un-2-double-18,UNKNOWN,,5.000,4.96
42_Specific_Alternative_Full_3_Nopt_3023,42,Specific,Alternative,Full,3,Nopt,3023,Un-2-double-18,UNKNOWN,,5.000,4.95
61_Specific_Alternative_Full_1_Nopt_14189,61,Specific,Alternative,Full,1,Nopt,14189,Un-2-double-18,UNKNOWN,,5.000,4.96
67_Specific_Alternative_Full_1_Nopt_17876,67,Specific,Alternative,Full,1,Nopt,17876,Un-2-double-18,UNKNOWN,,5.000,4.96
84_Specific_Alternative_Full_3_Nopt_12868,84,Specific,Alternative,Full,3,Nopt,12868,Un-2-double-18,UNKNOWN,,5.000,4.96
118_Specific_Alternative_Full_1_Nopt_2753,118,Specific,Alternative,Full,1,Nopt,2753,Un-2-double-20,UNKNOWN,,5.000,4.94
42_Specific_Alternative_Full_3_Nopt_3023,42,Specific,Alternative,Full,3,Nopt,3023,Un-2-double-20,UNKNOWN,,5.000,4.95
61_Specific_Alternative_Full_1_Nopt_14189,61,Specific,Alternative,Full,1,Nopt,14189,Un-2-double-20,UNKNOWN,,5.000,4.95
67_Specific_Alternative_Full_1_Nopt_17876,67,Specific,Alternative,Full,1,Nopt,17876,Un-2-double-20,UNKNOWN,,5.000,4.94
84_Specific_Alternative_Full_3_Nopt_12868,84,Specific,Alternative,Full,3,Nopt,12868,Un-2-double-20,UNKNOWN,,5.000,4.95
118_Specific_Alternative_Full_1_Nopt_2753,118,Specific,Alternative,Full,1,Nopt,2753,Un-2-double-6,UNSATISFIABLE,,0.004,0.00
42_Specific_Alternative_Full_3_Nopt_3023,42,Specific,Alternative,Full,3,Nopt,3023,Un-2-double-6,UNSATISFIABLE,,0.004,0.00
61_Specific_Alternative_Full_1_Nopt_14189,61,Specific,Alternative,Full,1,Nopt,14189,Un-2-double-6,UNSATISFIABLE,,0.005,0.00
67_Specific_Alternative_Full_1_Nopt_17876,67,Specific,Alternative,Full,1,Nopt,17876,Un-2-double-6,UNSATISFIABLE,,0.005,0.00
84_Specific_Alternative_Full_3_Nopt_12868,84,Specific,Alternative,Full,3,Nopt,12868,Un-2-double-6,UNSATISFIABLE,,0.004,0.00
118_Specific_Alternative_Full_1_Nopt_2753,118,Specific,Alternative,Full,1,Nopt,2753,Un-2-double-8,UNSATISFIABLE,,0.009,0.00
42_Specific_Alternative_Full_3_Nopt_3023,42,Specific,Alternative,Full,3,Nopt,3023,Un-2-double-8,UNSATISFIABLE,,0.009,0.00
61_Specific_Alternative_Full_1_Nopt_14189,61,Specific,Alternative,Full,1,Nopt,14189,Un-2-double-8,UNSATISFIABLE,,0.055,0.05
67_Specific_Alternative_Full_1_Nopt_17876,67,Specific,Alternative,Full,1,Nopt,17876,Un-2-double-8,UNSATISFIABLE,,0.068,0.06
84_Specific_Alternative_Full_3_Nopt_12868,84,Specific,Alternative,Full,3,Nopt,12868,Un-2-double-8,UNSATISFIABLE,,0.013,0.01
118_Specific_Alternative_Full_1_Nopt_2753,118,Specific,Alternative,Full,1,Nopt,2753,2-double-10,SATISFIABLE,28,5.000,4.99
42_Specific_Alternative_Full_3_Nopt_3023,42,Specific,Alternative,Full,3,Nopt,3023,2-double-10,SATISFIABLE,28,5.000,4.99
61_Specific_Alternative_Full_1_Nopt_14189,61,Specific,Alternative,Full,1,Nopt,14189,2-double-10,SATISFIABLE,28,5.000,4.99
67_Specific_Alternative_Full_1_Nopt_17876,67,Specific,Alternative,Full,1,Nopt,17876,2-double-10,SATISFIABLE,28,5.000,4.99
84_Specific_Alternative_Full_3_Nopt_12868,84,Specific,Alternative,Full,3,Nopt,12868,2-double-10,SATISFIABLE,28,5.000,4.99
118_Specific_Alternative_Full_1_Nopt_2753,118,Specific,Alternative,Full,1,Nopt,2753,2-double-12,SATISFIABLE,36,5.000,4.98
42_Specific_Alternative_Full_3_Nopt_3023,42,Specific,Alternative,Full,3,Nopt,3023,2-double-12,SATISFIABLE,36,5.000,4.98
61_Specific_Alternative_Full_1_Nopt_14189,61,Specific,Alternative,Full,1,Nopt,14189,2-double-12,SATISFIABLE,36,5.000,4.99
67_Specific_Alternative_Full_1_Nopt_17876,67,Specific,Alternative,Full,1,Nopt,17876,2-double-12,SATISFIABLE,36,5.000,4.99
84_Specific_Alternative_Full_3_Nopt_12868,84,Specific,Alternative,Full,3,Nopt,12868,2-double-12,SATISFIABLE,36,5.000,4.98
118_Specific_Alternative_Full_1_Nopt_2753,118,Specific,Alternative,Full,1,Nopt,2753,2-double-14,SATISFIABLE,55,5.000,4.98
42_Specific_Alternative_Full_3_Nopt_3023,42,Specific,Alternative,Full,3,Nopt,3023,2-double-14,SATISFIABLE,55,5.000,4.97
61_Specific_Alternative_Full_1_Nopt_14189,61,Specific,Alternative,Full,1,Nopt,14189,2-double-14,SATISFIABLE,55,5.000,4.97
67_Specific_Alternative_Full_1_Nopt_17876,67,Specific,Alternative,Full,1,Nopt,17876,2-double-14,SATISFIABLE,55,5.000,4.98
84_Specific_Alternative_Full_3_Nopt_12868,84,Specific,Alternative,Full,3,Nopt,12868,2-double-14,SATISFIABLE,55,5.000,4.97
118_Specific_Alternative_Full_1_Nopt_2753,118,Specific,Alternative,Full,1,Nopt,2753,2-double-16,SATISFIABLE,66,5.000,4.96
42_Specific_Alternative_Full_3_Nopt_3023,42,Specific,Alternative,Full,3,Nopt,3023,2-double-16,SATISFIABLE,66,5.000,4.96
61_Specific_Alternative_Full_1_Nopt_14189,61,Specific,Alternative,Full,1,Nopt,14189,2-double-16,SATISFIABLE,66,5.000,4.97
67_Specific_Alternative_Full_1_Nopt_17876,67,Specific,Alternative,Full,1,Nopt,17876,2-double-16,SATISFIABLE,66,5.000,4.97
84_Specific_Alternative_Full_3_Nopt_12868,84,Specific,Alternative,Full,3,Nopt,12868,2-double-16,SATISFIABLE,66,5.000,4.97
118_Specific_Alternative_Full_1_Nopt_2753,118,Specific,Alternative,Full,1,Nopt,2753,2-double-18,SATISFIABLE,91,5.000,4.95
42_Specific_Alternative_Full_3_Nopt_3023,42,Specific,Alternative,Full,3,Nopt,3023,2-double-18,SATISFIABLE,91,5.000,4.95
61_Specific_Alternative_Full_1_Nopt_14189,61,Specific,Alternative,Full,1,Nopt,14189,2-double-18,SATISFIABLE,91,5.000,4.95
67_Specific_Alternative_Full_1_Nopt_17876,67,Specific,Alternative,Full,1,Nopt,17876,2-double-18,SATISFIABLE,91,5.000,4.95
84_Specific_Alternative_Full_3_Nopt_12868,84,Specific,Alternative,Full,3,Nopt,12868,2-double-18,SATISFIABLE,91,5.000,4.97
118_Specific_Alternative_Full_1_Nopt_2753,118,Specific,Alternative,Full,1,Nopt,2753,2-double-20,SATISFIABLE,105,5.000,4.94
42_Specific_Alternative_Full_3_Nopt_3023,42,Specific,Alternative,Full,3,Nopt,3023,2-double-20,UNKNOWN,,5.000,4.94
61_Specific_Alternative_Full_1_Nopt_14189,61,Specific,Alternative,Full,1,Nopt,14189,2-double-20,SATISFIABLE,105,5.000,4.93
67_Specific_Alternative_Full_1_Nopt_17876,67,Specific,Alternative,Full,1,Nopt,17876,2-double-20,SATISFIABLE,105,5.000,4.93
84_Specific_Alternative_Full_3_Nopt_12868,84,Specific,Alternative,Full,3,Nopt,12868,2-double-20,SATISFIABLE,105,5.000,4.96
118_Specific_Alternative_Full_1_Nopt_2753,118,Specific,Alternative,Full,1,Nopt,2753,2-double-6,OPTIMUM FOUND,10,0.007,0.00
42_Specific_Alternative_Full_3_Nopt_3023,42,Specific,Alternative,Full,3,Nopt,3023,2-double-6,OPTIMUM FOUND,10,0.006,0.00
61_Specific_Alternative_Full_1_Nopt_14189,61,Specific,Alternative,Full,1,Nopt,14189,2-double-6,OPTIMUM FOUND,10,0.025,0.01
67_Specific_Alternative_Full_1_Nopt_17876,67,Specific,Alternative,Full,1,Nopt,17876,2-double-6,OPTIMUM FOUND,10,0.013,0.01
84_Specific_Alternative_Full_3_Nopt_12868,84,Specific,Alternative,Full,3,Nopt,12868,2-double-6,OPTIMUM FOUND,10,0.007,0.00
118_Specific_Alternative_Full_1_Nopt_2753,118,Specific,Alternative,Full,1,Nopt,2753,2-double-8,OPTIMUM FOUND,15,0.079,0.07
42_Specific_Alternative_Full_3_Nopt_3023,42,Specific,Alternative,Full,3,Nopt,3023,2-double-8,OPTIMUM FOUND,15,0.015,0.01
61_Specific_Alternative_Full_1_Nopt_14189,61,Specific,Alternative,Full,1,Nopt,14189,2-double-8,OPTIMUM FOUND,15,0.454,0.45
67_Specific_Alternative_Full_1_Nopt_17876,67,Specific,Alternative,Full,1,Nopt,17876,2-double-8,OPTIMUM FOUND,15,0.458,0.45
84_Specific_Alternative_Full_3_Nopt_12868,84,Specific,Alternative,Full,3,Nopt,12868,2-double-8,OPTIMUM FOUND,15,0.049,0.04
