,Directory,Files analysed with SBASS,Positive Examples in S,Ordering,SBC,Iteration,Cell,Seed,Opt,Time for creating examples,Time for solving ILP task,Total neg examples,Total pos examples,Neg examples uncovered,Learned Constraints
1,./../Problems/PUP/doublev_opt/,2-doublev-9-6.lp,Specific,Alternative,Full,1,1,31681,Nopt,10.117,0,4,0,4,
2,./../Problems/PUP/doublev_opt/,2-doublev-9-6.lp,Specific,Alternative,Full,1,2,4634,Nopt,6.331,0,8,0,8,
3,./../Problems/PUP/doublev_opt/,2-doublev-9-6.lp,Specific,Alternative,Full,1,3,16837,Nopt,8.782,0,12,0,12,
4,./../Problems/PUP/doublev_opt/,2-doublev-9-6.lp,Specific,Alternative,Full,1,1,15262,Nopt,9.37,0,4,0,4,
5,./../Problems/PUP/doublev_opt/,2-doublev-9-6.lp,Specific,Alternative,Full,1,2,22084,Nopt,8.465,58.736,7,1,0," :- unit2sensorGEQ(V1,V1), not unit2zoneGEQ(V1,V1).
"
6,./../Problems/PUP/doublev_opt/,2-doublev-9-6.lp,Specific,Alternative,Full,1,3,24758,Nopt,9.223,0,12,0,12,
7,./../Problems/PUP/doublev_opt/,2-doublev-9-6.lp,Specific,Alternative,Full,1,1,3718,Nopt,8.218,34.903,3,1,0," :- zone2sensor(V1,V1), unit2sensorGEQ(V2,V1), not unit2zoneGEQ(V2,V2).
"
8,./../Problems/PUP/doublev_opt/,2-doublev-9-6.lp,Specific,Alternative,Full,1,2,26796,Nopt,10.159,0,8,0,8,
9,./../Problems/PUP/doublev_opt/,2-doublev-9-6.lp,Specific,Alternative,Full,1,3,25434,Nopt,9.427,0,12,0,12,
10,./../Problems/PUP/doublev_opt/,2-doublev-9-6.lp,Specific,Alternative,Full,1,1,8598,Nopt,6.932,0,4,0,4,
11,./../Problems/PUP/doublev_opt/,2-doublev-9-6.lp,Specific,Alternative,Full,1,2,21172,Nopt,9.019,0,8,0,8,
12,./../Problems/PUP/doublev_opt/,2-doublev-9-6.lp,Specific,Alternative,Full,1,3,31928,Nopt,7.419,51.821,10,2,0," :- unit2zoneGEQ(V1,V2), closezones(V1,V2), not unit2zoneGEQ(V1,V1).
"
13,./../Problems/PUP/doublev_opt/,2-doublev-9-6.lp,Specific,Alternative,Full,1,1,29690,Nopt,8.063,0,4,0,4,
14,./../Problems/PUP/doublev_opt/,2-doublev-9-6.lp,Specific,Alternative,Full,1,2,3800,Nopt,7.947,38.061,6,2,0," :- zone2sensor(V1,V2), unit2zoneGEQ(V1,V2), not unit2zoneGEQ(V1,V1).
"
15,./../Problems/PUP/doublev_opt/,2-doublev-9-6.lp,Specific,Alternative,Full,1,3,1743,Nopt,10.204,0,12,0,12,
16,./../Problems/PUP/doublev_opt/,2-doublev-9-6.lp,Specific,Alternative,Full,1,1,26740,Nopt,9.489,54.787,3,1,0," :- zone2sensor(V1,V1), unit2sensorGEQ(V2,V2), not unit2zoneGEQ(V1,V2).
"
17,./../Problems/PUP/doublev_opt/,2-doublev-9-6.lp,Specific,Alternative,Full,1,2,22856,Nopt,8.423,55.257,6,2,0," :- unit2zoneGEQ(V1,V1), not zone2sensor(V1,V1).
"
18,./../Problems/PUP/doublev_opt/,2-doublev-9-6.lp,Specific,Alternative,Full,1,3,25148,Nopt,9.332,78.26,11,1,0," :- partnerunits(V1,V2), unit2sensorGEQ(V2,V1), unit2sensorGEQ(V1,V2).
"
19,./../Problems/PUP/doublev_opt/,2-doublev-9-6.lp,Specific,Alternative,Full,1,1,6751,Nopt,9.52,0,4,0,4,
20,./../Problems/PUP/doublev_opt/,2-doublev-9-6.lp,Specific,Alternative,Full,1,2,13658,Nopt,10.167,124.697,7,1,0," :- unit2zoneGEQ(V2,V1), unit2zoneGEQ(V1,V3), not unit2sensorGEQ(V2,V1).
"
21,./../Problems/PUP/doublev_opt/,2-doublev-9-6.lp,Specific,Alternative,Full,1,3,717,Nopt,8.326,0,12,0,12,
22,./../Problems/PUP/doublev_opt/,2-doublev-9-6.lp,Specific,Alternative,Full,1,1,16849,Nopt,8.345,0,4,0,4,
23,./../Problems/PUP/doublev_opt/,2-doublev-9-6.lp,Specific,Alternative,Full,1,2,29843,Nopt,9.022,0,8,0,8,
24,./../Problems/PUP/doublev_opt/,2-doublev-9-6.lp,Specific,Alternative,Full,1,3,8299,Nopt,8.547,139.855,10,2,0," :- unit2zoneGEQ(V1,V1), closesensors(V1,V2), not unit2sensorGEQ(V1,V2).
 :- partnerunits(V1,V2), zone2sensor(V1,V2), not unit2zoneGEQ(V2,V1).
"
25,./../Problems/PUP/doublev_opt/,2-doublev-9-6.lp,Specific,Alternative,Full,1,1,6709,Nopt,8.395,79.735,3,1,0," :- zone2sensor(V1,V1), unit2zoneGEQ(V2,V2), not unit2zoneGEQ(V1,V2).
"
26,./../Problems/PUP/doublev_opt/,2-doublev-9-6.lp,Specific,Alternative,Full,1,2,24419,Nopt,9.059,0,8,0,8,
27,./../Problems/PUP/doublev_opt/,2-doublev-9-6.lp,Specific,Alternative,Full,1,3,14456,Nopt,9.455,113.297,11,1,0," :- unit2zoneGEQ(V1,V1), closesensors(V2,V1), not unit2sensorGEQ(V1,V2).
"
28,./../Problems/PUP/doublev_opt/,2-doublev-9-6.lp,Specific,Alternative,Full,1,1,11547,Nopt,5.481,0,4,0,4,
29,./../Problems/PUP/doublev_opt/,2-doublev-9-6.lp,Specific,Alternative,Full,1,2,7260,Nopt,8.749,179.402,6,2,0," :- zone2sensor(V1,V1), not unit2sensorGEQ(V1,V1).
 :- zone2sensor(V1,V2), unit2zoneGEQ(V1,V2), not unit2zoneGEQ(V1,V1).
"
30,./../Problems/PUP/doublev_opt/,2-doublev-9-6.lp,Specific,Alternative,Full,1,3,21865,Nopt,7.182,54.831,9,3,0," :- zone2sensor(V1,V2), unit2zoneGEQ(V1,V2), not unit2zoneGEQ(V1,V1).
"
31,./../Problems/PUP/doublev_opt/,2-doublev-9-6.lp,Specific,Alternative,Full,1,1,16017,Nopt,10.109,0,4,0,4,
32,./../Problems/PUP/doublev_opt/,2-doublev-9-6.lp,Specific,Alternative,Full,1,2,29417,Nopt,10.132,0,8,0,8,
33,./../Problems/PUP/doublev_opt/,2-doublev-9-6.lp,Specific,Alternative,Full,1,3,25421,Nopt,7.123,207.467,11,1,0," :- zone2sensor(V1,V1), not unit2zoneGEQ(V1,V1).
 :- unit2zoneGEQ(V1,V2), closezones(V2,V1), not unit2sensorGEQ(V1,V1).
"
34,./../Problems/PUP/doublev_opt/,2-doublev-9-6.lp,Specific,Alternative,Full,1,1,10456,Nopt,7.02,0,4,0,4,
35,./../Problems/PUP/doublev_opt/,2-doublev-9-6.lp,Specific,Alternative,Full,1,2,25977,Nopt,7.11,0,8,0,8,
36,./../Problems/PUP/doublev_opt/,2-doublev-9-6.lp,Specific,Alternative,Full,1,3,20418,Nopt,5.752,120.509,10,2,0," :- partnerunits(V1,V2), unit2sensorGEQ(V2,V1), unit2sensorGEQ(V1,V2).
"
37,./../Problems/PUP/doublev_opt/,2-doublev-9-6.lp,Specific,Alternative,Full,1,1,3380,Nopt,7.615,55.885,3,1,0," :- unit2sensorGEQ(V1,V2), not unit2zoneGEQ(V1,V1), not unit2sensorGEQ(V1,V1).
"
38,./../Problems/PUP/doublev_opt/,2-doublev-9-6.lp,Specific,Alternative,Full,1,2,4490,Nopt,8.978,129.693,7,1,0," :- unit2sensorGEQ(V1,V2), closezones(V1,V2), not unit2sensorGEQ(V1,V1).
"
39,./../Problems/PUP/doublev_opt/,2-doublev-9-6.lp,Specific,Alternative,Full,1,3,29743,Nopt,9.417,0,12,0,12,
40,./../Problems/PUP/doublev_opt/,2-doublev-9-6.lp,Specific,Alternative,Full,1,1,14157,Nopt,7.261,0,4,0,4,
41,./../Problems/PUP/doublev_opt/,2-doublev-9-6.lp,Specific,Alternative,Full,1,2,69,Nopt,9.177,0,8,0,8,
42,./../Problems/PUP/doublev_opt/,2-doublev-9-6.lp,Specific,Alternative,Full,1,3,3023,Nopt,6.494,0,12,0,12,
43,./../Problems/PUP/doublev_opt/,2-doublev-9-6.lp,Specific,Alternative,Full,1,1,14690,Nopt,10.02,0,4,0,4,
44,./../Problems/PUP/doublev_opt/,2-doublev-9-6.lp,Specific,Alternative,Full,1,2,13524,Nopt,8.554,0,8,0,8,
45,./../Problems/PUP/doublev_opt/,2-doublev-9-6.lp,Specific,Alternative,Full,1,3,15622,Nopt,9.478,0,12,0,12,
46,./../Problems/PUP/doublev_opt/,2-doublev-9-6.lp,Specific,Alternative,Full,1,1,10222,Nopt,8.377,0,4,0,4,
47,./../Problems/PUP/doublev_opt/,2-doublev-9-6.lp,Specific,Alternative,Full,1,2,23256,Nopt,10.178,0,8,0,8,
48,./../Problems/PUP/doublev_opt/,2-doublev-9-6.lp,Specific,Alternative,Full,1,3,29764,Nopt,10.235,61.54,9,3,0," :- zone2sensor(V1,V1), closezones(V1,V2), not unit2zoneGEQ(V1,V2).
"
49,./../Problems/PUP/doublev_opt/,2-doublev-9-6.lp,Specific,Alternative,Full,1,1,6652,Nopt,7.978,54.374,3,1,0," :- zone2sensor(V1,V1), not unit2zoneGEQ(V1,V1).
 :- zone2sensor(V1,V1), not unit2sensorGEQ(V1,V1).
"
50,./../Problems/PUP/doublev_opt/,2-doublev-9-6.lp,Specific,Alternative,Full,1,2,27221,Nopt,6.974,0,8,0,8,
51,./../Problems/PUP/doublev_opt/,2-doublev-9-6.lp,Specific,Alternative,Full,1,3,28577,Nopt,9.489,0,12,0,12,
52,./../Problems/PUP/doublev_opt/,2-doublev-9-6.lp,Specific,Alternative,Full,1,1,759,Nopt,7.811,58.387,3,1,0," :- zone2sensor(V1,V1), closezones(V1,V2), not unit2zoneGEQ(V1,V2).
"
53,./../Problems/PUP/doublev_opt/,2-doublev-9-6.lp,Specific,Alternative,Full,1,2,2001,Nopt,9.141,0,8,0,8,
54,./../Problems/PUP/doublev_opt/,2-doublev-9-6.lp,Specific,Alternative,Full,1,3,10002,Nopt,10.236,0,12,0,12,
55,./../Problems/PUP/doublev_opt/,2-doublev-9-6.lp,Specific,Alternative,Full,1,1,2905,Nopt,10.111,55.108,3,1,0," :- unit2zoneGEQ(V1,V1), not unit2sensorGEQ(V1,V1).
"
56,./../Problems/PUP/doublev_opt/,2-doublev-9-6.lp,Specific,Alternative,Full,1,2,27702,Nopt,8.548,0,8,0,8,
57,./../Problems/PUP/doublev_opt/,2-doublev-9-6.lp,Specific,Alternative,Full,1,3,4997,Nopt,9.87,0,12,0,12,
58,./../Problems/PUP/doublev_opt/,2-doublev-9-6.lp,Specific,Alternative,Full,1,1,26985,Nopt,7.773,227.531,3,1,0," :- unit2zoneGEQ(V1,V1), unit2sensorGEQ(V1,V1), not zone2sensor(V1,V1).
 :- unit2sensorGEQ(V1,V2), closesensors(V1,V2), not unit2zoneGEQ(V1,V1).
"
59,./../Problems/PUP/doublev_opt/,2-doublev-9-6.lp,Specific,Alternative,Full,1,2,16281,Nopt,10.139,0,8,0,8,
60,./../Problems/PUP/doublev_opt/,2-doublev-9-6.lp,Specific,Alternative,Full,1,3,16345,Nopt,10.231,0,12,0,12,
61,./../Problems/PUP/doublev_opt/,2-doublev-9-6.lp,Specific,Alternative,Full,1,1,14189,Nopt,9.586,0,4,0,4,
62,./../Problems/PUP/doublev_opt/,2-doublev-9-6.lp,Specific,Alternative,Full,1,2,21352,Nopt,7.76,93.835,6,2,0," :- zone2sensor(V1,V2), unit2zoneGEQ(V2,V1), not unit2zoneGEQ(V2,V2).
"
63,./../Problems/PUP/doublev_opt/,2-doublev-9-6.lp,Specific,Alternative,Full,1,3,14837,Nopt,10.215,93.8,11,1,0," :- zone2sensor(V1,V2), unit2sensorGEQ(V2,V2), not unit2zoneGEQ(V2,V1).
"
64,./../Problems/PUP/doublev_opt/,2-doublev-9-6.lp,Specific,Alternative,Full,1,1,24318,Nopt,8.92,53.218,3,1,0," :- unit2sensorGEQ(V1,V2), closesensors(V2,V1), not unit2zoneGEQ(V1,V2).
"
65,./../Problems/PUP/doublev_opt/,2-doublev-9-6.lp,Specific,Alternative,Full,1,2,26740,Nopt,8.407,116.612,6,2,0," :- unit2sensorGEQ(V2,V1), unit2sensorGEQ(V1,V2), closesensors(V1,V2).
"
66,./../Problems/PUP/doublev_opt/,2-doublev-9-6.lp,Specific,Alternative,Full,1,3,23583,Nopt,10.234,86.758,10,2,0," :- unit2sensorGEQ(V1,V1), unit2sensorGEQ(V2,V2), not zone2sensor(V1,V2).
"
67,./../Problems/PUP/doublev_opt/,2-doublev-9-6.lp,Specific,Alternative,Full,1,1,17876,Nopt,9.558,0,4,0,4,
68,./../Problems/PUP/doublev_opt/,2-doublev-9-6.lp,Specific,Alternative,Full,1,2,19383,Nopt,7.87,0,8,0,8,
69,./../Problems/PUP/doublev_opt/,2-doublev-9-6.lp,Specific,Alternative,Full,1,3,7579,Nopt,9.764,0,12,0,12,
70,./../Problems/PUP/doublev_opt/,2-doublev-9-6.lp,Specific,Alternative,Full,1,1,28975,Nopt,6.933,0,4,0,4,
71,./../Problems/PUP/doublev_opt/,2-doublev-9-6.lp,Specific,Alternative,Full,1,2,1459,Nopt,10.153,0,8,0,8,
72,./../Problems/PUP/doublev_opt/,2-doublev-9-6.lp,Specific,Alternative,Full,1,3,7706,Nopt,9.339,149.649,10,2,0," :- unit2sensorGEQ(V1,V1), unit2sensorGEQ(V2,V2), not unit2zoneGEQ(V2,V1).
"
73,./../Problems/PUP/doublev_opt/,2-doublev-9-6.lp,Specific,Alternative,Full,1,1,5107,Nopt,9.58,74.51,3,1,0," :- partnerunits(V1,V2), closesensors(V1,V2), not unit2zoneGEQ(V1,V1).
"
74,./../Problems/PUP/doublev_opt/,2-doublev-9-6.lp,Specific,Alternative,Full,1,2,10838,Nopt,7.055,52.667,7,1,0," :- partnerunits(V1,V2), zone2sensor(V1,V2), not unit2sensorGEQ(V2,V2).
"
75,./../Problems/PUP/doublev_opt/,2-doublev-9-6.lp,Specific,Alternative,Full,1,3,21787,Nopt,8.516,0,12,0,12,
76,./../Problems/PUP/doublev_opt/,2-doublev-9-6.lp,Specific,Alternative,Full,1,1,9373,Nopt,9.154,0,4,0,4,
77,./../Problems/PUP/doublev_opt/,2-doublev-9-6.lp,Specific,Alternative,Full,1,2,12399,Nopt,6.781,0,8,0,8,
78,./../Problems/PUP/doublev_opt/,2-doublev-9-6.lp,Specific,Alternative,Full,1,3,5812,Nopt,9.385,118.155,11,1,0," :- partnerunits(V2,V1), unit2sensorGEQ(V1,V1), not unit2sensorGEQ(V1,V2).
"
79,./../Problems/PUP/doublev_opt/,2-doublev-9-6.lp,Specific,Alternative,Full,1,1,21123,Nopt,8.589,48.056,3,1,0," :- unit2zoneGEQ(V1,V1), unit2sensorGEQ(V1,V1), not zone2sensor(V1,V1).
"
80,./../Problems/PUP/doublev_opt/,2-doublev-9-6.lp,Specific,Alternative,Full,1,2,32737,Nopt,7.844,0,8,0,8,
81,./../Problems/PUP/doublev_opt/,2-doublev-9-6.lp,Specific,Alternative,Full,1,3,2231,Nopt,8.266,41.721,9,3,0," :- zone2sensor(V1,V1), closezones(V1,V2), not unit2zoneGEQ(V1,V2).
"
82,./../Problems/PUP/doublev_opt/,2-doublev-9-6.lp,Specific,Alternative,Full,1,1,26645,Nopt,9.523,33.029,3,1,0," :- zone2sensor(V1,V1), not unit2zoneGEQ(V1,V1).
"
83,./../Problems/PUP/doublev_opt/,2-doublev-9-6.lp,Specific,Alternative,Full,1,2,4448,Nopt,7.262,156.263,7,1,0," :- unit2sensorGEQ(V2,V1), unit2sensorGEQ(V1,V2), closesensors(V1,V2).
"
84,./../Problems/PUP/doublev_opt/,2-doublev-9-6.lp,Specific,Alternative,Full,1,3,12868,Nopt,9.898,0,12,0,12,
85,./../Problems/PUP/doublev_opt/,2-doublev-9-6.lp,Specific,Alternative,Full,1,1,1769,Nopt,10.11,0,4,0,4,
86,./../Problems/PUP/doublev_opt/,2-doublev-9-6.lp,Specific,Alternative,Full,1,2,8467,Nopt,6.344,0,8,0,8,
87,./../Problems/PUP/doublev_opt/,2-doublev-9-6.lp,Specific,Alternative,Full,1,3,14775,Nopt,9.075,0,12,0,12,
88,./../Problems/PUP/doublev_opt/,2-doublev-9-6.lp,Specific,Alternative,Full,1,1,2212,Nopt,8.14,0,4,0,4,
89,./../Problems/PUP/doublev_opt/,2-doublev-9-6.lp,Specific,Alternative,Full,1,2,9472,Nopt,7.175,34.401,6,2,0," :- zone2sensor(V1,V1), unit2zoneGEQ(V2,V2), not unit2zoneGEQ(V1,V2).
"
90,./../Problems/PUP/doublev_opt/,2-doublev-9-6.lp,Specific,Alternative,Full,1,3,1280,Nopt,5.917,66.74,10,2,0," :- unit2sensorGEQ(V1,V1), closesensors(V2,V1), not unit2zoneGEQ(V1,V2).
"
91,./../Problems/PUP/doublev_opt/,2-doublev-9-6.lp,Specific,Alternative,Full,1,1,13383,Nopt,8.575,0,4,0,4,
92,./../Problems/PUP/doublev_opt/,2-doublev-9-6.lp,Specific,Alternative,Full,1,2,2517,Nopt,7.463,0,8,0,8,
93,./../Problems/PUP/doublev_opt/,2-doublev-9-6.lp,Specific,Alternative,Full,1,3,20286,Nopt,10.218,0,12,0,12,
94,./../Problems/PUP/doublev_opt/,2-doublev-9-6.lp,Specific,Alternative,Full,1,1,13727,Nopt,6.943,0,4,0,4,
95,./../Problems/PUP/doublev_opt/,2-doublev-9-6.lp,Specific,Alternative,Full,1,2,15928,Nopt,7.098,68.009,6,2,0," :- zone2sensor(V1,V1), unit2sensorGEQ(V2,V2), closezones(V2,V1).
 :- zone2sensor(V1,V1), unit2zoneGEQ(V2,V1), not unit2zoneGEQ(V2,V2).
"
96,./../Problems/PUP/doublev_opt/,2-doublev-9-6.lp,Specific,Alternative,Full,1,3,18316,Nopt,8.894,0,12,0,12,
97,./../Problems/PUP/doublev_opt/,2-doublev-9-6.lp,Specific,Alternative,Full,1,1,32033,Nopt,7.171,34.418,3,1,0," :- zone2sensor(V1,V1), closezones(V1,V2), not unit2zoneGEQ(V1,V2).
"
98,./../Problems/PUP/doublev_opt/,2-doublev-9-6.lp,Specific,Alternative,Full,1,2,32598,Nopt,9.244,0,8,0,8,
99,./../Problems/PUP/doublev_opt/,2-doublev-9-6.lp,Specific,Alternative,Full,1,3,11310,Nopt,8.859,0,12,0,12,
100,./../Problems/PUP/doublev_opt/,2-doublev-9-6.lp,Specific,Alternative,Full,1,1,30414,Nopt,4.907,0,4,0,4,
101,./../Problems/PUP/doublev_opt/,2-doublev-9-6.lp,Specific,Alternative,Full,1,2,7830,Nopt,7.12,0,8,0,8,
102,./../Problems/PUP/doublev_opt/,2-doublev-9-6.lp,Specific,Alternative,Full,1,3,31417,Nopt,8.878,0,12,0,12,
103,./../Problems/PUP/doublev_opt/,2-doublev-9-6.lp,Specific,Alternative,Full,1,1,31869,Nopt,10.119,0,4,0,4,
104,./../Problems/PUP/doublev_opt/,2-doublev-9-6.lp,Specific,Alternative,Full,1,2,22564,Nopt,6.062,0,8,0,8,
105,./../Problems/PUP/doublev_opt/,2-doublev-9-6.lp,Specific,Alternative,Full,1,3,7051,Nopt,8.706,0,12,0,12,
106,./../Problems/PUP/doublev_opt/,2-doublev-9-6.lp,Specific,Alternative,Full,1,1,8543,Nopt,5.414,0,4,0,4,
107,./../Problems/PUP/doublev_opt/,2-doublev-9-6.lp,Specific,Alternative,Full,1,2,12158,Nopt,7.241,46.65,7,1,0," :- unit2zoneGEQ(V1,V2), closezones(V2,V1), not unit2sensorGEQ(V1,V1).
"
108,./../Problems/PUP/doublev_opt/,2-doublev-9-6.lp,Specific,Alternative,Full,1,3,16923,Nopt,7.229,0,12,0,12,
109,./../Problems/PUP/doublev_opt/,2-doublev-9-6.lp,Specific,Alternative,Full,1,1,16687,Nopt,7.629,0,4,0,4,
110,./../Problems/PUP/doublev_opt/,2-doublev-9-6.lp,Specific,Alternative,Full,1,2,27416,Nopt,6.172,0,8,0,8,
111,./../Problems/PUP/doublev_opt/,2-doublev-9-6.lp,Specific,Alternative,Full,1,3,21083,Nopt,7.728,89.912,9,3,0," :- unit2sensorGEQ(V1,V2), not unit2zoneGEQ(V1,V2), not unit2sensorGEQ(V2,V1).
"
112,./../Problems/PUP/doublev_opt/,2-doublev-9-6.lp,Specific,Alternative,Full,1,1,16567,Nopt,6.876,0,4,0,4,
113,./../Problems/PUP/doublev_opt/,2-doublev-9-6.lp,Specific,Alternative,Full,1,2,70,Nopt,9.759,0,8,0,8,
114,./../Problems/PUP/doublev_opt/,2-doublev-9-6.lp,Specific,Alternative,Full,1,3,22154,Nopt,7.266,0,12,0,12,
115,./../Problems/PUP/doublev_opt/,2-doublev-9-6.lp,Specific,Alternative,Full,1,1,16699,Nopt,7.994,0,4,0,4,
116,./../Problems/PUP/doublev_opt/,2-doublev-9-6.lp,Specific,Alternative,Full,1,2,25944,Nopt,8.927,0,8,0,8,
117,./../Problems/PUP/doublev_opt/,2-doublev-9-6.lp,Specific,Alternative,Full,1,3,15838,Nopt,7.284,174.27,10,2,0," :- partnerunits(V1,V2), unit2zoneGEQ(V1,V2), not unit2zoneGEQ(V2,V1).
"
118,./../Problems/PUP/doublev_opt/,2-doublev-9-6.lp,Specific,Alternative,Full,1,1,2753,Nopt,8.191,0,4,0,4,
119,./../Problems/PUP/doublev_opt/,2-doublev-9-6.lp,Specific,Alternative,Full,1,2,31792,Nopt,6.555,0,8,0,8,
120,./../Problems/PUP/doublev_opt/,2-doublev-9-6.lp,Specific,Alternative,Full,1,3,6602,Nopt,10.231,0,12,0,12,
