ConstraintFile,Id,Mode,Order,Full,Cell,Version,Seed,Instance,Result,OptVal,Time,Solving
107_Specific_Alternative_Full_2_Nopt_12158,107,Specific,Alternative,Full,2,Nopt,12158,Un-2-doublev-10,UNKNOWN,,5.000,4.98
111_Specific_Alternative_Full_3_Nopt_21083,111,Specific,Alternative,Full,3,Nopt,21083,Un-2-doublev-10,UNKNOWN,,5.000,4.98
117_Specific_Alternative_Full_3_Nopt_15838,117,Specific,Alternative,Full,3,Nopt,15838,Un-2-doublev-10,UNKNOWN,,5.000,4.99
12_Specific_Alternative_Full_3_Nopt_31928,12,Specific,Alternative,Full,3,Nopt,31928,Un-2-doublev-10,UNKNOWN,,5.000,4.98
14_Specific_Alternative_Full_2_Nopt_3800,14,Specific,Alternative,Full,2,Nopt,3800,Un-2-doublev-10,UNKNOWN,,5.000,4.99
16_Specific_Alternative_Full_1_Nopt_26740,16,Specific,Alternative,Full,1,Nopt,26740,Un-2-doublev-10,UNKNOWN,,5.000,4.99
17_Specific_Alternative_Full_2_Nopt_22856,17,Specific,Alternative,Full,2,Nopt,22856,Un-2-doublev-10,UNSATISFIABLE,,3.150,3.13
18_Specific_Alternative_Full_3_Nopt_25148,18,Specific,Alternative,Full,3,Nopt,25148,Un-2-doublev-10,UNKNOWN,,5.000,4.99
20_Specific_Alternative_Full_2_Nopt_13658,20,Specific,Alternative,Full,2,Nopt,13658,Un-2-doublev-10,UNKNOWN,,5.000,4.98
24_Specific_Alternative_Full_3_Nopt_8299,24,Specific,Alternative,Full,3,Nopt,8299,Un-2-doublev-10,UNKNOWN,,5.000,4.98
25_Specific_Alternative_Full_1_Nopt_6709,25,Specific,Alternative,Full,1,Nopt,6709,Un-2-doublev-10,UNKNOWN,,5.000,4.98
27_Specific_Alternative_Full_3_Nopt_14456,27,Specific,Alternative,Full,3,Nopt,14456,Un-2-doublev-10,UNKNOWN,,5.000,4.99
29_Specific_Alternative_Full_2_Nopt_7260,29,Specific,Alternative,Full,2,Nopt,7260,Un-2-doublev-10,UNKNOWN,,5.000,4.99
30_Specific_Alternative_Full_3_Nopt_21865,30,Specific,Alternative,Full,3,Nopt,21865,Un-2-doublev-10,UNKNOWN,,5.000,4.98
33_Specific_Alternative_Full_3_Nopt_25421,33,Specific,Alternative,Full,3,Nopt,25421,Un-2-doublev-10,UNKNOWN,,5.000,4.98
36_Specific_Alternative_Full_3_Nopt_20418,36,Specific,Alternative,Full,3,Nopt,20418,Un-2-doublev-10,UNKNOWN,,5.000,4.98
37_Specific_Alternative_Full_1_Nopt_3380,37,Specific,Alternative,Full,1,Nopt,3380,Un-2-doublev-10,UNKNOWN,,5.000,4.98
38_Specific_Alternative_Full_2_Nopt_4490,38,Specific,Alternative,Full,2,Nopt,4490,Un-2-doublev-10,UNKNOWN,,5.000,4.99
48_Specific_Alternative_Full_3_Nopt_29764,48,Specific,Alternative,Full,3,Nopt,29764,Un-2-doublev-10,UNKNOWN,,5.000,4.99
49_Specific_Alternative_Full_1_Nopt_6652,49,Specific,Alternative,Full,1,Nopt,6652,Un-2-doublev-10,UNKNOWN,,5.000,4.98
52_Specific_Alternative_Full_1_Nopt_759,52,Specific,Alternative,Full,1,Nopt,759,Un-2-doublev-10,UNKNOWN,,5.000,4.98
55_Specific_Alternative_Full_1_Nopt_2905,55,Specific,Alternative,Full,1,Nopt,2905,Un-2-doublev-10,UNKNOWN,,5.000,4.99
58_Specific_Alternative_Full_1_Nopt_26985,58,Specific,Alternative,Full,1,Nopt,26985,Un-2-doublev-10,UNSATISFIABLE,,2.713,2.70
5_Specific_Alternative_Full_2_Nopt_22084,5,Specific,Alternative,Full,2,Nopt,22084,Un-2-doublev-10,UNKNOWN,,5.000,4.98
62_Specific_Alternative_Full_2_Nopt_21352,62,Specific,Alternative,Full,2,Nopt,21352,Un-2-doublev-10,UNKNOWN,,5.000,4.99
63_Specific_Alternative_Full_3_Nopt_14837,63,Specific,Alternative,Full,3,Nopt,14837,Un-2-doublev-10,UNKNOWN,,5.000,4.98
64_Specific_Alternative_Full_1_Nopt_24318,64,Specific,Alternative,Full,1,Nopt,24318,Un-2-doublev-10,UNKNOWN,,5.000,4.99
65_Specific_Alternative_Full_2_Nopt_26740,65,Specific,Alternative,Full,2,Nopt,26740,Un-2-doublev-10,UNKNOWN,,5.000,4.98
66_Specific_Alternative_Full_3_Nopt_23583,66,Specific,Alternative,Full,3,Nopt,23583,Un-2-doublev-10,UNSATISFIABLE,,0.597,0.58
72_Specific_Alternative_Full_3_Nopt_7706,72,Specific,Alternative,Full,3,Nopt,7706,Un-2-doublev-10,UNKNOWN,,5.000,4.99
73_Specific_Alternative_Full_1_Nopt_5107,73,Specific,Alternative,Full,1,Nopt,5107,Un-2-doublev-10,UNKNOWN,,5.000,4.99
74_Specific_Alternative_Full_2_Nopt_10838,74,Specific,Alternative,Full,2,Nopt,10838,Un-2-doublev-10,UNKNOWN,,5.000,4.99
78_Specific_Alternative_Full_3_Nopt_5812,78,Specific,Alternative,Full,3,Nopt,5812,Un-2-doublev-10,UNKNOWN,,5.000,4.98
79_Specific_Alternative_Full_1_Nopt_21123,79,Specific,Alternative,Full,1,Nopt,21123,Un-2-doublev-10,UNKNOWN,,5.000,4.98
7_Specific_Alternative_Full_1_Nopt_3718,7,Specific,Alternative,Full,1,Nopt,3718,Un-2-doublev-10,UNKNOWN,,5.000,4.99
81_Specific_Alternative_Full_3_Nopt_2231,81,Specific,Alternative,Full,3,Nopt,2231,Un-2-doublev-10,UNKNOWN,,5.000,4.98
82_Specific_Alternative_Full_1_Nopt_26645,82,Specific,Alternative,Full,1,Nopt,26645,Un-2-doublev-10,UNKNOWN,,5.000,4.99
83_Specific_Alternative_Full_2_Nopt_4448,83,Specific,Alternative,Full,2,Nopt,4448,Un-2-doublev-10,UNSATISFIABLE,,3.556,3.55
89_Specific_Alternative_Full_2_Nopt_9472,89,Specific,Alternative,Full,2,Nopt,9472,Un-2-doublev-10,UNKNOWN,,5.000,4.99
90_Specific_Alternative_Full_3_Nopt_1280,90,Specific,Alternative,Full,3,Nopt,1280,Un-2-doublev-10,UNKNOWN,,5.000,4.99
95_Specific_Alternative_Full_2_Nopt_15928,95,Specific,Alternative,Full,2,Nopt,15928,Un-2-doublev-10,UNKNOWN,,5.000,4.98
97_Specific_Alternative_Full_1_Nopt_32033,97,Specific,Alternative,Full,1,Nopt,32033,Un-2-doublev-10,UNKNOWN,,5.000,4.98
107_Specific_Alternative_Full_2_Nopt_12158,107,Specific,Alternative,Full,2,Nopt,12158,Un-2-doublev-12,UNKNOWN,,5.000,4.99
111_Specific_Alternative_Full_3_Nopt_21083,111,Specific,Alternative,Full,3,Nopt,21083,Un-2-doublev-12,UNKNOWN,,5.000,4.98
117_Specific_Alternative_Full_3_Nopt_15838,117,Specific,Alternative,Full,3,Nopt,15838,Un-2-doublev-12,UNKNOWN,,5.000,4.98
12_Specific_Alternative_Full_3_Nopt_31928,12,Specific,Alternative,Full,3,Nopt,31928,Un-2-doublev-12,UNKNOWN,,5.000,4.98
14_Specific_Alternative_Full_2_Nopt_3800,14,Specific,Alternative,Full,2,Nopt,3800,Un-2-doublev-12,UNKNOWN,,5.000,4.98
16_Specific_Alternative_Full_1_Nopt_26740,16,Specific,Alternative,Full,1,Nopt,26740,Un-2-doublev-12,UNKNOWN,,5.000,4.98
17_Specific_Alternative_Full_2_Nopt_22856,17,Specific,Alternative,Full,2,Nopt,22856,Un-2-doublev-12,UNKNOWN,,5.000,4.98
18_Specific_Alternative_Full_3_Nopt_25148,18,Specific,Alternative,Full,3,Nopt,25148,Un-2-doublev-12,UNKNOWN,,5.000,4.98
20_Specific_Alternative_Full_2_Nopt_13658,20,Specific,Alternative,Full,2,Nopt,13658,Un-2-doublev-12,UNKNOWN,,5.000,4.97
24_Specific_Alternative_Full_3_Nopt_8299,24,Specific,Alternative,Full,3,Nopt,8299,Un-2-doublev-12,UNKNOWN,,5.000,4.98
25_Specific_Alternative_Full_1_Nopt_6709,25,Specific,Alternative,Full,1,Nopt,6709,Un-2-doublev-12,UNKNOWN,,5.000,4.99
27_Specific_Alternative_Full_3_Nopt_14456,27,Specific,Alternative,Full,3,Nopt,14456,Un-2-doublev-12,UNKNOWN,,5.000,4.98
29_Specific_Alternative_Full_2_Nopt_7260,29,Specific,Alternative,Full,2,Nopt,7260,Un-2-doublev-12,UNKNOWN,,5.000,4.98
30_Specific_Alternative_Full_3_Nopt_21865,30,Specific,Alternative,Full,3,Nopt,21865,Un-2-doublev-12,UNKNOWN,,5.000,4.99
33_Specific_Alternative_Full_3_Nopt_25421,33,Specific,Alternative,Full,3,Nopt,25421,Un-2-doublev-12,UNKNOWN,,5.000,4.98
36_Specific_Alternative_Full_3_Nopt_20418,36,Specific,Alternative,Full,3,Nopt,20418,Un-2-doublev-12,UNKNOWN,,5.000,4.97
37_Specific_Alternative_Full_1_Nopt_3380,37,Specific,Alternative,Full,1,Nopt,3380,Un-2-doublev-12,UNKNOWN,,5.000,4.98
38_Specific_Alternative_Full_2_Nopt_4490,38,Specific,Alternative,Full,2,Nopt,4490,Un-2-doublev-12,UNKNOWN,,5.000,4.98
48_Specific_Alternative_Full_3_Nopt_29764,48,Specific,Alternative,Full,3,Nopt,29764,Un-2-doublev-12,UNKNOWN,,5.000,4.99
49_Specific_Alternative_Full_1_Nopt_6652,49,Specific,Alternative,Full,1,Nopt,6652,Un-2-doublev-12,UNKNOWN,,5.000,4.98
52_Specific_Alternative_Full_1_Nopt_759,52,Specific,Alternative,Full,1,Nopt,759,Un-2-doublev-12,UNKNOWN,,5.000,4.99
55_Specific_Alternative_Full_1_Nopt_2905,55,Specific,Alternative,Full,1,Nopt,2905,Un-2-doublev-12,UNKNOWN,,5.000,4.98
58_Specific_Alternative_Full_1_Nopt_26985,58,Specific,Alternative,Full,1,Nopt,26985,Un-2-doublev-12,UNKNOWN,,5.000,4.99
5_Specific_Alternative_Full_2_Nopt_22084,5,Specific,Alternative,Full,2,Nopt,22084,Un-2-doublev-12,UNKNOWN,,5.000,4.98
62_Specific_Alternative_Full_2_Nopt_21352,62,Specific,Alternative,Full,2,Nopt,21352,Un-2-doublev-12,UNKNOWN,,5.000,4.98
63_Specific_Alternative_Full_3_Nopt_14837,63,Specific,Alternative,Full,3,Nopt,14837,Un-2-doublev-12,UNKNOWN,,5.000,4.98
64_Specific_Alternative_Full_1_Nopt_24318,64,Specific,Alternative,Full,1,Nopt,24318,Un-2-doublev-12,UNKNOWN,,5.000,4.98
65_Specific_Alternative_Full_2_Nopt_26740,65,Specific,Alternative,Full,2,Nopt,26740,Un-2-doublev-12,UNKNOWN,,5.000,4.99
66_Specific_Alternative_Full_3_Nopt_23583,66,Specific,Alternative,Full,3,Nopt,23583,Un-2-doublev-12,UNSATISFIABLE,,1.283,1.26
72_Specific_Alternative_Full_3_Nopt_7706,72,Specific,Alternative,Full,3,Nopt,7706,Un-2-doublev-12,UNKNOWN,,5.000,4.98
73_Specific_Alternative_Full_1_Nopt_5107,73,Specific,Alternative,Full,1,Nopt,5107,Un-2-doublev-12,UNKNOWN,,5.000,4.98
74_Specific_Alternative_Full_2_Nopt_10838,74,Specific,Alternative,Full,2,Nopt,10838,Un-2-doublev-12,UNKNOWN,,5.000,4.97
78_Specific_Alternative_Full_3_Nopt_5812,78,Specific,Alternative,Full,3,Nopt,5812,Un-2-doublev-12,UNKNOWN,,5.000,4.98
79_Specific_Alternative_Full_1_Nopt_21123,79,Specific,Alternative,Full,1,Nopt,21123,Un-2-doublev-12,UNKNOWN,,5.000,4.98
7_Specific_Alternative_Full_1_Nopt_3718,7,Specific,Alternative,Full,1,Nopt,3718,Un-2-doublev-12,UNKNOWN,,5.000,4.98
81_Specific_Alternative_Full_3_Nopt_2231,81,Specific,Alternative,Full,3,Nopt,2231,Un-2-doublev-12,UNKNOWN,,5.000,4.98
82_Specific_Alternative_Full_1_Nopt_26645,82,Specific,Alternative,Full,1,Nopt,26645,Un-2-doublev-12,UNKNOWN,,5.000,4.98
83_Specific_Alternative_Full_2_Nopt_4448,83,Specific,Alternative,Full,2,Nopt,4448,Un-2-doublev-12,UNKNOWN,,5.000,4.97
89_Specific_Alternative_Full_2_Nopt_9472,89,Specific,Alternative,Full,2,Nopt,9472,Un-2-doublev-12,UNKNOWN,,5.000,4.98
90_Specific_Alternative_Full_3_Nopt_1280,90,Specific,Alternative,Full,3,Nopt,1280,Un-2-doublev-12,UNKNOWN,,5.000,4.98
95_Specific_Alternative_Full_2_Nopt_15928,95,Specific,Alternative,Full,2,Nopt,15928,Un-2-doublev-12,UNKNOWN,,5.000,4.97
97_Specific_Alternative_Full_1_Nopt_32033,97,Specific,Alternative,Full,1,Nopt,32033,Un-2-doublev-12,UNKNOWN,,5.000,4.98
107_Specific_Alternative_Full_2_Nopt_12158,107,Specific,Alternative,Full,2,Nopt,12158,Un-2-doublev-14,UNKNOWN,,5.000,4.96
111_Specific_Alternative_Full_3_Nopt_21083,111,Specific,Alternative,Full,3,Nopt,21083,Un-2-doublev-14,UNKNOWN,,5.000,4.96
117_Specific_Alternative_Full_3_Nopt_15838,117,Specific,Alternative,Full,3,Nopt,15838,Un-2-doublev-14,UNKNOWN,,5.000,4.96
12_Specific_Alternative_Full_3_Nopt_31928,12,Specific,Alternative,Full,3,Nopt,31928,Un-2-doublev-14,UNKNOWN,,5.000,4.96
14_Specific_Alternative_Full_2_Nopt_3800,14,Specific,Alternative,Full,2,Nopt,3800,Un-2-doublev-14,UNKNOWN,,5.000,4.97
16_Specific_Alternative_Full_1_Nopt_26740,16,Specific,Alternative,Full,1,Nopt,26740,Un-2-doublev-14,UNKNOWN,,5.000,4.96
17_Specific_Alternative_Full_2_Nopt_22856,17,Specific,Alternative,Full,2,Nopt,22856,Un-2-doublev-14,UNKNOWN,,5.000,4.97
18_Specific_Alternative_Full_3_Nopt_25148,18,Specific,Alternative,Full,3,Nopt,25148,Un-2-doublev-14,UNKNOWN,,5.000,4.97
20_Specific_Alternative_Full_2_Nopt_13658,20,Specific,Alternative,Full,2,Nopt,13658,Un-2-doublev-14,UNKNOWN,,5.000,4.95
24_Specific_Alternative_Full_3_Nopt_8299,24,Specific,Alternative,Full,3,Nopt,8299,Un-2-doublev-14,UNKNOWN,,5.000,4.96
25_Specific_Alternative_Full_1_Nopt_6709,25,Specific,Alternative,Full,1,Nopt,6709,Un-2-doublev-14,UNKNOWN,,5.000,4.96
27_Specific_Alternative_Full_3_Nopt_14456,27,Specific,Alternative,Full,3,Nopt,14456,Un-2-doublev-14,UNKNOWN,,5.000,4.96
29_Specific_Alternative_Full_2_Nopt_7260,29,Specific,Alternative,Full,2,Nopt,7260,Un-2-doublev-14,UNKNOWN,,5.000,4.96
30_Specific_Alternative_Full_3_Nopt_21865,30,Specific,Alternative,Full,3,Nopt,21865,Un-2-doublev-14,UNKNOWN,,5.000,4.96
33_Specific_Alternative_Full_3_Nopt_25421,33,Specific,Alternative,Full,3,Nopt,25421,Un-2-doublev-14,UNKNOWN,,5.000,4.98
36_Specific_Alternative_Full_3_Nopt_20418,36,Specific,Alternative,Full,3,Nopt,20418,Un-2-doublev-14,UNKNOWN,,5.000,4.96
37_Specific_Alternative_Full_1_Nopt_3380,37,Specific,Alternative,Full,1,Nopt,3380,Un-2-doublev-14,UNKNOWN,,5.000,4.96
38_Specific_Alternative_Full_2_Nopt_4490,38,Specific,Alternative,Full,2,Nopt,4490,Un-2-doublev-14,UNKNOWN,,5.000,4.97
48_Specific_Alternative_Full_3_Nopt_29764,48,Specific,Alternative,Full,3,Nopt,29764,Un-2-doublev-14,UNKNOWN,,5.000,4.97
49_Specific_Alternative_Full_1_Nopt_6652,49,Specific,Alternative,Full,1,Nopt,6652,Un-2-doublev-14,UNKNOWN,,5.000,4.96
52_Specific_Alternative_Full_1_Nopt_759,52,Specific,Alternative,Full,1,Nopt,759,Un-2-doublev-14,UNKNOWN,,5.000,4.96
55_Specific_Alternative_Full_1_Nopt_2905,55,Specific,Alternative,Full,1,Nopt,2905,Un-2-doublev-14,UNKNOWN,,5.000,4.96
58_Specific_Alternative_Full_1_Nopt_26985,58,Specific,Alternative,Full,1,Nopt,26985,Un-2-doublev-14,UNKNOWN,,5.000,4.96
5_Specific_Alternative_Full_2_Nopt_22084,5,Specific,Alternative,Full,2,Nopt,22084,Un-2-doublev-14,UNKNOWN,,5.000,4.97
62_Specific_Alternative_Full_2_Nopt_21352,62,Specific,Alternative,Full,2,Nopt,21352,Un-2-doublev-14,UNKNOWN,,5.000,4.98
63_Specific_Alternative_Full_3_Nopt_14837,63,Specific,Alternative,Full,3,Nopt,14837,Un-2-doublev-14,UNKNOWN,,5.000,4.96
64_Specific_Alternative_Full_1_Nopt_24318,64,Specific,Alternative,Full,1,Nopt,24318,Un-2-doublev-14,UNKNOWN,,5.000,4.96
65_Specific_Alternative_Full_2_Nopt_26740,65,Specific,Alternative,Full,2,Nopt,26740,Un-2-doublev-14,UNKNOWN,,5.000,4.96
66_Specific_Alternative_Full_3_Nopt_23583,66,Specific,Alternative,Full,3,Nopt,23583,Un-2-doublev-14,UNKNOWN,,5.000,4.96
72_Specific_Alternative_Full_3_Nopt_7706,72,Specific,Alternative,Full,3,Nopt,7706,Un-2-doublev-14,UNKNOWN,,5.000,4.96
73_Specific_Alternative_Full_1_Nopt_5107,73,Specific,Alternative,Full,1,Nopt,5107,Un-2-doublev-14,UNKNOWN,,5.000,4.96
74_Specific_Alternative_Full_2_Nopt_10838,74,Specific,Alternative,Full,2,Nopt,10838,Un-2-doublev-14,UNKNOWN,,5.000,4.96
78_Specific_Alternative_Full_3_Nopt_5812,78,Specific,Alternative,Full,3,Nopt,5812,Un-2-doublev-14,UNKNOWN,,5.000,4.96
79_Specific_Alternative_Full_1_Nopt_21123,79,Specific,Alternative,Full,1,Nopt,21123,Un-2-doublev-14,UNKNOWN,,5.000,4.97
7_Specific_Alternative_Full_1_Nopt_3718,7,Specific,Alternative,Full,1,Nopt,3718,Un-2-doublev-14,UNKNOWN,,5.000,4.97
81_Specific_Alternative_Full_3_Nopt_2231,81,Specific,Alternative,Full,3,Nopt,2231,Un-2-doublev-14,UNKNOWN,,5.000,4.98
82_Specific_Alternative_Full_1_Nopt_26645,82,Specific,Alternative,Full,1,Nopt,26645,Un-2-doublev-14,UNKNOWN,,5.000,4.98
83_Specific_Alternative_Full_2_Nopt_4448,83,Specific,Alternative,Full,2,Nopt,4448,Un-2-doublev-14,UNKNOWN,,5.000,4.96
89_Specific_Alternative_Full_2_Nopt_9472,89,Specific,Alternative,Full,2,Nopt,9472,Un-2-doublev-14,UNKNOWN,,5.000,4.96
90_Specific_Alternative_Full_3_Nopt_1280,90,Specific,Alternative,Full,3,Nopt,1280,Un-2-doublev-14,UNKNOWN,,5.000,4.96
95_Specific_Alternative_Full_2_Nopt_15928,95,Specific,Alternative,Full,2,Nopt,15928,Un-2-doublev-14,UNKNOWN,,5.000,4.97
97_Specific_Alternative_Full_1_Nopt_32033,97,Specific,Alternative,Full,1,Nopt,32033,Un-2-doublev-14,UNKNOWN,,5.000,4.98
107_Specific_Alternative_Full_2_Nopt_12158,107,Specific,Alternative,Full,2,Nopt,12158,Un-2-doublev-16,UNKNOWN,,5.000,4.95
111_Specific_Alternative_Full_3_Nopt_21083,111,Specific,Alternative,Full,3,Nopt,21083,Un-2-doublev-16,UNKNOWN,,5.000,4.95
117_Specific_Alternative_Full_3_Nopt_15838,117,Specific,Alternative,Full,3,Nopt,15838,Un-2-doublev-16,UNKNOWN,,5.000,4.95
12_Specific_Alternative_Full_3_Nopt_31928,12,Specific,Alternative,Full,3,Nopt,31928,Un-2-doublev-16,UNKNOWN,,5.000,4.95
14_Specific_Alternative_Full_2_Nopt_3800,14,Specific,Alternative,Full,2,Nopt,3800,Un-2-doublev-16,UNKNOWN,,5.000,4.94
16_Specific_Alternative_Full_1_Nopt_26740,16,Specific,Alternative,Full,1,Nopt,26740,Un-2-doublev-16,UNKNOWN,,5.000,4.95
17_Specific_Alternative_Full_2_Nopt_22856,17,Specific,Alternative,Full,2,Nopt,22856,Un-2-doublev-16,UNKNOWN,,5.000,4.96
18_Specific_Alternative_Full_3_Nopt_25148,18,Specific,Alternative,Full,3,Nopt,25148,Un-2-doublev-16,UNKNOWN,,5.000,4.95
20_Specific_Alternative_Full_2_Nopt_13658,20,Specific,Alternative,Full,2,Nopt,13658,Un-2-doublev-16,UNKNOWN,,5.000,4.95
24_Specific_Alternative_Full_3_Nopt_8299,24,Specific,Alternative,Full,3,Nopt,8299,Un-2-doublev-16,UNKNOWN,,5.000,4.95
25_Specific_Alternative_Full_1_Nopt_6709,25,Specific,Alternative,Full,1,Nopt,6709,Un-2-doublev-16,UNKNOWN,,5.000,4.94
27_Specific_Alternative_Full_3_Nopt_14456,27,Specific,Alternative,Full,3,Nopt,14456,Un-2-doublev-16,UNKNOWN,,5.000,4.95
29_Specific_Alternative_Full_2_Nopt_7260,29,Specific,Alternative,Full,2,Nopt,7260,Un-2-doublev-16,UNKNOWN,,5.000,4.94
30_Specific_Alternative_Full_3_Nopt_21865,30,Specific,Alternative,Full,3,Nopt,21865,Un-2-doublev-16,UNKNOWN,,5.000,4.94
33_Specific_Alternative_Full_3_Nopt_25421,33,Specific,Alternative,Full,3,Nopt,25421,Un-2-doublev-16,UNKNOWN,,5.000,4.95
36_Specific_Alternative_Full_3_Nopt_20418,36,Specific,Alternative,Full,3,Nopt,20418,Un-2-doublev-16,UNKNOWN,,5.000,4.94
37_Specific_Alternative_Full_1_Nopt_3380,37,Specific,Alternative,Full,1,Nopt,3380,Un-2-doublev-16,UNKNOWN,,5.000,4.95
38_Specific_Alternative_Full_2_Nopt_4490,38,Specific,Alternative,Full,2,Nopt,4490,Un-2-doublev-16,UNKNOWN,,5.000,4.97
48_Specific_Alternative_Full_3_Nopt_29764,48,Specific,Alternative,Full,3,Nopt,29764,Un-2-doublev-16,UNKNOWN,,5.000,4.97
49_Specific_Alternative_Full_1_Nopt_6652,49,Specific,Alternative,Full,1,Nopt,6652,Un-2-doublev-16,UNKNOWN,,5.000,4.95
52_Specific_Alternative_Full_1_Nopt_759,52,Specific,Alternative,Full,1,Nopt,759,Un-2-doublev-16,UNKNOWN,,5.000,4.95
55_Specific_Alternative_Full_1_Nopt_2905,55,Specific,Alternative,Full,1,Nopt,2905,Un-2-doublev-16,UNKNOWN,,5.000,4.95
58_Specific_Alternative_Full_1_Nopt_26985,58,Specific,Alternative,Full,1,Nopt,26985,Un-2-doublev-16,UNKNOWN,,5.000,4.94
5_Specific_Alternative_Full_2_Nopt_22084,5,Specific,Alternative,Full,2,Nopt,22084,Un-2-doublev-16,UNKNOWN,,5.000,4.96
62_Specific_Alternative_Full_2_Nopt_21352,62,Specific,Alternative,Full,2,Nopt,21352,Un-2-doublev-16,UNKNOWN,,5.000,4.97
63_Specific_Alternative_Full_3_Nopt_14837,63,Specific,Alternative,Full,3,Nopt,14837,Un-2-doublev-16,UNKNOWN,,5.000,4.95
64_Specific_Alternative_Full_1_Nopt_24318,64,Specific,Alternative,Full,1,Nopt,24318,Un-2-doublev-16,UNKNOWN,,5.000,4.95
65_Specific_Alternative_Full_2_Nopt_26740,65,Specific,Alternative,Full,2,Nopt,26740,Un-2-doublev-16,UNKNOWN,,5.000,4.97
66_Specific_Alternative_Full_3_Nopt_23583,66,Specific,Alternative,Full,3,Nopt,23583,Un-2-doublev-16,UNKNOWN,,5.000,4.95
72_Specific_Alternative_Full_3_Nopt_7706,72,Specific,Alternative,Full,3,Nopt,7706,Un-2-doublev-16,UNKNOWN,,5.000,4.94
73_Specific_Alternative_Full_1_Nopt_5107,73,Specific,Alternative,Full,1,Nopt,5107,Un-2-doublev-16,UNKNOWN,,5.000,4.95
74_Specific_Alternative_Full_2_Nopt_10838,74,Specific,Alternative,Full,2,Nopt,10838,Un-2-doublev-16,UNKNOWN,,5.000,4.97
78_Specific_Alternative_Full_3_Nopt_5812,78,Specific,Alternative,Full,3,Nopt,5812,Un-2-doublev-16,UNKNOWN,,5.000,4.94
79_Specific_Alternative_Full_1_Nopt_21123,79,Specific,Alternative,Full,1,Nopt,21123,Un-2-doublev-16,UNKNOWN,,5.000,4.95
7_Specific_Alternative_Full_1_Nopt_3718,7,Specific,Alternative,Full,1,Nopt,3718,Un-2-doublev-16,UNKNOWN,,5.000,4.94
81_Specific_Alternative_Full_3_Nopt_2231,81,Specific,Alternative,Full,3,Nopt,2231,Un-2-doublev-16,UNKNOWN,,5.000,4.95
82_Specific_Alternative_Full_1_Nopt_26645,82,Specific,Alternative,Full,1,Nopt,26645,Un-2-doublev-16,UNKNOWN,,5.000,4.95
83_Specific_Alternative_Full_2_Nopt_4448,83,Specific,Alternative,Full,2,Nopt,4448,Un-2-doublev-16,UNKNOWN,,5.000,4.95
89_Specific_Alternative_Full_2_Nopt_9472,89,Specific,Alternative,Full,2,Nopt,9472,Un-2-doublev-16,UNKNOWN,,5.000,4.95
90_Specific_Alternative_Full_3_Nopt_1280,90,Specific,Alternative,Full,3,Nopt,1280,Un-2-doublev-16,UNKNOWN,,5.000,4.95
95_Specific_Alternative_Full_2_Nopt_15928,95,Specific,Alternative,Full,2,Nopt,15928,Un-2-doublev-16,UNKNOWN,,5.000,4.94
97_Specific_Alternative_Full_1_Nopt_32033,97,Specific,Alternative,Full,1,Nopt,32033,Un-2-doublev-16,UNKNOWN,,5.000,4.96
107_Specific_Alternative_Full_2_Nopt_12158,107,Specific,Alternative,Full,2,Nopt,12158,Un-2-doublev-6,UNSATISFIABLE,,0.055,0.05
111_Specific_Alternative_Full_3_Nopt_21083,111,Specific,Alternative,Full,3,Nopt,21083,Un-2-doublev-6,UNSATISFIABLE,,0.063,0.06
117_Specific_Alternative_Full_3_Nopt_15838,117,Specific,Alternative,Full,3,Nopt,15838,Un-2-doublev-6,UNSATISFIABLE,,0.031,0.03
12_Specific_Alternative_Full_3_Nopt_31928,12,Specific,Alternative,Full,3,Nopt,31928,Un-2-doublev-6,UNSATISFIABLE,,0.015,0.01
14_Specific_Alternative_Full_2_Nopt_3800,14,Specific,Alternative,Full,2,Nopt,3800,Un-2-doublev-6,UNSATISFIABLE,,0.019,0.01
16_Specific_Alternative_Full_1_Nopt_26740,16,Specific,Alternative,Full,1,Nopt,26740,Un-2-doublev-6,UNSATISFIABLE,,0.032,0.03
17_Specific_Alternative_Full_2_Nopt_22856,17,Specific,Alternative,Full,2,Nopt,22856,Un-2-doublev-6,UNSATISFIABLE,,0.011,0.01
18_Specific_Alternative_Full_3_Nopt_25148,18,Specific,Alternative,Full,3,Nopt,25148,Un-2-doublev-6,UNSATISFIABLE,,0.065,0.06
20_Specific_Alternative_Full_2_Nopt_13658,20,Specific,Alternative,Full,2,Nopt,13658,Un-2-doublev-6,UNSATISFIABLE,,0.060,0.05
24_Specific_Alternative_Full_3_Nopt_8299,24,Specific,Alternative,Full,3,Nopt,8299,Un-2-doublev-6,UNSATISFIABLE,,0.024,0.02
25_Specific_Alternative_Full_1_Nopt_6709,25,Specific,Alternative,Full,1,Nopt,6709,Un-2-doublev-6,UNSATISFIABLE,,0.022,0.02
27_Specific_Alternative_Full_3_Nopt_14456,27,Specific,Alternative,Full,3,Nopt,14456,Un-2-doublev-6,UNSATISFIABLE,,0.046,0.04
29_Specific_Alternative_Full_2_Nopt_7260,29,Specific,Alternative,Full,2,Nopt,7260,Un-2-doublev-6,UNSATISFIABLE,,0.020,0.01
30_Specific_Alternative_Full_3_Nopt_21865,30,Specific,Alternative,Full,3,Nopt,21865,Un-2-doublev-6,UNSATISFIABLE,,0.019,0.01
33_Specific_Alternative_Full_3_Nopt_25421,33,Specific,Alternative,Full,3,Nopt,25421,Un-2-doublev-6,UNSATISFIABLE,,0.031,0.03
36_Specific_Alternative_Full_3_Nopt_20418,36,Specific,Alternative,Full,3,Nopt,20418,Un-2-doublev-6,UNSATISFIABLE,,0.070,0.06
37_Specific_Alternative_Full_1_Nopt_3380,37,Specific,Alternative,Full,1,Nopt,3380,Un-2-doublev-6,UNSATISFIABLE,,0.061,0.06
38_Specific_Alternative_Full_2_Nopt_4490,38,Specific,Alternative,Full,2,Nopt,4490,Un-2-doublev-6,UNSATISFIABLE,,0.065,0.06
48_Specific_Alternative_Full_3_Nopt_29764,48,Specific,Alternative,Full,3,Nopt,29764,Un-2-doublev-6,UNSATISFIABLE,,0.006,0.00
49_Specific_Alternative_Full_1_Nopt_6652,49,Specific,Alternative,Full,1,Nopt,6652,Un-2-doublev-6,UNSATISFIABLE,,0.032,0.03
52_Specific_Alternative_Full_1_Nopt_759,52,Specific,Alternative,Full,1,Nopt,759,Un-2-doublev-6,UNSATISFIABLE,,0.007,0.00
55_Specific_Alternative_Full_1_Nopt_2905,55,Specific,Alternative,Full,1,Nopt,2905,Un-2-doublev-6,UNSATISFIABLE,,0.062,0.06
58_Specific_Alternative_Full_1_Nopt_26985,58,Specific,Alternative,Full,1,Nopt,26985,Un-2-doublev-6,UNSATISFIABLE,,0.044,0.04
5_Specific_Alternative_Full_2_Nopt_22084,5,Specific,Alternative,Full,2,Nopt,22084,Un-2-doublev-6,UNSATISFIABLE,,0.058,0.05
62_Specific_Alternative_Full_2_Nopt_21352,62,Specific,Alternative,Full,2,Nopt,21352,Un-2-doublev-6,UNSATISFIABLE,,0.011,0.01
63_Specific_Alternative_Full_3_Nopt_14837,63,Specific,Alternative,Full,3,Nopt,14837,Un-2-doublev-6,UNSATISFIABLE,,0.063,0.06
64_Specific_Alternative_Full_1_Nopt_24318,64,Specific,Alternative,Full,1,Nopt,24318,Un-2-doublev-6,UNSATISFIABLE,,0.063,0.06
65_Specific_Alternative_Full_2_Nopt_26740,65,Specific,Alternative,Full,2,Nopt,26740,Un-2-doublev-6,UNSATISFIABLE,,0.062,0.06
66_Specific_Alternative_Full_3_Nopt_23583,66,Specific,Alternative,Full,3,Nopt,23583,Un-2-doublev-6,UNSATISFIABLE,,0.057,0.05
72_Specific_Alternative_Full_3_Nopt_7706,72,Specific,Alternative,Full,3,Nopt,7706,Un-2-doublev-6,UNSATISFIABLE,,0.061,0.05
73_Specific_Alternative_Full_1_Nopt_5107,73,Specific,Alternative,Full,1,Nopt,5107,Un-2-doublev-6,UNSATISFIABLE,,0.023,0.02
74_Specific_Alternative_Full_2_Nopt_10838,74,Specific,Alternative,Full,2,Nopt,10838,Un-2-doublev-6,UNSATISFIABLE,,0.040,0.04
78_Specific_Alternative_Full_3_Nopt_5812,78,Specific,Alternative,Full,3,Nopt,5812,Un-2-doublev-6,UNSATISFIABLE,,0.053,0.05
79_Specific_Alternative_Full_1_Nopt_21123,79,Specific,Alternative,Full,1,Nopt,21123,Un-2-doublev-6,UNSATISFIABLE,,0.057,0.05
7_Specific_Alternative_Full_1_Nopt_3718,7,Specific,Alternative,Full,1,Nopt,3718,Un-2-doublev-6,UNSATISFIABLE,,0.049,0.04
81_Specific_Alternative_Full_3_Nopt_2231,81,Specific,Alternative,Full,3,Nopt,2231,Un-2-doublev-6,UNSATISFIABLE,,0.007,0.00
82_Specific_Alternative_Full_1_Nopt_26645,82,Specific,Alternative,Full,1,Nopt,26645,Un-2-doublev-6,UNSATISFIABLE,,0.029,0.02
83_Specific_Alternative_Full_2_Nopt_4448,83,Specific,Alternative,Full,2,Nopt,4448,Un-2-doublev-6,UNSATISFIABLE,,0.050,0.05
89_Specific_Alternative_Full_2_Nopt_9472,89,Specific,Alternative,Full,2,Nopt,9472,Un-2-doublev-6,UNSATISFIABLE,,0.020,0.01
90_Specific_Alternative_Full_3_Nopt_1280,90,Specific,Alternative,Full,3,Nopt,1280,Un-2-doublev-6,UNSATISFIABLE,,0.068,0.06
95_Specific_Alternative_Full_2_Nopt_15928,95,Specific,Alternative,Full,2,Nopt,15928,Un-2-doublev-6,UNSATISFIABLE,,0.025,0.02
97_Specific_Alternative_Full_1_Nopt_32033,97,Specific,Alternative,Full,1,Nopt,32033,Un-2-doublev-6,UNSATISFIABLE,,0.007,0.00
107_Specific_Alternative_Full_2_Nopt_12158,107,Specific,Alternative,Full,2,Nopt,12158,Un-2-doublev-8,UNSATISFIABLE,,3.518,3.51
111_Specific_Alternative_Full_3_Nopt_21083,111,Specific,Alternative,Full,3,Nopt,21083,Un-2-doublev-8,UNSATISFIABLE,,0.370,0.36
117_Specific_Alternative_Full_3_Nopt_15838,117,Specific,Alternative,Full,3,Nopt,15838,Un-2-doublev-8,UNSATISFIABLE,,0.710,0.70
12_Specific_Alternative_Full_3_Nopt_31928,12,Specific,Alternative,Full,3,Nopt,31928,Un-2-doublev-8,UNSATISFIABLE,,0.313,0.30
14_Specific_Alternative_Full_2_Nopt_3800,14,Specific,Alternative,Full,2,Nopt,3800,Un-2-doublev-8,UNSATISFIABLE,,1.051,1.04
16_Specific_Alternative_Full_1_Nopt_26740,16,Specific,Alternative,Full,1,Nopt,26740,Un-2-doublev-8,UNSATISFIABLE,,2.964,2.96
17_Specific_Alternative_Full_2_Nopt_22856,17,Specific,Alternative,Full,2,Nopt,22856,Un-2-doublev-8,UNSATISFIABLE,,0.365,0.36
18_Specific_Alternative_Full_3_Nopt_25148,18,Specific,Alternative,Full,3,Nopt,25148,Un-2-doublev-8,UNKNOWN,,5.000,4.99
20_Specific_Alternative_Full_2_Nopt_13658,20,Specific,Alternative,Full,2,Nopt,13658,Un-2-doublev-8,UNSATISFIABLE,,3.170,3.16
24_Specific_Alternative_Full_3_Nopt_8299,24,Specific,Alternative,Full,3,Nopt,8299,Un-2-doublev-8,UNSATISFIABLE,,0.133,0.12
25_Specific_Alternative_Full_1_Nopt_6709,25,Specific,Alternative,Full,1,Nopt,6709,Un-2-doublev-8,UNSATISFIABLE,,2.277,2.27
27_Specific_Alternative_Full_3_Nopt_14456,27,Specific,Alternative,Full,3,Nopt,14456,Un-2-doublev-8,UNSATISFIABLE,,4.371,4.36
29_Specific_Alternative_Full_2_Nopt_7260,29,Specific,Alternative,Full,2,Nopt,7260,Un-2-doublev-8,UNSATISFIABLE,,0.912,0.90
30_Specific_Alternative_Full_3_Nopt_21865,30,Specific,Alternative,Full,3,Nopt,21865,Un-2-doublev-8,UNSATISFIABLE,,0.935,0.93
33_Specific_Alternative_Full_3_Nopt_25421,33,Specific,Alternative,Full,3,Nopt,25421,Un-2-doublev-8,UNSATISFIABLE,,1.265,1.25
36_Specific_Alternative_Full_3_Nopt_20418,36,Specific,Alternative,Full,3,Nopt,20418,Un-2-doublev-8,UNKNOWN,,5.000,4.99
37_Specific_Alternative_Full_1_Nopt_3380,37,Specific,Alternative,Full,1,Nopt,3380,Un-2-doublev-8,UNKNOWN,,5.000,4.99
38_Specific_Alternative_Full_2_Nopt_4490,38,Specific,Alternative,Full,2,Nopt,4490,Un-2-doublev-8,UNKNOWN,,5.000,4.99
48_Specific_Alternative_Full_3_Nopt_29764,48,Specific,Alternative,Full,3,Nopt,29764,Un-2-doublev-8,UNSATISFIABLE,,0.027,0.02
49_Specific_Alternative_Full_1_Nopt_6652,49,Specific,Alternative,Full,1,Nopt,6652,Un-2-doublev-8,UNSATISFIABLE,,2.521,2.51
52_Specific_Alternative_Full_1_Nopt_759,52,Specific,Alternative,Full,1,Nopt,759,Un-2-doublev-8,UNSATISFIABLE,,0.026,0.02
55_Specific_Alternative_Full_1_Nopt_2905,55,Specific,Alternative,Full,1,Nopt,2905,Un-2-doublev-8,UNKNOWN,,5.000,4.99
58_Specific_Alternative_Full_1_Nopt_26985,58,Specific,Alternative,Full,1,Nopt,26985,Un-2-doublev-8,UNSATISFIABLE,,0.315,0.31
5_Specific_Alternative_Full_2_Nopt_22084,5,Specific,Alternative,Full,2,Nopt,22084,Un-2-doublev-8,UNSATISFIABLE,,4.508,4.50
62_Specific_Alternative_Full_2_Nopt_21352,62,Specific,Alternative,Full,2,Nopt,21352,Un-2-doublev-8,UNSATISFIABLE,,0.236,0.23
63_Specific_Alternative_Full_3_Nopt_14837,63,Specific,Alternative,Full,3,Nopt,14837,Un-2-doublev-8,UNKNOWN,,5.000,4.99
64_Specific_Alternative_Full_1_Nopt_24318,64,Specific,Alternative,Full,1,Nopt,24318,Un-2-doublev-8,UNSATISFIABLE,,0.819,0.81
65_Specific_Alternative_Full_2_Nopt_26740,65,Specific,Alternative,Full,2,Nopt,26740,Un-2-doublev-8,UNSATISFIABLE,,2.528,2.52
66_Specific_Alternative_Full_3_Nopt_23583,66,Specific,Alternative,Full,3,Nopt,23583,Un-2-doublev-8,UNSATISFIABLE,,0.112,0.10
72_Specific_Alternative_Full_3_Nopt_7706,72,Specific,Alternative,Full,3,Nopt,7706,Un-2-doublev-8,UNKNOWN,,5.000,4.99
73_Specific_Alternative_Full_1_Nopt_5107,73,Specific,Alternative,Full,1,Nopt,5107,Un-2-doublev-8,UNSATISFIABLE,,2.697,2.69
74_Specific_Alternative_Full_2_Nopt_10838,74,Specific,Alternative,Full,2,Nopt,10838,Un-2-doublev-8,UNKNOWN,,5.000,4.99
78_Specific_Alternative_Full_3_Nopt_5812,78,Specific,Alternative,Full,3,Nopt,5812,Un-2-doublev-8,UNKNOWN,,5.000,4.99
79_Specific_Alternative_Full_1_Nopt_21123,79,Specific,Alternative,Full,1,Nopt,21123,Un-2-doublev-8,UNKNOWN,,5.000,4.99
7_Specific_Alternative_Full_1_Nopt_3718,7,Specific,Alternative,Full,1,Nopt,3718,Un-2-doublev-8,UNSATISFIABLE,,4.583,4.58
81_Specific_Alternative_Full_3_Nopt_2231,81,Specific,Alternative,Full,3,Nopt,2231,Un-2-doublev-8,UNSATISFIABLE,,0.027,0.02
82_Specific_Alternative_Full_1_Nopt_26645,82,Specific,Alternative,Full,1,Nopt,26645,Un-2-doublev-8,UNSATISFIABLE,,3.345,3.34
83_Specific_Alternative_Full_2_Nopt_4448,83,Specific,Alternative,Full,2,Nopt,4448,Un-2-doublev-8,UNSATISFIABLE,,2.197,2.19
89_Specific_Alternative_Full_2_Nopt_9472,89,Specific,Alternative,Full,2,Nopt,9472,Un-2-doublev-8,UNSATISFIABLE,,2.495,2.49
90_Specific_Alternative_Full_3_Nopt_1280,90,Specific,Alternative,Full,3,Nopt,1280,Un-2-doublev-8,UNSATISFIABLE,,4.362,4.35
95_Specific_Alternative_Full_2_Nopt_15928,95,Specific,Alternative,Full,2,Nopt,15928,Un-2-doublev-8,UNSATISFIABLE,,0.351,0.34
97_Specific_Alternative_Full_1_Nopt_32033,97,Specific,Alternative,Full,1,Nopt,32033,Un-2-doublev-8,UNSATISFIABLE,,0.027,0.02
107_Specific_Alternative_Full_2_Nopt_12158,107,Specific,Alternative,Full,2,Nopt,12158,2-doublev-10,SATISFIABLE,36,5.000,4.98
111_Specific_Alternative_Full_3_Nopt_21083,111,Specific,Alternative,Full,3,Nopt,21083,2-doublev-10,SATISFIABLE,36,5.000,4.98
117_Specific_Alternative_Full_3_Nopt_15838,117,Specific,Alternative,Full,3,Nopt,15838,2-doublev-10,SATISFIABLE,36,5.000,4.98
12_Specific_Alternative_Full_3_Nopt_31928,12,Specific,Alternative,Full,3,Nopt,31928,2-doublev-10,SATISFIABLE,36,5.000,4.98
14_Specific_Alternative_Full_2_Nopt_3800,14,Specific,Alternative,Full,2,Nopt,3800,2-doublev-10,SATISFIABLE,36,5.000,4.98
16_Specific_Alternative_Full_1_Nopt_26740,16,Specific,Alternative,Full,1,Nopt,26740,2-doublev-10,SATISFIABLE,36,5.000,4.98
17_Specific_Alternative_Full_2_Nopt_22856,17,Specific,Alternative,Full,2,Nopt,22856,2-doublev-10,SATISFIABLE,36,5.000,4.98
18_Specific_Alternative_Full_3_Nopt_25148,18,Specific,Alternative,Full,3,Nopt,25148,2-doublev-10,SATISFIABLE,36,5.000,4.98
20_Specific_Alternative_Full_2_Nopt_13658,20,Specific,Alternative,Full,2,Nopt,13658,2-doublev-10,SATISFIABLE,36,5.000,4.99
24_Specific_Alternative_Full_3_Nopt_8299,24,Specific,Alternative,Full,3,Nopt,8299,2-doublev-10,SATISFIABLE,36,5.000,4.98
25_Specific_Alternative_Full_1_Nopt_6709,25,Specific,Alternative,Full,1,Nopt,6709,2-doublev-10,SATISFIABLE,36,5.000,4.98
27_Specific_Alternative_Full_3_Nopt_14456,27,Specific,Alternative,Full,3,Nopt,14456,2-doublev-10,SATISFIABLE,36,5.000,4.98
29_Specific_Alternative_Full_2_Nopt_7260,29,Specific,Alternative,Full,2,Nopt,7260,2-doublev-10,SATISFIABLE,36,5.000,4.98
30_Specific_Alternative_Full_3_Nopt_21865,30,Specific,Alternative,Full,3,Nopt,21865,2-doublev-10,SATISFIABLE,36,5.000,4.98
33_Specific_Alternative_Full_3_Nopt_25421,33,Specific,Alternative,Full,3,Nopt,25421,2-doublev-10,SATISFIABLE,36,5.000,4.98
36_Specific_Alternative_Full_3_Nopt_20418,36,Specific,Alternative,Full,3,Nopt,20418,2-doublev-10,SATISFIABLE,36,5.000,4.98
37_Specific_Alternative_Full_1_Nopt_3380,37,Specific,Alternative,Full,1,Nopt,3380,2-doublev-10,SATISFIABLE,36,5.000,4.98
38_Specific_Alternative_Full_2_Nopt_4490,38,Specific,Alternative,Full,2,Nopt,4490,2-doublev-10,SATISFIABLE,36,5.000,4.98
48_Specific_Alternative_Full_3_Nopt_29764,48,Specific,Alternative,Full,3,Nopt,29764,2-doublev-10,SATISFIABLE,36,5.000,4.98
49_Specific_Alternative_Full_1_Nopt_6652,49,Specific,Alternative,Full,1,Nopt,6652,2-doublev-10,SATISFIABLE,36,5.000,4.98
52_Specific_Alternative_Full_1_Nopt_759,52,Specific,Alternative,Full,1,Nopt,759,2-doublev-10,SATISFIABLE,36,5.000,4.99
55_Specific_Alternative_Full_1_Nopt_2905,55,Specific,Alternative,Full,1,Nopt,2905,2-doublev-10,SATISFIABLE,36,5.000,4.98
58_Specific_Alternative_Full_1_Nopt_26985,58,Specific,Alternative,Full,1,Nopt,26985,2-doublev-10,SATISFIABLE,36,5.000,4.98
5_Specific_Alternative_Full_2_Nopt_22084,5,Specific,Alternative,Full,2,Nopt,22084,2-doublev-10,SATISFIABLE,36,5.000,4.98
62_Specific_Alternative_Full_2_Nopt_21352,62,Specific,Alternative,Full,2,Nopt,21352,2-doublev-10,SATISFIABLE,36,5.000,4.99
63_Specific_Alternative_Full_3_Nopt_14837,63,Specific,Alternative,Full,3,Nopt,14837,2-doublev-10,SATISFIABLE,36,5.000,4.99
64_Specific_Alternative_Full_1_Nopt_24318,64,Specific,Alternative,Full,1,Nopt,24318,2-doublev-10,SATISFIABLE,36,5.000,4.98
65_Specific_Alternative_Full_2_Nopt_26740,65,Specific,Alternative,Full,2,Nopt,26740,2-doublev-10,SATISFIABLE,36,5.000,4.98
66_Specific_Alternative_Full_3_Nopt_23583,66,Specific,Alternative,Full,3,Nopt,23583,2-doublev-10,OPTIMUM FOUND,36,0.988,0.97
72_Specific_Alternative_Full_3_Nopt_7706,72,Specific,Alternative,Full,3,Nopt,7706,2-doublev-10,SATISFIABLE,36,5.000,4.98
73_Specific_Alternative_Full_1_Nopt_5107,73,Specific,Alternative,Full,1,Nopt,5107,2-doublev-10,SATISFIABLE,36,5.000,4.99
74_Specific_Alternative_Full_2_Nopt_10838,74,Specific,Alternative,Full,2,Nopt,10838,2-doublev-10,SATISFIABLE,36,5.000,4.98
78_Specific_Alternative_Full_3_Nopt_5812,78,Specific,Alternative,Full,3,Nopt,5812,2-doublev-10,SATISFIABLE,36,5.000,4.98
79_Specific_Alternative_Full_1_Nopt_21123,79,Specific,Alternative,Full,1,Nopt,21123,2-doublev-10,SATISFIABLE,36,5.000,4.98
7_Specific_Alternative_Full_1_Nopt_3718,7,Specific,Alternative,Full,1,Nopt,3718,2-doublev-10,SATISFIABLE,36,5.000,4.98
81_Specific_Alternative_Full_3_Nopt_2231,81,Specific,Alternative,Full,3,Nopt,2231,2-doublev-10,SATISFIABLE,36,5.000,4.98
82_Specific_Alternative_Full_1_Nopt_26645,82,Specific,Alternative,Full,1,Nopt,26645,2-doublev-10,SATISFIABLE,36,5.000,4.98
83_Specific_Alternative_Full_2_Nopt_4448,83,Specific,Alternative,Full,2,Nopt,4448,2-doublev-10,SATISFIABLE,36,5.000,4.98
89_Specific_Alternative_Full_2_Nopt_9472,89,Specific,Alternative,Full,2,Nopt,9472,2-doublev-10,SATISFIABLE,36,5.000,4.98
90_Specific_Alternative_Full_3_Nopt_1280,90,Specific,Alternative,Full,3,Nopt,1280,2-doublev-10,SATISFIABLE,36,5.000,4.98
95_Specific_Alternative_Full_2_Nopt_15928,95,Specific,Alternative,Full,2,Nopt,15928,2-doublev-10,SATISFIABLE,36,5.000,4.99
97_Specific_Alternative_Full_1_Nopt_32033,97,Specific,Alternative,Full,1,Nopt,32033,2-doublev-10,SATISFIABLE,36,5.000,4.99
107_Specific_Alternative_Full_2_Nopt_12158,107,Specific,Alternative,Full,2,Nopt,12158,2-doublev-12,SATISFIABLE,45,5.000,4.98
111_Specific_Alternative_Full_3_Nopt_21083,111,Specific,Alternative,Full,3,Nopt,21083,2-doublev-12,SATISFIABLE,45,5.000,4.97
117_Specific_Alternative_Full_3_Nopt_15838,117,Specific,Alternative,Full,3,Nopt,15838,2-doublev-12,SATISFIABLE,45,5.000,4.98
12_Specific_Alternative_Full_3_Nopt_31928,12,Specific,Alternative,Full,3,Nopt,31928,2-doublev-12,SATISFIABLE,45,5.000,4.97
14_Specific_Alternative_Full_2_Nopt_3800,14,Specific,Alternative,Full,2,Nopt,3800,2-doublev-12,SATISFIABLE,45,5.000,4.98
16_Specific_Alternative_Full_1_Nopt_26740,16,Specific,Alternative,Full,1,Nopt,26740,2-doublev-12,SATISFIABLE,45,5.000,4.97
17_Specific_Alternative_Full_2_Nopt_22856,17,Specific,Alternative,Full,2,Nopt,22856,2-doublev-12,SATISFIABLE,45,5.000,4.98
18_Specific_Alternative_Full_3_Nopt_25148,18,Specific,Alternative,Full,3,Nopt,25148,2-doublev-12,SATISFIABLE,45,5.000,4.98
20_Specific_Alternative_Full_2_Nopt_13658,20,Specific,Alternative,Full,2,Nopt,13658,2-doublev-12,SATISFIABLE,45,5.000,4.98
24_Specific_Alternative_Full_3_Nopt_8299,24,Specific,Alternative,Full,3,Nopt,8299,2-doublev-12,SATISFIABLE,45,5.000,4.97
25_Specific_Alternative_Full_1_Nopt_6709,25,Specific,Alternative,Full,1,Nopt,6709,2-doublev-12,SATISFIABLE,45,5.000,4.97
27_Specific_Alternative_Full_3_Nopt_14456,27,Specific,Alternative,Full,3,Nopt,14456,2-doublev-12,SATISFIABLE,45,5.000,4.97
29_Specific_Alternative_Full_2_Nopt_7260,29,Specific,Alternative,Full,2,Nopt,7260,2-doublev-12,SATISFIABLE,45,5.000,4.97
30_Specific_Alternative_Full_3_Nopt_21865,30,Specific,Alternative,Full,3,Nopt,21865,2-doublev-12,SATISFIABLE,45,5.000,4.97
33_Specific_Alternative_Full_3_Nopt_25421,33,Specific,Alternative,Full,3,Nopt,25421,2-doublev-12,SATISFIABLE,45,5.000,4.97
36_Specific_Alternative_Full_3_Nopt_20418,36,Specific,Alternative,Full,3,Nopt,20418,2-doublev-12,SATISFIABLE,45,5.000,4.97
37_Specific_Alternative_Full_1_Nopt_3380,37,Specific,Alternative,Full,1,Nopt,3380,2-doublev-12,SATISFIABLE,45,5.000,4.97
38_Specific_Alternative_Full_2_Nopt_4490,38,Specific,Alternative,Full,2,Nopt,4490,2-doublev-12,SATISFIABLE,45,5.000,4.97
48_Specific_Alternative_Full_3_Nopt_29764,48,Specific,Alternative,Full,3,Nopt,29764,2-doublev-12,SATISFIABLE,45,5.000,4.97
49_Specific_Alternative_Full_1_Nopt_6652,49,Specific,Alternative,Full,1,Nopt,6652,2-doublev-12,SATISFIABLE,45,5.000,4.97
52_Specific_Alternative_Full_1_Nopt_759,52,Specific,Alternative,Full,1,Nopt,759,2-doublev-12,SATISFIABLE,45,5.000,4.97
55_Specific_Alternative_Full_1_Nopt_2905,55,Specific,Alternative,Full,1,Nopt,2905,2-doublev-12,SATISFIABLE,45,5.000,4.98
58_Specific_Alternative_Full_1_Nopt_26985,58,Specific,Alternative,Full,1,Nopt,26985,2-doublev-12,SATISFIABLE,45,5.000,4.97
5_Specific_Alternative_Full_2_Nopt_22084,5,Specific,Alternative,Full,2,Nopt,22084,2-doublev-12,SATISFIABLE,45,5.000,4.98
62_Specific_Alternative_Full_2_Nopt_21352,62,Specific,Alternative,Full,2,Nopt,21352,2-doublev-12,SATISFIABLE,45,5.000,4.97
63_Specific_Alternative_Full_3_Nopt_14837,63,Specific,Alternative,Full,3,Nopt,14837,2-doublev-12,SATISFIABLE,45,5.000,4.97
64_Specific_Alternative_Full_1_Nopt_24318,64,Specific,Alternative,Full,1,Nopt,24318,2-doublev-12,SATISFIABLE,45,5.000,4.97
65_Specific_Alternative_Full_2_Nopt_26740,65,Specific,Alternative,Full,2,Nopt,26740,2-doublev-12,SATISFIABLE,45,5.000,4.97
66_Specific_Alternative_Full_3_Nopt_23583,66,Specific,Alternative,Full,3,Nopt,23583,2-doublev-12,OPTIMUM FOUND,45,2.352,2.32
72_Specific_Alternative_Full_3_Nopt_7706,72,Specific,Alternative,Full,3,Nopt,7706,2-doublev-12,SATISFIABLE,45,5.000,4.97
73_Specific_Alternative_Full_1_Nopt_5107,73,Specific,Alternative,Full,1,Nopt,5107,2-doublev-12,SATISFIABLE,45,5.000,4.97
74_Specific_Alternative_Full_2_Nopt_10838,74,Specific,Alternative,Full,2,Nopt,10838,2-doublev-12,SATISFIABLE,45,5.000,4.97
78_Specific_Alternative_Full_3_Nopt_5812,78,Specific,Alternative,Full,3,Nopt,5812,2-doublev-12,SATISFIABLE,45,5.000,4.97
79_Specific_Alternative_Full_1_Nopt_21123,79,Specific,Alternative,Full,1,Nopt,21123,2-doublev-12,SATISFIABLE,45,5.000,4.97
7_Specific_Alternative_Full_1_Nopt_3718,7,Specific,Alternative,Full,1,Nopt,3718,2-doublev-12,SATISFIABLE,45,5.000,4.97
81_Specific_Alternative_Full_3_Nopt_2231,81,Specific,Alternative,Full,3,Nopt,2231,2-doublev-12,SATISFIABLE,45,5.000,4.98
82_Specific_Alternative_Full_1_Nopt_26645,82,Specific,Alternative,Full,1,Nopt,26645,2-doublev-12,SATISFIABLE,45,5.000,4.97
83_Specific_Alternative_Full_2_Nopt_4448,83,Specific,Alternative,Full,2,Nopt,4448,2-doublev-12,SATISFIABLE,45,5.000,4.97
89_Specific_Alternative_Full_2_Nopt_9472,89,Specific,Alternative,Full,2,Nopt,9472,2-doublev-12,SATISFIABLE,45,5.000,4.97
90_Specific_Alternative_Full_3_Nopt_1280,90,Specific,Alternative,Full,3,Nopt,1280,2-doublev-12,SATISFIABLE,45,5.000,4.98
95_Specific_Alternative_Full_2_Nopt_15928,95,Specific,Alternative,Full,2,Nopt,15928,2-doublev-12,SATISFIABLE,45,5.000,4.97
97_Specific_Alternative_Full_1_Nopt_32033,97,Specific,Alternative,Full,1,Nopt,32033,2-doublev-12,SATISFIABLE,45,5.000,4.97
107_Specific_Alternative_Full_2_Nopt_12158,107,Specific,Alternative,Full,2,Nopt,12158,2-doublev-14,SATISFIABLE,66,5.000,4.95
111_Specific_Alternative_Full_3_Nopt_21083,111,Specific,Alternative,Full,3,Nopt,21083,2-doublev-14,SATISFIABLE,66,5.000,4.96
117_Specific_Alternative_Full_3_Nopt_15838,117,Specific,Alternative,Full,3,Nopt,15838,2-doublev-14,SATISFIABLE,66,5.000,4.95
12_Specific_Alternative_Full_3_Nopt_31928,12,Specific,Alternative,Full,3,Nopt,31928,2-doublev-14,SATISFIABLE,66,5.000,4.96
14_Specific_Alternative_Full_2_Nopt_3800,14,Specific,Alternative,Full,2,Nopt,3800,2-doublev-14,SATISFIABLE,66,5.000,4.96
16_Specific_Alternative_Full_1_Nopt_26740,16,Specific,Alternative,Full,1,Nopt,26740,2-doublev-14,SATISFIABLE,66,5.000,4.96
17_Specific_Alternative_Full_2_Nopt_22856,17,Specific,Alternative,Full,2,Nopt,22856,2-doublev-14,SATISFIABLE,66,5.000,4.96
18_Specific_Alternative_Full_3_Nopt_25148,18,Specific,Alternative,Full,3,Nopt,25148,2-doublev-14,SATISFIABLE,66,5.000,4.96
20_Specific_Alternative_Full_2_Nopt_13658,20,Specific,Alternative,Full,2,Nopt,13658,2-doublev-14,SATISFIABLE,66,5.000,4.95
24_Specific_Alternative_Full_3_Nopt_8299,24,Specific,Alternative,Full,3,Nopt,8299,2-doublev-14,SATISFIABLE,66,5.000,4.97
25_Specific_Alternative_Full_1_Nopt_6709,25,Specific,Alternative,Full,1,Nopt,6709,2-doublev-14,SATISFIABLE,66,5.000,4.97
27_Specific_Alternative_Full_3_Nopt_14456,27,Specific,Alternative,Full,3,Nopt,14456,2-doublev-14,SATISFIABLE,66,5.000,4.96
29_Specific_Alternative_Full_2_Nopt_7260,29,Specific,Alternative,Full,2,Nopt,7260,2-doublev-14,SATISFIABLE,66,5.000,4.96
30_Specific_Alternative_Full_3_Nopt_21865,30,Specific,Alternative,Full,3,Nopt,21865,2-doublev-14,SATISFIABLE,66,5.000,4.96
33_Specific_Alternative_Full_3_Nopt_25421,33,Specific,Alternative,Full,3,Nopt,25421,2-doublev-14,SATISFIABLE,66,5.000,4.96
36_Specific_Alternative_Full_3_Nopt_20418,36,Specific,Alternative,Full,3,Nopt,20418,2-doublev-14,SATISFIABLE,66,5.000,4.96
37_Specific_Alternative_Full_1_Nopt_3380,37,Specific,Alternative,Full,1,Nopt,3380,2-doublev-14,SATISFIABLE,66,5.000,4.95
38_Specific_Alternative_Full_2_Nopt_4490,38,Specific,Alternative,Full,2,Nopt,4490,2-doublev-14,SATISFIABLE,66,5.000,4.96
48_Specific_Alternative_Full_3_Nopt_29764,48,Specific,Alternative,Full,3,Nopt,29764,2-doublev-14,SATISFIABLE,66,5.000,4.96
49_Specific_Alternative_Full_1_Nopt_6652,49,Specific,Alternative,Full,1,Nopt,6652,2-doublev-14,SATISFIABLE,66,5.000,4.96
52_Specific_Alternative_Full_1_Nopt_759,52,Specific,Alternative,Full,1,Nopt,759,2-doublev-14,SATISFIABLE,66,5.000,4.95
55_Specific_Alternative_Full_1_Nopt_2905,55,Specific,Alternative,Full,1,Nopt,2905,2-doublev-14,SATISFIABLE,66,5.000,4.96
58_Specific_Alternative_Full_1_Nopt_26985,58,Specific,Alternative,Full,1,Nopt,26985,2-doublev-14,SATISFIABLE,66,5.000,4.96
5_Specific_Alternative_Full_2_Nopt_22084,5,Specific,Alternative,Full,2,Nopt,22084,2-doublev-14,SATISFIABLE,66,5.000,4.96
62_Specific_Alternative_Full_2_Nopt_21352,62,Specific,Alternative,Full,2,Nopt,21352,2-doublev-14,SATISFIABLE,66,5.000,4.95
63_Specific_Alternative_Full_3_Nopt_14837,63,Specific,Alternative,Full,3,Nopt,14837,2-doublev-14,SATISFIABLE,66,5.000,4.95
64_Specific_Alternative_Full_1_Nopt_24318,64,Specific,Alternative,Full,1,Nopt,24318,2-doublev-14,SATISFIABLE,66,5.000,4.95
65_Specific_Alternative_Full_2_Nopt_26740,65,Specific,Alternative,Full,2,Nopt,26740,2-doublev-14,SATISFIABLE,66,5.000,4.95
66_Specific_Alternative_Full_3_Nopt_23583,66,Specific,Alternative,Full,3,Nopt,23583,2-doublev-14,SATISFIABLE,66,5.000,4.96
72_Specific_Alternative_Full_3_Nopt_7706,72,Specific,Alternative,Full,3,Nopt,7706,2-doublev-14,SATISFIABLE,66,5.000,4.95
73_Specific_Alternative_Full_1_Nopt_5107,73,Specific,Alternative,Full,1,Nopt,5107,2-doublev-14,SATISFIABLE,66,5.000,4.96
74_Specific_Alternative_Full_2_Nopt_10838,74,Specific,Alternative,Full,2,Nopt,10838,2-doublev-14,SATISFIABLE,66,5.000,4.96
78_Specific_Alternative_Full_3_Nopt_5812,78,Specific,Alternative,Full,3,Nopt,5812,2-doublev-14,SATISFIABLE,66,5.000,4.97
79_Specific_Alternative_Full_1_Nopt_21123,79,Specific,Alternative,Full,1,Nopt,21123,2-doublev-14,SATISFIABLE,66,5.000,4.95
7_Specific_Alternative_Full_1_Nopt_3718,7,Specific,Alternative,Full,1,Nopt,3718,2-doublev-14,SATISFIABLE,66,5.000,4.96
81_Specific_Alternative_Full_3_Nopt_2231,81,Specific,Alternative,Full,3,Nopt,2231,2-doublev-14,SATISFIABLE,66,5.000,4.95
82_Specific_Alternative_Full_1_Nopt_26645,82,Specific,Alternative,Full,1,Nopt,26645,2-doublev-14,SATISFIABLE,66,5.000,4.95
83_Specific_Alternative_Full_2_Nopt_4448,83,Specific,Alternative,Full,2,Nopt,4448,2-doublev-14,SATISFIABLE,66,5.000,4.96
89_Specific_Alternative_Full_2_Nopt_9472,89,Specific,Alternative,Full,2,Nopt,9472,2-doublev-14,SATISFIABLE,66,5.000,4.96
90_Specific_Alternative_Full_3_Nopt_1280,90,Specific,Alternative,Full,3,Nopt,1280,2-doublev-14,SATISFIABLE,66,5.000,4.96
95_Specific_Alternative_Full_2_Nopt_15928,95,Specific,Alternative,Full,2,Nopt,15928,2-doublev-14,SATISFIABLE,66,5.000,4.96
97_Specific_Alternative_Full_1_Nopt_32033,97,Specific,Alternative,Full,1,Nopt,32033,2-doublev-14,SATISFIABLE,66,5.000,4.96
107_Specific_Alternative_Full_2_Nopt_12158,107,Specific,Alternative,Full,2,Nopt,12158,2-doublev-16,SATISFIABLE,78,5.000,4.95
111_Specific_Alternative_Full_3_Nopt_21083,111,Specific,Alternative,Full,3,Nopt,21083,2-doublev-16,UNKNOWN,,5.000,4.94
117_Specific_Alternative_Full_3_Nopt_15838,117,Specific,Alternative,Full,3,Nopt,15838,2-doublev-16,SATISFIABLE,78,5.000,4.93
12_Specific_Alternative_Full_3_Nopt_31928,12,Specific,Alternative,Full,3,Nopt,31928,2-doublev-16,SATISFIABLE,78,5.000,4.94
14_Specific_Alternative_Full_2_Nopt_3800,14,Specific,Alternative,Full,2,Nopt,3800,2-doublev-16,SATISFIABLE,78,5.000,4.94
16_Specific_Alternative_Full_1_Nopt_26740,16,Specific,Alternative,Full,1,Nopt,26740,2-doublev-16,SATISFIABLE,78,5.000,4.93
17_Specific_Alternative_Full_2_Nopt_22856,17,Specific,Alternative,Full,2,Nopt,22856,2-doublev-16,SATISFIABLE,78,5.000,4.94
18_Specific_Alternative_Full_3_Nopt_25148,18,Specific,Alternative,Full,3,Nopt,25148,2-doublev-16,SATISFIABLE,78,5.000,4.94
20_Specific_Alternative_Full_2_Nopt_13658,20,Specific,Alternative,Full,2,Nopt,13658,2-doublev-16,SATISFIABLE,78,5.000,4.93
24_Specific_Alternative_Full_3_Nopt_8299,24,Specific,Alternative,Full,3,Nopt,8299,2-doublev-16,SATISFIABLE,78,5.000,4.94
25_Specific_Alternative_Full_1_Nopt_6709,25,Specific,Alternative,Full,1,Nopt,6709,2-doublev-16,SATISFIABLE,78,5.000,4.94
27_Specific_Alternative_Full_3_Nopt_14456,27,Specific,Alternative,Full,3,Nopt,14456,2-doublev-16,SATISFIABLE,78,5.000,4.95
29_Specific_Alternative_Full_2_Nopt_7260,29,Specific,Alternative,Full,2,Nopt,7260,2-doublev-16,SATISFIABLE,78,5.000,4.94
30_Specific_Alternative_Full_3_Nopt_21865,30,Specific,Alternative,Full,3,Nopt,21865,2-doublev-16,SATISFIABLE,78,5.000,4.94
33_Specific_Alternative_Full_3_Nopt_25421,33,Specific,Alternative,Full,3,Nopt,25421,2-doublev-16,SATISFIABLE,78,5.000,4.94
36_Specific_Alternative_Full_3_Nopt_20418,36,Specific,Alternative,Full,3,Nopt,20418,2-doublev-16,SATISFIABLE,78,5.000,4.94
37_Specific_Alternative_Full_1_Nopt_3380,37,Specific,Alternative,Full,1,Nopt,3380,2-doublev-16,SATISFIABLE,78,5.000,4.95
38_Specific_Alternative_Full_2_Nopt_4490,38,Specific,Alternative,Full,2,Nopt,4490,2-doublev-16,SATISFIABLE,78,5.000,4.94
48_Specific_Alternative_Full_3_Nopt_29764,48,Specific,Alternative,Full,3,Nopt,29764,2-doublev-16,SATISFIABLE,78,5.000,4.94
49_Specific_Alternative_Full_1_Nopt_6652,49,Specific,Alternative,Full,1,Nopt,6652,2-doublev-16,SATISFIABLE,78,5.000,4.94
52_Specific_Alternative_Full_1_Nopt_759,52,Specific,Alternative,Full,1,Nopt,759,2-doublev-16,SATISFIABLE,78,5.000,4.95
55_Specific_Alternative_Full_1_Nopt_2905,55,Specific,Alternative,Full,1,Nopt,2905,2-doublev-16,SATISFIABLE,78,5.000,4.96
58_Specific_Alternative_Full_1_Nopt_26985,58,Specific,Alternative,Full,1,Nopt,26985,2-doublev-16,SATISFIABLE,78,5.000,4.96
5_Specific_Alternative_Full_2_Nopt_22084,5,Specific,Alternative,Full,2,Nopt,22084,2-doublev-16,SATISFIABLE,78,5.000,4.94
62_Specific_Alternative_Full_2_Nopt_21352,62,Specific,Alternative,Full,2,Nopt,21352,2-doublev-16,SATISFIABLE,78,5.000,4.95
63_Specific_Alternative_Full_3_Nopt_14837,63,Specific,Alternative,Full,3,Nopt,14837,2-doublev-16,SATISFIABLE,78,5.000,4.95
64_Specific_Alternative_Full_1_Nopt_24318,64,Specific,Alternative,Full,1,Nopt,24318,2-doublev-16,SATISFIABLE,78,5.000,4.95
65_Specific_Alternative_Full_2_Nopt_26740,65,Specific,Alternative,Full,2,Nopt,26740,2-doublev-16,SATISFIABLE,78,5.000,4.95
66_Specific_Alternative_Full_3_Nopt_23583,66,Specific,Alternative,Full,3,Nopt,23583,2-doublev-16,SATISFIABLE,78,5.000,4.95
72_Specific_Alternative_Full_3_Nopt_7706,72,Specific,Alternative,Full,3,Nopt,7706,2-doublev-16,SATISFIABLE,78,5.000,4.93
73_Specific_Alternative_Full_1_Nopt_5107,73,Specific,Alternative,Full,1,Nopt,5107,2-doublev-16,SATISFIABLE,78,5.000,4.94
74_Specific_Alternative_Full_2_Nopt_10838,74,Specific,Alternative,Full,2,Nopt,10838,2-doublev-16,SATISFIABLE,78,5.000,4.94
78_Specific_Alternative_Full_3_Nopt_5812,78,Specific,Alternative,Full,3,Nopt,5812,2-doublev-16,SATISFIABLE,78,5.000,4.94
79_Specific_Alternative_Full_1_Nopt_21123,79,Specific,Alternative,Full,1,Nopt,21123,2-doublev-16,SATISFIABLE,78,5.000,4.94
7_Specific_Alternative_Full_1_Nopt_3718,7,Specific,Alternative,Full,1,Nopt,3718,2-doublev-16,SATISFIABLE,78,5.000,4.94
81_Specific_Alternative_Full_3_Nopt_2231,81,Specific,Alternative,Full,3,Nopt,2231,2-doublev-16,SATISFIABLE,78,5.000,4.96
82_Specific_Alternative_Full_1_Nopt_26645,82,Specific,Alternative,Full,1,Nopt,26645,2-doublev-16,SATISFIABLE,78,5.000,4.94
83_Specific_Alternative_Full_2_Nopt_4448,83,Specific,Alternative,Full,2,Nopt,4448,2-doublev-16,SATISFIABLE,78,5.000,4.94
89_Specific_Alternative_Full_2_Nopt_9472,89,Specific,Alternative,Full,2,Nopt,9472,2-doublev-16,SATISFIABLE,78,5.000,4.94
90_Specific_Alternative_Full_3_Nopt_1280,90,Specific,Alternative,Full,3,Nopt,1280,2-doublev-16,SATISFIABLE,78,5.000,4.93
95_Specific_Alternative_Full_2_Nopt_15928,95,Specific,Alternative,Full,2,Nopt,15928,2-doublev-16,SATISFIABLE,78,5.000,4.94
97_Specific_Alternative_Full_1_Nopt_32033,97,Specific,Alternative,Full,1,Nopt,32033,2-doublev-16,SATISFIABLE,78,5.000,4.96
107_Specific_Alternative_Full_2_Nopt_12158,107,Specific,Alternative,Full,2,Nopt,12158,2-doublev-6,OPTIMUM FOUND,15,0.280,0.28
111_Specific_Alternative_Full_3_Nopt_21083,111,Specific,Alternative,Full,3,Nopt,21083,2-doublev-6,OPTIMUM FOUND,15,0.267,0.26
117_Specific_Alternative_Full_3_Nopt_15838,117,Specific,Alternative,Full,3,Nopt,15838,2-doublev-6,OPTIMUM FOUND,15,0.127,0.12
12_Specific_Alternative_Full_3_Nopt_31928,12,Specific,Alternative,Full,3,Nopt,31928,2-doublev-6,OPTIMUM FOUND,15,0.024,0.02
14_Specific_Alternative_Full_2_Nopt_3800,14,Specific,Alternative,Full,2,Nopt,3800,2-doublev-6,OPTIMUM FOUND,15,0.047,0.04
16_Specific_Alternative_Full_1_Nopt_26740,16,Specific,Alternative,Full,1,Nopt,26740,2-doublev-6,OPTIMUM FOUND,15,0.179,0.17
17_Specific_Alternative_Full_2_Nopt_22856,17,Specific,Alternative,Full,2,Nopt,22856,2-doublev-6,OPTIMUM FOUND,15,0.033,0.03
18_Specific_Alternative_Full_3_Nopt_25148,18,Specific,Alternative,Full,3,Nopt,25148,2-doublev-6,OPTIMUM FOUND,15,0.425,0.42
20_Specific_Alternative_Full_2_Nopt_13658,20,Specific,Alternative,Full,2,Nopt,13658,2-doublev-6,OPTIMUM FOUND,15,0.420,0.41
24_Specific_Alternative_Full_3_Nopt_8299,24,Specific,Alternative,Full,3,Nopt,8299,2-doublev-6,OPTIMUM FOUND,15,0.148,0.14
25_Specific_Alternative_Full_1_Nopt_6709,25,Specific,Alternative,Full,1,Nopt,6709,2-doublev-6,OPTIMUM FOUND,15,0.120,0.11
27_Specific_Alternative_Full_3_Nopt_14456,27,Specific,Alternative,Full,3,Nopt,14456,2-doublev-6,OPTIMUM FOUND,15,0.342,0.34
29_Specific_Alternative_Full_2_Nopt_7260,29,Specific,Alternative,Full,2,Nopt,7260,2-doublev-6,OPTIMUM FOUND,15,0.071,0.06
30_Specific_Alternative_Full_3_Nopt_21865,30,Specific,Alternative,Full,3,Nopt,21865,2-doublev-6,OPTIMUM FOUND,15,0.064,0.06
33_Specific_Alternative_Full_3_Nopt_25421,33,Specific,Alternative,Full,3,Nopt,25421,2-doublev-6,OPTIMUM FOUND,15,0.263,0.26
36_Specific_Alternative_Full_3_Nopt_20418,36,Specific,Alternative,Full,3,Nopt,20418,2-doublev-6,OPTIMUM FOUND,15,0.401,0.39
37_Specific_Alternative_Full_1_Nopt_3380,37,Specific,Alternative,Full,1,Nopt,3380,2-doublev-6,OPTIMUM FOUND,15,0.393,0.39
38_Specific_Alternative_Full_2_Nopt_4490,38,Specific,Alternative,Full,2,Nopt,4490,2-doublev-6,OPTIMUM FOUND,15,0.421,0.41
48_Specific_Alternative_Full_3_Nopt_29764,48,Specific,Alternative,Full,3,Nopt,29764,2-doublev-6,OPTIMUM FOUND,15,0.028,0.02
49_Specific_Alternative_Full_1_Nopt_6652,49,Specific,Alternative,Full,1,Nopt,6652,2-doublev-6,OPTIMUM FOUND,15,0.235,0.23
52_Specific_Alternative_Full_1_Nopt_759,52,Specific,Alternative,Full,1,Nopt,759,2-doublev-6,OPTIMUM FOUND,15,0.025,0.02
55_Specific_Alternative_Full_1_Nopt_2905,55,Specific,Alternative,Full,1,Nopt,2905,2-doublev-6,OPTIMUM FOUND,15,0.461,0.45
58_Specific_Alternative_Full_1_Nopt_26985,58,Specific,Alternative,Full,1,Nopt,26985,2-doublev-6,OPTIMUM FOUND,15,0.137,0.13
5_Specific_Alternative_Full_2_Nopt_22084,5,Specific,Alternative,Full,2,Nopt,22084,2-doublev-6,OPTIMUM FOUND,15,0.408,0.40
62_Specific_Alternative_Full_2_Nopt_21352,62,Specific,Alternative,Full,2,Nopt,21352,2-doublev-6,OPTIMUM FOUND,15,0.060,0.05
63_Specific_Alternative_Full_3_Nopt_14837,63,Specific,Alternative,Full,3,Nopt,14837,2-doublev-6,OPTIMUM FOUND,15,0.399,0.39
64_Specific_Alternative_Full_1_Nopt_24318,64,Specific,Alternative,Full,1,Nopt,24318,2-doublev-6,OPTIMUM FOUND,15,0.382,0.38
65_Specific_Alternative_Full_2_Nopt_26740,65,Specific,Alternative,Full,2,Nopt,26740,2-doublev-6,OPTIMUM FOUND,15,0.241,0.23
66_Specific_Alternative_Full_3_Nopt_23583,66,Specific,Alternative,Full,3,Nopt,23583,2-doublev-6,OPTIMUM FOUND,15,0.260,0.25
72_Specific_Alternative_Full_3_Nopt_7706,72,Specific,Alternative,Full,3,Nopt,7706,2-doublev-6,OPTIMUM FOUND,15,0.400,0.39
73_Specific_Alternative_Full_1_Nopt_5107,73,Specific,Alternative,Full,1,Nopt,5107,2-doublev-6,OPTIMUM FOUND,15,0.283,0.28
74_Specific_Alternative_Full_2_Nopt_10838,74,Specific,Alternative,Full,2,Nopt,10838,2-doublev-6,OPTIMUM FOUND,15,0.390,0.38
78_Specific_Alternative_Full_3_Nopt_5812,78,Specific,Alternative,Full,3,Nopt,5812,2-doublev-6,OPTIMUM FOUND,15,0.373,0.37
79_Specific_Alternative_Full_1_Nopt_21123,79,Specific,Alternative,Full,1,Nopt,21123,2-doublev-6,OPTIMUM FOUND,15,0.310,0.30
7_Specific_Alternative_Full_1_Nopt_3718,7,Specific,Alternative,Full,1,Nopt,3718,2-doublev-6,OPTIMUM FOUND,15,0.343,0.34
81_Specific_Alternative_Full_3_Nopt_2231,81,Specific,Alternative,Full,3,Nopt,2231,2-doublev-6,OPTIMUM FOUND,15,0.025,0.02
82_Specific_Alternative_Full_1_Nopt_26645,82,Specific,Alternative,Full,1,Nopt,26645,2-doublev-6,OPTIMUM FOUND,15,0.256,0.25
83_Specific_Alternative_Full_2_Nopt_4448,83,Specific,Alternative,Full,2,Nopt,4448,2-doublev-6,OPTIMUM FOUND,15,0.247,0.24
89_Specific_Alternative_Full_2_Nopt_9472,89,Specific,Alternative,Full,2,Nopt,9472,2-doublev-6,OPTIMUM FOUND,15,0.119,0.11
90_Specific_Alternative_Full_3_Nopt_1280,90,Specific,Alternative,Full,3,Nopt,1280,2-doublev-6,OPTIMUM FOUND,15,0.316,0.31
95_Specific_Alternative_Full_2_Nopt_15928,95,Specific,Alternative,Full,2,Nopt,15928,2-doublev-6,OPTIMUM FOUND,15,0.068,0.06
97_Specific_Alternative_Full_1_Nopt_32033,97,Specific,Alternative,Full,1,Nopt,32033,2-doublev-6,OPTIMUM FOUND,15,0.019,0.01
107_Specific_Alternative_Full_2_Nopt_12158,107,Specific,Alternative,Full,2,Nopt,12158,2-doublev-8,OPTIMUM FOUND,21,4.149,4.14
111_Specific_Alternative_Full_3_Nopt_21083,111,Specific,Alternative,Full,3,Nopt,21083,2-doublev-8,OPTIMUM FOUND,21,2.187,2.18
117_Specific_Alternative_Full_3_Nopt_15838,117,Specific,Alternative,Full,3,Nopt,15838,2-doublev-8,OPTIMUM FOUND,21,3.851,3.84
12_Specific_Alternative_Full_3_Nopt_31928,12,Specific,Alternative,Full,3,Nopt,31928,2-doublev-8,OPTIMUM FOUND,21,1.463,1.45
14_Specific_Alternative_Full_2_Nopt_3800,14,Specific,Alternative,Full,2,Nopt,3800,2-doublev-8,SATISFIABLE,21,5.000,4.99
16_Specific_Alternative_Full_1_Nopt_26740,16,Specific,Alternative,Full,1,Nopt,26740,2-doublev-8,SATISFIABLE,21,5.000,4.99
17_Specific_Alternative_Full_2_Nopt_22856,17,Specific,Alternative,Full,2,Nopt,22856,2-doublev-8,OPTIMUM FOUND,21,0.464,0.45
18_Specific_Alternative_Full_3_Nopt_25148,18,Specific,Alternative,Full,3,Nopt,25148,2-doublev-8,SATISFIABLE,21,5.000,4.99
20_Specific_Alternative_Full_2_Nopt_13658,20,Specific,Alternative,Full,2,Nopt,13658,2-doublev-8,OPTIMUM FOUND,21,4.482,4.47
24_Specific_Alternative_Full_3_Nopt_8299,24,Specific,Alternative,Full,3,Nopt,8299,2-doublev-8,OPTIMUM FOUND,21,0.732,0.73
25_Specific_Alternative_Full_1_Nopt_6709,25,Specific,Alternative,Full,1,Nopt,6709,2-doublev-8,SATISFIABLE,21,5.000,4.99
27_Specific_Alternative_Full_3_Nopt_14456,27,Specific,Alternative,Full,3,Nopt,14456,2-doublev-8,SATISFIABLE,21,5.000,4.99
29_Specific_Alternative_Full_2_Nopt_7260,29,Specific,Alternative,Full,2,Nopt,7260,2-doublev-8,OPTIMUM FOUND,21,3.822,3.81
30_Specific_Alternative_Full_3_Nopt_21865,30,Specific,Alternative,Full,3,Nopt,21865,2-doublev-8,OPTIMUM FOUND,21,4.790,4.78
33_Specific_Alternative_Full_3_Nopt_25421,33,Specific,Alternative,Full,3,Nopt,25421,2-doublev-8,OPTIMUM FOUND,21,2.124,2.11
36_Specific_Alternative_Full_3_Nopt_20418,36,Specific,Alternative,Full,3,Nopt,20418,2-doublev-8,SATISFIABLE,21,5.000,4.99
37_Specific_Alternative_Full_1_Nopt_3380,37,Specific,Alternative,Full,1,Nopt,3380,2-doublev-8,SATISFIABLE,21,5.000,4.99
38_Specific_Alternative_Full_2_Nopt_4490,38,Specific,Alternative,Full,2,Nopt,4490,2-doublev-8,SATISFIABLE,21,5.000,4.99
48_Specific_Alternative_Full_3_Nopt_29764,48,Specific,Alternative,Full,3,Nopt,29764,2-doublev-8,OPTIMUM FOUND,21,0.799,0.79
49_Specific_Alternative_Full_1_Nopt_6652,49,Specific,Alternative,Full,1,Nopt,6652,2-doublev-8,SATISFIABLE,21,5.000,4.99
52_Specific_Alternative_Full_1_Nopt_759,52,Specific,Alternative,Full,1,Nopt,759,2-doublev-8,OPTIMUM FOUND,21,0.857,0.85
55_Specific_Alternative_Full_1_Nopt_2905,55,Specific,Alternative,Full,1,Nopt,2905,2-doublev-8,SATISFIABLE,21,5.000,4.99
58_Specific_Alternative_Full_1_Nopt_26985,58,Specific,Alternative,Full,1,Nopt,26985,2-doublev-8,OPTIMUM FOUND,21,0.573,0.57
5_Specific_Alternative_Full_2_Nopt_22084,5,Specific,Alternative,Full,2,Nopt,22084,2-doublev-8,SATISFIABLE,21,5.000,4.99
62_Specific_Alternative_Full_2_Nopt_21352,62,Specific,Alternative,Full,2,Nopt,21352,2-doublev-8,SATISFIABLE,21,5.000,4.99
63_Specific_Alternative_Full_3_Nopt_14837,63,Specific,Alternative,Full,3,Nopt,14837,2-doublev-8,SATISFIABLE,21,5.000,4.99
64_Specific_Alternative_Full_1_Nopt_24318,64,Specific,Alternative,Full,1,Nopt,24318,2-doublev-8,OPTIMUM FOUND,21,3.430,3.42
65_Specific_Alternative_Full_2_Nopt_26740,65,Specific,Alternative,Full,2,Nopt,26740,2-doublev-8,OPTIMUM FOUND,21,4.817,4.81
66_Specific_Alternative_Full_3_Nopt_23583,66,Specific,Alternative,Full,3,Nopt,23583,2-doublev-8,OPTIMUM FOUND,21,0.231,0.22
72_Specific_Alternative_Full_3_Nopt_7706,72,Specific,Alternative,Full,3,Nopt,7706,2-doublev-8,SATISFIABLE,21,5.000,4.99
73_Specific_Alternative_Full_1_Nopt_5107,73,Specific,Alternative,Full,1,Nopt,5107,2-doublev-8,SATISFIABLE,21,5.000,4.99
74_Specific_Alternative_Full_2_Nopt_10838,74,Specific,Alternative,Full,2,Nopt,10838,2-doublev-8,SATISFIABLE,21,5.000,4.99
78_Specific_Alternative_Full_3_Nopt_5812,78,Specific,Alternative,Full,3,Nopt,5812,2-doublev-8,SATISFIABLE,21,5.000,4.99
79_Specific_Alternative_Full_1_Nopt_21123,79,Specific,Alternative,Full,1,Nopt,21123,2-doublev-8,SATISFIABLE,21,5.000,4.99
7_Specific_Alternative_Full_1_Nopt_3718,7,Specific,Alternative,Full,1,Nopt,3718,2-doublev-8,SATISFIABLE,21,5.000,4.99
81_Specific_Alternative_Full_3_Nopt_2231,81,Specific,Alternative,Full,3,Nopt,2231,2-doublev-8,OPTIMUM FOUND,21,0.852,0.84
82_Specific_Alternative_Full_1_Nopt_26645,82,Specific,Alternative,Full,1,Nopt,26645,2-doublev-8,SATISFIABLE,21,5.000,4.99
83_Specific_Alternative_Full_2_Nopt_4448,83,Specific,Alternative,Full,2,Nopt,4448,2-doublev-8,OPTIMUM FOUND,21,4.342,4.33
89_Specific_Alternative_Full_2_Nopt_9472,89,Specific,Alternative,Full,2,Nopt,9472,2-doublev-8,SATISFIABLE,21,5.000,4.99
90_Specific_Alternative_Full_3_Nopt_1280,90,Specific,Alternative,Full,3,Nopt,1280,2-doublev-8,SATISFIABLE,21,5.000,4.99
95_Specific_Alternative_Full_2_Nopt_15928,95,Specific,Alternative,Full,2,Nopt,15928,2-doublev-8,OPTIMUM FOUND,21,1.165,1.15
97_Specific_Alternative_Full_1_Nopt_32033,97,Specific,Alternative,Full,1,Nopt,32033,2-doublev-8,OPTIMUM FOUND,21,0.861,0.85
