,Directory,Files analysed with SBASS,Positive Examples in S,Ordering,SBC,Iteration,Cell,Seed,Opt,Time for creating examples,Time for solving ILP task,Total neg examples,Total pos examples,Neg examples uncovered,Learned Constraints
1,./../Problems/Pigeon_Owner/,o1_c1_p3_h3.lp,Specific,Alternative,Full,1,0,53067,Nopt,0.035,0.29,5,1,1,
2,./../Problems/Pigeon_Owner/,o1_c2_p2_h4.lp,Specific,Alternative,Full,2,0,12739,Nopt,0.04,0.665,11,1,1," :- colorGEQ(V3,V1), next_color(V1,V2), not colorGEQ(V3,V2).
"
3,./../Problems/Pigeon_Owner/,o1_c2_p3_h4.lp,Specific,Alternative,Full,2,0,86808,Nopt,0.083,0.642,23,1,4," :- colorGEQ(V3,V1), next_color(V1,V2), not colorGEQ(V3,V2).
"
4,./../Problems/Pigeon_Owner/,o2_c1_p3_h4.lp,Specific,Alternative,Full,3,0,41705,Nopt,0.081,1.752,23,1,1," :- ownerGEQ(V1,V2), next_owner(V2,V3), not ownerGEQ(V1,V3).
 :- assignGEQ(V1,V3), next_pigeon(V1,V2), not assignGEQ(V2,V3).
"
5,./../Problems/Pigeon_Owner/,o2_c2_p3_h5.lp,Specific,Alternative,Full,3,0,2947,Nopt,0.846,2.975,359,1,3," :- ownerGEQ(V1,V2), next_owner(V2,V3), not ownerGEQ(V1,V3).
 :- assignGEQ(V1,V3), next_pigeon(V1,V2), not assignGEQ(V2,V3).
"
