,Directory,Files analysed with SBASS,Learning mode,Ordering,SBC,Iteration,Cell,Seed,Version,Time for creating examples,Time for solving ILP task,Total neg examples,Total pos examples,Neg examples uncovered,Learned Constraints
1,./PUP/doublev_weight/,2-doublev-9.lp,Enumerate,Standard,Full,1,1,31681,DEFAULT,9.552,236.066,100,1,0," :- not zone2sensor(V1,V1), unit2zoneGEQ(V1,V1).
 :- not closezones(V1,V2), not unit2sensorGEQ(V2,V1), partnerunits(V1,V2).
"
2,./PUP/doublev_weight/,2-doublev-9.lp,Enumerate,Standard,Full,1,2,4634,DEFAULT,19.787,256.046,200,2,0," :- not zone2sensor(V1,V1), unit2zoneGEQ(V1,V1).
 :- closesensors(V2,V1), partnerunits(V1,V2), zone2sensor(V1,V2).
"
3,./PUP/doublev_weight/,2-doublev-9.lp,Enumerate,Standard,Full,1,3,16837,DEFAULT,28.234,606.263,300,3,0," :- closesensors(V1,V2), unit2zoneGEQ(V1,V2), unit2zoneGEQ(V2,V1).
 :- not unit2sensorGEQ(V2,V1), not unit2zoneGEQ(V2,V1), partnerunits(V1,V2).
"
4,./PUP/doublev_weight/,2-doublev-9.lp,Enumerate,Standard,Full,1,1,15262,DEFAULT,9.177,144.765,100,1,0," :- not zone2sensor(V2,V2), unit2zoneGEQ(V1,V2), unit2zoneGEQ(V2,V1).
"
5,./PUP/doublev_weight/,2-doublev-9.lp,Enumerate,Standard,Full,1,2,22084,DEFAULT,18.746,244.477,200,2,0," :- not zone2sensor(V1,V1), unit2zoneGEQ(V1,V1).
 :- partnerunits(V2,V1), unit2sensorGEQ(V2,V2), zone2sensor(V1,V2).
"
6,./PUP/doublev_weight/,2-doublev-9.lp,Enumerate,Standard,Full,1,3,24758,DEFAULT,27.462,512.686,300,3,0," :- partnerunits(V1,V2), unit2zoneGEQ(V1,V1), zone2sensor(V1,V2).
 :- not unit2sensorGEQ(V2,V1), not unit2zoneGEQ(V2,V1), partnerunits(V1,V2).
"
7,./PUP/doublev_weight/,2-doublev-9.lp,Enumerate,Standard,Full,1,1,3718,DEFAULT,9.578,477.226,100,1,0," :- not unit2zoneGEQ(V1,V1), zone2sensor(V1,V1).
 :- partnerunits(V1,V2), unit2zoneGEQ(V1,V1), zone2sensor(V1,V2).
"
8,./PUP/doublev_weight/,2-doublev-9.lp,Enumerate,Standard,Full,1,2,26796,DEFAULT,17.509,277.166,200,2,0," :- partnerunits(V2,V1), zone2sensor(V1,V2).
 :- closesensors(V2,V1), not unit2zoneGEQ(V1,V1), partnerunits(V1,V2).
"
9,./PUP/doublev_weight/,2-doublev-9.lp,Enumerate,Standard,Full,1,3,25434,DEFAULT,26.274,28.131,300,3,0," :- partnerunits(V2,V1), zone2sensor(V1,V2).
"
10,./PUP/doublev_weight/,2-doublev-9.lp,Enumerate,Standard,Full,1,1,8598,DEFAULT,9.266,235.921,100,1,0," :- not zone2sensor(V1,V1), unit2zoneGEQ(V1,V1).
 :- not unit2zoneGEQ(V2,V2), partnerunits(V2,V1), zone2sensor(V1,V2).
"
11,./PUP/doublev_weight/,2-doublev-9.lp,Enumerate,Standard,Full,1,2,21172,DEFAULT,18.709,446.606,200,2,0," :- not unit2zoneGEQ(V1,V1), zone2sensor(V1,V1).
 :- not zone2sensor(V1,V1), unit2zoneGEQ(V1,V1).
 :- not unit2zoneGEQ(V1,V2), unit2zoneGEQ(V1,V1), zone2sensor(V1,V2).
"
12,./PUP/doublev_weight/,2-doublev-9.lp,Enumerate,Standard,Full,1,3,31928,DEFAULT,27.375,992.344,300,3,0," :- not unit2zoneGEQ(V1,V2), partnerunits(V1,V2), zone2sensor(V1,V2).
 :- partnerunits(V1,V2), unit2zoneGEQ(V2,V1), zone2sensor(V1,V2).
 :- not unit2sensorGEQ(V1,V2), not unit2zoneGEQ(V2,V2), partnerunits(V1,V2).
"
13,./PUP/doublev_weight/,2-doublev-9.lp,Enumerate,Standard,Full,1,1,29690,DEFAULT,9.451,341.694,100,1,0," :- not unit2zoneGEQ(V1,V1), partnerunits(V1,V2), zone2sensor(V1,V2).
 :- closesensors(V2,V1), not unit2sensorGEQ(V1,V2), unit2zoneGEQ(V1,V1).
"
14,./PUP/doublev_weight/,2-doublev-9.lp,Enumerate,Standard,Full,1,2,3800,DEFAULT,18.626,475.233,200,2,0," :- not unit2zoneGEQ(V2,V2), partnerunits(V2,V1), zone2sensor(V1,V2).
 :- not unit2zoneGEQ(V1,V2), unit2zoneGEQ(V1,V1), zone2sensor(V1,V2).
"
15,./PUP/doublev_weight/,2-doublev-9.lp,Enumerate,Standard,Full,1,3,1743,DEFAULT,27.724,735.698,300,3,0," :- closesensors(V2,V1), partnerunits(V1,V2), zone2sensor(V1,V2).
 :- closesensors(V1,V2), unit2zoneGEQ(V1,V2), unit2zoneGEQ(V2,V1).
 :- not unit2sensorGEQ(V1,V2), unit2sensorGEQ(V2,V1), unit2zoneGEQ(V1,V1).
"
16,./PUP/doublev_weight/,2-doublev-9.lp,Enumerate,Standard,Full,1,1,26740,DEFAULT,9.475,194.92,100,1,0," :- not zone2sensor(V1,V1), unit2zoneGEQ(V1,V1).
 :- closesensors(V1,V2), partnerunits(V2,V1), zone2sensor(V1,V2).
"
17,./PUP/doublev_weight/,2-doublev-9.lp,Enumerate,Standard,Full,1,2,22856,DEFAULT,19.277,326.007,200,2,0," :- not closezones(V2,V1), partnerunits(V1,V2), zone2sensor(V1,V2).
 :- not unit2sensorGEQ(V1,V2), not unit2zoneGEQ(V1,V1), partnerunits(V1,V2).
"
18,./PUP/doublev_weight/,2-doublev-9.lp,Enumerate,Standard,Full,1,3,25148,DEFAULT,28.237,407.453,300,3,0," :- closesensors(V1,V2), unit2zoneGEQ(V1,V2), unit2zoneGEQ(V2,V1).
 :- not unit2sensorGEQ(V1,V2), not unit2zoneGEQ(V1,V2), partnerunits(V1,V2).
"
19,./PUP/doublev_weight/,2-doublev-9.lp,Enumerate,Standard,Full,1,1,6751,DEFAULT,9.453,514.028,100,1,0," :- closesensors(V2,V1), partnerunits(V2,V1), zone2sensor(V1,V2).
 :- closesensors(V1,V2), not unit2sensorGEQ(V1,V1), unit2zoneGEQ(V1,V2).
"
20,./PUP/doublev_weight/,2-doublev-9.lp,Enumerate,Standard,Full,1,2,13658,DEFAULT,18.9,97.619,200,2,0," :- not zone2sensor(V1,V1), unit2zoneGEQ(V1,V2), unit2zoneGEQ(V2,V1).
"
21,./PUP/doublev_weight/,2-doublev-9.lp,Enumerate,Standard,Full,1,3,717,DEFAULT,26.765,49.56,300,3,0," :- partnerunits(V1,V2), zone2sensor(V1,V2).
"
22,./PUP/doublev_weight/,2-doublev-9.lp,Enumerate,Standard,Full,1,1,16849,DEFAULT,9.369,62.669,100,1,0," :- partnerunits(V2,V1), zone2sensor(V1,V2).
"
23,./PUP/doublev_weight/,2-doublev-9.lp,Enumerate,Standard,Full,1,2,29843,DEFAULT,21.009,602.489,200,2,0," :- partnerunits(V1,V2), unit2zoneGEQ(V1,V1), unit2zoneGEQ(V2,V2).
 :- not unit2sensorGEQ(V2,V1), unit2sensorGEQ(V1,V2), zone2sensor(V1,V2).
"
24,./PUP/doublev_weight/,2-doublev-9.lp,Enumerate,Standard,Full,1,3,8299,DEFAULT,36.618,342.502,300,3,0," :- not zone2sensor(V1,V1), unit2zoneGEQ(V1,V1).
 :- not unit2zoneGEQ(V2,V2), partnerunits(V2,V1), zone2sensor(V1,V2).
"
25,./PUP/doublev_weight/,2-doublev-9.lp,Enumerate,Standard,Full,1,1,6709,DEFAULT,13.633,683.309,100,1,0," :- not zone2sensor(V1,V1), unit2zoneGEQ(V1,V1).
 :- not unit2zoneGEQ(V2,V2), partnerunits(V2,V1), zone2sensor(V1,V2).
"
26,./PUP/doublev_weight/,2-doublev-9.lp,Enumerate,Standard,Full,1,2,24419,DEFAULT,27.614,181.901,200,2,0," :- partnerunits(V1,V2), unit2zoneGEQ(V1,V1), zone2sensor(V1,V2).
"
27,./PUP/doublev_weight/,2-doublev-9.lp,Enumerate,Standard,Full,1,3,14456,DEFAULT,39.76,1576.67,300,3,0," :- not closezones(V2,V1), partnerunits(V2,V1), zone2sensor(V1,V2).
 :- not unit2sensorGEQ(V1,V1), partnerunits(V2,V1), zone2sensor(V1,V2).
 :- not unit2sensorGEQ(V1,V2), unit2sensorGEQ(V2,V2), zone2sensor(V1,V1).
 :- not unit2sensorGEQ(V1,V2), partnerunits(V2,V1), unit2zoneGEQ(V1,V1).
"
28,./PUP/doublev_weight/,2-doublev-9.lp,Enumerate,Standard,Full,1,1,11547,DEFAULT,12.09,288.362,100,1,0," :- not unit2zoneGEQ(V1,V1), unit2sensorGEQ(V1,V2).
 :- not closezones(V2,V1), partnerunits(V2,V1), zone2sensor(V1,V2).
"
29,./PUP/doublev_weight/,2-doublev-9.lp,Enumerate,Standard,Full,1,2,7260,DEFAULT,22.631,515.704,200,2,0," :- partnerunits(V2,V1), zone2sensor(V1,V2).
 :- not unit2sensorGEQ(V2,V1), partnerunits(V1,V2), zone2sensor(V1,V1).
"
30,./PUP/doublev_weight/,2-doublev-9.lp,Enumerate,Standard,Full,1,3,21865,DEFAULT,37.028,1010.76,300,3,0," :- not zone2sensor(V1,V1), unit2zoneGEQ(V1,V1).
 :- not unit2zoneGEQ(V2,V2), partnerunits(V2,V1), zone2sensor(V1,V2).
 :- not unit2sensorGEQ(V1,V1), partnerunits(V2,V1), unit2zoneGEQ(V1,V2).
"
31,./PUP/doublev_weight/,2-doublev-9.lp,Enumerate,Standard,Full,1,1,16017,DEFAULT,10.896,543.504,100,1,0," :- not unit2sensorGEQ(V1,V1), zone2sensor(V1,V1).
 :- not unit2sensorGEQ(V2,V1), not unit2zoneGEQ(V2,V2), partnerunits(V1,V2).
"
32,./PUP/doublev_weight/,2-doublev-9.lp,Enumerate,Standard,Full,1,2,29417,DEFAULT,25.608,662.92,200,2,0," :- closesensors(V1,V2), partnerunits(V1,V2), zone2sensor(V1,V2).
 :- partnerunits(V1,V2), unit2sensorGEQ(V2,V2), zone2sensor(V1,V1).
"
33,./PUP/doublev_weight/,2-doublev-9.lp,Enumerate,Standard,Full,1,3,25421,DEFAULT,38.607,498.179,300,3,0," :- not unit2zoneGEQ(V2,V2), partnerunits(V1,V2), zone2sensor(V1,V2).
 :- not unit2zoneGEQ(V1,V2), unit2zoneGEQ(V1,V1), zone2sensor(V1,V2).
"
34,./PUP/doublev_weight/,2-doublev-9.lp,Enumerate,Standard,Full,1,1,10456,DEFAULT,11.886,1121.59,100,1,0," :- not unit2sensorGEQ(V1,V1), unit2zoneGEQ(V1,V1).
 :- not unit2zoneGEQ(V2,V1), not zone2sensor(V1,V1), partnerunits(V1,V2).
"
35,./PUP/doublev_weight/,2-doublev-9.lp,Enumerate,Standard,Full,1,2,25977,DEFAULT,22.846,77.647,200,2,0," :- partnerunits(V2,V1), zone2sensor(V1,V2).
"
36,./PUP/doublev_weight/,2-doublev-9.lp,Enumerate,Standard,Full,1,3,20418,DEFAULT,40.46,375.091,300,3,0," :- partnerunits(V2,V1), zone2sensor(V1,V2).
 :- not unit2sensorGEQ(V2,V1), partnerunits(V2,V1), zone2sensor(V1,V1).
"
37,./PUP/doublev_weight/,2-doublev-9.lp,Enumerate,Standard,Full,1,1,3380,DEFAULT,10.76,80.53,100,1,0," :- not unit2zoneGEQ(V2,V2), partnerunits(V1,V2).
"
38,./PUP/doublev_weight/,2-doublev-9.lp,Enumerate,Standard,Full,1,2,4490,DEFAULT,23.709,737.225,200,2,0," :- closesensors(V1,V2), unit2zoneGEQ(V1,V2), unit2zoneGEQ(V2,V1).
 :- not unit2sensorGEQ(V1,V2), not unit2zoneGEQ(V1,V2), partnerunits(V1,V2).
"
39,./PUP/doublev_weight/,2-doublev-9.lp,Enumerate,Standard,Full,1,3,29743,DEFAULT,34.132,1009.68,300,3,1," :- not closezones(V1,V2), partnerunits(V2,V1), zone2sensor(V1,V2).
 :- not unit2sensorGEQ(V1,V1), partnerunits(V2,V1), zone2sensor(V1,V2).
 :- closesensors(V1,V2), unit2zoneGEQ(V1,V2), unit2zoneGEQ(V2,V1).
"
40,./PUP/doublev_weight/,2-doublev-9.lp,Enumerate,Standard,Full,1,1,14157,DEFAULT,12.902,462.183,100,1,0," :- not unit2zoneGEQ(V1,V1), zone2sensor(V1,V1).
 :- partnerunits(V2,V1), unit2zoneGEQ(V1,V1), zone2sensor(V1,V2).
"
41,./PUP/doublev_weight/,2-doublev-9.lp,Enumerate,Standard,Full,1,2,69,DEFAULT,24.662,73.129,200,2,0," :- partnerunits(V2,V1), zone2sensor(V1,V2).
"
42,./PUP/doublev_weight/,2-doublev-9.lp,Enumerate,Standard,Full,1,3,3023,DEFAULT,28.629,1855.21,300,3,0," :- not closesensors(V1,V2), partnerunits(V1,V2), zone2sensor(V1,V2).
 :- partnerunits(V1,V2), unit2sensorGEQ(V2,V2), zone2sensor(V1,V1).
"
43,./PUP/doublev_weight/,2-doublev-9.lp,Enumerate,Standard,Full,1,1,14690,DEFAULT,13.442,1342.79,100,1,0," :- closesensors(V1,V2), partnerunits(V1,V2), zone2sensor(V1,V2).
 :- closesensors(V1,V2), not unit2sensorGEQ(V1,V1), unit2zoneGEQ(V1,V2).
"
44,./PUP/doublev_weight/,2-doublev-9.lp,Enumerate,Standard,Full,1,2,13524,DEFAULT,21.368,359.017,200,2,0," :- not unit2sensorGEQ(V1,V1), partnerunits(V1,V2), zone2sensor(V1,V2).
 :- closesensors(V1,V2), not unit2zoneGEQ(V1,V1), partnerunits(V1,V2).
"
45,./PUP/doublev_weight/,2-doublev-9.lp,Enumerate,Standard,Full,1,3,15622,DEFAULT,28.188,82.817,300,3,0," :- partnerunits(V2,V1), zone2sensor(V1,V2).
"
46,./PUP/doublev_weight/,2-doublev-9.lp,Enumerate,Standard,Full,1,1,10222,DEFAULT,8.839,398.021,100,1,0," :- not unit2zoneGEQ(V1,V1), zone2sensor(V1,V1).
 :- partnerunits(V2,V1), zone2sensor(V1,V2).
"
47,./PUP/doublev_weight/,2-doublev-9.lp,Enumerate,Standard,Full,1,2,23256,DEFAULT,22.819,432.202,200,2,0," :- not zone2sensor(V1,V1), unit2zoneGEQ(V1,V1).
 :- not unit2zoneGEQ(V2,V2), partnerunits(V2,V1), zone2sensor(V1,V2).
"
48,./PUP/doublev_weight/,2-doublev-9.lp,Enumerate,Standard,Full,1,3,29764,DEFAULT,41.616,804.124,300,3,0," :- closesensors(V1,V2), unit2zoneGEQ(V1,V2), unit2zoneGEQ(V2,V1).
 :- not unit2sensorGEQ(V1,V2), not unit2zoneGEQ(V1,V2), partnerunits(V1,V2).
"
49,./PUP/doublev_weight/,2-doublev-9.lp,Enumerate,Standard,Full,1,1,6652,DEFAULT,11.343,632.338,100,1,0," :- closesensors(V1,V2), not unit2sensorGEQ(V1,V1), unit2zoneGEQ(V1,V2).
 :- partnerunits(V1,V2), unit2zoneGEQ(V2,V1), zone2sensor(V1,V1).
"
50,./PUP/doublev_weight/,2-doublev-9.lp,Enumerate,Standard,Full,1,2,27221,DEFAULT,24.748,1940.95,200,2,0," :- not unit2sensorGEQ(V2,V1), unit2sensorGEQ(V1,V1), zone2sensor(V1,V2).
 :- not unit2sensorGEQ(V2,V2), partnerunits(V1,V2), zone2sensor(V1,V2).
"
51,./PUP/doublev_weight/,2-doublev-9.lp,Enumerate,Standard,Full,1,3,28577,DEFAULT,32.313,618.745,300,3,0," :- not unit2sensorGEQ(V1,V1), partnerunits(V1,V2), zone2sensor(V1,V2).
 :- not unit2sensorGEQ(V1,V2), not unit2zoneGEQ(V1,V2), partnerunits(V1,V2).
"
52,./PUP/doublev_weight/,2-doublev-9.lp,Enumerate,Standard,Full,1,1,759,DEFAULT,9.882,557.188,100,1,0," :- partnerunits(V2,V1), zone2sensor(V1,V2).
 :- not unit2sensorGEQ(V2,V1), unit2zoneGEQ(V2,V2), zone2sensor(V1,V1).
"
53,./PUP/doublev_weight/,2-doublev-9.lp,Enumerate,Standard,Full,1,2,2001,DEFAULT,19.21,279.603,200,2,0," :- not zone2sensor(V1,V1), unit2zoneGEQ(V1,V1).
 :- not unit2zoneGEQ(V2,V2), partnerunits(V2,V1), zone2sensor(V1,V2).
"
54,./PUP/doublev_weight/,2-doublev-9.lp,Enumerate,Standard,Full,1,3,10002,DEFAULT,29.643,270.077,300,3,0," :- not unit2zoneGEQ(V2,V2), partnerunits(V2,V1), zone2sensor(V1,V2).
 :- not unit2zoneGEQ(V1,V2), unit2zoneGEQ(V1,V1), zone2sensor(V1,V2).
"
55,./PUP/doublev_weight/,2-doublev-9.lp,Enumerate,Standard,Full,1,1,2905,DEFAULT,9.557,284.178,100,1,0," :- partnerunits(V2,V1), zone2sensor(V1,V2).
 :- not unit2sensorGEQ(V2,V1), unit2zoneGEQ(V2,V2), zone2sensor(V1,V1).
"
56,./PUP/doublev_weight/,2-doublev-9.lp,Enumerate,Standard,Full,1,2,27702,DEFAULT,20.669,57.725,200,2,0," :- partnerunits(V1,V2), zone2sensor(V1,V2).
"
57,./PUP/doublev_weight/,2-doublev-9.lp,Enumerate,Standard,Full,1,3,4997,DEFAULT,32.154,1136.33,300,3,1," :- not closezones(V1,V2), partnerunits(V2,V1), zone2sensor(V1,V2).
 :- not unit2sensorGEQ(V2,V2), partnerunits(V1,V2), zone2sensor(V1,V2).
 :- not unit2sensorGEQ(V2,V1), unit2sensorGEQ(V1,V2), zone2sensor(V1,V2).
"
58,./PUP/doublev_weight/,2-doublev-9.lp,Enumerate,Standard,Full,1,1,26985,DEFAULT,10.13,895.789,100,1,0," :- not zone2sensor(V1,V1), unit2zoneGEQ(V1,V1).
 :- not closezones(V2,V1), not unit2sensorGEQ(V2,V1), partnerunits(V1,V2).
"
59,./PUP/doublev_weight/,2-doublev-9.lp,Enumerate,Standard,Full,1,2,16281,DEFAULT,20.918,178.591,200,2,0," :- not zone2sensor(V2,V2), unit2zoneGEQ(V1,V2), unit2zoneGEQ(V2,V1).
"
60,./PUP/doublev_weight/,2-doublev-9.lp,Enumerate,Standard,Full,1,3,16345,DEFAULT,32.131,280.663,300,3,0," :- not unit2zoneGEQ(V1,V1), zone2sensor(V1,V1).
 :- partnerunits(V1,V2), unit2zoneGEQ(V1,V1), zone2sensor(V1,V2).
"
61,./PUP/doublev_weight/,2-doublev-9.lp,Enumerate,Standard,Full,1,1,14189,DEFAULT,10.191,244.445,200,1,0," :- not zone2sensor(V1,V1), unit2zoneGEQ(V1,V1).
 :- partnerunits(V2,V1), unit2sensorGEQ(V2,V2), zone2sensor(V1,V2).
"
62,./PUP/doublev_weight/,2-doublev-9.lp,Enumerate,Standard,Full,1,2,21352,DEFAULT,19.902,1255.57,400,2,0," :- not unit2sensorGEQ(V2,V1), unit2zoneGEQ(V1,V1), zone2sensor(V1,V2).
 :- not unit2sensorGEQ(V2,V2), not unit2zoneGEQ(V1,V2), partnerunits(V1,V2).
"
63,./PUP/doublev_weight/,2-doublev-9.lp,Enumerate,Standard,Full,1,3,14837,DEFAULT,30.919,940.472,600,3,0," :- not zone2sensor(V1,V1), unit2zoneGEQ(V1,V1).
 :- not unit2zoneGEQ(V2,V2), partnerunits(V1,V2), zone2sensor(V1,V2).
 :- not unit2zoneGEQ(V1,V2), unit2zoneGEQ(V1,V1), zone2sensor(V1,V2).
"
64,./PUP/doublev_weight/,2-doublev-9.lp,Enumerate,Standard,Full,1,1,24318,DEFAULT,10.576,277.423,200,1,0," :- not unit2zoneGEQ(V2,V2), partnerunits(V1,V2).
 :- closesensors(V1,V2), partnerunits(V2,V1), zone2sensor(V1,V2).
"
65,./PUP/doublev_weight/,2-doublev-9.lp,Enumerate,Standard,Full,1,2,26740,DEFAULT,25.063,448.094,400,2,0," :- not unit2sensorGEQ(V2,V1), unit2zoneGEQ(V2,V2), zone2sensor(V1,V1).
 :- not unit2zoneGEQ(V2,V2), partnerunits(V2,V1), zone2sensor(V1,V2).
"
66,./PUP/doublev_weight/,2-doublev-9.lp,Enumerate,Standard,Full,1,3,23583,DEFAULT,35.901,1183.99,600,3,0," :- closezones(V1,V2), unit2zoneGEQ(V2,V2), zone2sensor(V1,V1).
 :- partnerunits(V2,V1), unit2sensorGEQ(V2,V2), zone2sensor(V1,V2).
 :- not unit2sensorGEQ(V1,V1), unit2sensorGEQ(V2,V2), unit2zoneGEQ(V1,V2).
"
67,./PUP/doublev_weight/,2-doublev-9.lp,Enumerate,Standard,Full,1,1,17876,DEFAULT,10.158,503.085,200,1,0," :- not unit2sensorGEQ(V2,V1), unit2sensorGEQ(V1,V1), zone2sensor(V1,V2).
 :- not unit2sensorGEQ(V2,V2), partnerunits(V1,V2), zone2sensor(V1,V2).
"
68,./PUP/doublev_weight/,2-doublev-9.lp,Enumerate,Standard,Full,1,2,19383,DEFAULT,19.636,499.804,400,2,0," :- closesensors(V2,V1), partnerunits(V2,V1), zone2sensor(V1,V2).
 :- partnerunits(V1,V2), unit2zoneGEQ(V2,V1), zone2sensor(V1,V1).
"
69,./PUP/doublev_weight/,2-doublev-9.lp,Enumerate,Standard,Full,1,3,7579,DEFAULT,30.609,1317.96,600,3,0," :- closesensors(V1,V2), partnerunits(V1,V2), zone2sensor(V1,V2).
 :- closesensors(V1,V2), unit2zoneGEQ(V1,V2), unit2zoneGEQ(V2,V1).
 :- not unit2sensorGEQ(V1,V2), not unit2zoneGEQ(V1,V2), partnerunits(V1,V2).
"
70,./PUP/doublev_weight/,2-doublev-9.lp,Enumerate,Standard,Full,1,1,28975,DEFAULT,9.512,512.698,200,1,0," :- partnerunits(V1,V2), unit2zoneGEQ(V2,V2), zone2sensor(V1,V2).
 :- not unit2sensorGEQ(V1,V2), unit2zoneGEQ(V1,V2), zone2sensor(V1,V2).
"
71,./PUP/doublev_weight/,2-doublev-9.lp,Enumerate,Standard,Full,1,2,1459,DEFAULT,19.448,712.126,400,2,0," :- not unit2sensorGEQ(V2,V1), unit2sensorGEQ(V1,V1), zone2sensor(V1,V2).
 :- not unit2sensorGEQ(V2,V2), partnerunits(V1,V2), zone2sensor(V1,V2).
"
72,./PUP/doublev_weight/,2-doublev-9.lp,Enumerate,Standard,Full,1,3,7706,DEFAULT,28.627,1372.06,600,3,0," :- not unit2zoneGEQ(V1,V1), zone2sensor(V1,V1).
 :- not closezones(V1,V2), partnerunits(V1,V2), zone2sensor(V1,V2).
 :- not unit2zoneGEQ(V1,V2), partnerunits(V1,V2), zone2sensor(V1,V2).
 :- partnerunits(V1,V2), unit2zoneGEQ(V1,V2), unit2zoneGEQ(V2,V1).
"
73,./PUP/doublev_weight/,2-doublev-9.lp,Enumerate,Standard,Full,1,1,5107,DEFAULT,9.261,28.643,200,1,0," :- partnerunits(V2,V1), zone2sensor(V1,V2).
"
74,./PUP/doublev_weight/,2-doublev-9.lp,Enumerate,Standard,Full,1,2,10838,DEFAULT,18.875,190.442,400,2,0," :- not zone2sensor(V1,V1), unit2zoneGEQ(V1,V1).
 :- not unit2zoneGEQ(V2,V2), partnerunits(V2,V1), zone2sensor(V1,V2).
"
75,./PUP/doublev_weight/,2-doublev-9.lp,Enumerate,Standard,Full,1,3,21787,DEFAULT,26.997,2174.07,600,3,0," :- not zone2sensor(V1,V1), unit2sensorGEQ(V1,V1), unit2zoneGEQ(V1,V1).
 :- not unit2sensorGEQ(V2,V2), unit2zoneGEQ(V2,V1), zone2sensor(V1,V1).
 :- not unit2sensorGEQ(V1,V1), unit2sensorGEQ(V2,V1), unit2zoneGEQ(V1,V2).
 :- not unit2sensorGEQ(V1,V2), not unit2zoneGEQ(V1,V1), partnerunits(V1,V2).
"
76,./PUP/doublev_weight/,2-doublev-9.lp,Enumerate,Standard,Full,1,1,9373,DEFAULT,9.783,217.197,200,1,0," :- not unit2zoneGEQ(V1,V1), unit2zoneGEQ(V1,V2).
 :- closesensors(V1,V2), partnerunits(V1,V2), zone2sensor(V1,V2).
"
77,./PUP/doublev_weight/,2-doublev-9.lp,Enumerate,Standard,Full,1,2,12399,DEFAULT,19.269,464.411,400,2,0," :- not zone2sensor(V1,V1), unit2zoneGEQ(V1,V1).
 :- not unit2zoneGEQ(V2,V2), partnerunits(V1,V2), zone2sensor(V1,V2).
 :- not unit2zoneGEQ(V1,V2), unit2zoneGEQ(V1,V1), zone2sensor(V1,V2).
"
78,./PUP/doublev_weight/,2-doublev-9.lp,Enumerate,Standard,Full,1,3,5812,DEFAULT,27.616,1447.34,600,3,0," :- partnerunits(V1,V2), unit2zoneGEQ(V2,V1), zone2sensor(V1,V2).
 :- not unit2sensorGEQ(V1,V2), unit2sensorGEQ(V2,V2), unit2zoneGEQ(V1,V2).
 :- not unit2sensorGEQ(V2,V1), not unit2zoneGEQ(V2,V2), partnerunits(V1,V2).
"
79,./PUP/doublev_weight/,2-doublev-9.lp,Enumerate,Standard,Full,1,1,21123,DEFAULT,9.571,888.894,200,1,0," :- not zone2sensor(V1,V1), unit2zoneGEQ(V1,V1).
 :- not unit2sensorGEQ(V2,V1), unit2sensorGEQ(V1,V2), zone2sensor(V1,V2).
"
80,./PUP/doublev_weight/,2-doublev-9.lp,Enumerate,Standard,Full,1,2,32737,DEFAULT,17.867,173.148,400,2,0," :- partnerunits(V2,V1), zone2sensor(V1,V2).
 :- not unit2sensorGEQ(V2,V1), partnerunits(V1,V2), zone2sensor(V1,V1).
"
81,./PUP/doublev_weight/,2-doublev-9.lp,Enumerate,Standard,Full,1,3,2231,DEFAULT,29.171,416.071,600,3,0," :- not zone2sensor(V1,V1), unit2zoneGEQ(V1,V1).
 :- not unit2zoneGEQ(V2,V2), partnerunits(V2,V1), zone2sensor(V1,V2).
 :- not unit2zoneGEQ(V1,V2), unit2zoneGEQ(V1,V1), zone2sensor(V1,V2).
"
82,./PUP/doublev_weight/,2-doublev-9.lp,Enumerate,Standard,Full,1,1,26645,DEFAULT,9.373,126.167,200,1,0," :- not zone2sensor(V2,V2), unit2zoneGEQ(V1,V2), unit2zoneGEQ(V2,V1).
"
83,./PUP/doublev_weight/,2-doublev-9.lp,Enumerate,Standard,Full,1,2,4448,DEFAULT,18.683,529.397,400,2,0," :- not unit2sensorGEQ(V2,V1), not unit2zoneGEQ(V1,V1), partnerunits(V1,V2).
 :- not unit2sensorGEQ(V1,V2), not unit2zoneGEQ(V1,V1), partnerunits(V1,V2).
"
84,./PUP/doublev_weight/,2-doublev-9.lp,Enumerate,Standard,Full,1,3,12868,DEFAULT,28.223,416.395,600,3,0," :- not unit2zoneGEQ(V2,V2), partnerunits(V2,V1), zone2sensor(V1,V2).
 :- not unit2zoneGEQ(V1,V2), unit2zoneGEQ(V1,V1), zone2sensor(V1,V2).
"
85,./PUP/doublev_weight/,2-doublev-9.lp,Enumerate,Standard,Full,1,1,1769,DEFAULT,9.696,207.013,200,1,0," :- not unit2zoneGEQ(V1,V1), zone2sensor(V1,V1).
 :- not zone2sensor(V2,V1), unit2zoneGEQ(V1,V2), unit2zoneGEQ(V2,V1).
"
86,./PUP/doublev_weight/,2-doublev-9.lp,Enumerate,Standard,Full,1,2,8467,DEFAULT,18.58,176.118,400,2,0," :- not unit2zoneGEQ(V1,V1), zone2sensor(V1,V1).
 :- not zone2sensor(V1,V2), unit2zoneGEQ(V1,V2), unit2zoneGEQ(V2,V1).
"
87,./PUP/doublev_weight/,2-doublev-9.lp,Enumerate,Standard,Full,1,3,14775,DEFAULT,27.95,197.219,600,3,0," :- partnerunits(V2,V1), zone2sensor(V1,V2).
 :- not zone2sensor(V1,V1), unit2sensorGEQ(V1,V1), unit2zoneGEQ(V1,V1).
"
88,./PUP/doublev_weight/,2-doublev-9.lp,Enumerate,Standard,Full,1,1,2212,DEFAULT,9.446,140.402,200,1,0," :- not zone2sensor(V2,V2), unit2zoneGEQ(V1,V2), unit2zoneGEQ(V2,V1).
"
89,./PUP/doublev_weight/,2-doublev-9.lp,Enumerate,Standard,Full,1,2,9472,DEFAULT,18.135,189.9,400,2,0," :- partnerunits(V2,V1), zone2sensor(V1,V2).
 :- not unit2sensorGEQ(V2,V1), partnerunits(V1,V2), zone2sensor(V1,V1).
"
90,./PUP/doublev_weight/,2-doublev-9.lp,Enumerate,Standard,Full,1,3,1280,DEFAULT,28.195,184.527,600,3,0," :- not zone2sensor(V1,V1), unit2zoneGEQ(V1,V1).
 :- not unit2zoneGEQ(V2,V2), partnerunits(V1,V2), zone2sensor(V1,V2).
"
91,./PUP/doublev_weight/,2-doublev-9.lp,Enumerate,Standard,Full,1,1,13383,DEFAULT,10.647,453.949,200,1,0," :- not unit2zoneGEQ(V2,V2), partnerunits(V2,V1), zone2sensor(V1,V2).
 :- not unit2zoneGEQ(V1,V2), unit2zoneGEQ(V1,V1), zone2sensor(V1,V2).
"
92,./PUP/doublev_weight/,2-doublev-9.lp,Enumerate,Standard,Full,1,2,2517,DEFAULT,18.926,264.563,400,2,0," :- partnerunits(V2,V1), zone2sensor(V1,V2).
 :- not unit2sensorGEQ(V2,V1), partnerunits(V1,V2), zone2sensor(V1,V1).
"
93,./PUP/doublev_weight/,2-doublev-9.lp,Enumerate,Standard,Full,1,3,20286,DEFAULT,29.61,419.647,600,3,0," :- not unit2zoneGEQ(V2,V2), partnerunits(V2,V1), zone2sensor(V1,V2).
 :- not unit2zoneGEQ(V1,V2), unit2zoneGEQ(V1,V1), zone2sensor(V1,V2).
"
94,./PUP/doublev_weight/,2-doublev-9.lp,Enumerate,Standard,Full,1,1,13727,DEFAULT,9.641,348.467,200,1,0," :- not unit2zoneGEQ(V1,V1), not zone2sensor(V1,V1), unit2sensorGEQ(V1,V1).
 :- partnerunits(V1,V2), unit2zoneGEQ(V2,V2), zone2sensor(V1,V2).
"
95,./PUP/doublev_weight/,2-doublev-9.lp,Enumerate,Standard,Full,1,2,15928,DEFAULT,19.289,662.678,400,2,0," :- closesensors(V2,V1), partnerunits(V2,V1), zone2sensor(V1,V2).
 :- not unit2zoneGEQ(V1,V2), not zone2sensor(V2,V2), partnerunits(V1,V2).
"
96,./PUP/doublev_weight/,2-doublev-9.lp,Enumerate,Standard,Full,1,3,18316,DEFAULT,27.454,1116.59,600,3,0," :- not unit2sensorGEQ(V1,V2), unit2sensorGEQ(V2,V2), zone2sensor(V1,V1).
 :- partnerunits(V1,V2), unit2zoneGEQ(V2,V1), zone2sensor(V1,V2).
 :- not unit2sensorGEQ(V1,V2), not unit2zoneGEQ(V1,V1), partnerunits(V1,V2).
"
97,./PUP/doublev_weight/,2-doublev-9.lp,Enumerate,Standard,Full,1,1,32033,DEFAULT,9.432,261.329,200,1,0," :- not zone2sensor(V1,V1), unit2zoneGEQ(V1,V1).
 :- not unit2zoneGEQ(V2,V2), partnerunits(V2,V1), zone2sensor(V1,V2).
"
98,./PUP/doublev_weight/,2-doublev-9.lp,Enumerate,Standard,Full,1,2,32598,DEFAULT,17.897,273.964,400,2,0," :- partnerunits(V2,V1), zone2sensor(V1,V2).
 :- not unit2sensorGEQ(V2,V1), partnerunits(V1,V2), zone2sensor(V1,V1).
"
99,./PUP/doublev_weight/,2-doublev-9.lp,Enumerate,Standard,Full,1,3,11310,DEFAULT,26.476,281.561,600,3,0," :- partnerunits(V2,V1), zone2sensor(V1,V2).
 :- not unit2sensorGEQ(V2,V1), partnerunits(V1,V2), zone2sensor(V1,V1).
"
100,./PUP/doublev_weight/,2-doublev-9.lp,Enumerate,Standard,Full,1,1,30414,DEFAULT,9.246,353.255,200,1,0," :- partnerunits(V2,V1), zone2sensor(V1,V2).
 :- not unit2sensorGEQ(V2,V1), unit2zoneGEQ(V2,V2), zone2sensor(V1,V1).
"
101,./PUP/doublev_weight/,2-doublev-9.lp,Enumerate,Standard,Full,1,2,7830,DEFAULT,18.037,162.479,400,2,0," :- partnerunits(V2,V1), zone2sensor(V1,V2).
 :- not unit2sensorGEQ(V2,V1), partnerunits(V1,V2), zone2sensor(V1,V1).
"
102,./PUP/doublev_weight/,2-doublev-9.lp,Enumerate,Standard,Full,1,3,31417,DEFAULT,27.156,977.025,600,3,0," :- not closezones(V2,V1), partnerunits(V2,V1), zone2sensor(V1,V2).
 :- not unit2sensorGEQ(V2,V1), not unit2zoneGEQ(V2,V2), partnerunits(V1,V2).
 :- partnerunits(V1,V2), unit2zoneGEQ(V1,V2), unit2zoneGEQ(V2,V1).
"
103,./PUP/doublev_weight/,2-doublev-9.lp,Enumerate,Standard,Full,1,1,31869,DEFAULT,8.835,299.06,200,1,0," :- closezones(V2,V1), unit2zoneGEQ(V2,V2), zone2sensor(V1,V1).
 :- partnerunits(V1,V2), unit2sensorGEQ(V2,V2), zone2sensor(V1,V1).
"
104,./PUP/doublev_weight/,2-doublev-9.lp,Enumerate,Standard,Full,1,2,22564,DEFAULT,17.383,28.35,400,2,0," :- partnerunits(V1,V2), zone2sensor(V1,V2).
"
105,./PUP/doublev_weight/,2-doublev-9.lp,Enumerate,Standard,Full,1,3,7051,DEFAULT,27.715,940.843,600,3,0," :- not unit2zoneGEQ(V1,V1), zone2sensor(V1,V1).
 :- partnerunits(V2,V1), unit2zoneGEQ(V1,V1), zone2sensor(V1,V2).
 :- not unit2sensorGEQ(V1,V1), not unit2sensorGEQ(V1,V2), partnerunits(V1,V2).
"
106,./PUP/doublev_weight/,2-doublev-9.lp,Enumerate,Standard,Full,1,1,8543,DEFAULT,8.997,355.581,200,1,0," :- partnerunits(V1,V2), zone2sensor(V1,V2).
 :- not unit2sensorGEQ(V2,V1), partnerunits(V1,V2), zone2sensor(V1,V1).
"
107,./PUP/doublev_weight/,2-doublev-9.lp,Enumerate,Standard,Full,1,2,12158,DEFAULT,17.767,46.354,400,2,0," :- partnerunits(V1,V2), zone2sensor(V1,V2).
"
108,./PUP/doublev_weight/,2-doublev-9.lp,Enumerate,Standard,Full,1,3,16923,DEFAULT,28.38,708.007,600,3,0," :- not zone2sensor(V1,V1), unit2zoneGEQ(V1,V1).
 :- not unit2zoneGEQ(V2,V2), partnerunits(V1,V2), zone2sensor(V1,V2).
 :- not unit2sensorGEQ(V1,V1), partnerunits(V2,V1), unit2zoneGEQ(V1,V2).
"
109,./PUP/doublev_weight/,2-doublev-9.lp,Enumerate,Standard,Full,1,1,16687,DEFAULT,9.662,173.009,200,1,0," :- not zone2sensor(V1,V1), unit2zoneGEQ(V1,V1).
 :- not unit2zoneGEQ(V2,V2), partnerunits(V2,V1), zone2sensor(V1,V2).
"
110,./PUP/doublev_weight/,2-doublev-9.lp,Enumerate,Standard,Full,1,2,27416,DEFAULT,19.29,504.652,400,2,0," :- partnerunits(V1,V2), unit2zoneGEQ(V2,V1), zone2sensor(V1,V2).
 :- not unit2sensorGEQ(V1,V1), not unit2zoneGEQ(V2,V2), unit2sensorGEQ(V1,V2).
"
111,./PUP/doublev_weight/,2-doublev-9.lp,Enumerate,Standard,Full,1,3,21083,DEFAULT,26.991,526.949,600,3,0," :- partnerunits(V1,V2), zone2sensor(V1,V2).
 :- not unit2sensorGEQ(V2,V1), partnerunits(V1,V2), zone2sensor(V1,V1).
"
112,./PUP/doublev_weight/,2-doublev-9.lp,Enumerate,Standard,Full,1,1,16567,DEFAULT,9.419,384.412,200,1,0," :- not unit2sensorGEQ(V2,V1), unit2zoneGEQ(V1,V1), zone2sensor(V1,V2).
 :- not unit2zoneGEQ(V2,V2), partnerunits(V2,V1), zone2sensor(V1,V2).
"
113,./PUP/doublev_weight/,2-doublev-9.lp,Enumerate,Standard,Full,1,2,70,DEFAULT,17.647,227.93,400,2,0," :- partnerunits(V1,V2), zone2sensor(V1,V2).
 :- not unit2sensorGEQ(V2,V1), partnerunits(V2,V1), zone2sensor(V1,V1).
"
114,./PUP/doublev_weight/,2-doublev-9.lp,Enumerate,Standard,Full,1,3,22154,DEFAULT,28.462,368.41,600,3,0," :- not unit2zoneGEQ(V2,V2), partnerunits(V2,V1), zone2sensor(V1,V2).
 :- not unit2zoneGEQ(V1,V2), unit2zoneGEQ(V1,V1), zone2sensor(V1,V2).
"
115,./PUP/doublev_weight/,2-doublev-9.lp,Enumerate,Standard,Full,1,1,16699,DEFAULT,9.298,270.43,200,1,0," :- not zone2sensor(V1,V1), unit2zoneGEQ(V1,V1).
 :- not unit2zoneGEQ(V2,V2), partnerunits(V2,V1), zone2sensor(V1,V2).
"
116,./PUP/doublev_weight/,2-doublev-9.lp,Enumerate,Standard,Full,1,2,25944,DEFAULT,18.761,243.759,400,2,0," :- partnerunits(V1,V2), zone2sensor(V1,V2).
 :- not unit2sensorGEQ(V2,V1), partnerunits(V2,V1), zone2sensor(V1,V1).
"
117,./PUP/doublev_weight/,2-doublev-9.lp,Enumerate,Standard,Full,1,3,15838,DEFAULT,26.184,308.534,600,3,0," :- partnerunits(V1,V2), zone2sensor(V1,V2).
 :- not unit2sensorGEQ(V2,V1), partnerunits(V2,V1), zone2sensor(V1,V1).
"
118,./PUP/doublev_weight/,2-doublev-9.lp,Enumerate,Standard,Full,1,1,2753,DEFAULT,9.437,479.016,200,1,0," :- not unit2sensorGEQ(V2,V1), unit2zoneGEQ(V2,V2), zone2sensor(V1,V1).
 :- not unit2sensorGEQ(V2,V2), unit2sensorGEQ(V1,V2), zone2sensor(V1,V2).
"
119,./PUP/doublev_weight/,2-doublev-9.lp,Enumerate,Standard,Full,1,2,31792,DEFAULT,18.072,349.265,400,2,0," :- partnerunits(V1,V2), zone2sensor(V1,V2).
 :- not unit2sensorGEQ(V2,V1), partnerunits(V2,V1), zone2sensor(V1,V1).
"
120,./PUP/doublev_weight/,2-doublev-9.lp,Enumerate,Standard,Full,1,3,6602,DEFAULT,28.98,1090.3,600,3,1," :- not unit2sensorGEQ(V2,V2), partnerunits(V2,V1), zone2sensor(V1,V2).
 :- not unit2sensorGEQ(V1,V2), unit2sensorGEQ(V2,V2), unit2zoneGEQ(V1,V1).
 :- not unit2sensorGEQ(V2,V1), unit2sensorGEQ(V1,V2), zone2sensor(V1,V2).
"
