,Directory,Files analysed with SBASS,Learning mode,Ordering,SBC,Iteration,Cell,Seed,Version,Time for creating examples,Time for solving ILP task,Total neg examples,Total pos examples,Neg examples uncovered,Learned Constraints
1,./PUP/doublev_weight/,2-doublev-9.lp,Enumerate,Alternative,Partial,1,101,31681,DEFAULT,1.823,852.275,85,16,8," :- closesensors(V1,V2), unit2zoneGEQ(V1,V2), unit2zoneGEQ(V2,V1).
"
2,./PUP/doublev_weight/,2-doublev-9.lp,Enumerate,Alternative,Partial,1,202,4634,DEFAULT,3.689,0,202,0,202,
3,./PUP/doublev_weight/,2-doublev-9.lp,Enumerate,Alternative,Partial,1,303,16837,DEFAULT,5.687,1940.03,289,14,14," :- not closesensors(V2,V1), partnerunits(V2,V1), zone2sensor(V1,V2).
 :- not zone2sensor(V1,V1), unit2sensorGEQ(V1,V1), unit2zoneGEQ(V1,V1).
"
5,./PUP/doublev_weight/,2-doublev-9.lp,Enumerate,Alternative,Partial,1,202,22084,DEFAULT,3.523,1949.9,172,30,16," :- not unit2zoneGEQ(V1,V1), zone2sensor(V1,V1).
 :- not zone2sensor(V1,V1), unit2sensorGEQ(V1,V1), unit2zoneGEQ(V1,V1).
 :- not unit2sensorGEQ(V2,V2), unit2sensorGEQ(V2,V1), unit2zoneGEQ(V1,V1).
"
6,./PUP/doublev_weight/,2-doublev-9.lp,Enumerate,Alternative,Partial,1,303,24758,DEFAULT,5.781,588.885,295,8,2," :- not unit2zoneGEQ(V1,V2), unit2zoneGEQ(V2,V2), zone2sensor(V1,V1).
 :- closesensors(V1,V2), unit2sensorGEQ(V1,V2), unit2sensorGEQ(V2,V1).
 :- not unit2sensorGEQ(V1,V1), unit2sensorGEQ(V1,V2), unit2zoneGEQ(V1,V2).
"
10,./PUP/doublev_weight/,2-doublev-9.lp,Enumerate,Alternative,Partial,1,101,8598,DEFAULT,1.787,165.476,86,15,0," :- not unit2zoneGEQ(V1,V1), unit2sensorGEQ(V1,V1), zone2sensor(V1,V1).
 :- not closesensors(V1,V2), not closezones(V1,V2), partnerunits(V1,V2).
 :- not unit2sensorGEQ(V1,V1), unit2sensorGEQ(V2,V1), unit2zoneGEQ(V1,V2).
"
11,./PUP/doublev_weight/,2-doublev-9.lp,Enumerate,Alternative,Partial,1,202,21172,DEFAULT,3.694,0,202,0,202,
15,./PUP/doublev_weight/,2-doublev-9.lp,Enumerate,Alternative,Partial,1,303,1743,DEFAULT,5.294,3283.28,293,10,15," :- not unit2sensorGEQ(V1,V1), unit2zoneGEQ(V1,V1).
 :- not unit2sensorGEQ(V2,V2), unit2zoneGEQ(V2,V1), zone2sensor(V1,V2).
 :- closesensors(V2,V1), not unit2sensorGEQ(V1,V1), unit2sensorGEQ(V1,V2).
 :- not unit2zoneGEQ(V2,V1), unit2sensorGEQ(V2,V2), unit2zoneGEQ(V1,V1).
 :- not unit2sensorGEQ(V2,V2), unit2sensorGEQ(V2,V1), unit2zoneGEQ(V1,V1).
"
17,./PUP/doublev_weight/,2-doublev-9.lp,Enumerate,Alternative,Partial,1,202,22856,DEFAULT,3.85,2215.01,184,18,10," :- not closesensors(V1,V2), not closezones(V2,V1), partnerunits(V1,V2).
 :- closesensors(V1,V2), unit2zoneGEQ(V1,V2), unit2zoneGEQ(V2,V1).
"
20,./PUP/doublev_weight/,2-doublev-9.lp,Enumerate,Alternative,Partial,1,202,13658,DEFAULT,3.572,2037.88,182,20,14," :- not unit2sensorGEQ(V1,V1), zone2sensor(V1,V1).
 :- not unit2zoneGEQ(V1,V1), unit2sensorGEQ(V1,V2), zone2sensor(V1,V2).
 :- not unit2zoneGEQ(V1,V2), not unit2zoneGEQ(V2,V1), partnerunits(V1,V2).
"
22,./PUP/doublev_weight/,2-doublev-9.lp,Enumerate,Alternative,Partial,1,101,16849,DEFAULT,1.839,676.754,91,10,7," :- not unit2zoneGEQ(V1,V2), partnerunits(V1,V2), zone2sensor(V1,V1).
 :- closesensors(V1,V2), unit2zoneGEQ(V1,V2), unit2zoneGEQ(V2,V1).
"
25,./PUP/doublev_weight/,2-doublev-9.lp,Enumerate,Alternative,Partial,1,101,6709,DEFAULT,1.819,1099.4,97,4,0," :- not zone2sensor(V1,V1), unit2zoneGEQ(V1,V1).
 :- closesensors(V2,V1), not unit2zoneGEQ(V2,V1), partnerunits(V1,V2).
"
34,./PUP/doublev_weight/,2-doublev-9.lp,Enumerate,Alternative,Partial,1,101,10456,DEFAULT,1.963,3398.38,88,13,27," :- not unit2zoneGEQ(V1,V1), zone2sensor(V1,V1).
 :- not unit2sensorGEQ(V1,V1), zone2sensor(V1,V1).
"
43,./PUP/doublev_weight/,2-doublev-9.lp,Enumerate,Alternative,Partial,1,101,14690,DEFAULT,1.817,211.704,93,8,0," :- closesensors(V1,V2), not unit2sensorGEQ(V1,V1), unit2sensorGEQ(V1,V2).
 :- not unit2zoneGEQ(V1,V2), unit2zoneGEQ(V2,V2), zone2sensor(V1,V1).
"
46,./PUP/doublev_weight/,2-doublev-9.lp,Enumerate,Alternative,Partial,1,101,10222,DEFAULT,1.963,0,101,0,101,
52,./PUP/doublev_weight/,2-doublev-9.lp,Enumerate,Alternative,Partial,1,101,759,DEFAULT,2.055,293.118,96,5,0," :- not unit2sensorGEQ(V1,V1), zone2sensor(V1,V1).
 :- not closezones(V2,V1), partnerunits(V2,V1), zone2sensor(V1,V2).
 :- not unit2sensorGEQ(V1,V2), partnerunits(V1,V2), zone2sensor(V1,V2).
"
53,./PUP/doublev_weight/,2-doublev-9.lp,Enumerate,Alternative,Partial,1,202,2001,DEFAULT,3.672,0,202,0,202,
58,./PUP/doublev_weight/,2-doublev-9.lp,Enumerate,Alternative,Partial,1,101,26985,DEFAULT,1.81,1857.22,96,5,16," :- not unit2zoneGEQ(V1,V1), zone2sensor(V1,V1).
 :- not zone2sensor(V1,V1), unit2sensorGEQ(V1,V1), unit2zoneGEQ(V1,V1).
 :- not unit2sensorGEQ(V2,V2), unit2sensorGEQ(V2,V1), unit2zoneGEQ(V1,V1).
"
59,./PUP/doublev_weight/,2-doublev-9.lp,Enumerate,Alternative,Partial,1,202,16281,DEFAULT,3.67,0,202,0,202,
60,./PUP/doublev_weight/,2-doublev-9.lp,Enumerate,Alternative,Partial,1,303,16345,DEFAULT,5.646,0,303,0,303,
61,./PUP/doublev_weight/,2-doublev-9.lp,Enumerate,Alternative,Partial,1,201,14189,DEFAULT,3.551,1982.25,180,21,21," :- not unit2zoneGEQ(V1,V1), zone2sensor(V1,V1).
 :- not zone2sensor(V1,V1), unit2sensorGEQ(V1,V1), unit2zoneGEQ(V1,V1).
 :- not unit2sensorGEQ(V2,V2), unit2sensorGEQ(V2,V1), unit2zoneGEQ(V1,V1).
"
67,./PUP/doublev_weight/,2-doublev-9.lp,Enumerate,Alternative,Partial,1,201,17876,DEFAULT,3.579,1401.42,188,13,5," :- not unit2sensorGEQ(V1,V2), unit2zoneGEQ(V1,V1), zone2sensor(V1,V2).
 :- not closezones(V1,V2), not unit2sensorGEQ(V1,V1), unit2sensorGEQ(V1,V2).
"
73,./PUP/doublev_weight/,2-doublev-9.lp,Enumerate,Alternative,Partial,1,201,5107,DEFAULT,3.697,0,201,0,201,
76,./PUP/doublev_weight/,2-doublev-9.lp,Enumerate,Alternative,Partial,1,201,9373,DEFAULT,3.895,559.872,197,4,3," :- partnerunits(V1,V2), unit2sensorGEQ(V1,V1), zone2sensor(V1,V2).
 :- not unit2sensorGEQ(V2,V1), unit2sensorGEQ(V2,V2), zone2sensor(V1,V1).
 :- not unit2zoneGEQ(V1,V2), partnerunits(V2,V1), unit2zoneGEQ(V1,V1).
"
82,./PUP/doublev_weight/,2-doublev-9.lp,Enumerate,Alternative,Partial,1,201,26645,DEFAULT,3.717,826.854,177,24,5," :- closesensors(V1,V2), unit2zoneGEQ(V1,V2), unit2zoneGEQ(V2,V1).
 :- partnerunits(V1,V2), unit2zoneGEQ(V1,V2), unit2zoneGEQ(V2,V1).
"
83,./PUP/doublev_weight/,2-doublev-9.lp,Enumerate,Alternative,Partial,1,402,4448,DEFAULT,7.693,0,402,0,402,
85,./PUP/doublev_weight/,2-doublev-9.lp,Enumerate,Alternative,Partial,1,201,1769,DEFAULT,4.378,0,201,0,201,
101,./PUP/doublev_weight/,2-doublev-9.lp,Enumerate,Alternative,Partial,1,402,7830,DEFAULT,7.135,512.648,394,8,0," :- not zone2sensor(V1,V1), unit2zoneGEQ(V1,V1).
 :- not unit2sensorGEQ(V2,V1), unit2zoneGEQ(V2,V2), zone2sensor(V1,V1).
 :- not unit2zoneGEQ(V2,V1), unit2sensorGEQ(V2,V1), unit2zoneGEQ(V1,V1).
"
103,./PUP/doublev_weight/,2-doublev-9.lp,Enumerate,Alternative,Partial,1,201,31869,DEFAULT,3.647,391.657,181,20,2," :- not unit2zoneGEQ(V1,V1), unit2sensorGEQ(V1,V1), zone2sensor(V1,V1).
 :- not closesensors(V1,V2), partnerunits(V2,V1), zone2sensor(V1,V1).
 :- closesensors(V1,V2), unit2zoneGEQ(V1,V2), unit2zoneGEQ(V2,V1).
"
109,./PUP/doublev_weight/,2-doublev-9.lp,Enumerate,Alternative,Partial,1,201,16687,DEFAULT,3.462,94.963,197,4,2," :- not closesensors(V2,V1), not unit2zoneGEQ(V2,V2), partnerunits(V1,V2).
"
115,./PUP/doublev_weight/,2-doublev-9.lp,Enumerate,Alternative,Partial,1,201,16699,DEFAULT,3.744,0,201,0,201,
117,./PUP/doublev_weight/,2-doublev-9.lp,Enumerate,Alternative,Partial,1,603,15838,DEFAULT,11.333,850.834,599,4,4," :- not zone2sensor(V1,V1), unit2sensorGEQ(V1,V1), unit2zoneGEQ(V1,V1).
 :- not closezones(V2,V1), not unit2zoneGEQ(V2,V2), partnerunits(V1,V2).
 :- partnerunits(V2,V1), unit2zoneGEQ(V2,V1), zone2sensor(V1,V2).
"
118,./PUP/doublev_weight/,2-doublev-9.lp,Enumerate,Alternative,Partial,1,201,2753,DEFAULT,3.548,601.682,199,2,0," :- closezones(V2,V1), unit2zoneGEQ(V2,V2), zone2sensor(V1,V1).
 :- closesensors(V2,V1), not unit2zoneGEQ(V1,V2), unit2sensorGEQ(V1,V2).
"
