,Directory,Files analysed with SBASS,Learning mode,Ordering,SBC,Iteration,Cell,Seed,Version,Time for creating examples,Time for solving ILP task,Total neg examples,Total pos examples,Neg examples uncovered,Learned Constraints
1,./PUP/doublev_weight/,2-doublev-9.lp,Enumerate,Alternative,Full,1,1,31681,DEFAULT,14.112,1016.57,100,1,0," :- not unit2zoneGEQ(V1,V1), unit2sensorGEQ(V1,V1).
 :- closezones(V1,V2), unit2zoneGEQ(V1,V2), unit2zoneGEQ(V2,V1).
"
4,./PUP/doublev_weight/,2-doublev-9.lp,Enumerate,Alternative,Full,1,1,15262,DEFAULT,28.68,1213.54,100,1,0," :- not closesensors(V1,V2), partnerunits(V2,V1), zone2sensor(V1,V1).
 :- not unit2zoneGEQ(V3,V2), unit2sensorGEQ(V3,V1), unit2zoneGEQ(V1,V2).
"
5,./PUP/doublev_weight/,2-doublev-9.lp,Enumerate,Alternative,Full,1,2,22084,DEFAULT,60.231,1726.69,200,2,0," :- closesensors(V1,V2), not unit2zoneGEQ(V2,V2), partnerunits(V1,V2).
 :- closesensors(V1,V2), not unit2zoneGEQ(V1,V2), unit2sensorGEQ(V1,V2).
"
7,./PUP/doublev_weight/,2-doublev-9.lp,Enumerate,Alternative,Full,1,1,3718,DEFAULT,28.46,2863.95,100,1,0," :- not unit2zoneGEQ(V1,V1), unit2sensorGEQ(V1,V1).
 :- closezones(V1,V2), unit2zoneGEQ(V1,V2), unit2zoneGEQ(V2,V1).
"
8,./PUP/doublev_weight/,2-doublev-9.lp,Enumerate,Alternative,Full,1,2,26796,DEFAULT,52.971,2597.38,200,2,0," :- not closesensors(V2,V1), partnerunits(V1,V2), zone2sensor(V1,V1).
 :- not unit2sensorGEQ(V2,V2), unit2sensorGEQ(V2,V1), zone2sensor(V1,V1).
 :- closezones(V2,V1), not unit2zoneGEQ(V1,V1), partnerunits(V1,V2).
"
9,./PUP/doublev_weight/,2-doublev-9.lp,Enumerate,Alternative,Full,1,3,25434,DEFAULT,81.588,2522.92,300,3,0," :- closezones(V1,V2), not zone2sensor(V1,V2), partnerunits(V1,V2).
 :- not unit2zoneGEQ(V1,V1), unit2sensorGEQ(V1,V1), zone2sensor(V1,V1).
 :- not closesensors(V2,V1), partnerunits(V1,V2), zone2sensor(V1,V1).
"
12,./PUP/doublev_weight/,2-doublev-9.lp,Enumerate,Alternative,Full,1,3,31928,DEFAULT,86.724,1733.25,300,3,0," :- not closesensors(V1,V2), partnerunits(V2,V1), zone2sensor(V1,V1).
 :- not unit2zoneGEQ(V1,V1), unit2sensorGEQ(V1,V2), zone2sensor(V1,V2).
 :- closesensors(V1,V2), unit2sensorGEQ(V1,V2), unit2sensorGEQ(V2,V1).
"
13,./PUP/doublev_weight/,2-doublev-9.lp,Enumerate,Alternative,Full,1,1,29690,DEFAULT,29.594,384.994,100,1,0," :- closesensors(V2,V1), not unit2zoneGEQ(V1,V2), unit2sensorGEQ(V1,V2).
"
16,./PUP/doublev_weight/,2-doublev-9.lp,Enumerate,Alternative,Full,1,1,26740,DEFAULT,28.992,1612.92,100,1,0," :- not unit2zoneGEQ(V1,V1), unit2sensorGEQ(V1,V1).
 :- closezones(V1,V2), unit2zoneGEQ(V1,V2), unit2zoneGEQ(V2,V1).
"
19,./PUP/doublev_weight/,2-doublev-9.lp,Enumerate,Alternative,Full,1,1,6751,DEFAULT,29.868,1910.38,100,1,0," :- not unit2sensorGEQ(V2,V2), unit2sensorGEQ(V2,V1), unit2zoneGEQ(V1,V1).
 :- not unit2sensorGEQ(V1,V1), not unit2zoneGEQ(V1,V1), partnerunits(V1,V2).
"
20,./PUP/doublev_weight/,2-doublev-9.lp,Enumerate,Alternative,Full,1,2,13658,DEFAULT,53.303,1136.98,200,2,0," :- not closesensors(V1,V2), partnerunits(V2,V1), zone2sensor(V1,V1).
 :- not unit2zoneGEQ(V2,V2), partnerunits(V1,V2), zone2sensor(V1,V1).
"
21,./PUP/doublev_weight/,2-doublev-9.lp,Enumerate,Alternative,Full,1,3,717,DEFAULT,75.127,955.002,300,3,0," :- not closesensors(V1,V2), not zone2sensor(V2,V1), partnerunits(V1,V2).
 :- not unit2zoneGEQ(V2,V2), unit2sensorGEQ(V2,V1), zone2sensor(V1,V2).
"
22,./PUP/doublev_weight/,2-doublev-9.lp,Enumerate,Alternative,Full,1,1,16849,DEFAULT,24.408,1181.17,100,1,0," :- closezones(V2,V1), not zone2sensor(V2,V1), partnerunits(V1,V2).
 :- not unit2zoneGEQ(V2,V2), unit2sensorGEQ(V1,V1), zone2sensor(V1,V2).
"
25,./PUP/doublev_weight/,2-doublev-9.lp,Enumerate,Alternative,Full,1,1,6709,DEFAULT,24.683,2578.51,100,1,0," :- not unit2zoneGEQ(V1,V1), unit2sensorGEQ(V1,V1).
 :- closezones(V1,V2), unit2zoneGEQ(V1,V2), unit2zoneGEQ(V2,V1).
"
28,./PUP/doublev_weight/,2-doublev-9.lp,Enumerate,Alternative,Full,1,1,11547,DEFAULT,27.903,682.59,100,1,0," :- not unit2zoneGEQ(V2,V2), unit2zoneGEQ(V2,V1), zone2sensor(V1,V2).
 :- not unit2sensorGEQ(V2,V2), unit2sensorGEQ(V2,V1), zone2sensor(V1,V1).
"
29,./PUP/doublev_weight/,2-doublev-9.lp,Enumerate,Alternative,Full,1,2,7260,DEFAULT,51.629,1274.15,200,2,0," :- not closesensors(V2,V1), partnerunits(V1,V2), zone2sensor(V1,V1).
 :- not unit2zoneGEQ(V2,V2), not zone2sensor(V1,V2), partnerunits(V1,V2).
"
31,./PUP/doublev_weight/,2-doublev-9.lp,Enumerate,Alternative,Full,1,1,16017,DEFAULT,24.357,305.62,100,1,0," :- not unit2zoneGEQ(V1,V2), not zone2sensor(V1,V2), partnerunits(V1,V2).
"
32,./PUP/doublev_weight/,2-doublev-9.lp,Enumerate,Alternative,Full,1,2,29417,DEFAULT,48.657,1414.8,200,2,0," :- closesensors(V2,V1), not unit2zoneGEQ(V1,V2), unit2sensorGEQ(V1,V1).
 :- not closesensors(V1,V2), not unit2zoneGEQ(V2,V2), partnerunits(V1,V2).
"
34,./PUP/doublev_weight/,2-doublev-9.lp,Enumerate,Alternative,Full,1,1,10456,DEFAULT,25.268,388.35,100,1,0," :- not zone2sensor(V2,V1), unit2sensorGEQ(V2,V1), unit2zoneGEQ(V1,V2).
"
35,./PUP/doublev_weight/,2-doublev-9.lp,Enumerate,Alternative,Full,1,2,25977,DEFAULT,45.426,751.281,200,2,0," :- not unit2zoneGEQ(V1,V1), unit2sensorGEQ(V1,V1).
 :- not closesensors(V2,V1), not zone2sensor(V1,V2), partnerunits(V1,V2).
"
36,./PUP/doublev_weight/,2-doublev-9.lp,Enumerate,Alternative,Full,1,3,20418,DEFAULT,62.67,1422.2,300,3,0," :- closezones(V2,V1), not zone2sensor(V1,V2), partnerunits(V1,V2).
 :- closesensors(V1,V2), unit2sensorGEQ(V1,V2), unit2sensorGEQ(V2,V1).
"
37,./PUP/doublev_weight/,2-doublev-9.lp,Enumerate,Alternative,Full,1,1,3380,DEFAULT,24.215,376.898,100,1,0," :- not unit2zoneGEQ(V2,V2), partnerunits(V2,V1), unit2sensorGEQ(V1,V1).
"
40,./PUP/doublev_weight/,2-doublev-9.lp,Enumerate,Alternative,Full,1,1,14157,DEFAULT,28.338,1657.98,100,1,0," :- not unit2zoneGEQ(V3,V2), unit2sensorGEQ(V3,V1), unit2zoneGEQ(V1,V2).
"
41,./PUP/doublev_weight/,2-doublev-9.lp,Enumerate,Alternative,Full,1,2,69,DEFAULT,45.805,899.718,200,2,0," :- not closesensors(V1,V2), not zone2sensor(V2,V1), partnerunits(V1,V2).
 :- closesensors(V1,V2), unit2sensorGEQ(V1,V2), unit2sensorGEQ(V2,V1).
"
42,./PUP/doublev_weight/,2-doublev-9.lp,Enumerate,Alternative,Full,1,3,3023,DEFAULT,75.407,97.419,300,3,0," :- closezones(V1,V2), not zone2sensor(V2,V1), partnerunits(V1,V2).
"
44,./PUP/doublev_weight/,2-doublev-9.lp,Enumerate,Alternative,Full,1,2,13524,DEFAULT,52.671,3004.32,200,2,2," :- not closesensors(V2,V1), partnerunits(V2,V1), zone2sensor(V1,V1).
 :- not unit2zoneGEQ(V1,V1), unit2sensorGEQ(V1,V2), zone2sensor(V1,V2).
 :- not unit2zoneGEQ(V2,V1), unit2sensorGEQ(V2,V1), zone2sensor(V1,V1).
"
45,./PUP/doublev_weight/,2-doublev-9.lp,Enumerate,Alternative,Full,1,3,15622,DEFAULT,73.133,1534.17,300,3,0," :- closezones(V2,V1), not zone2sensor(V1,V2), partnerunits(V1,V2).
 :- closesensors(V1,V2), unit2sensorGEQ(V1,V2), unit2sensorGEQ(V2,V1).
"
46,./PUP/doublev_weight/,2-doublev-9.lp,Enumerate,Alternative,Full,1,1,10222,DEFAULT,20.123,295.542,100,1,0," :- closezones(V1,V2), not zone2sensor(V1,V2), partnerunits(V1,V2).
"
49,./PUP/doublev_weight/,2-doublev-9.lp,Enumerate,Alternative,Full,1,1,6652,DEFAULT,27.962,1962.79,100,1,0," :- not zone2sensor(V1,V1), unit2sensorGEQ(V1,V1), unit2zoneGEQ(V1,V1).
 :- not unit2sensorGEQ(V1,V2), not unit2zoneGEQ(V2,V1), partnerunits(V1,V2).
"
52,./PUP/doublev_weight/,2-doublev-9.lp,Enumerate,Alternative,Full,1,1,759,DEFAULT,23.196,1298.69,100,1,0," :- not unit2zoneGEQ(V1,V1), zone2sensor(V1,V1).
 :- not unit2sensorGEQ(V2,V2), unit2sensorGEQ(V1,V2), zone2sensor(V1,V2).
"
55,./PUP/doublev_weight/,2-doublev-9.lp,Enumerate,Alternative,Full,1,1,2905,DEFAULT,22.488,1493.8,100,1,0," :- closezones(V1,V2), not zone2sensor(V2,V1), partnerunits(V1,V2).
 :- not unit2zoneGEQ(V2,V2), not zone2sensor(V1,V2), partnerunits(V1,V2).
"
56,./PUP/doublev_weight/,2-doublev-9.lp,Enumerate,Alternative,Full,1,2,27702,DEFAULT,47.816,1230.67,200,2,0," :- not closesensors(V1,V2), not zone2sensor(V1,V2), partnerunits(V1,V2).
 :- closesensors(V1,V2), unit2sensorGEQ(V1,V2), unit2sensorGEQ(V2,V1).
"
58,./PUP/doublev_weight/,2-doublev-9.lp,Enumerate,Alternative,Full,1,1,26985,DEFAULT,26.466,1318.68,100,1,0," :- not unit2zoneGEQ(V3,V2), unit2sensorGEQ(V3,V1), unit2zoneGEQ(V1,V2).
"
59,./PUP/doublev_weight/,2-doublev-9.lp,Enumerate,Alternative,Full,1,2,16281,DEFAULT,43.799,1420.96,200,2,0," :- not unit2zoneGEQ(V1,V1), zone2sensor(V1,V1).
 :- not closesensors(V2,V1), partnerunits(V1,V2), zone2sensor(V1,V1).
 :- not unit2zoneGEQ(V3,V2), unit2sensorGEQ(V3,V1), unit2zoneGEQ(V1,V2).
"
61,./PUP/doublev_weight/,2-doublev-9.lp,Enumerate,Alternative,Full,1,1,14189,DEFAULT,27.754,3063.88,200,1,0," :- not unit2zoneGEQ(V1,V1), not zone2sensor(V2,V1), partnerunits(V1,V2).
 :- closezones(V1,V2), unit2sensorGEQ(V1,V2), unit2sensorGEQ(V2,V1).
"
62,./PUP/doublev_weight/,2-doublev-9.lp,Enumerate,Alternative,Full,1,2,21352,DEFAULT,53.266,2433.63,400,2,0," :- not unit2zoneGEQ(V1,V1), not unit2zoneGEQ(V2,V2), partnerunits(V1,V2).
 :- not unit2zoneGEQ(V3,V2), unit2sensorGEQ(V3,V1), unit2zoneGEQ(V1,V2).
"
64,./PUP/doublev_weight/,2-doublev-9.lp,Enumerate,Alternative,Full,1,1,24318,DEFAULT,28.475,1038.3,200,1,0," :- not unit2sensorGEQ(V2,V2), unit2sensorGEQ(V2,V1), zone2sensor(V1,V1).
 :- not unit2zoneGEQ(V2,V2), partnerunits(V2,V1), unit2sensorGEQ(V1,V1).
"
65,./PUP/doublev_weight/,2-doublev-9.lp,Enumerate,Alternative,Full,1,2,26740,DEFAULT,47.002,1676.27,400,2,0," :- not unit2zoneGEQ(V2,V2), unit2zoneGEQ(V2,V1), zone2sensor(V1,V1).
 :- not unit2zoneGEQ(V3,V2), unit2sensorGEQ(V3,V1), unit2zoneGEQ(V1,V2).
"
67,./PUP/doublev_weight/,2-doublev-9.lp,Enumerate,Alternative,Full,1,1,17876,DEFAULT,26.691,292.334,200,1,0," :- not zone2sensor(V2,V1), unit2sensorGEQ(V2,V1), unit2zoneGEQ(V1,V2).
"
70,./PUP/doublev_weight/,2-doublev-9.lp,Enumerate,Alternative,Full,1,1,28975,DEFAULT,29.018,2780.37,200,1,0," :- not unit2zoneGEQ(V1,V1), zone2sensor(V1,V1).
 :- not unit2sensorGEQ(V2,V2), unit2sensorGEQ(V2,V1), unit2zoneGEQ(V1,V1).
 :- not unit2sensorGEQ(V1,V2), not unit2zoneGEQ(V2,V1), partnerunits(V1,V2).
"
73,./PUP/doublev_weight/,2-doublev-9.lp,Enumerate,Alternative,Full,1,1,5107,DEFAULT,16.328,2807.43,200,1,0," :- not closesensors(V2,V1), not zone2sensor(V2,V1), partnerunits(V1,V2).
 :- not unit2zoneGEQ(V2,V2), unit2sensorGEQ(V2,V1), zone2sensor(V1,V2).
"
74,./PUP/doublev_weight/,2-doublev-9.lp,Enumerate,Alternative,Full,1,2,10838,DEFAULT,35.644,1367.82,400,2,0," :- not unit2zoneGEQ(V1,V1), zone2sensor(V1,V1).
 :- not closesensors(V2,V1), partnerunits(V1,V2), zone2sensor(V1,V1).
 :- not unit2zoneGEQ(V3,V2), unit2sensorGEQ(V3,V1), unit2zoneGEQ(V1,V2).
"
76,./PUP/doublev_weight/,2-doublev-9.lp,Enumerate,Alternative,Full,1,1,9373,DEFAULT,17.402,2552.98,200,1,0," :- not closesensors(V2,V1), partnerunits(V1,V2), zone2sensor(V1,V1).
 :- not unit2zoneGEQ(V2,V2), partnerunits(V2,V1), unit2sensorGEQ(V1,V1).
 :- closesensors(V1,V2), unit2sensorGEQ(V1,V2), unit2sensorGEQ(V2,V1).
"
78,./PUP/doublev_weight/,2-doublev-9.lp,Enumerate,Alternative,Full,1,3,5812,DEFAULT,44.82,3528.18,600,3,2," :- not closesensors(V2,V1), partnerunits(V2,V1), zone2sensor(V1,V1).
 :- not unit2zoneGEQ(V2,V2), unit2sensorGEQ(V2,V1), zone2sensor(V1,V1).
 :- not unit2sensorGEQ(V1,V2), not unit2sensorGEQ(V2,V1), partnerunits(V1,V2).
 :- partnerunits(V1,V2), unit2sensorGEQ(V1,V2), unit2sensorGEQ(V2,V1).
"
79,./PUP/doublev_weight/,2-doublev-9.lp,Enumerate,Alternative,Full,1,1,21123,DEFAULT,15.018,1143.99,200,1,0," :- not closesensors(V1,V2), not unit2zoneGEQ(V2,V2), partnerunits(V1,V2).
 :- closezones(V1,V2), unit2zoneGEQ(V1,V2), unit2zoneGEQ(V2,V1).
"
80,./PUP/doublev_weight/,2-doublev-9.lp,Enumerate,Alternative,Full,1,2,32737,DEFAULT,26.788,1572.02,400,2,0," :- closezones(V2,V1), not zone2sensor(V2,V1), partnerunits(V1,V2).
 :- not closesensors(V1,V2), partnerunits(V2,V1), zone2sensor(V1,V1).
"
81,./PUP/doublev_weight/,2-doublev-9.lp,Enumerate,Alternative,Full,1,3,2231,DEFAULT,33.021,2278.32,600,3,0," :- not unit2zoneGEQ(V1,V1), unit2sensorGEQ(V1,V1), zone2sensor(V1,V1).
 :- not unit2zoneGEQ(V3,V2), unit2sensorGEQ(V3,V1), unit2zoneGEQ(V1,V2).
 :- not unit2sensorGEQ(V2,V1), not unit2zoneGEQ(V1,V2), partnerunits(V1,V2).
"
82,./PUP/doublev_weight/,2-doublev-9.lp,Enumerate,Alternative,Full,1,1,26645,DEFAULT,9.836,473.979,200,1,0," :- not unit2zoneGEQ(V1,V1), zone2sensor(V1,V1).
 :- not closesensors(V2,V1), partnerunits(V2,V1), zone2sensor(V1,V1).
 :- not unit2zoneGEQ(V3,V2), unit2sensorGEQ(V3,V1), unit2zoneGEQ(V1,V2).
"
83,./PUP/doublev_weight/,2-doublev-9.lp,Enumerate,Alternative,Full,1,2,4448,DEFAULT,19.382,707.144,400,2,2," :- not closesensors(V1,V2), partnerunits(V1,V2), zone2sensor(V1,V1).
 :- not unit2zoneGEQ(V1,V1), unit2sensorGEQ(V1,V2), zone2sensor(V1,V2).
 :- closesensors(V1,V2), unit2sensorGEQ(V1,V2), unit2sensorGEQ(V2,V1).
"
85,./PUP/doublev_weight/,2-doublev-9.lp,Enumerate,Alternative,Full,1,1,1769,DEFAULT,9.515,1166.87,200,1,0," :- not closesensors(V1,V2), partnerunits(V2,V1), zone2sensor(V1,V1).
 :- not zone2sensor(V1,V1), unit2sensorGEQ(V1,V1), unit2zoneGEQ(V1,V1).
 :- closesensors(V2,V1), not unit2zoneGEQ(V2,V2), partnerunits(V1,V2).
"
86,./PUP/doublev_weight/,2-doublev-9.lp,Enumerate,Alternative,Full,1,2,8467,DEFAULT,19.084,620.65,400,2,0," :- closesensors(V2,V1), not unit2zoneGEQ(V2,V2), partnerunits(V1,V2).
 :- not unit2zoneGEQ(V1,V2), unit2sensorGEQ(V1,V2), unit2zoneGEQ(V1,V1).
"
87,./PUP/doublev_weight/,2-doublev-9.lp,Enumerate,Alternative,Full,1,3,14775,DEFAULT,25.677,805.469,600,3,0," :- closezones(V1,V2), not zone2sensor(V1,V2), partnerunits(V1,V2).
 :- not unit2sensorGEQ(V1,V1), unit2zoneGEQ(V1,V1), zone2sensor(V1,V1).
 :- not closesensors(V1,V2), partnerunits(V1,V2), zone2sensor(V1,V1).
 :- closesensors(V1,V2), unit2sensorGEQ(V1,V2), unit2sensorGEQ(V2,V1).
"
88,./PUP/doublev_weight/,2-doublev-9.lp,Enumerate,Alternative,Full,1,1,2212,DEFAULT,9.319,3067.87,200,1,0," :- not closesensors(V1,V2), partnerunits(V2,V1), zone2sensor(V1,V1).
 :- not unit2zoneGEQ(V2,V2), partnerunits(V2,V1), zone2sensor(V1,V1).
 :- not unit2sensorGEQ(V1,V1), not unit2zoneGEQ(V1,V2), unit2sensorGEQ(V1,V2).
"
89,./PUP/doublev_weight/,2-doublev-9.lp,Enumerate,Alternative,Full,1,2,9472,DEFAULT,17.355,1835.17,400,2,0," :- closezones(V1,V2), not zone2sensor(V1,V2), partnerunits(V1,V2).
 :- not closesensors(V2,V1), partnerunits(V1,V2), zone2sensor(V1,V1).
 :- closesensors(V2,V1), not unit2zoneGEQ(V1,V1), unit2sensorGEQ(V1,V2).
"
90,./PUP/doublev_weight/,2-doublev-9.lp,Enumerate,Alternative,Full,1,3,1280,DEFAULT,27.968,3098.61,600,3,1," :- not closesensors(V1,V2), partnerunits(V1,V2), zone2sensor(V1,V1).
 :- not unit2zoneGEQ(V1,V2), unit2sensorGEQ(V1,V2), zone2sensor(V1,V2).
 :- partnerunits(V1,V2), unit2sensorGEQ(V1,V2), unit2sensorGEQ(V2,V1).
 :- not unit2zoneGEQ(V2,V1), unit2sensorGEQ(V2,V1), unit2zoneGEQ(V1,V2).
"
91,./PUP/doublev_weight/,2-doublev-9.lp,Enumerate,Alternative,Full,1,1,13383,DEFAULT,9.429,516.931,200,1,0," :- not unit2zoneGEQ(V1,V1), unit2sensorGEQ(V1,V1).
 :- closezones(V1,V2), unit2zoneGEQ(V1,V2), unit2zoneGEQ(V2,V1).
"
92,./PUP/doublev_weight/,2-doublev-9.lp,Enumerate,Alternative,Full,1,2,2517,DEFAULT,17.132,709.794,400,2,0," :- closezones(V2,V1), not zone2sensor(V1,V2), partnerunits(V1,V2).
 :- not closesensors(V2,V1), partnerunits(V2,V1), zone2sensor(V1,V1).
 :- closesensors(V1,V2), unit2sensorGEQ(V1,V2), unit2sensorGEQ(V2,V1).
"
94,./PUP/doublev_weight/,2-doublev-9.lp,Enumerate,Alternative,Full,1,1,13727,DEFAULT,9.228,124.937,200,1,0," :- not zone2sensor(V2,V1), unit2sensorGEQ(V2,V1), unit2zoneGEQ(V1,V2).
"
95,./PUP/doublev_weight/,2-doublev-9.lp,Enumerate,Alternative,Full,1,2,15928,DEFAULT,18.746,2033.3,400,2,1," :- not closesensors(V2,V1), partnerunits(V2,V1), zone2sensor(V1,V1).
 :- not unit2zoneGEQ(V1,V1), not unit2zoneGEQ(V2,V2), partnerunits(V1,V2).
 :- not unit2zoneGEQ(V2,V1), unit2sensorGEQ(V2,V1), unit2zoneGEQ(V1,V1).
 :- not unit2sensorGEQ(V1,V2), not unit2sensorGEQ(V2,V1), partnerunits(V1,V2).
"
96,./PUP/doublev_weight/,2-doublev-9.lp,Enumerate,Alternative,Full,1,3,18316,DEFAULT,26.985,2216.73,600,3,5," :- not closesensors(V1,V2), partnerunits(V1,V2), zone2sensor(V1,V1).
 :- not unit2zoneGEQ(V2,V2), unit2sensorGEQ(V2,V1), zone2sensor(V1,V2).
 :- not unit2zoneGEQ(V1,V1), unit2sensorGEQ(V1,V2), zone2sensor(V1,V2).
 :- closesensors(V1,V2), unit2sensorGEQ(V1,V2), unit2sensorGEQ(V2,V1).
"
97,./PUP/doublev_weight/,2-doublev-9.lp,Enumerate,Alternative,Full,1,1,32033,DEFAULT,9.527,3442.66,200,1,0," :- not closesensors(V1,V2), partnerunits(V1,V2), zone2sensor(V1,V1).
 :- not unit2zoneGEQ(V2,V2), partnerunits(V2,V1), zone2sensor(V1,V1).
 :- not unit2sensorGEQ(V1,V1), not unit2zoneGEQ(V1,V2), unit2sensorGEQ(V1,V2).
"
98,./PUP/doublev_weight/,2-doublev-9.lp,Enumerate,Alternative,Full,1,2,32598,DEFAULT,17.584,1221.78,400,2,0," :- closezones(V2,V1), not zone2sensor(V2,V1), partnerunits(V1,V2).
 :- not closesensors(V1,V2), partnerunits(V2,V1), zone2sensor(V1,V1).
 :- closesensors(V1,V2), unit2sensorGEQ(V1,V2), unit2sensorGEQ(V2,V1).
"
99,./PUP/doublev_weight/,2-doublev-9.lp,Enumerate,Alternative,Full,1,3,11310,DEFAULT,25.802,1226.41,600,3,2," :- closezones(V1,V2), not zone2sensor(V1,V2), partnerunits(V1,V2).
 :- not closesensors(V2,V1), partnerunits(V1,V2), zone2sensor(V1,V1).
 :- closesensors(V1,V2), unit2sensorGEQ(V1,V2), unit2sensorGEQ(V2,V1).
"
100,./PUP/doublev_weight/,2-doublev-9.lp,Enumerate,Alternative,Full,1,1,30414,DEFAULT,8.652,408.12,200,1,0," :- closezones(V2,V1), not zone2sensor(V1,V2), partnerunits(V1,V2).
 :- not unit2zoneGEQ(V1,V1), not zone2sensor(V2,V1), partnerunits(V1,V2).
"
101,./PUP/doublev_weight/,2-doublev-9.lp,Enumerate,Alternative,Full,1,2,7830,DEFAULT,17.728,620.584,400,2,0," :- closezones(V2,V1), not zone2sensor(V1,V2), partnerunits(V1,V2).
 :- not closesensors(V1,V2), partnerunits(V2,V1), zone2sensor(V1,V1).
"
102,./PUP/doublev_weight/,2-doublev-9.lp,Enumerate,Alternative,Full,1,3,31417,DEFAULT,26.645,1372.78,600,3,5," :- not closesensors(V2,V1), partnerunits(V1,V2), zone2sensor(V1,V1).
 :- not unit2zoneGEQ(V1,V1), unit2sensorGEQ(V1,V2), zone2sensor(V1,V2).
 :- closesensors(V1,V2), unit2sensorGEQ(V1,V2), unit2sensorGEQ(V2,V1).
 :- not unit2zoneGEQ(V1,V1), partnerunits(V2,V1), unit2sensorGEQ(V1,V2).
"
103,./PUP/doublev_weight/,2-doublev-9.lp,Enumerate,Alternative,Full,1,1,31869,DEFAULT,8.596,632.682,200,1,0," :- not unit2zoneGEQ(V2,V2), unit2sensorGEQ(V1,V1), zone2sensor(V1,V2).
 :- not unit2zoneGEQ(V2,V2), not zone2sensor(V1,V2), partnerunits(V1,V2).
"
104,./PUP/doublev_weight/,2-doublev-9.lp,Enumerate,Alternative,Full,1,2,22564,DEFAULT,17.043,288.044,400,2,0," :- closezones(V2,V1), not zone2sensor(V1,V2), partnerunits(V1,V2).
 :- not closesensors(V1,V2), not unit2zoneGEQ(V2,V2), partnerunits(V1,V2).
"
105,./PUP/doublev_weight/,2-doublev-9.lp,Enumerate,Alternative,Full,1,3,7051,DEFAULT,26.145,1817.08,600,3,1," :- not closesensors(V1,V2), partnerunits(V1,V2), zone2sensor(V1,V1).
 :- not unit2zoneGEQ(V2,V2), not zone2sensor(V1,V2), partnerunits(V1,V2).
 :- not unit2zoneGEQ(V2,V1), unit2sensorGEQ(V2,V1), zone2sensor(V1,V1).
 :- not unit2sensorGEQ(V1,V1), not unit2sensorGEQ(V2,V2), partnerunits(V1,V2).
"
106,./PUP/doublev_weight/,2-doublev-9.lp,Enumerate,Alternative,Full,1,1,8543,DEFAULT,8.625,828.755,200,1,0," :- not unit2zoneGEQ(V2,V2), unit2sensorGEQ(V1,V1), zone2sensor(V1,V2).
 :- not unit2sensorGEQ(V2,V2), unit2sensorGEQ(V2,V1), zone2sensor(V1,V1).
"
107,./PUP/doublev_weight/,2-doublev-9.lp,Enumerate,Alternative,Full,1,2,12158,DEFAULT,17.394,935.818,400,2,0," :- closezones(V1,V2), not zone2sensor(V1,V2), partnerunits(V1,V2).
 :- not closesensors(V2,V1), partnerunits(V2,V1), zone2sensor(V1,V1).
 :- not unit2sensorGEQ(V2,V2), unit2sensorGEQ(V2,V1), zone2sensor(V1,V1).
"
108,./PUP/doublev_weight/,2-doublev-9.lp,Enumerate,Alternative,Full,1,3,16923,DEFAULT,28.039,813.506,600,3,0," :- not unit2zoneGEQ(V1,V1), unit2sensorGEQ(V1,V1), zone2sensor(V1,V1).
 :- not closesensors(V2,V1), partnerunits(V1,V2), zone2sensor(V1,V1).
 :- not unit2zoneGEQ(V3,V2), unit2sensorGEQ(V3,V1), unit2zoneGEQ(V1,V2).
"
109,./PUP/doublev_weight/,2-doublev-9.lp,Enumerate,Alternative,Full,1,1,16687,DEFAULT,9.412,1457.38,200,1,0," :- not closesensors(V2,V1), not unit2zoneGEQ(V2,V2), partnerunits(V1,V2).
 :- closezones(V1,V2), unit2zoneGEQ(V1,V2), unit2zoneGEQ(V2,V1).
"
110,./PUP/doublev_weight/,2-doublev-9.lp,Enumerate,Alternative,Full,1,2,27416,DEFAULT,18.363,637.137,400,2,1," :- not closesensors(V2,V1), partnerunits(V1,V2), zone2sensor(V1,V1).
 :- not unit2zoneGEQ(V2,V2), unit2zoneGEQ(V2,V1), zone2sensor(V1,V1).
 :- not unit2zoneGEQ(V2,V1), unit2sensorGEQ(V2,V1), zone2sensor(V1,V1).
"
111,./PUP/doublev_weight/,2-doublev-9.lp,Enumerate,Alternative,Full,1,3,21083,DEFAULT,25.953,1065.8,600,3,2," :- closezones(V1,V2), not zone2sensor(V1,V2), partnerunits(V1,V2).
 :- not closesensors(V1,V2), partnerunits(V2,V1), zone2sensor(V1,V1).
 :- closesensors(V1,V2), unit2sensorGEQ(V1,V2), unit2sensorGEQ(V2,V1).
"
112,./PUP/doublev_weight/,2-doublev-9.lp,Enumerate,Alternative,Full,1,1,16567,DEFAULT,9.26,1318.28,200,1,0," :- not closesensors(V2,V1), not unit2zoneGEQ(V2,V2), partnerunits(V1,V2).
 :- not unit2sensorGEQ(V2,V2), unit2zoneGEQ(V2,V1), zone2sensor(V1,V1).
"
113,./PUP/doublev_weight/,2-doublev-9.lp,Enumerate,Alternative,Full,1,2,70,DEFAULT,17.502,971.8,400,2,0," :- closezones(V2,V1), not zone2sensor(V1,V2), partnerunits(V1,V2).
 :- not closesensors(V1,V2), partnerunits(V1,V2), zone2sensor(V1,V1).
 :- closesensors(V1,V2), unit2sensorGEQ(V1,V2), unit2sensorGEQ(V2,V1).
"
115,./PUP/doublev_weight/,2-doublev-9.lp,Enumerate,Alternative,Full,1,1,16699,DEFAULT,9.43,1489.55,200,1,0," :- not unit2zoneGEQ(V1,V1), not zone2sensor(V1,V1), partnerunits(V1,V2).
 :- closesensors(V1,V2), unit2zoneGEQ(V1,V2), unit2zoneGEQ(V2,V1).
"
116,./PUP/doublev_weight/,2-doublev-9.lp,Enumerate,Alternative,Full,1,2,25944,DEFAULT,17.352,1323.46,400,2,2," :- not unit2zoneGEQ(V1,V1), not zone2sensor(V2,V1), partnerunits(V1,V2).
 :- partnerunits(V1,V2), unit2sensorGEQ(V1,V2), unit2sensorGEQ(V2,V1).
"
117,./PUP/doublev_weight/,2-doublev-9.lp,Enumerate,Alternative,Full,1,3,15838,DEFAULT,26.017,1144.27,600,3,0," :- closezones(V2,V1), not zone2sensor(V1,V2), partnerunits(V1,V2).
 :- not closesensors(V2,V1), partnerunits(V2,V1), zone2sensor(V1,V1).
 :- not unit2zoneGEQ(V1,V1), partnerunits(V1,V2), zone2sensor(V1,V2).
"
118,./PUP/doublev_weight/,2-doublev-9.lp,Enumerate,Alternative,Full,1,1,2753,DEFAULT,9.373,74.3,200,1,0," :- not zone2sensor(V1,V1), unit2sensorGEQ(V1,V2), unit2sensorGEQ(V2,V1).
"
119,./PUP/doublev_weight/,2-doublev-9.lp,Enumerate,Alternative,Full,1,2,31792,DEFAULT,17.6,669.484,400,2,0," :- not closesensors(V1,V2), not zone2sensor(V2,V1), partnerunits(V1,V2).
 :- not unit2sensorGEQ(V2,V2), partnerunits(V2,V1), zone2sensor(V1,V1).
"
120,./PUP/doublev_weight/,2-doublev-9.lp,Enumerate,Alternative,Full,1,3,6602,DEFAULT,27.425,2978.63,600,3,1," :- not closesensors(V1,V2), partnerunits(V2,V1), zone2sensor(V1,V1).
 :- not unit2zoneGEQ(V2,V1), unit2sensorGEQ(V2,V1), zone2sensor(V1,V1).
 :- closesensors(V1,V2), unit2sensorGEQ(V1,V2), unit2sensorGEQ(V2,V1).
 :- not unit2zoneGEQ(V2,V1), unit2sensorGEQ(V2,V1), unit2zoneGEQ(V1,V1).
 :- not unit2sensorGEQ(V1,V2), not unit2sensorGEQ(V2,V1), partnerunits(V1,V2).
 :- not unit2zoneGEQ(V1,V2), not unit2zoneGEQ(V2,V1), partnerunits(V1,V2).
"
