,Directory,Files analysed with SBASS,Learning mode,Ordering,SBC,Iteration,Cell,Seed,Version,Time for creating examples,Time for solving ILP task,Total neg examples,Total pos examples,Neg examples uncovered,Learned Constraints
1,./PUP/doublev_weight/,2-doublev-9.lp,Enumerate,Standard,Partial,1,101,31681,DEFAULT,2.882,0,101,0,101,
10,./PUP/doublev_weight/,2-doublev-9.lp,Enumerate,Standard,Partial,1,101,8598,DEFAULT,6.345,159.886,97,4,0," :- not closezones(V1,V2), partnerunits(V1,V2).
"
18,./PUP/doublev_weight/,2-doublev-9.lp,Enumerate,Standard,Partial,1,303,25148,DEFAULT,17.054,0,303,0,303,
37,./PUP/doublev_weight/,2-doublev-9.lp,Enumerate,Standard,Partial,1,101,3380,DEFAULT,5.862,0,101,0,101,
44,./PUP/doublev_weight/,2-doublev-9.lp,Enumerate,Standard,Partial,1,202,13524,DEFAULT,10.624,0,202,0,202,
52,./PUP/doublev_weight/,2-doublev-9.lp,Enumerate,Standard,Partial,1,101,759,DEFAULT,5.482,731.346,97,4,0," :- not unit2zoneGEQ(V1,V2), unit2sensorGEQ(V2,V2), zone2sensor(V1,V1).
 :- closesensors(V2,V1), not unit2zoneGEQ(V1,V2), unit2sensorGEQ(V1,V1).
"
56,./PUP/doublev_weight/,2-doublev-9.lp,Enumerate,Standard,Partial,1,202,27702,DEFAULT,8.135,974.037,186,16,0," :- not unit2zoneGEQ(V2,V1), unit2sensorGEQ(V1,V1), unit2sensorGEQ(V2,V2).
 :- not unit2zoneGEQ(V1,V2), unit2sensorGEQ(V2,V1), zone2sensor(V1,V1).
"
64,./PUP/doublev_weight/,2-doublev-9.lp,Enumerate,Standard,Partial,1,201,24318,DEFAULT,4.105,0,201,0,201,
67,./PUP/doublev_weight/,2-doublev-9.lp,Enumerate,Standard,Partial,1,201,17876,DEFAULT,3.867,0,201,0,201,
77,./PUP/doublev_weight/,2-doublev-9.lp,Enumerate,Standard,Partial,1,402,12399,DEFAULT,7.859,1661.94,394,8,4," :- not closezones(V2,V1), not unit2sensorGEQ(V1,V1), partnerunits(V1,V2).
 :- not closezones(V2,V1), not unit2zoneGEQ(V2,V1), partnerunits(V1,V2).
 :- not unit2sensorGEQ(V1,V1), not unit2zoneGEQ(V2,V1), partnerunits(V1,V2).
"
82,./PUP/doublev_weight/,2-doublev-9.lp,Enumerate,Standard,Partial,1,201,26645,DEFAULT,3.878,562.19,197,4,2," :- not closezones(V1,V2), partnerunits(V1,V2).
 :- not unit2zoneGEQ(V2,V1), unit2sensorGEQ(V2,V2), zone2sensor(V1,V2).
"
91,./PUP/doublev_weight/,2-doublev-9.lp,Enumerate,Standard,Partial,1,201,13383,DEFAULT,3.829,0,201,0,201,
92,./PUP/doublev_weight/,2-doublev-9.lp,Enumerate,Standard,Partial,1,402,2517,DEFAULT,7.502,3532.2,394,8,15," :- closezones(V2,V1), partnerunits(V2,V1), zone2sensor(V1,V2).
 :- not unit2sensorGEQ(V1,V1), not unit2zoneGEQ(V1,V1), zone2sensor(V1,V1).
 :- not unit2zoneGEQ(V1,V2), unit2zoneGEQ(V2,V2), zone2sensor(V1,V1).
 :- not unit2zoneGEQ(V1,V2), partnerunits(V1,V2), zone2sensor(V1,V2).
"
102,./PUP/doublev_weight/,2-doublev-9.lp,Enumerate,Standard,Partial,1,603,31417,DEFAULT,10.986,0,603,0,603,
118,./PUP/doublev_weight/,2-doublev-9.lp,Enumerate,Standard,Partial,1,201,2753,DEFAULT,3.688,1761.19,196,5,10," :- not unit2sensorGEQ(V1,V1), not unit2zoneGEQ(V1,V1), zone2sensor(V1,V1).
 :- not closesensors(V1,V2), partnerunits(V2,V1), zone2sensor(V1,V1).
 :- not unit2zoneGEQ(V1,V2), unit2zoneGEQ(V2,V2), zone2sensor(V1,V1).
 :- not unit2sensorGEQ(V1,V2), unit2sensorGEQ(V2,V2), unit2zoneGEQ(V1,V1).
"
