ConstraintFile,Id,Mode,Order,Full,Cell,Version,Seed,Instance,Result,Model,Time,Solving,1st Model,Unsat,CPU
10_Enumerate_Standard_Partial_101_DEFAULT_8598,10,Enumerate,Standard,Partial,101,DEFAULT,8598,Un-2-doublev-15,UNSATISFIABLE,0,0.118,0.11,0.00,0.11,0.118
118_Enumerate_Standard_Partial_201_DEFAULT_2753,118,Enumerate,Standard,Partial,201,DEFAULT,2753,Un-2-doublev-15,UNSATISFIABLE,0,4.574,4.57,0.00,4.57,4.573
52_Enumerate_Standard_Partial_101_DEFAULT_759,52,Enumerate,Standard,Partial,101,DEFAULT,759,Un-2-doublev-15,UNSATISFIABLE,0,9.267,9.26,0.00,9.26,9.267
56_Enumerate_Standard_Partial_202_DEFAULT_27702,56,Enumerate,Standard,Partial,202,DEFAULT,27702,Un-2-doublev-15,UNSATISFIABLE,0,14.977,14.96,0.00,14.96,14.976
77_Enumerate_Standard_Partial_402_DEFAULT_12399,77,Enumerate,Standard,Partial,402,DEFAULT,12399,Un-2-doublev-15,UNSATISFIABLE,0,1.437,1.42,0.00,1.42,1.436
82_Enumerate_Standard_Partial_201_DEFAULT_26645,82,Enumerate,Standard,Partial,201,DEFAULT,26645,Un-2-doublev-15,UNSATISFIABLE,0,0.036,0.02,0.00,0.02,0.036
92_Enumerate_Standard_Partial_402_DEFAULT_2517,92,Enumerate,Standard,Partial,402,DEFAULT,2517,Un-2-doublev-15,UNSATISFIABLE,0,13.105,13.10,0.00,13.10,13.105
10_Enumerate_Standard_Partial_101_DEFAULT_8598,10,Enumerate,Standard,Partial,101,DEFAULT,8598,Un-2-doublev-18,UNSATISFIABLE,0,0.116,0.11,0.00,0.11,0.116
118_Enumerate_Standard_Partial_201_DEFAULT_2753,118,Enumerate,Standard,Partial,201,DEFAULT,2753,Un-2-doublev-18,UNSATISFIABLE,0,29.281,29.27,0.00,29.27,29.281
52_Enumerate_Standard_Partial_101_DEFAULT_759,52,Enumerate,Standard,Partial,101,DEFAULT,759,Un-2-doublev-18,UNSATISFIABLE,0,36.382,36.36,0.00,36.36,36.379
56_Enumerate_Standard_Partial_202_DEFAULT_27702,56,Enumerate,Standard,Partial,202,DEFAULT,27702,Un-2-doublev-18,UNSATISFIABLE,0,97.210,97.20,0.00,97.20,97.208
77_Enumerate_Standard_Partial_402_DEFAULT_12399,77,Enumerate,Standard,Partial,402,DEFAULT,12399,Un-2-doublev-18,UNSATISFIABLE,0,4.944,4.93,0.00,4.93,4.944
82_Enumerate_Standard_Partial_201_DEFAULT_26645,82,Enumerate,Standard,Partial,201,DEFAULT,26645,Un-2-doublev-18,UNSATISFIABLE,0,0.039,0.03,0.00,0.03,0.039
92_Enumerate_Standard_Partial_402_DEFAULT_2517,92,Enumerate,Standard,Partial,402,DEFAULT,2517,Un-2-doublev-18,UNSATISFIABLE,0,186.701,186.69,0.00,186.69,186.696
10_Enumerate_Standard_Partial_101_DEFAULT_8598,10,Enumerate,Standard,Partial,101,DEFAULT,8598,Un-2-doublev-21,UNSATISFIABLE,0,0.382,0.37,0.00,0.37,0.382
118_Enumerate_Standard_Partial_201_DEFAULT_2753,118,Enumerate,Standard,Partial,201,DEFAULT,2753,Un-2-doublev-21,UNKNOWN,0+,300.000,299.98,0.00,0.00,299.993
52_Enumerate_Standard_Partial_101_DEFAULT_759,52,Enumerate,Standard,Partial,101,DEFAULT,759,Un-2-doublev-21,UNKNOWN,0+,300.000,299.98,0.00,0.00,299.993
56_Enumerate_Standard_Partial_202_DEFAULT_27702,56,Enumerate,Standard,Partial,202,DEFAULT,27702,Un-2-doublev-21,UNKNOWN,0+,300.000,299.97,0.00,0.00,299.993
77_Enumerate_Standard_Partial_402_DEFAULT_12399,77,Enumerate,Standard,Partial,402,DEFAULT,12399,Un-2-doublev-21,UNSATISFIABLE,0,44.165,44.15,0.00,44.15,44.164
82_Enumerate_Standard_Partial_201_DEFAULT_26645,82,Enumerate,Standard,Partial,201,DEFAULT,26645,Un-2-doublev-21,UNSATISFIABLE,0,0.104,0.08,0.00,0.08,0.104
92_Enumerate_Standard_Partial_402_DEFAULT_2517,92,Enumerate,Standard,Partial,402,DEFAULT,2517,Un-2-doublev-21,UNKNOWN,0+,300.000,299.98,0.00,0.00,299.992
10_Enumerate_Standard_Partial_101_DEFAULT_8598,10,Enumerate,Standard,Partial,101,DEFAULT,8598,Un-2-doublev-24,UNSATISFIABLE,0,0.512,0.48,0.00,0.48,0.512
118_Enumerate_Standard_Partial_201_DEFAULT_2753,118,Enumerate,Standard,Partial,201,DEFAULT,2753,Un-2-doublev-24,UNKNOWN,0+,300.000,299.98,0.00,0.00,299.976
52_Enumerate_Standard_Partial_101_DEFAULT_759,52,Enumerate,Standard,Partial,101,DEFAULT,759,Un-2-doublev-24,UNKNOWN,0+,300.000,299.97,0.00,0.00,299.992
56_Enumerate_Standard_Partial_202_DEFAULT_27702,56,Enumerate,Standard,Partial,202,DEFAULT,27702,Un-2-doublev-24,UNKNOWN,0+,300.000,299.97,0.00,0.00,299.992
77_Enumerate_Standard_Partial_402_DEFAULT_12399,77,Enumerate,Standard,Partial,402,DEFAULT,12399,Un-2-doublev-24,UNSATISFIABLE,0,110.127,110.10,0.00,110.10,110.124
82_Enumerate_Standard_Partial_201_DEFAULT_26645,82,Enumerate,Standard,Partial,201,DEFAULT,26645,Un-2-doublev-24,UNSATISFIABLE,0,0.133,0.11,0.00,0.11,0.133
92_Enumerate_Standard_Partial_402_DEFAULT_2517,92,Enumerate,Standard,Partial,402,DEFAULT,2517,Un-2-doublev-24,UNKNOWN,0+,300.000,299.97,0.00,0.00,299.992
10_Enumerate_Standard_Partial_101_DEFAULT_8598,10,Enumerate,Standard,Partial,101,DEFAULT,8598,Un-2-doublev-9,UNSATISFIABLE,0,0.005,0.00,0.00,0.00,0.005
118_Enumerate_Standard_Partial_201_DEFAULT_2753,118,Enumerate,Standard,Partial,201,DEFAULT,2753,Un-2-doublev-9,UNSATISFIABLE,0,0.011,0.01,0.00,0.01,0.011
52_Enumerate_Standard_Partial_101_DEFAULT_759,52,Enumerate,Standard,Partial,101,DEFAULT,759,Un-2-doublev-9,UNSATISFIABLE,0,0.019,0.02,0.00,0.02,0.019
56_Enumerate_Standard_Partial_202_DEFAULT_27702,56,Enumerate,Standard,Partial,202,DEFAULT,27702,Un-2-doublev-9,UNSATISFIABLE,0,0.027,0.02,0.00,0.02,0.027
77_Enumerate_Standard_Partial_402_DEFAULT_12399,77,Enumerate,Standard,Partial,402,DEFAULT,12399,Un-2-doublev-9,UNSATISFIABLE,0,0.014,0.01,0.00,0.01,0.014
82_Enumerate_Standard_Partial_201_DEFAULT_26645,82,Enumerate,Standard,Partial,201,DEFAULT,26645,Un-2-doublev-9,UNSATISFIABLE,0,0.004,0.00,0.00,0.00,0.004
92_Enumerate_Standard_Partial_402_DEFAULT_2517,92,Enumerate,Standard,Partial,402,DEFAULT,2517,Un-2-doublev-9,UNSATISFIABLE,0,0.007,0.00,0.00,0.00,0.007
10_Enumerate_Standard_Partial_101_DEFAULT_8598,10,Enumerate,Standard,Partial,101,DEFAULT,8598,Un-2-doublev-12,UNSATISFIABLE,0,0.009,0.00,0.00,0.00,0.009
118_Enumerate_Standard_Partial_201_DEFAULT_2753,118,Enumerate,Standard,Partial,201,DEFAULT,2753,Un-2-doublev-12,UNSATISFIABLE,0,0.585,0.58,0.00,0.58,0.585
52_Enumerate_Standard_Partial_101_DEFAULT_759,52,Enumerate,Standard,Partial,101,DEFAULT,759,Un-2-doublev-12,UNSATISFIABLE,0,0.645,0.64,0.00,0.64,0.645
56_Enumerate_Standard_Partial_202_DEFAULT_27702,56,Enumerate,Standard,Partial,202,DEFAULT,27702,Un-2-doublev-12,UNSATISFIABLE,0,1.608,1.60,0.00,1.60,1.608
77_Enumerate_Standard_Partial_402_DEFAULT_12399,77,Enumerate,Standard,Partial,402,DEFAULT,12399,Un-2-doublev-12,UNSATISFIABLE,0,0.073,0.07,0.00,0.07,0.073
82_Enumerate_Standard_Partial_201_DEFAULT_26645,82,Enumerate,Standard,Partial,201,DEFAULT,26645,Un-2-doublev-12,UNSATISFIABLE,0,0.010,0.00,0.00,0.00,0.010
92_Enumerate_Standard_Partial_402_DEFAULT_2517,92,Enumerate,Standard,Partial,402,DEFAULT,2517,Un-2-doublev-12,UNSATISFIABLE,0,0.138,0.13,0.00,0.13,0.138
10_Enumerate_Standard_Partial_101_DEFAULT_8598,10,Enumerate,Standard,Partial,101,DEFAULT,8598,2-doublev-15,SATISFIABLE,1+,0.016,0.01,0.01,0.00,0.016
118_Enumerate_Standard_Partial_201_DEFAULT_2753,118,Enumerate,Standard,Partial,201,DEFAULT,2753,2-doublev-15,SATISFIABLE,1+,0.057,0.05,0.05,0.00,0.057
52_Enumerate_Standard_Partial_101_DEFAULT_759,52,Enumerate,Standard,Partial,101,DEFAULT,759,2-doublev-15,SATISFIABLE,1+,0.020,0.01,0.01,0.00,0.020
56_Enumerate_Standard_Partial_202_DEFAULT_27702,56,Enumerate,Standard,Partial,202,DEFAULT,27702,2-doublev-15,SATISFIABLE,1+,0.025,0.02,0.02,0.00,0.025
77_Enumerate_Standard_Partial_402_DEFAULT_12399,77,Enumerate,Standard,Partial,402,DEFAULT,12399,2-doublev-15,SATISFIABLE,1+,1.460,1.45,1.45,0.00,1.460
82_Enumerate_Standard_Partial_201_DEFAULT_26645,82,Enumerate,Standard,Partial,201,DEFAULT,26645,2-doublev-15,SATISFIABLE,1+,0.015,0.01,0.01,0.00,0.015
92_Enumerate_Standard_Partial_402_DEFAULT_2517,92,Enumerate,Standard,Partial,402,DEFAULT,2517,2-doublev-15,SATISFIABLE,1+,0.015,0.00,0.00,0.00,0.015
10_Enumerate_Standard_Partial_101_DEFAULT_8598,10,Enumerate,Standard,Partial,101,DEFAULT,8598,2-doublev-18,SATISFIABLE,1+,0.016,0.00,0.00,0.00,0.016
118_Enumerate_Standard_Partial_201_DEFAULT_2753,118,Enumerate,Standard,Partial,201,DEFAULT,2753,2-doublev-18,SATISFIABLE,1+,0.043,0.03,0.03,0.00,0.043
52_Enumerate_Standard_Partial_101_DEFAULT_759,52,Enumerate,Standard,Partial,101,DEFAULT,759,2-doublev-18,SATISFIABLE,1+,0.024,0.01,0.01,0.00,0.024
56_Enumerate_Standard_Partial_202_DEFAULT_27702,56,Enumerate,Standard,Partial,202,DEFAULT,27702,2-doublev-18,SATISFIABLE,1+,0.045,0.03,0.03,0.00,0.045
77_Enumerate_Standard_Partial_402_DEFAULT_12399,77,Enumerate,Standard,Partial,402,DEFAULT,12399,2-doublev-18,SATISFIABLE,1+,0.616,0.60,0.60,0.00,0.616
82_Enumerate_Standard_Partial_201_DEFAULT_26645,82,Enumerate,Standard,Partial,201,DEFAULT,26645,2-doublev-18,SATISFIABLE,1+,0.025,0.01,0.01,0.00,0.025
92_Enumerate_Standard_Partial_402_DEFAULT_2517,92,Enumerate,Standard,Partial,402,DEFAULT,2517,2-doublev-18,SATISFIABLE,1+,0.020,0.01,0.01,0.00,0.020
10_Enumerate_Standard_Partial_101_DEFAULT_8598,10,Enumerate,Standard,Partial,101,DEFAULT,8598,2-doublev-21,SATISFIABLE,1+,0.044,0.03,0.03,0.00,0.044
118_Enumerate_Standard_Partial_201_DEFAULT_2753,118,Enumerate,Standard,Partial,201,DEFAULT,2753,2-doublev-21,SATISFIABLE,1+,0.053,0.02,0.02,0.00,0.053
52_Enumerate_Standard_Partial_101_DEFAULT_759,52,Enumerate,Standard,Partial,101,DEFAULT,759,2-doublev-21,SATISFIABLE,1+,0.063,0.04,0.04,0.00,0.063
56_Enumerate_Standard_Partial_202_DEFAULT_27702,56,Enumerate,Standard,Partial,202,DEFAULT,27702,2-doublev-21,SATISFIABLE,1+,0.133,0.11,0.11,0.00,0.133
77_Enumerate_Standard_Partial_402_DEFAULT_12399,77,Enumerate,Standard,Partial,402,DEFAULT,12399,2-doublev-21,SATISFIABLE,1+,0.570,0.55,0.55,0.00,0.570
82_Enumerate_Standard_Partial_201_DEFAULT_26645,82,Enumerate,Standard,Partial,201,DEFAULT,26645,2-doublev-21,SATISFIABLE,1+,0.049,0.03,0.03,0.00,0.049
92_Enumerate_Standard_Partial_402_DEFAULT_2517,92,Enumerate,Standard,Partial,402,DEFAULT,2517,2-doublev-21,SATISFIABLE,1+,0.138,0.12,0.12,0.00,0.138
10_Enumerate_Standard_Partial_101_DEFAULT_8598,10,Enumerate,Standard,Partial,101,DEFAULT,8598,2-doublev-24,SATISFIABLE,1+,0.040,0.02,0.02,0.00,0.040
118_Enumerate_Standard_Partial_201_DEFAULT_2753,118,Enumerate,Standard,Partial,201,DEFAULT,2753,2-doublev-24,SATISFIABLE,1+,0.245,0.22,0.22,0.00,0.245
52_Enumerate_Standard_Partial_101_DEFAULT_759,52,Enumerate,Standard,Partial,101,DEFAULT,759,2-doublev-24,SATISFIABLE,1+,1.936,1.90,1.90,0.00,1.936
56_Enumerate_Standard_Partial_202_DEFAULT_27702,56,Enumerate,Standard,Partial,202,DEFAULT,27702,2-doublev-24,SATISFIABLE,1+,0.214,0.18,0.18,0.00,0.214
77_Enumerate_Standard_Partial_402_DEFAULT_12399,77,Enumerate,Standard,Partial,402,DEFAULT,12399,2-doublev-24,SATISFIABLE,1+,4.796,4.75,4.75,0.00,4.795
82_Enumerate_Standard_Partial_201_DEFAULT_26645,82,Enumerate,Standard,Partial,201,DEFAULT,26645,2-doublev-24,SATISFIABLE,1+,0.096,0.07,0.07,0.00,0.096
92_Enumerate_Standard_Partial_402_DEFAULT_2517,92,Enumerate,Standard,Partial,402,DEFAULT,2517,2-doublev-24,SATISFIABLE,1+,0.149,0.11,0.11,0.00,0.149
10_Enumerate_Standard_Partial_101_DEFAULT_8598,10,Enumerate,Standard,Partial,101,DEFAULT,8598,2-doublev-9,SATISFIABLE,1+,0.010,0.00,0.00,0.00,0.010
118_Enumerate_Standard_Partial_201_DEFAULT_2753,118,Enumerate,Standard,Partial,201,DEFAULT,2753,2-doublev-9,SATISFIABLE,1+,0.005,0.00,0.00,0.00,0.005
52_Enumerate_Standard_Partial_101_DEFAULT_759,52,Enumerate,Standard,Partial,101,DEFAULT,759,2-doublev-9,SATISFIABLE,1+,0.006,0.00,0.00,0.00,0.006
56_Enumerate_Standard_Partial_202_DEFAULT_27702,56,Enumerate,Standard,Partial,202,DEFAULT,27702,2-doublev-9,SATISFIABLE,1+,0.007,0.00,0.00,0.00,0.007
77_Enumerate_Standard_Partial_402_DEFAULT_12399,77,Enumerate,Standard,Partial,402,DEFAULT,12399,2-doublev-9,SATISFIABLE,1+,0.006,0.00,0.00,0.00,0.006
82_Enumerate_Standard_Partial_201_DEFAULT_26645,82,Enumerate,Standard,Partial,201,DEFAULT,26645,2-doublev-9,SATISFIABLE,1+,0.005,0.00,0.00,0.00,0.005
92_Enumerate_Standard_Partial_402_DEFAULT_2517,92,Enumerate,Standard,Partial,402,DEFAULT,2517,2-doublev-9,SATISFIABLE,1+,0.005,0.00,0.00,0.00,0.005
10_Enumerate_Standard_Partial_101_DEFAULT_8598,10,Enumerate,Standard,Partial,101,DEFAULT,8598,2-doublev-12,SATISFIABLE,1+,0.008,0.00,0.00,0.00,0.008
118_Enumerate_Standard_Partial_201_DEFAULT_2753,118,Enumerate,Standard,Partial,201,DEFAULT,2753,2-doublev-12,SATISFIABLE,1+,0.019,0.01,0.01,0.00,0.019
52_Enumerate_Standard_Partial_101_DEFAULT_759,52,Enumerate,Standard,Partial,101,DEFAULT,759,2-doublev-12,SATISFIABLE,1+,0.013,0.01,0.01,0.00,0.013
56_Enumerate_Standard_Partial_202_DEFAULT_27702,56,Enumerate,Standard,Partial,202,DEFAULT,27702,2-doublev-12,SATISFIABLE,1+,0.033,0.03,0.03,0.00,0.033
77_Enumerate_Standard_Partial_402_DEFAULT_12399,77,Enumerate,Standard,Partial,402,DEFAULT,12399,2-doublev-12,SATISFIABLE,1+,0.053,0.04,0.04,0.00,0.052
82_Enumerate_Standard_Partial_201_DEFAULT_26645,82,Enumerate,Standard,Partial,201,DEFAULT,26645,2-doublev-12,SATISFIABLE,1+,0.009,0.00,0.00,0.00,0.009
92_Enumerate_Standard_Partial_402_DEFAULT_2517,92,Enumerate,Standard,Partial,402,DEFAULT,2517,2-doublev-12,SATISFIABLE,1+,0.008,0.00,0.00,0.00,0.008
