ConstraintFile,Id,Mode,Order,Full,Cell,Version,Seed,Instance,Result,Model,Time,Solving,1st Model,Unsat,CPU
101_Enumerate_Alternative_Partial_402_DEFAULT_7830,101,Enumerate,Alternative,Partial,402,DEFAULT,7830,Un-2-doublev-15,UNSATISFIABLE,0,0.593,0.59,0.00,0.59,0.593
103_Enumerate_Alternative_Partial_201_DEFAULT_31869,103,Enumerate,Alternative,Partial,201,DEFAULT,31869,Un-2-doublev-15,UNSATISFIABLE,0,0.367,0.36,0.00,0.36,0.367
109_Enumerate_Alternative_Partial_201_DEFAULT_16687,109,Enumerate,Alternative,Partial,201,DEFAULT,16687,Un-2-doublev-15,UNSATISFIABLE,0,8.982,8.97,0.00,8.97,8.982
10_Enumerate_Alternative_Partial_101_DEFAULT_8598,10,Enumerate,Alternative,Partial,101,DEFAULT,8598,Un-2-doublev-15,UNSATISFIABLE,0,1.177,1.17,0.00,1.17,1.177
117_Enumerate_Alternative_Partial_603_DEFAULT_15838,117,Enumerate,Alternative,Partial,603,DEFAULT,15838,Un-2-doublev-15,UNSATISFIABLE,0,0.788,0.78,0.00,0.78,0.788
118_Enumerate_Alternative_Partial_201_DEFAULT_2753,118,Enumerate,Alternative,Partial,201,DEFAULT,2753,Un-2-doublev-15,UNSATISFIABLE,0,0.632,0.62,0.00,0.62,0.632
15_Enumerate_Alternative_Partial_303_DEFAULT_1743,15,Enumerate,Alternative,Partial,303,DEFAULT,1743,Un-2-doublev-15,UNSATISFIABLE,0,0.365,0.35,0.00,0.35,0.365
17_Enumerate_Alternative_Partial_202_DEFAULT_22856,17,Enumerate,Alternative,Partial,202,DEFAULT,22856,Un-2-doublev-15,UNSATISFIABLE,0,0.274,0.26,0.00,0.26,0.273
1_Enumerate_Alternative_Partial_101_DEFAULT_31681,1,Enumerate,Alternative,Partial,101,DEFAULT,31681,Un-2-doublev-15,UNSATISFIABLE,0,6.648,6.63,0.00,6.63,6.648
20_Enumerate_Alternative_Partial_202_DEFAULT_13658,20,Enumerate,Alternative,Partial,202,DEFAULT,13658,Un-2-doublev-15,UNSATISFIABLE,0,11.679,11.67,0.00,11.67,11.679
22_Enumerate_Alternative_Partial_101_DEFAULT_16849,22,Enumerate,Alternative,Partial,101,DEFAULT,16849,Un-2-doublev-15,UNSATISFIABLE,0,2.491,2.48,0.00,2.48,2.491
25_Enumerate_Alternative_Partial_101_DEFAULT_6709,25,Enumerate,Alternative,Partial,101,DEFAULT,6709,Un-2-doublev-15,UNSATISFIABLE,0,0.753,0.74,0.00,0.74,0.753
34_Enumerate_Alternative_Partial_101_DEFAULT_10456,34,Enumerate,Alternative,Partial,101,DEFAULT,10456,Un-2-doublev-15,UNKNOWN,0+,300.000,299.99,0.00,0.00,299.994
3_Enumerate_Alternative_Partial_303_DEFAULT_16837,3,Enumerate,Alternative,Partial,303,DEFAULT,16837,Un-2-doublev-15,UNSATISFIABLE,0,6.150,6.14,0.00,6.14,6.150
43_Enumerate_Alternative_Partial_101_DEFAULT_14690,43,Enumerate,Alternative,Partial,101,DEFAULT,14690,Un-2-doublev-15,UNSATISFIABLE,0,3.558,3.55,0.00,3.55,3.558
52_Enumerate_Alternative_Partial_101_DEFAULT_759,52,Enumerate,Alternative,Partial,101,DEFAULT,759,Un-2-doublev-15,UNSATISFIABLE,0,4.610,4.60,0.00,4.60,4.610
58_Enumerate_Alternative_Partial_101_DEFAULT_26985,58,Enumerate,Alternative,Partial,101,DEFAULT,26985,Un-2-doublev-15,UNSATISFIABLE,0,0.870,0.86,0.00,0.86,0.870
5_Enumerate_Alternative_Partial_202_DEFAULT_22084,5,Enumerate,Alternative,Partial,202,DEFAULT,22084,Un-2-doublev-15,UNSATISFIABLE,0,0.872,0.86,0.00,0.86,0.872
61_Enumerate_Alternative_Partial_201_DEFAULT_14189,61,Enumerate,Alternative,Partial,201,DEFAULT,14189,Un-2-doublev-15,UNSATISFIABLE,0,0.867,0.86,0.00,0.86,0.867
67_Enumerate_Alternative_Partial_201_DEFAULT_17876,67,Enumerate,Alternative,Partial,201,DEFAULT,17876,Un-2-doublev-15,UNSATISFIABLE,0,1.415,1.40,0.00,1.40,1.415
6_Enumerate_Alternative_Partial_303_DEFAULT_24758,6,Enumerate,Alternative,Partial,303,DEFAULT,24758,Un-2-doublev-15,UNSATISFIABLE,0,0.289,0.28,0.00,0.28,0.289
76_Enumerate_Alternative_Partial_201_DEFAULT_9373,76,Enumerate,Alternative,Partial,201,DEFAULT,9373,Un-2-doublev-15,UNSATISFIABLE,0,2.721,2.71,0.00,2.71,2.721
82_Enumerate_Alternative_Partial_201_DEFAULT_26645,82,Enumerate,Alternative,Partial,201,DEFAULT,26645,Un-2-doublev-15,UNSATISFIABLE,0,3.408,3.40,0.00,3.40,3.408
101_Enumerate_Alternative_Partial_402_DEFAULT_7830,101,Enumerate,Alternative,Partial,402,DEFAULT,7830,Un-2-doublev-18,UNSATISFIABLE,0,1.871,1.85,0.00,1.85,1.871
103_Enumerate_Alternative_Partial_201_DEFAULT_31869,103,Enumerate,Alternative,Partial,201,DEFAULT,31869,Un-2-doublev-18,UNSATISFIABLE,0,0.844,0.83,0.00,0.83,0.844
109_Enumerate_Alternative_Partial_201_DEFAULT_16687,109,Enumerate,Alternative,Partial,201,DEFAULT,16687,Un-2-doublev-18,UNSATISFIABLE,0,59.059,59.04,0.00,59.04,59.057
10_Enumerate_Alternative_Partial_101_DEFAULT_8598,10,Enumerate,Alternative,Partial,101,DEFAULT,8598,Un-2-doublev-18,UNSATISFIABLE,0,1.095,1.08,0.00,1.08,1.095
117_Enumerate_Alternative_Partial_603_DEFAULT_15838,117,Enumerate,Alternative,Partial,603,DEFAULT,15838,Un-2-doublev-18,UNSATISFIABLE,0,2.902,2.89,0.00,2.89,2.902
118_Enumerate_Alternative_Partial_201_DEFAULT_2753,118,Enumerate,Alternative,Partial,201,DEFAULT,2753,Un-2-doublev-18,UNSATISFIABLE,0,1.544,1.53,0.00,1.53,1.544
15_Enumerate_Alternative_Partial_303_DEFAULT_1743,15,Enumerate,Alternative,Partial,303,DEFAULT,1743,Un-2-doublev-18,UNSATISFIABLE,0,0.947,0.93,0.00,0.93,0.947
17_Enumerate_Alternative_Partial_202_DEFAULT_22856,17,Enumerate,Alternative,Partial,202,DEFAULT,22856,Un-2-doublev-18,UNSATISFIABLE,0,0.305,0.29,0.00,0.29,0.305
1_Enumerate_Alternative_Partial_101_DEFAULT_31681,1,Enumerate,Alternative,Partial,101,DEFAULT,31681,Un-2-doublev-18,UNSATISFIABLE,0,31.152,31.14,0.00,31.14,31.152
20_Enumerate_Alternative_Partial_202_DEFAULT_13658,20,Enumerate,Alternative,Partial,202,DEFAULT,13658,Un-2-doublev-18,UNSATISFIABLE,0,81.736,81.72,0.00,81.72,81.734
22_Enumerate_Alternative_Partial_101_DEFAULT_16849,22,Enumerate,Alternative,Partial,101,DEFAULT,16849,Un-2-doublev-18,UNSATISFIABLE,0,15.812,15.80,0.00,15.80,15.812
25_Enumerate_Alternative_Partial_101_DEFAULT_6709,25,Enumerate,Alternative,Partial,101,DEFAULT,6709,Un-2-doublev-18,UNSATISFIABLE,0,2.321,2.31,0.00,2.31,2.321
34_Enumerate_Alternative_Partial_101_DEFAULT_10456,34,Enumerate,Alternative,Partial,101,DEFAULT,10456,Un-2-doublev-18,UNKNOWN,0+,300.000,299.99,0.00,0.00,299.994
3_Enumerate_Alternative_Partial_303_DEFAULT_16837,3,Enumerate,Alternative,Partial,303,DEFAULT,16837,Un-2-doublev-18,UNSATISFIABLE,0,29.723,29.71,0.00,29.71,29.722
43_Enumerate_Alternative_Partial_101_DEFAULT_14690,43,Enumerate,Alternative,Partial,101,DEFAULT,14690,Un-2-doublev-18,UNSATISFIABLE,0,15.917,15.90,0.00,15.90,15.916
52_Enumerate_Alternative_Partial_101_DEFAULT_759,52,Enumerate,Alternative,Partial,101,DEFAULT,759,Un-2-doublev-18,UNSATISFIABLE,0,63.600,63.58,0.00,63.58,63.598
58_Enumerate_Alternative_Partial_101_DEFAULT_26985,58,Enumerate,Alternative,Partial,101,DEFAULT,26985,Un-2-doublev-18,UNSATISFIABLE,0,2.712,2.70,0.00,2.70,2.712
5_Enumerate_Alternative_Partial_202_DEFAULT_22084,5,Enumerate,Alternative,Partial,202,DEFAULT,22084,Un-2-doublev-18,UNSATISFIABLE,0,2.775,2.76,0.00,2.76,2.775
61_Enumerate_Alternative_Partial_201_DEFAULT_14189,61,Enumerate,Alternative,Partial,201,DEFAULT,14189,Un-2-doublev-18,UNSATISFIABLE,0,2.733,2.72,0.00,2.72,2.733
67_Enumerate_Alternative_Partial_201_DEFAULT_17876,67,Enumerate,Alternative,Partial,201,DEFAULT,17876,Un-2-doublev-18,UNSATISFIABLE,0,5.257,5.24,0.00,5.24,5.256
6_Enumerate_Alternative_Partial_303_DEFAULT_24758,6,Enumerate,Alternative,Partial,303,DEFAULT,24758,Un-2-doublev-18,UNSATISFIABLE,0,0.703,0.69,0.00,0.69,0.703
76_Enumerate_Alternative_Partial_201_DEFAULT_9373,76,Enumerate,Alternative,Partial,201,DEFAULT,9373,Un-2-doublev-18,UNSATISFIABLE,0,16.877,16.86,0.00,16.86,16.876
82_Enumerate_Alternative_Partial_201_DEFAULT_26645,82,Enumerate,Alternative,Partial,201,DEFAULT,26645,Un-2-doublev-18,UNSATISFIABLE,0,15.299,15.28,0.00,15.28,15.299
101_Enumerate_Alternative_Partial_402_DEFAULT_7830,101,Enumerate,Alternative,Partial,402,DEFAULT,7830,Un-2-doublev-21,UNSATISFIABLE,0,17.443,17.42,0.00,17.42,17.443
103_Enumerate_Alternative_Partial_201_DEFAULT_31869,103,Enumerate,Alternative,Partial,201,DEFAULT,31869,Un-2-doublev-21,UNSATISFIABLE,0,6.844,6.82,0.00,6.82,6.844
109_Enumerate_Alternative_Partial_201_DEFAULT_16687,109,Enumerate,Alternative,Partial,201,DEFAULT,16687,Un-2-doublev-21,UNKNOWN,0+,300.000,299.98,0.00,0.00,299.994
10_Enumerate_Alternative_Partial_101_DEFAULT_8598,10,Enumerate,Alternative,Partial,101,DEFAULT,8598,Un-2-doublev-21,UNSATISFIABLE,0,5.279,5.26,0.00,5.26,5.279
117_Enumerate_Alternative_Partial_603_DEFAULT_15838,117,Enumerate,Alternative,Partial,603,DEFAULT,15838,Un-2-doublev-21,UNSATISFIABLE,0,20.583,20.56,0.00,20.56,20.583
118_Enumerate_Alternative_Partial_201_DEFAULT_2753,118,Enumerate,Alternative,Partial,201,DEFAULT,2753,Un-2-doublev-21,UNSATISFIABLE,0,10.152,10.13,0.00,10.13,10.152
15_Enumerate_Alternative_Partial_303_DEFAULT_1743,15,Enumerate,Alternative,Partial,303,DEFAULT,1743,Un-2-doublev-21,UNSATISFIABLE,0,3.861,3.84,0.00,3.84,3.861
17_Enumerate_Alternative_Partial_202_DEFAULT_22856,17,Enumerate,Alternative,Partial,202,DEFAULT,22856,Un-2-doublev-21,UNSATISFIABLE,0,0.714,0.69,0.00,0.69,0.714
1_Enumerate_Alternative_Partial_101_DEFAULT_31681,1,Enumerate,Alternative,Partial,101,DEFAULT,31681,Un-2-doublev-21,UNKNOWN,0+,300.000,299.98,0.00,0.00,299.994
20_Enumerate_Alternative_Partial_202_DEFAULT_13658,20,Enumerate,Alternative,Partial,202,DEFAULT,13658,Un-2-doublev-21,UNKNOWN,0+,300.000,299.98,0.00,0.00,299.994
22_Enumerate_Alternative_Partial_101_DEFAULT_16849,22,Enumerate,Alternative,Partial,101,DEFAULT,16849,Un-2-doublev-21,UNKNOWN,0+,300.000,299.98,0.00,0.00,299.994
25_Enumerate_Alternative_Partial_101_DEFAULT_6709,25,Enumerate,Alternative,Partial,101,DEFAULT,6709,Un-2-doublev-21,UNSATISFIABLE,0,20.078,20.06,0.00,20.06,20.078
34_Enumerate_Alternative_Partial_101_DEFAULT_10456,34,Enumerate,Alternative,Partial,101,DEFAULT,10456,Un-2-doublev-21,UNKNOWN,0+,300.000,299.98,0.00,0.00,299.994
3_Enumerate_Alternative_Partial_303_DEFAULT_16837,3,Enumerate,Alternative,Partial,303,DEFAULT,16837,Un-2-doublev-21,UNKNOWN,0+,300.000,299.98,0.00,0.00,299.994
43_Enumerate_Alternative_Partial_101_DEFAULT_14690,43,Enumerate,Alternative,Partial,101,DEFAULT,14690,Un-2-doublev-21,UNKNOWN,0+,300.000,299.98,0.00,0.00,299.994
52_Enumerate_Alternative_Partial_101_DEFAULT_759,52,Enumerate,Alternative,Partial,101,DEFAULT,759,Un-2-doublev-21,UNKNOWN,0+,300.000,299.98,0.00,0.00,299.994
58_Enumerate_Alternative_Partial_101_DEFAULT_26985,58,Enumerate,Alternative,Partial,101,DEFAULT,26985,Un-2-doublev-21,UNSATISFIABLE,0,50.127,50.10,0.00,50.10,50.126
5_Enumerate_Alternative_Partial_202_DEFAULT_22084,5,Enumerate,Alternative,Partial,202,DEFAULT,22084,Un-2-doublev-21,UNSATISFIABLE,0,49.420,49.40,0.00,49.40,49.419
61_Enumerate_Alternative_Partial_201_DEFAULT_14189,61,Enumerate,Alternative,Partial,201,DEFAULT,14189,Un-2-doublev-21,UNSATISFIABLE,0,49.629,49.61,0.00,49.61,49.628
67_Enumerate_Alternative_Partial_201_DEFAULT_17876,67,Enumerate,Alternative,Partial,201,DEFAULT,17876,Un-2-doublev-21,UNSATISFIABLE,0,59.661,59.64,0.00,59.64,59.659
6_Enumerate_Alternative_Partial_303_DEFAULT_24758,6,Enumerate,Alternative,Partial,303,DEFAULT,24758,Un-2-doublev-21,UNSATISFIABLE,0,2.541,2.52,0.00,2.52,2.541
76_Enumerate_Alternative_Partial_201_DEFAULT_9373,76,Enumerate,Alternative,Partial,201,DEFAULT,9373,Un-2-doublev-21,UNKNOWN,0+,300.000,299.98,0.00,0.00,299.988
82_Enumerate_Alternative_Partial_201_DEFAULT_26645,82,Enumerate,Alternative,Partial,201,DEFAULT,26645,Un-2-doublev-21,UNKNOWN,0+,300.000,299.98,0.00,0.00,299.994
101_Enumerate_Alternative_Partial_402_DEFAULT_7830,101,Enumerate,Alternative,Partial,402,DEFAULT,7830,Un-2-doublev-24,UNSATISFIABLE,0,108.438,108.41,0.00,108.41,108.436
103_Enumerate_Alternative_Partial_201_DEFAULT_31869,103,Enumerate,Alternative,Partial,201,DEFAULT,31869,Un-2-doublev-24,UNSATISFIABLE,0,35.934,35.91,0.00,35.91,35.934
109_Enumerate_Alternative_Partial_201_DEFAULT_16687,109,Enumerate,Alternative,Partial,201,DEFAULT,16687,Un-2-doublev-24,UNKNOWN,0+,300.000,299.97,0.00,0.00,299.980
10_Enumerate_Alternative_Partial_101_DEFAULT_8598,10,Enumerate,Alternative,Partial,101,DEFAULT,8598,Un-2-doublev-24,UNSATISFIABLE,0,5.286,5.26,0.00,5.26,5.285
117_Enumerate_Alternative_Partial_603_DEFAULT_15838,117,Enumerate,Alternative,Partial,603,DEFAULT,15838,Un-2-doublev-24,UNSATISFIABLE,0,52.885,52.86,0.00,52.86,52.884
118_Enumerate_Alternative_Partial_201_DEFAULT_2753,118,Enumerate,Alternative,Partial,201,DEFAULT,2753,Un-2-doublev-24,UNSATISFIABLE,0,44.596,44.57,0.00,44.57,44.595
15_Enumerate_Alternative_Partial_303_DEFAULT_1743,15,Enumerate,Alternative,Partial,303,DEFAULT,1743,Un-2-doublev-24,UNSATISFIABLE,0,14.910,14.88,0.00,14.88,14.909
17_Enumerate_Alternative_Partial_202_DEFAULT_22856,17,Enumerate,Alternative,Partial,202,DEFAULT,22856,Un-2-doublev-24,UNSATISFIABLE,0,0.796,0.77,0.00,0.77,0.796
1_Enumerate_Alternative_Partial_101_DEFAULT_31681,1,Enumerate,Alternative,Partial,101,DEFAULT,31681,Un-2-doublev-24,UNKNOWN,0+,300.000,299.97,0.00,0.00,299.994
20_Enumerate_Alternative_Partial_202_DEFAULT_13658,20,Enumerate,Alternative,Partial,202,DEFAULT,13658,Un-2-doublev-24,UNKNOWN,0+,300.000,299.97,0.00,0.00,299.994
22_Enumerate_Alternative_Partial_101_DEFAULT_16849,22,Enumerate,Alternative,Partial,101,DEFAULT,16849,Un-2-doublev-24,UNKNOWN,0+,300.000,299.97,0.00,0.00,299.994
25_Enumerate_Alternative_Partial_101_DEFAULT_6709,25,Enumerate,Alternative,Partial,101,DEFAULT,6709,Un-2-doublev-24,UNSATISFIABLE,0,106.240,106.21,0.00,106.21,106.236
34_Enumerate_Alternative_Partial_101_DEFAULT_10456,34,Enumerate,Alternative,Partial,101,DEFAULT,10456,Un-2-doublev-24,UNKNOWN,0+,300.000,299.97,0.00,0.00,299.994
3_Enumerate_Alternative_Partial_303_DEFAULT_16837,3,Enumerate,Alternative,Partial,303,DEFAULT,16837,Un-2-doublev-24,UNKNOWN,0+,300.000,299.98,0.00,0.00,299.994
43_Enumerate_Alternative_Partial_101_DEFAULT_14690,43,Enumerate,Alternative,Partial,101,DEFAULT,14690,Un-2-doublev-24,UNKNOWN,0+,300.000,299.97,0.00,0.00,299.995
52_Enumerate_Alternative_Partial_101_DEFAULT_759,52,Enumerate,Alternative,Partial,101,DEFAULT,759,Un-2-doublev-24,UNKNOWN,0+,300.000,299.97,0.00,0.00,299.994
58_Enumerate_Alternative_Partial_101_DEFAULT_26985,58,Enumerate,Alternative,Partial,101,DEFAULT,26985,Un-2-doublev-24,UNSATISFIABLE,0,237.637,237.61,0.00,237.61,237.633
5_Enumerate_Alternative_Partial_202_DEFAULT_22084,5,Enumerate,Alternative,Partial,202,DEFAULT,22084,Un-2-doublev-24,UNSATISFIABLE,0,237.687,237.66,0.00,237.66,237.682
61_Enumerate_Alternative_Partial_201_DEFAULT_14189,61,Enumerate,Alternative,Partial,201,DEFAULT,14189,Un-2-doublev-24,UNSATISFIABLE,0,242.593,242.57,0.00,242.57,242.589
67_Enumerate_Alternative_Partial_201_DEFAULT_17876,67,Enumerate,Alternative,Partial,201,DEFAULT,17876,Un-2-doublev-24,UNSATISFIABLE,0,137.373,137.35,0.00,137.35,137.363
6_Enumerate_Alternative_Partial_303_DEFAULT_24758,6,Enumerate,Alternative,Partial,303,DEFAULT,24758,Un-2-doublev-24,UNSATISFIABLE,0,3.779,3.75,0.00,3.75,3.779
76_Enumerate_Alternative_Partial_201_DEFAULT_9373,76,Enumerate,Alternative,Partial,201,DEFAULT,9373,Un-2-doublev-24,UNKNOWN,0+,300.000,299.97,0.00,0.00,299.994
82_Enumerate_Alternative_Partial_201_DEFAULT_26645,82,Enumerate,Alternative,Partial,201,DEFAULT,26645,Un-2-doublev-24,UNKNOWN,0+,300.000,299.97,0.00,0.00,299.994
101_Enumerate_Alternative_Partial_402_DEFAULT_7830,101,Enumerate,Alternative,Partial,402,DEFAULT,7830,Un-2-doublev-9,UNSATISFIABLE,0,0.010,0.01,0.00,0.01,0.010
103_Enumerate_Alternative_Partial_201_DEFAULT_31869,103,Enumerate,Alternative,Partial,201,DEFAULT,31869,Un-2-doublev-9,UNSATISFIABLE,0,0.014,0.01,0.00,0.01,0.014
109_Enumerate_Alternative_Partial_201_DEFAULT_16687,109,Enumerate,Alternative,Partial,201,DEFAULT,16687,Un-2-doublev-9,UNSATISFIABLE,0,0.036,0.03,0.00,0.03,0.036
10_Enumerate_Alternative_Partial_101_DEFAULT_8598,10,Enumerate,Alternative,Partial,101,DEFAULT,8598,Un-2-doublev-9,UNSATISFIABLE,0,0.025,0.02,0.00,0.02,0.025
117_Enumerate_Alternative_Partial_603_DEFAULT_15838,117,Enumerate,Alternative,Partial,603,DEFAULT,15838,Un-2-doublev-9,UNSATISFIABLE,0,0.007,0.00,0.00,0.00,0.007
118_Enumerate_Alternative_Partial_201_DEFAULT_2753,118,Enumerate,Alternative,Partial,201,DEFAULT,2753,Un-2-doublev-9,UNSATISFIABLE,0,0.012,0.01,0.00,0.01,0.012
15_Enumerate_Alternative_Partial_303_DEFAULT_1743,15,Enumerate,Alternative,Partial,303,DEFAULT,1743,Un-2-doublev-9,UNSATISFIABLE,0,0.013,0.01,0.00,0.01,0.013
17_Enumerate_Alternative_Partial_202_DEFAULT_22856,17,Enumerate,Alternative,Partial,202,DEFAULT,22856,Un-2-doublev-9,UNSATISFIABLE,0,0.013,0.01,0.00,0.01,0.013
1_Enumerate_Alternative_Partial_101_DEFAULT_31681,1,Enumerate,Alternative,Partial,101,DEFAULT,31681,Un-2-doublev-9,UNSATISFIABLE,0,0.016,0.01,0.00,0.01,0.016
20_Enumerate_Alternative_Partial_202_DEFAULT_13658,20,Enumerate,Alternative,Partial,202,DEFAULT,13658,Un-2-doublev-9,UNSATISFIABLE,0,0.019,0.01,0.00,0.01,0.019
22_Enumerate_Alternative_Partial_101_DEFAULT_16849,22,Enumerate,Alternative,Partial,101,DEFAULT,16849,Un-2-doublev-9,UNSATISFIABLE,0,0.012,0.00,0.00,0.00,0.012
25_Enumerate_Alternative_Partial_101_DEFAULT_6709,25,Enumerate,Alternative,Partial,101,DEFAULT,6709,Un-2-doublev-9,UNSATISFIABLE,0,0.012,0.01,0.00,0.01,0.012
34_Enumerate_Alternative_Partial_101_DEFAULT_10456,34,Enumerate,Alternative,Partial,101,DEFAULT,10456,Un-2-doublev-9,UNSATISFIABLE,0,0.028,0.02,0.00,0.02,0.028
3_Enumerate_Alternative_Partial_303_DEFAULT_16837,3,Enumerate,Alternative,Partial,303,DEFAULT,16837,Un-2-doublev-9,UNSATISFIABLE,0,0.013,0.01,0.00,0.01,0.013
43_Enumerate_Alternative_Partial_101_DEFAULT_14690,43,Enumerate,Alternative,Partial,101,DEFAULT,14690,Un-2-doublev-9,UNSATISFIABLE,0,0.020,0.01,0.00,0.01,0.020
52_Enumerate_Alternative_Partial_101_DEFAULT_759,52,Enumerate,Alternative,Partial,101,DEFAULT,759,Un-2-doublev-9,UNSATISFIABLE,0,0.032,0.03,0.00,0.03,0.032
58_Enumerate_Alternative_Partial_101_DEFAULT_26985,58,Enumerate,Alternative,Partial,101,DEFAULT,26985,Un-2-doublev-9,UNSATISFIABLE,0,0.011,0.01,0.00,0.01,0.011
5_Enumerate_Alternative_Partial_202_DEFAULT_22084,5,Enumerate,Alternative,Partial,202,DEFAULT,22084,Un-2-doublev-9,UNSATISFIABLE,0,0.012,0.01,0.00,0.01,0.012
61_Enumerate_Alternative_Partial_201_DEFAULT_14189,61,Enumerate,Alternative,Partial,201,DEFAULT,14189,Un-2-doublev-9,UNSATISFIABLE,0,0.013,0.01,0.00,0.01,0.013
67_Enumerate_Alternative_Partial_201_DEFAULT_17876,67,Enumerate,Alternative,Partial,201,DEFAULT,17876,Un-2-doublev-9,UNSATISFIABLE,0,0.040,0.03,0.00,0.03,0.040
6_Enumerate_Alternative_Partial_303_DEFAULT_24758,6,Enumerate,Alternative,Partial,303,DEFAULT,24758,Un-2-doublev-9,UNSATISFIABLE,0,0.016,0.01,0.00,0.01,0.016
76_Enumerate_Alternative_Partial_201_DEFAULT_9373,76,Enumerate,Alternative,Partial,201,DEFAULT,9373,Un-2-doublev-9,UNSATISFIABLE,0,0.021,0.01,0.00,0.01,0.021
82_Enumerate_Alternative_Partial_201_DEFAULT_26645,82,Enumerate,Alternative,Partial,201,DEFAULT,26645,Un-2-doublev-9,UNSATISFIABLE,0,0.012,0.01,0.00,0.01,0.012
101_Enumerate_Alternative_Partial_402_DEFAULT_7830,101,Enumerate,Alternative,Partial,402,DEFAULT,7830,Un-2-doublev-12,UNSATISFIABLE,0,0.168,0.16,0.00,0.16,0.168
103_Enumerate_Alternative_Partial_201_DEFAULT_31869,103,Enumerate,Alternative,Partial,201,DEFAULT,31869,Un-2-doublev-12,UNSATISFIABLE,0,0.188,0.18,0.00,0.18,0.188
109_Enumerate_Alternative_Partial_201_DEFAULT_16687,109,Enumerate,Alternative,Partial,201,DEFAULT,16687,Un-2-doublev-12,UNSATISFIABLE,0,0.612,0.60,0.00,0.60,0.612
10_Enumerate_Alternative_Partial_101_DEFAULT_8598,10,Enumerate,Alternative,Partial,101,DEFAULT,8598,Un-2-doublev-12,UNSATISFIABLE,0,0.126,0.12,0.00,0.12,0.126
117_Enumerate_Alternative_Partial_603_DEFAULT_15838,117,Enumerate,Alternative,Partial,603,DEFAULT,15838,Un-2-doublev-12,UNSATISFIABLE,0,0.040,0.03,0.00,0.03,0.040
118_Enumerate_Alternative_Partial_201_DEFAULT_2753,118,Enumerate,Alternative,Partial,201,DEFAULT,2753,Un-2-doublev-12,UNSATISFIABLE,0,0.117,0.11,0.00,0.11,0.117
15_Enumerate_Alternative_Partial_303_DEFAULT_1743,15,Enumerate,Alternative,Partial,303,DEFAULT,1743,Un-2-doublev-12,UNSATISFIABLE,0,0.045,0.04,0.00,0.04,0.045
17_Enumerate_Alternative_Partial_202_DEFAULT_22856,17,Enumerate,Alternative,Partial,202,DEFAULT,22856,Un-2-doublev-12,UNSATISFIABLE,0,0.066,0.06,0.00,0.06,0.066
1_Enumerate_Alternative_Partial_101_DEFAULT_31681,1,Enumerate,Alternative,Partial,101,DEFAULT,31681,Un-2-doublev-12,UNSATISFIABLE,0,0.352,0.34,0.00,0.34,0.352
20_Enumerate_Alternative_Partial_202_DEFAULT_13658,20,Enumerate,Alternative,Partial,202,DEFAULT,13658,Un-2-doublev-12,UNSATISFIABLE,0,0.741,0.73,0.00,0.73,0.741
22_Enumerate_Alternative_Partial_101_DEFAULT_16849,22,Enumerate,Alternative,Partial,101,DEFAULT,16849,Un-2-doublev-12,UNSATISFIABLE,0,0.225,0.22,0.00,0.22,0.225
25_Enumerate_Alternative_Partial_101_DEFAULT_6709,25,Enumerate,Alternative,Partial,101,DEFAULT,6709,Un-2-doublev-12,UNSATISFIABLE,0,0.149,0.14,0.00,0.14,0.149
34_Enumerate_Alternative_Partial_101_DEFAULT_10456,34,Enumerate,Alternative,Partial,101,DEFAULT,10456,Un-2-doublev-12,UNSATISFIABLE,0,2.161,2.15,0.00,2.15,2.161
3_Enumerate_Alternative_Partial_303_DEFAULT_16837,3,Enumerate,Alternative,Partial,303,DEFAULT,16837,Un-2-doublev-12,UNSATISFIABLE,0,0.084,0.07,0.00,0.07,0.084
43_Enumerate_Alternative_Partial_101_DEFAULT_14690,43,Enumerate,Alternative,Partial,101,DEFAULT,14690,Un-2-doublev-12,UNSATISFIABLE,0,1.939,1.93,0.00,1.93,1.939
52_Enumerate_Alternative_Partial_101_DEFAULT_759,52,Enumerate,Alternative,Partial,101,DEFAULT,759,Un-2-doublev-12,UNSATISFIABLE,0,0.046,0.04,0.00,0.04,0.046
58_Enumerate_Alternative_Partial_101_DEFAULT_26985,58,Enumerate,Alternative,Partial,101,DEFAULT,26985,Un-2-doublev-12,UNSATISFIABLE,0,0.218,0.21,0.00,0.21,0.218
5_Enumerate_Alternative_Partial_202_DEFAULT_22084,5,Enumerate,Alternative,Partial,202,DEFAULT,22084,Un-2-doublev-12,UNSATISFIABLE,0,0.215,0.21,0.00,0.21,0.215
61_Enumerate_Alternative_Partial_201_DEFAULT_14189,61,Enumerate,Alternative,Partial,201,DEFAULT,14189,Un-2-doublev-12,UNSATISFIABLE,0,0.216,0.21,0.00,0.21,0.216
67_Enumerate_Alternative_Partial_201_DEFAULT_17876,67,Enumerate,Alternative,Partial,201,DEFAULT,17876,Un-2-doublev-12,UNSATISFIABLE,0,0.077,0.07,0.00,0.07,0.077
6_Enumerate_Alternative_Partial_303_DEFAULT_24758,6,Enumerate,Alternative,Partial,303,DEFAULT,24758,Un-2-doublev-12,UNSATISFIABLE,0,0.113,0.10,0.00,0.10,0.113
76_Enumerate_Alternative_Partial_201_DEFAULT_9373,76,Enumerate,Alternative,Partial,201,DEFAULT,9373,Un-2-doublev-12,UNSATISFIABLE,0,0.131,0.13,0.00,0.13,0.131
82_Enumerate_Alternative_Partial_201_DEFAULT_26645,82,Enumerate,Alternative,Partial,201,DEFAULT,26645,Un-2-doublev-12,UNSATISFIABLE,0,0.331,0.32,0.00,0.32,0.331
101_Enumerate_Alternative_Partial_402_DEFAULT_7830,101,Enumerate,Alternative,Partial,402,DEFAULT,7830,2-doublev-15,SATISFIABLE,1+,0.019,0.01,0.01,0.00,0.019
103_Enumerate_Alternative_Partial_201_DEFAULT_31869,103,Enumerate,Alternative,Partial,201,DEFAULT,31869,2-doublev-15,SATISFIABLE,1+,0.020,0.01,0.01,0.00,0.020
109_Enumerate_Alternative_Partial_201_DEFAULT_16687,109,Enumerate,Alternative,Partial,201,DEFAULT,16687,2-doublev-15,SATISFIABLE,1+,0.022,0.01,0.01,0.00,0.022
10_Enumerate_Alternative_Partial_101_DEFAULT_8598,10,Enumerate,Alternative,Partial,101,DEFAULT,8598,2-doublev-15,SATISFIABLE,1+,0.014,0.00,0.00,0.00,0.014
117_Enumerate_Alternative_Partial_603_DEFAULT_15838,117,Enumerate,Alternative,Partial,603,DEFAULT,15838,2-doublev-15,SATISFIABLE,1+,0.081,0.06,0.06,0.00,0.081
118_Enumerate_Alternative_Partial_201_DEFAULT_2753,118,Enumerate,Alternative,Partial,201,DEFAULT,2753,2-doublev-15,SATISFIABLE,1+,0.049,0.03,0.03,0.00,0.049
15_Enumerate_Alternative_Partial_303_DEFAULT_1743,15,Enumerate,Alternative,Partial,303,DEFAULT,1743,2-doublev-15,SATISFIABLE,1+,0.212,0.20,0.20,0.00,0.212
17_Enumerate_Alternative_Partial_202_DEFAULT_22856,17,Enumerate,Alternative,Partial,202,DEFAULT,22856,2-doublev-15,SATISFIABLE,1+,0.022,0.01,0.01,0.00,0.022
1_Enumerate_Alternative_Partial_101_DEFAULT_31681,1,Enumerate,Alternative,Partial,101,DEFAULT,31681,2-doublev-15,SATISFIABLE,1+,0.021,0.01,0.01,0.00,0.021
20_Enumerate_Alternative_Partial_202_DEFAULT_13658,20,Enumerate,Alternative,Partial,202,DEFAULT,13658,2-doublev-15,SATISFIABLE,1+,0.048,0.03,0.03,0.00,0.048
22_Enumerate_Alternative_Partial_101_DEFAULT_16849,22,Enumerate,Alternative,Partial,101,DEFAULT,16849,2-doublev-15,SATISFIABLE,1+,0.027,0.01,0.01,0.00,0.027
25_Enumerate_Alternative_Partial_101_DEFAULT_6709,25,Enumerate,Alternative,Partial,101,DEFAULT,6709,2-doublev-15,SATISFIABLE,1+,0.033,0.02,0.02,0.00,0.033
34_Enumerate_Alternative_Partial_101_DEFAULT_10456,34,Enumerate,Alternative,Partial,101,DEFAULT,10456,2-doublev-15,SATISFIABLE,1+,0.018,0.01,0.01,0.00,0.018
3_Enumerate_Alternative_Partial_303_DEFAULT_16837,3,Enumerate,Alternative,Partial,303,DEFAULT,16837,2-doublev-15,SATISFIABLE,1+,0.057,0.05,0.05,0.00,0.057
43_Enumerate_Alternative_Partial_101_DEFAULT_14690,43,Enumerate,Alternative,Partial,101,DEFAULT,14690,2-doublev-15,SATISFIABLE,1+,0.136,0.12,0.12,0.00,0.136
52_Enumerate_Alternative_Partial_101_DEFAULT_759,52,Enumerate,Alternative,Partial,101,DEFAULT,759,2-doublev-15,SATISFIABLE,1+,0.021,0.00,0.00,0.00,0.021
58_Enumerate_Alternative_Partial_101_DEFAULT_26985,58,Enumerate,Alternative,Partial,101,DEFAULT,26985,2-doublev-15,SATISFIABLE,1+,0.032,0.01,0.01,0.00,0.032
5_Enumerate_Alternative_Partial_202_DEFAULT_22084,5,Enumerate,Alternative,Partial,202,DEFAULT,22084,2-doublev-15,SATISFIABLE,1+,0.029,0.01,0.01,0.00,0.029
61_Enumerate_Alternative_Partial_201_DEFAULT_14189,61,Enumerate,Alternative,Partial,201,DEFAULT,14189,2-doublev-15,SATISFIABLE,1+,0.029,0.01,0.01,0.00,0.029
67_Enumerate_Alternative_Partial_201_DEFAULT_17876,67,Enumerate,Alternative,Partial,201,DEFAULT,17876,2-doublev-15,SATISFIABLE,1+,0.027,0.01,0.01,0.00,0.027
6_Enumerate_Alternative_Partial_303_DEFAULT_24758,6,Enumerate,Alternative,Partial,303,DEFAULT,24758,2-doublev-15,SATISFIABLE,1+,0.049,0.03,0.03,0.00,0.049
76_Enumerate_Alternative_Partial_201_DEFAULT_9373,76,Enumerate,Alternative,Partial,201,DEFAULT,9373,2-doublev-15,SATISFIABLE,1+,0.353,0.34,0.34,0.00,0.353
82_Enumerate_Alternative_Partial_201_DEFAULT_26645,82,Enumerate,Alternative,Partial,201,DEFAULT,26645,2-doublev-15,SATISFIABLE,1+,0.018,0.00,0.00,0.00,0.018
101_Enumerate_Alternative_Partial_402_DEFAULT_7830,101,Enumerate,Alternative,Partial,402,DEFAULT,7830,2-doublev-18,SATISFIABLE,1+,0.045,0.03,0.03,0.00,0.045
103_Enumerate_Alternative_Partial_201_DEFAULT_31869,103,Enumerate,Alternative,Partial,201,DEFAULT,31869,2-doublev-18,SATISFIABLE,1+,0.113,0.10,0.10,0.00,0.113
109_Enumerate_Alternative_Partial_201_DEFAULT_16687,109,Enumerate,Alternative,Partial,201,DEFAULT,16687,2-doublev-18,SATISFIABLE,1+,0.024,0.00,0.00,0.00,0.024
10_Enumerate_Alternative_Partial_101_DEFAULT_8598,10,Enumerate,Alternative,Partial,101,DEFAULT,8598,2-doublev-18,SATISFIABLE,1+,0.097,0.08,0.08,0.00,0.097
117_Enumerate_Alternative_Partial_603_DEFAULT_15838,117,Enumerate,Alternative,Partial,603,DEFAULT,15838,2-doublev-18,SATISFIABLE,1+,0.295,0.27,0.27,0.00,0.295
118_Enumerate_Alternative_Partial_201_DEFAULT_2753,118,Enumerate,Alternative,Partial,201,DEFAULT,2753,2-doublev-18,SATISFIABLE,1+,0.496,0.48,0.48,0.00,0.496
15_Enumerate_Alternative_Partial_303_DEFAULT_1743,15,Enumerate,Alternative,Partial,303,DEFAULT,1743,2-doublev-18,SATISFIABLE,1+,0.129,0.11,0.11,0.00,0.129
17_Enumerate_Alternative_Partial_202_DEFAULT_22856,17,Enumerate,Alternative,Partial,202,DEFAULT,22856,2-doublev-18,SATISFIABLE,1+,0.091,0.07,0.07,0.00,0.091
1_Enumerate_Alternative_Partial_101_DEFAULT_31681,1,Enumerate,Alternative,Partial,101,DEFAULT,31681,2-doublev-18,SATISFIABLE,1+,0.026,0.01,0.01,0.00,0.026
20_Enumerate_Alternative_Partial_202_DEFAULT_13658,20,Enumerate,Alternative,Partial,202,DEFAULT,13658,2-doublev-18,SATISFIABLE,1+,0.029,0.01,0.01,0.00,0.029
22_Enumerate_Alternative_Partial_101_DEFAULT_16849,22,Enumerate,Alternative,Partial,101,DEFAULT,16849,2-doublev-18,SATISFIABLE,1+,0.039,0.02,0.02,0.00,0.039
25_Enumerate_Alternative_Partial_101_DEFAULT_6709,25,Enumerate,Alternative,Partial,101,DEFAULT,6709,2-doublev-18,SATISFIABLE,1+,0.041,0.02,0.02,0.00,0.041
34_Enumerate_Alternative_Partial_101_DEFAULT_10456,34,Enumerate,Alternative,Partial,101,DEFAULT,10456,2-doublev-18,SATISFIABLE,1+,0.023,0.00,0.00,0.00,0.023
3_Enumerate_Alternative_Partial_303_DEFAULT_16837,3,Enumerate,Alternative,Partial,303,DEFAULT,16837,2-doublev-18,SATISFIABLE,1+,0.066,0.05,0.05,0.00,0.066
43_Enumerate_Alternative_Partial_101_DEFAULT_14690,43,Enumerate,Alternative,Partial,101,DEFAULT,14690,2-doublev-18,SATISFIABLE,1+,0.048,0.03,0.03,0.00,0.048
52_Enumerate_Alternative_Partial_101_DEFAULT_759,52,Enumerate,Alternative,Partial,101,DEFAULT,759,2-doublev-18,SATISFIABLE,1+,0.022,0.00,0.00,0.00,0.022
58_Enumerate_Alternative_Partial_101_DEFAULT_26985,58,Enumerate,Alternative,Partial,101,DEFAULT,26985,2-doublev-18,SATISFIABLE,1+,0.090,0.07,0.07,0.00,0.090
5_Enumerate_Alternative_Partial_202_DEFAULT_22084,5,Enumerate,Alternative,Partial,202,DEFAULT,22084,2-doublev-18,SATISFIABLE,1+,0.091,0.07,0.07,0.00,0.091
61_Enumerate_Alternative_Partial_201_DEFAULT_14189,61,Enumerate,Alternative,Partial,201,DEFAULT,14189,2-doublev-18,SATISFIABLE,1+,0.090,0.07,0.07,0.00,0.090
67_Enumerate_Alternative_Partial_201_DEFAULT_17876,67,Enumerate,Alternative,Partial,201,DEFAULT,17876,2-doublev-18,SATISFIABLE,1+,0.037,0.02,0.02,0.00,0.037
6_Enumerate_Alternative_Partial_303_DEFAULT_24758,6,Enumerate,Alternative,Partial,303,DEFAULT,24758,2-doublev-18,SATISFIABLE,1+,0.144,0.13,0.13,0.00,0.144
76_Enumerate_Alternative_Partial_201_DEFAULT_9373,76,Enumerate,Alternative,Partial,201,DEFAULT,9373,2-doublev-18,SATISFIABLE,1+,0.060,0.04,0.04,0.00,0.060
82_Enumerate_Alternative_Partial_201_DEFAULT_26645,82,Enumerate,Alternative,Partial,201,DEFAULT,26645,2-doublev-18,SATISFIABLE,1+,0.045,0.03,0.03,0.00,0.045
101_Enumerate_Alternative_Partial_402_DEFAULT_7830,101,Enumerate,Alternative,Partial,402,DEFAULT,7830,2-doublev-21,SATISFIABLE,1+,0.087,0.06,0.06,0.00,0.087
103_Enumerate_Alternative_Partial_201_DEFAULT_31869,103,Enumerate,Alternative,Partial,201,DEFAULT,31869,2-doublev-21,SATISFIABLE,1+,0.062,0.04,0.04,0.00,0.062
109_Enumerate_Alternative_Partial_201_DEFAULT_16687,109,Enumerate,Alternative,Partial,201,DEFAULT,16687,2-doublev-21,SATISFIABLE,1+,0.076,0.05,0.05,0.00,0.076
10_Enumerate_Alternative_Partial_101_DEFAULT_8598,10,Enumerate,Alternative,Partial,101,DEFAULT,8598,2-doublev-21,SATISFIABLE,1+,0.044,0.02,0.02,0.00,0.044
117_Enumerate_Alternative_Partial_603_DEFAULT_15838,117,Enumerate,Alternative,Partial,603,DEFAULT,15838,2-doublev-21,SATISFIABLE,1+,0.347,0.32,0.32,0.00,0.347
118_Enumerate_Alternative_Partial_201_DEFAULT_2753,118,Enumerate,Alternative,Partial,201,DEFAULT,2753,2-doublev-21,SATISFIABLE,1+,0.134,0.11,0.11,0.00,0.134
15_Enumerate_Alternative_Partial_303_DEFAULT_1743,15,Enumerate,Alternative,Partial,303,DEFAULT,1743,2-doublev-21,SATISFIABLE,1+,0.122,0.09,0.09,0.00,0.122
17_Enumerate_Alternative_Partial_202_DEFAULT_22856,17,Enumerate,Alternative,Partial,202,DEFAULT,22856,2-doublev-21,SATISFIABLE,1+,0.060,0.03,0.03,0.00,0.060
1_Enumerate_Alternative_Partial_101_DEFAULT_31681,1,Enumerate,Alternative,Partial,101,DEFAULT,31681,2-doublev-21,SATISFIABLE,1+,0.067,0.04,0.04,0.00,0.067
20_Enumerate_Alternative_Partial_202_DEFAULT_13658,20,Enumerate,Alternative,Partial,202,DEFAULT,13658,2-doublev-21,SATISFIABLE,1+,0.058,0.03,0.03,0.00,0.058
22_Enumerate_Alternative_Partial_101_DEFAULT_16849,22,Enumerate,Alternative,Partial,101,DEFAULT,16849,2-doublev-21,SATISFIABLE,1+,0.057,0.03,0.03,0.00,0.057
25_Enumerate_Alternative_Partial_101_DEFAULT_6709,25,Enumerate,Alternative,Partial,101,DEFAULT,6709,2-doublev-21,SATISFIABLE,1+,0.091,0.06,0.06,0.00,0.091
34_Enumerate_Alternative_Partial_101_DEFAULT_10456,34,Enumerate,Alternative,Partial,101,DEFAULT,10456,2-doublev-21,SATISFIABLE,1+,0.080,0.05,0.05,0.00,0.080
3_Enumerate_Alternative_Partial_303_DEFAULT_16837,3,Enumerate,Alternative,Partial,303,DEFAULT,16837,2-doublev-21,SATISFIABLE,1+,0.066,0.04,0.04,0.00,0.066
43_Enumerate_Alternative_Partial_101_DEFAULT_14690,43,Enumerate,Alternative,Partial,101,DEFAULT,14690,2-doublev-21,SATISFIABLE,1+,0.058,0.03,0.03,0.00,0.058
52_Enumerate_Alternative_Partial_101_DEFAULT_759,52,Enumerate,Alternative,Partial,101,DEFAULT,759,2-doublev-21,SATISFIABLE,1+,0.040,0.01,0.01,0.00,0.040
58_Enumerate_Alternative_Partial_101_DEFAULT_26985,58,Enumerate,Alternative,Partial,101,DEFAULT,26985,2-doublev-21,SATISFIABLE,1+,0.145,0.12,0.12,0.00,0.145
5_Enumerate_Alternative_Partial_202_DEFAULT_22084,5,Enumerate,Alternative,Partial,202,DEFAULT,22084,2-doublev-21,SATISFIABLE,1+,0.145,0.12,0.12,0.00,0.145
61_Enumerate_Alternative_Partial_201_DEFAULT_14189,61,Enumerate,Alternative,Partial,201,DEFAULT,14189,2-doublev-21,SATISFIABLE,1+,0.144,0.12,0.12,0.00,0.144
67_Enumerate_Alternative_Partial_201_DEFAULT_17876,67,Enumerate,Alternative,Partial,201,DEFAULT,17876,2-doublev-21,SATISFIABLE,1+,0.168,0.14,0.14,0.00,0.168
6_Enumerate_Alternative_Partial_303_DEFAULT_24758,6,Enumerate,Alternative,Partial,303,DEFAULT,24758,2-doublev-21,SATISFIABLE,1+,0.995,0.97,0.97,0.00,0.995
76_Enumerate_Alternative_Partial_201_DEFAULT_9373,76,Enumerate,Alternative,Partial,201,DEFAULT,9373,2-doublev-21,SATISFIABLE,1+,0.063,0.04,0.04,0.00,0.063
82_Enumerate_Alternative_Partial_201_DEFAULT_26645,82,Enumerate,Alternative,Partial,201,DEFAULT,26645,2-doublev-21,SATISFIABLE,1+,0.037,0.01,0.01,0.00,0.037
101_Enumerate_Alternative_Partial_402_DEFAULT_7830,101,Enumerate,Alternative,Partial,402,DEFAULT,7830,2-doublev-24,SATISFIABLE,1+,0.355,0.33,0.33,0.00,0.355
103_Enumerate_Alternative_Partial_201_DEFAULT_31869,103,Enumerate,Alternative,Partial,201,DEFAULT,31869,2-doublev-24,SATISFIABLE,1+,0.417,0.39,0.39,0.00,0.417
109_Enumerate_Alternative_Partial_201_DEFAULT_16687,109,Enumerate,Alternative,Partial,201,DEFAULT,16687,2-doublev-24,SATISFIABLE,1+,0.251,0.22,0.22,0.00,0.251
10_Enumerate_Alternative_Partial_101_DEFAULT_8598,10,Enumerate,Alternative,Partial,101,DEFAULT,8598,2-doublev-24,SATISFIABLE,1+,0.130,0.10,0.10,0.00,0.130
117_Enumerate_Alternative_Partial_603_DEFAULT_15838,117,Enumerate,Alternative,Partial,603,DEFAULT,15838,2-doublev-24,SATISFIABLE,1+,3.213,3.18,3.18,0.00,3.213
118_Enumerate_Alternative_Partial_201_DEFAULT_2753,118,Enumerate,Alternative,Partial,201,DEFAULT,2753,2-doublev-24,SATISFIABLE,1+,0.141,0.11,0.11,0.00,0.141
15_Enumerate_Alternative_Partial_303_DEFAULT_1743,15,Enumerate,Alternative,Partial,303,DEFAULT,1743,2-doublev-24,SATISFIABLE,1+,0.947,0.91,0.91,0.00,0.947
17_Enumerate_Alternative_Partial_202_DEFAULT_22856,17,Enumerate,Alternative,Partial,202,DEFAULT,22856,2-doublev-24,SATISFIABLE,1+,0.111,0.08,0.08,0.00,0.111
1_Enumerate_Alternative_Partial_101_DEFAULT_31681,1,Enumerate,Alternative,Partial,101,DEFAULT,31681,2-doublev-24,SATISFIABLE,1+,0.186,0.15,0.15,0.00,0.186
20_Enumerate_Alternative_Partial_202_DEFAULT_13658,20,Enumerate,Alternative,Partial,202,DEFAULT,13658,2-doublev-24,SATISFIABLE,1+,0.136,0.11,0.11,0.00,0.136
22_Enumerate_Alternative_Partial_101_DEFAULT_16849,22,Enumerate,Alternative,Partial,101,DEFAULT,16849,2-doublev-24,SATISFIABLE,1+,0.185,0.15,0.15,0.00,0.185
25_Enumerate_Alternative_Partial_101_DEFAULT_6709,25,Enumerate,Alternative,Partial,101,DEFAULT,6709,2-doublev-24,SATISFIABLE,1+,0.062,0.03,0.03,0.00,0.062
34_Enumerate_Alternative_Partial_101_DEFAULT_10456,34,Enumerate,Alternative,Partial,101,DEFAULT,10456,2-doublev-24,SATISFIABLE,1+,0.046,0.02,0.02,0.00,0.046
3_Enumerate_Alternative_Partial_303_DEFAULT_16837,3,Enumerate,Alternative,Partial,303,DEFAULT,16837,2-doublev-24,SATISFIABLE,1+,0.161,0.13,0.13,0.00,0.161
43_Enumerate_Alternative_Partial_101_DEFAULT_14690,43,Enumerate,Alternative,Partial,101,DEFAULT,14690,2-doublev-24,SATISFIABLE,1+,0.070,0.04,0.04,0.00,0.070
52_Enumerate_Alternative_Partial_101_DEFAULT_759,52,Enumerate,Alternative,Partial,101,DEFAULT,759,2-doublev-24,SATISFIABLE,1+,0.115,0.09,0.09,0.00,0.115
58_Enumerate_Alternative_Partial_101_DEFAULT_26985,58,Enumerate,Alternative,Partial,101,DEFAULT,26985,2-doublev-24,SATISFIABLE,1+,0.071,0.04,0.04,0.00,0.071
5_Enumerate_Alternative_Partial_202_DEFAULT_22084,5,Enumerate,Alternative,Partial,202,DEFAULT,22084,2-doublev-24,SATISFIABLE,1+,0.071,0.04,0.04,0.00,0.071
61_Enumerate_Alternative_Partial_201_DEFAULT_14189,61,Enumerate,Alternative,Partial,201,DEFAULT,14189,2-doublev-24,SATISFIABLE,1+,0.068,0.04,0.04,0.00,0.068
67_Enumerate_Alternative_Partial_201_DEFAULT_17876,67,Enumerate,Alternative,Partial,201,DEFAULT,17876,2-doublev-24,SATISFIABLE,1+,0.050,0.02,0.02,0.00,0.050
6_Enumerate_Alternative_Partial_303_DEFAULT_24758,6,Enumerate,Alternative,Partial,303,DEFAULT,24758,2-doublev-24,SATISFIABLE,1+,0.215,0.18,0.18,0.00,0.215
76_Enumerate_Alternative_Partial_201_DEFAULT_9373,76,Enumerate,Alternative,Partial,201,DEFAULT,9373,2-doublev-24,SATISFIABLE,1+,0.217,0.18,0.18,0.00,0.217
82_Enumerate_Alternative_Partial_201_DEFAULT_26645,82,Enumerate,Alternative,Partial,201,DEFAULT,26645,2-doublev-24,SATISFIABLE,1+,0.068,0.04,0.04,0.00,0.068
101_Enumerate_Alternative_Partial_402_DEFAULT_7830,101,Enumerate,Alternative,Partial,402,DEFAULT,7830,2-doublev-9,SATISFIABLE,1+,0.011,0.00,0.00,0.00,0.011
103_Enumerate_Alternative_Partial_201_DEFAULT_31869,103,Enumerate,Alternative,Partial,201,DEFAULT,31869,2-doublev-9,SATISFIABLE,1+,0.006,0.00,0.00,0.00,0.006
109_Enumerate_Alternative_Partial_201_DEFAULT_16687,109,Enumerate,Alternative,Partial,201,DEFAULT,16687,2-doublev-9,SATISFIABLE,1+,0.012,0.00,0.00,0.00,0.012
10_Enumerate_Alternative_Partial_101_DEFAULT_8598,10,Enumerate,Alternative,Partial,101,DEFAULT,8598,2-doublev-9,SATISFIABLE,1+,0.008,0.00,0.00,0.00,0.008
117_Enumerate_Alternative_Partial_603_DEFAULT_15838,117,Enumerate,Alternative,Partial,603,DEFAULT,15838,2-doublev-9,SATISFIABLE,1+,0.008,0.00,0.00,0.00,0.008
118_Enumerate_Alternative_Partial_201_DEFAULT_2753,118,Enumerate,Alternative,Partial,201,DEFAULT,2753,2-doublev-9,SATISFIABLE,1+,0.012,0.00,0.00,0.00,0.012
15_Enumerate_Alternative_Partial_303_DEFAULT_1743,15,Enumerate,Alternative,Partial,303,DEFAULT,1743,2-doublev-9,SATISFIABLE,1+,0.016,0.01,0.01,0.00,0.016
17_Enumerate_Alternative_Partial_202_DEFAULT_22856,17,Enumerate,Alternative,Partial,202,DEFAULT,22856,2-doublev-9,SATISFIABLE,1+,0.009,0.00,0.00,0.00,0.009
1_Enumerate_Alternative_Partial_101_DEFAULT_31681,1,Enumerate,Alternative,Partial,101,DEFAULT,31681,2-doublev-9,SATISFIABLE,1+,0.010,0.00,0.00,0.00,0.010
20_Enumerate_Alternative_Partial_202_DEFAULT_13658,20,Enumerate,Alternative,Partial,202,DEFAULT,13658,2-doublev-9,SATISFIABLE,1+,0.008,0.00,0.00,0.00,0.008
22_Enumerate_Alternative_Partial_101_DEFAULT_16849,22,Enumerate,Alternative,Partial,101,DEFAULT,16849,2-doublev-9,SATISFIABLE,1+,0.010,0.00,0.00,0.00,0.010
25_Enumerate_Alternative_Partial_101_DEFAULT_6709,25,Enumerate,Alternative,Partial,101,DEFAULT,6709,2-doublev-9,SATISFIABLE,1+,0.007,0.00,0.00,0.00,0.007
34_Enumerate_Alternative_Partial_101_DEFAULT_10456,34,Enumerate,Alternative,Partial,101,DEFAULT,10456,2-doublev-9,SATISFIABLE,1+,0.009,0.00,0.00,0.00,0.009
3_Enumerate_Alternative_Partial_303_DEFAULT_16837,3,Enumerate,Alternative,Partial,303,DEFAULT,16837,2-doublev-9,SATISFIABLE,1+,0.007,0.00,0.00,0.00,0.007
43_Enumerate_Alternative_Partial_101_DEFAULT_14690,43,Enumerate,Alternative,Partial,101,DEFAULT,14690,2-doublev-9,SATISFIABLE,1+,0.011,0.00,0.00,0.00,0.011
52_Enumerate_Alternative_Partial_101_DEFAULT_759,52,Enumerate,Alternative,Partial,101,DEFAULT,759,2-doublev-9,SATISFIABLE,1+,0.007,0.00,0.00,0.00,0.007
58_Enumerate_Alternative_Partial_101_DEFAULT_26985,58,Enumerate,Alternative,Partial,101,DEFAULT,26985,2-doublev-9,SATISFIABLE,1+,0.008,0.00,0.00,0.00,0.008
5_Enumerate_Alternative_Partial_202_DEFAULT_22084,5,Enumerate,Alternative,Partial,202,DEFAULT,22084,2-doublev-9,SATISFIABLE,1+,0.010,0.00,0.00,0.00,0.010
61_Enumerate_Alternative_Partial_201_DEFAULT_14189,61,Enumerate,Alternative,Partial,201,DEFAULT,14189,2-doublev-9,SATISFIABLE,1+,0.008,0.00,0.00,0.00,0.008
67_Enumerate_Alternative_Partial_201_DEFAULT_17876,67,Enumerate,Alternative,Partial,201,DEFAULT,17876,2-doublev-9,SATISFIABLE,1+,0.008,0.00,0.00,0.00,0.008
6_Enumerate_Alternative_Partial_303_DEFAULT_24758,6,Enumerate,Alternative,Partial,303,DEFAULT,24758,2-doublev-9,SATISFIABLE,1+,0.013,0.01,0.01,0.00,0.013
76_Enumerate_Alternative_Partial_201_DEFAULT_9373,76,Enumerate,Alternative,Partial,201,DEFAULT,9373,2-doublev-9,SATISFIABLE,1+,0.007,0.00,0.00,0.00,0.007
82_Enumerate_Alternative_Partial_201_DEFAULT_26645,82,Enumerate,Alternative,Partial,201,DEFAULT,26645,2-doublev-9,SATISFIABLE,1+,0.008,0.00,0.00,0.00,0.008
101_Enumerate_Alternative_Partial_402_DEFAULT_7830,101,Enumerate,Alternative,Partial,402,DEFAULT,7830,2-doublev-12,SATISFIABLE,1+,0.015,0.00,0.00,0.00,0.015
103_Enumerate_Alternative_Partial_201_DEFAULT_31869,103,Enumerate,Alternative,Partial,201,DEFAULT,31869,2-doublev-12,SATISFIABLE,1+,0.016,0.01,0.01,0.00,0.016
109_Enumerate_Alternative_Partial_201_DEFAULT_16687,109,Enumerate,Alternative,Partial,201,DEFAULT,16687,2-doublev-12,SATISFIABLE,1+,0.011,0.00,0.00,0.00,0.011
10_Enumerate_Alternative_Partial_101_DEFAULT_8598,10,Enumerate,Alternative,Partial,101,DEFAULT,8598,2-doublev-12,SATISFIABLE,1+,0.028,0.02,0.02,0.00,0.028
117_Enumerate_Alternative_Partial_603_DEFAULT_15838,117,Enumerate,Alternative,Partial,603,DEFAULT,15838,2-doublev-12,SATISFIABLE,1+,0.012,0.00,0.00,0.00,0.012
118_Enumerate_Alternative_Partial_201_DEFAULT_2753,118,Enumerate,Alternative,Partial,201,DEFAULT,2753,2-doublev-12,SATISFIABLE,1+,0.036,0.03,0.03,0.00,0.036
15_Enumerate_Alternative_Partial_303_DEFAULT_1743,15,Enumerate,Alternative,Partial,303,DEFAULT,1743,2-doublev-12,SATISFIABLE,1+,0.022,0.01,0.01,0.00,0.022
17_Enumerate_Alternative_Partial_202_DEFAULT_22856,17,Enumerate,Alternative,Partial,202,DEFAULT,22856,2-doublev-12,SATISFIABLE,1+,0.019,0.01,0.01,0.00,0.019
1_Enumerate_Alternative_Partial_101_DEFAULT_31681,1,Enumerate,Alternative,Partial,101,DEFAULT,31681,2-doublev-12,SATISFIABLE,1+,0.012,0.00,0.00,0.00,0.012
20_Enumerate_Alternative_Partial_202_DEFAULT_13658,20,Enumerate,Alternative,Partial,202,DEFAULT,13658,2-doublev-12,SATISFIABLE,1+,0.018,0.01,0.01,0.00,0.018
22_Enumerate_Alternative_Partial_101_DEFAULT_16849,22,Enumerate,Alternative,Partial,101,DEFAULT,16849,2-doublev-12,SATISFIABLE,1+,0.015,0.01,0.01,0.00,0.015
25_Enumerate_Alternative_Partial_101_DEFAULT_6709,25,Enumerate,Alternative,Partial,101,DEFAULT,6709,2-doublev-12,SATISFIABLE,1+,0.009,0.00,0.00,0.00,0.009
34_Enumerate_Alternative_Partial_101_DEFAULT_10456,34,Enumerate,Alternative,Partial,101,DEFAULT,10456,2-doublev-12,SATISFIABLE,1+,0.013,0.00,0.00,0.00,0.013
3_Enumerate_Alternative_Partial_303_DEFAULT_16837,3,Enumerate,Alternative,Partial,303,DEFAULT,16837,2-doublev-12,SATISFIABLE,1+,0.015,0.01,0.01,0.00,0.015
43_Enumerate_Alternative_Partial_101_DEFAULT_14690,43,Enumerate,Alternative,Partial,101,DEFAULT,14690,2-doublev-12,SATISFIABLE,1+,0.021,0.01,0.01,0.00,0.021
52_Enumerate_Alternative_Partial_101_DEFAULT_759,52,Enumerate,Alternative,Partial,101,DEFAULT,759,2-doublev-12,SATISFIABLE,1+,0.020,0.01,0.01,0.00,0.020
58_Enumerate_Alternative_Partial_101_DEFAULT_26985,58,Enumerate,Alternative,Partial,101,DEFAULT,26985,2-doublev-12,SATISFIABLE,1+,0.030,0.02,0.02,0.00,0.030
5_Enumerate_Alternative_Partial_202_DEFAULT_22084,5,Enumerate,Alternative,Partial,202,DEFAULT,22084,2-doublev-12,SATISFIABLE,1+,0.030,0.02,0.02,0.00,0.030
61_Enumerate_Alternative_Partial_201_DEFAULT_14189,61,Enumerate,Alternative,Partial,201,DEFAULT,14189,2-doublev-12,SATISFIABLE,1+,0.031,0.02,0.02,0.00,0.031
67_Enumerate_Alternative_Partial_201_DEFAULT_17876,67,Enumerate,Alternative,Partial,201,DEFAULT,17876,2-doublev-12,SATISFIABLE,1+,0.013,0.00,0.00,0.00,0.013
6_Enumerate_Alternative_Partial_303_DEFAULT_24758,6,Enumerate,Alternative,Partial,303,DEFAULT,24758,2-doublev-12,SATISFIABLE,1+,0.014,0.01,0.01,0.00,0.014
76_Enumerate_Alternative_Partial_201_DEFAULT_9373,76,Enumerate,Alternative,Partial,201,DEFAULT,9373,2-doublev-12,SATISFIABLE,1+,0.018,0.01,0.01,0.00,0.018
82_Enumerate_Alternative_Partial_201_DEFAULT_26645,82,Enumerate,Alternative,Partial,201,DEFAULT,26645,2-doublev-12,SATISFIABLE,1+,0.025,0.02,0.02,0.00,0.025
