,Directory,Files analysed with SBASS,Positive Examples in S,Ordering,SBC,Iteration,Cell,Seed,Opt,Time for creating examples,Time for solving ILP task,Total neg examples,Total pos examples,Neg examples uncovered,Learned Constraints
1,./../Problems/PUP/triple_opt/,2-triple-9-7.lp,Specific,Alternative,Full,1,1,31681,Opt,10.087,36.995,1,1,0," :- zone2sensor(V1,V2), unit2sensorGEQ(V2,V2), closezones(V1,V2).
"
2,./../Problems/PUP/triple_opt/,2-triple-9-7.lp,Specific,Alternative,Full,1,2,4634,Opt,10.134,51.811,2,2,0," :- unit2zoneGEQ(V1,V1), closezones(V2,V1), not unit2zoneGEQ(V1,V2).
"
3,./../Problems/PUP/triple_opt/,2-triple-9-7.lp,Specific,Alternative,Full,1,3,16837,Opt,10.161,38.422,3,3,0," :- unit2zoneGEQ(V1,V1), not zone2sensor(V1,V1).
"
4,./../Problems/PUP/triple_opt/,2-triple-9-7.lp,Specific,Alternative,Full,1,1,15262,Opt,10.105,41.033,1,1,0," :- unit2zoneGEQ(V1,V1), not zone2sensor(V1,V1).
"
5,./../Problems/PUP/triple_opt/,2-triple-9-7.lp,Specific,Alternative,Full,1,2,22084,Opt,10.136,57.862,2,2,0," :- unit2sensorGEQ(V1,V1), not unit2zoneGEQ(V1,V1).
"
6,./../Problems/PUP/triple_opt/,2-triple-9-7.lp,Specific,Alternative,Full,1,3,24758,Opt,10.189,58.257,3,3,0," :- zone2sensor(V1,V2), unit2zoneGEQ(V1,V2), not unit2sensorGEQ(V1,V2).
"
7,./../Problems/PUP/triple_opt/,2-triple-9-7.lp,Specific,Alternative,Full,1,1,3718,Opt,10.088,43.629,1,1,0," :- unit2zoneGEQ(V1,V1), not zone2sensor(V1,V1).
"
8,./../Problems/PUP/triple_opt/,2-triple-9-7.lp,Specific,Alternative,Full,1,2,26796,Opt,10.124,35.645,2,2,0," :- unit2zoneGEQ(V1,V1), closesensors(V2,V1), not unit2sensorGEQ(V1,V2).
"
9,./../Problems/PUP/triple_opt/,2-triple-9-7.lp,Specific,Alternative,Full,1,3,25434,Opt,10.159,77.194,3,3,0," :- unit2zoneGEQ(V1,V1), unit2sensorGEQ(V1,V1), not zone2sensor(V1,V1).
"
10,./../Problems/PUP/triple_opt/,2-triple-9-7.lp,Specific,Alternative,Full,1,1,8598,Opt,10.098,31.638,1,1,0," :- unit2zoneGEQ(V1,V1), not zone2sensor(V1,V1).
"
11,./../Problems/PUP/triple_opt/,2-triple-9-7.lp,Specific,Alternative,Full,1,2,21172,Opt,10.159,43.781,2,2,0," :- unit2sensorGEQ(V1,V1), not zone2sensor(V1,V1).
"
12,./../Problems/PUP/triple_opt/,2-triple-9-7.lp,Specific,Alternative,Full,1,3,31928,Opt,10.205,42.737,3,3,0," :- unit2sensorGEQ(V1,V1), not zone2sensor(V1,V1).
"
13,./../Problems/PUP/triple_opt/,2-triple-9-7.lp,Specific,Alternative,Full,1,1,29690,Opt,10.192,46.216,1,1,0," :- zone2sensor(V1,V2), unit2sensorGEQ(V2,V2), closezones(V2,V1).
"
14,./../Problems/PUP/triple_opt/,2-triple-9-7.lp,Specific,Alternative,Full,1,2,3800,Opt,10.15,41.786,2,2,0," :- unit2zoneGEQ(V1,V1), not zone2sensor(V1,V1).
"
15,./../Problems/PUP/triple_opt/,2-triple-9-7.lp,Specific,Alternative,Full,1,3,1743,Opt,10.177,40.333,3,3,0," :- zone2sensor(V1,V2), unit2zoneGEQ(V2,V1), closesensors(V1,V2).
"
16,./../Problems/PUP/triple_opt/,2-triple-9-7.lp,Specific,Alternative,Full,1,1,26740,Opt,10.074,33.832,1,1,0," :- unit2zoneGEQ(V1,V1), not unit2sensorGEQ(V1,V1).
"
17,./../Problems/PUP/triple_opt/,2-triple-9-7.lp,Specific,Alternative,Full,1,2,22856,Opt,10.131,42.811,2,2,0," :- unit2sensorGEQ(V1,V1), not zone2sensor(V1,V1).
"
18,./../Problems/PUP/triple_opt/,2-triple-9-7.lp,Specific,Alternative,Full,1,3,25148,Opt,10.18,38.456,3,3,0," :- zone2sensor(V1,V2), unit2sensorGEQ(V2,V2), closezones(V2,V1).
"
19,./../Problems/PUP/triple_opt/,2-triple-9-7.lp,Specific,Alternative,Full,1,1,6751,Opt,10.153,43.152,1,1,0," :- zone2sensor(V1,V2), unit2zoneGEQ(V2,V1), closezones(V2,V1).
"
20,./../Problems/PUP/triple_opt/,2-triple-9-7.lp,Specific,Alternative,Full,1,2,13658,Opt,10.153,38.453,2,2,0," :- zone2sensor(V1,V2), unit2sensorGEQ(V2,V2), closezones(V1,V2).
"
21,./../Problems/PUP/triple_opt/,2-triple-9-7.lp,Specific,Alternative,Full,1,3,717,Opt,10.185,39.863,3,3,0," :- zone2sensor(V1,V2), unit2sensorGEQ(V2,V2), closezones(V2,V1).
"
22,./../Problems/PUP/triple_opt/,2-triple-9-7.lp,Specific,Alternative,Full,1,1,16849,Opt,10.147,44.049,1,1,0," :- unit2sensorGEQ(V1,V1), not zone2sensor(V1,V1).
"
23,./../Problems/PUP/triple_opt/,2-triple-9-7.lp,Specific,Alternative,Full,1,2,29843,Opt,10.168,42.199,2,2,0," :- zone2sensor(V1,V2), unit2sensorGEQ(V2,V2), closezones(V1,V2).
"
24,./../Problems/PUP/triple_opt/,2-triple-9-7.lp,Specific,Alternative,Full,1,3,8299,Opt,10.188,369.428,3,3,0," :- partnerunits(V2,V1), zone2sensor(V1,V2), not unit2sensorGEQ(V1,V2).
"
25,./../Problems/PUP/triple_opt/,2-triple-9-7.lp,Specific,Alternative,Full,1,1,6709,Opt,10.111,43.146,1,1,0," :- unit2sensorGEQ(V1,V1), not unit2zoneGEQ(V1,V1).
"
26,./../Problems/PUP/triple_opt/,2-triple-9-7.lp,Specific,Alternative,Full,1,2,24419,Opt,10.142,43.374,2,2,0," :- unit2sensorGEQ(V1,V1), not unit2zoneGEQ(V1,V1).
"
27,./../Problems/PUP/triple_opt/,2-triple-9-7.lp,Specific,Alternative,Full,1,3,14456,Opt,10.158,53.569,3,3,0," :- zone2sensor(V1,V2), unit2sensorGEQ(V2,V2), closezones(V1,V2).
"
28,./../Problems/PUP/triple_opt/,2-triple-9-7.lp,Specific,Alternative,Full,1,1,11547,Opt,10.122,38.948,1,1,0," :- unit2sensorGEQ(V1,V1), not zone2sensor(V1,V1).
"
29,./../Problems/PUP/triple_opt/,2-triple-9-7.lp,Specific,Alternative,Full,1,2,7260,Opt,10.132,41.098,2,2,0," :- unit2zoneGEQ(V1,V1), unit2sensorGEQ(V1,V1), not zone2sensor(V1,V1).
"
30,./../Problems/PUP/triple_opt/,2-triple-9-7.lp,Specific,Alternative,Full,1,3,21865,Opt,10.158,41.104,3,3,0," :- unit2zoneGEQ(V1,V1), closezones(V2,V1), not unit2zoneGEQ(V2,V1).
"
31,./../Problems/PUP/triple_opt/,2-triple-9-7.lp,Specific,Alternative,Full,1,1,16017,Opt,10.086,42.049,1,1,0," :- unit2zoneGEQ(V1,V1), unit2sensorGEQ(V1,V1), not zone2sensor(V1,V1).
"
32,./../Problems/PUP/triple_opt/,2-triple-9-7.lp,Specific,Alternative,Full,1,2,29417,Opt,10.125,31.372,2,2,0," :- unit2sensorGEQ(V1,V1), not zone2sensor(V1,V1).
"
33,./../Problems/PUP/triple_opt/,2-triple-9-7.lp,Specific,Alternative,Full,1,3,25421,Opt,10.196,36.392,3,3,0," :- unit2zoneGEQ(V1,V1), not zone2sensor(V1,V1).
"
34,./../Problems/PUP/triple_opt/,2-triple-9-7.lp,Specific,Alternative,Full,1,1,10456,Opt,10.086,32.887,1,1,0," :- zone2sensor(V1,V2), unit2zoneGEQ(V2,V2), closezones(V2,V1).
"
35,./../Problems/PUP/triple_opt/,2-triple-9-7.lp,Specific,Alternative,Full,1,2,25977,Opt,10.165,34.916,2,2,0," :- unit2zoneGEQ(V1,V1), not zone2sensor(V1,V1).
"
36,./../Problems/PUP/triple_opt/,2-triple-9-7.lp,Specific,Alternative,Full,1,3,20418,Opt,10.243,50.129,3,3,0," :- zone2sensor(V1,V1), unit2sensorGEQ(V1,V1), not unit2zoneGEQ(V1,V1).
"
37,./../Problems/PUP/triple_opt/,2-triple-9-7.lp,Specific,Alternative,Full,1,1,3380,Opt,10.098,33.107,1,1,0," :- unit2zoneGEQ(V1,V1), not unit2sensorGEQ(V1,V1).
"
38,./../Problems/PUP/triple_opt/,2-triple-9-7.lp,Specific,Alternative,Full,1,2,4490,Opt,10.138,37.658,2,2,0," :- unit2zoneGEQ(V1,V1), not zone2sensor(V1,V1).
"
39,./../Problems/PUP/triple_opt/,2-triple-9-7.lp,Specific,Alternative,Full,1,3,29743,Opt,10.161,40.314,3,3,0," :- unit2sensorGEQ(V1,V1), not zone2sensor(V1,V1).
"
40,./../Problems/PUP/triple_opt/,2-triple-9-7.lp,Specific,Alternative,Full,1,1,14157,Opt,10.076,36.596,1,1,0," :- zone2sensor(V1,V2), unit2sensorGEQ(V2,V2), closezones(V1,V2).
"
41,./../Problems/PUP/triple_opt/,2-triple-9-7.lp,Specific,Alternative,Full,1,2,69,Opt,10.133,39.256,2,2,0," :- unit2zoneGEQ(V1,V1), not zone2sensor(V1,V1).
"
42,./../Problems/PUP/triple_opt/,2-triple-9-7.lp,Specific,Alternative,Full,1,3,3023,Opt,10.187,33.945,3,3,0," :- unit2sensorGEQ(V1,V1), not unit2zoneGEQ(V1,V1).
"
43,./../Problems/PUP/triple_opt/,2-triple-9-7.lp,Specific,Alternative,Full,1,1,14690,Opt,10.103,38.576,1,1,0," :- zone2sensor(V1,V2), unit2zoneGEQ(V2,V1), closezones(V2,V1).
"
44,./../Problems/PUP/triple_opt/,2-triple-9-7.lp,Specific,Alternative,Full,1,2,13524,Opt,10.124,40.367,2,2,0," :- unit2zoneGEQ(V1,V1), not zone2sensor(V1,V1).
"
45,./../Problems/PUP/triple_opt/,2-triple-9-7.lp,Specific,Alternative,Full,1,3,15622,Opt,10.194,37.327,3,3,0," :- unit2sensorGEQ(V1,V1), not zone2sensor(V1,V1).
"
46,./../Problems/PUP/triple_opt/,2-triple-9-7.lp,Specific,Alternative,Full,1,1,10222,Opt,10.083,34.129,1,1,0," :- zone2sensor(V1,V2), unit2sensorGEQ(V2,V1), closesensors(V2,V1).
"
47,./../Problems/PUP/triple_opt/,2-triple-9-7.lp,Specific,Alternative,Full,1,2,23256,Opt,10.12,37.059,2,2,0," :- unit2sensorGEQ(V1,V1), not zone2sensor(V1,V1).
"
48,./../Problems/PUP/triple_opt/,2-triple-9-7.lp,Specific,Alternative,Full,1,3,29764,Opt,10.186,162.035,3,3,0," :- unit2zoneGEQ(V1,V1), unit2sensorGEQ(V1,V1), not zone2sensor(V1,V1).
 :- zone2sensor(V1,V2), unit2zoneGEQ(V2,V1), not unit2sensorGEQ(V1,V1).
"
49,./../Problems/PUP/triple_opt/,2-triple-9-7.lp,Specific,Alternative,Full,1,1,6652,Opt,10.132,40.821,1,1,0," :- unit2sensorGEQ(V1,V1), not zone2sensor(V1,V1).
"
50,./../Problems/PUP/triple_opt/,2-triple-9-7.lp,Specific,Alternative,Full,1,2,27221,Opt,10.173,44.699,2,2,0," :- unit2sensorGEQ(V1,V1), not zone2sensor(V1,V1).
"
51,./../Problems/PUP/triple_opt/,2-triple-9-7.lp,Specific,Alternative,Full,1,3,28577,Opt,10.188,34.391,3,3,0," :- unit2sensorGEQ(V1,V1), not zone2sensor(V1,V1).
"
52,./../Problems/PUP/triple_opt/,2-triple-9-7.lp,Specific,Alternative,Full,1,1,759,Opt,10.087,39.835,1,1,0," :- zone2sensor(V1,V2), unit2zoneGEQ(V2,V2), closezones(V2,V1).
"
53,./../Problems/PUP/triple_opt/,2-triple-9-7.lp,Specific,Alternative,Full,1,2,2001,Opt,10.123,42.503,2,2,0," :- unit2zoneGEQ(V1,V1), unit2sensorGEQ(V1,V1), not zone2sensor(V1,V1).
"
54,./../Problems/PUP/triple_opt/,2-triple-9-7.lp,Specific,Alternative,Full,1,3,10002,Opt,10.172,41.345,3,3,0," :- zone2sensor(V1,V2), unit2zoneGEQ(V2,V2), not unit2sensorGEQ(V1,V1).
"
55,./../Problems/PUP/triple_opt/,2-triple-9-7.lp,Specific,Alternative,Full,1,1,2905,Opt,10.074,37.202,1,1,0," :- zone2sensor(V1,V2), unit2sensorGEQ(V2,V1), closezones(V2,V1).
"
56,./../Problems/PUP/triple_opt/,2-triple-9-7.lp,Specific,Alternative,Full,1,2,27702,Opt,10.139,33.105,2,2,0," :- zone2sensor(V1,V2), unit2sensorGEQ(V2,V1), not unit2sensorGEQ(V2,V2).
"
57,./../Problems/PUP/triple_opt/,2-triple-9-7.lp,Specific,Alternative,Full,1,3,4997,Opt,10.164,40.065,3,3,0," :- unit2sensorGEQ(V1,V1), not unit2zoneGEQ(V1,V1).
"
58,./../Problems/PUP/triple_opt/,2-triple-9-7.lp,Specific,Alternative,Full,1,1,26985,Opt,10.078,34.728,1,1,0," :- unit2sensorGEQ(V1,V1), not zone2sensor(V1,V1).
"
59,./../Problems/PUP/triple_opt/,2-triple-9-7.lp,Specific,Alternative,Full,1,2,16281,Opt,10.144,44.809,2,2,0," :- unit2zoneGEQ(V1,V1), unit2sensorGEQ(V1,V1), not zone2sensor(V1,V1).
"
60,./../Problems/PUP/triple_opt/,2-triple-9-7.lp,Specific,Alternative,Full,1,3,16345,Opt,10.131,37.744,3,3,0," :- zone2sensor(V1,V1), unit2zoneGEQ(V2,V2), not unit2sensorGEQ(V2,V1).
"
61,./../Problems/PUP/triple_opt/,2-triple-9-7.lp,Specific,Alternative,Full,1,1,14189,Opt,10.077,34.401,1,1,0," :- unit2sensorGEQ(V1,V1), not zone2sensor(V1,V1).
"
62,./../Problems/PUP/triple_opt/,2-triple-9-7.lp,Specific,Alternative,Full,1,2,21352,Opt,10.135,37.894,2,2,0," :- zone2sensor(V1,V1), unit2zoneGEQ(V1,V1), not unit2sensorGEQ(V1,V1).
"
63,./../Problems/PUP/triple_opt/,2-triple-9-7.lp,Specific,Alternative,Full,1,3,14837,Opt,10.127,65.712,3,3,0," :- zone2sensor(V1,V2), unit2zoneGEQ(V2,V1), not unit2sensorGEQ(V2,V2).
"
64,./../Problems/PUP/triple_opt/,2-triple-9-7.lp,Specific,Alternative,Full,1,1,24318,Opt,10.098,32.56,1,1,0," :- zone2sensor(V1,V1), unit2zoneGEQ(V1,V1), not unit2sensorGEQ(V1,V1).
"
65,./../Problems/PUP/triple_opt/,2-triple-9-7.lp,Specific,Alternative,Full,1,2,26740,Opt,10.131,50.299,2,2,0," :- unit2zoneGEQ(V1,V1), not unit2sensorGEQ(V1,V1).
"
66,./../Problems/PUP/triple_opt/,2-triple-9-7.lp,Specific,Alternative,Full,1,3,23583,Opt,10.158,29.342,3,3,0," :- zone2sensor(V1,V2), unit2sensorGEQ(V2,V2), closezones(V1,V2).
"
67,./../Problems/PUP/triple_opt/,2-triple-9-7.lp,Specific,Alternative,Full,1,1,17876,Opt,10.11,34.076,1,1,0," :- unit2sensorGEQ(V1,V1), not unit2zoneGEQ(V1,V1).
"
68,./../Problems/PUP/triple_opt/,2-triple-9-7.lp,Specific,Alternative,Full,1,2,19383,Opt,10.123,33.171,2,2,0," :- unit2zoneGEQ(V1,V1), not zone2sensor(V1,V1).
"
69,./../Problems/PUP/triple_opt/,2-triple-9-7.lp,Specific,Alternative,Full,1,3,7579,Opt,10.146,65.483,3,3,0,
70,./../Problems/PUP/triple_opt/,2-triple-9-7.lp,Specific,Alternative,Full,1,1,28975,Opt,10.105,37.304,1,1,0," :- zone2sensor(V1,V2), unit2zoneGEQ(V2,V2), closezones(V1,V2).
"
71,./../Problems/PUP/triple_opt/,2-triple-9-7.lp,Specific,Alternative,Full,1,2,1459,Opt,10.097,60.262,2,2,0," :- unit2zoneGEQ(V1,V1), unit2sensorGEQ(V1,V1), not zone2sensor(V1,V1).
"
72,./../Problems/PUP/triple_opt/,2-triple-9-7.lp,Specific,Alternative,Full,1,3,7706,Opt,10.178,108.999,3,3,0,
73,./../Problems/PUP/triple_opt/,2-triple-9-7.lp,Specific,Alternative,Full,1,1,5107,Opt,10.082,28.86,1,1,0," :- unit2sensorGEQ(V1,V1), not unit2zoneGEQ(V1,V1).
"
74,./../Problems/PUP/triple_opt/,2-triple-9-7.lp,Specific,Alternative,Full,1,2,10838,Opt,10.116,35.599,2,2,0," :- zone2sensor(V1,V2), unit2sensorGEQ(V2,V1), closezones(V1,V2).
"
75,./../Problems/PUP/triple_opt/,2-triple-9-7.lp,Specific,Alternative,Full,1,3,21787,Opt,10.203,36.931,3,3,0," :- unit2zoneGEQ(V1,V1), not zone2sensor(V1,V1).
"
76,./../Problems/PUP/triple_opt/,2-triple-9-7.lp,Specific,Alternative,Full,1,1,9373,Opt,10.103,37.239,1,1,0," :- unit2sensorGEQ(V1,V1), not unit2zoneGEQ(V1,V1).
"
77,./../Problems/PUP/triple_opt/,2-triple-9-7.lp,Specific,Alternative,Full,1,2,12399,Opt,10.14,118.868,2,2,0," :- unit2zoneGEQ(V1,V1), unit2sensorGEQ(V1,V1), not zone2sensor(V1,V1).
"
78,./../Problems/PUP/triple_opt/,2-triple-9-7.lp,Specific,Alternative,Full,1,3,5812,Opt,10.127,63.871,3,3,0," :- unit2zoneGEQ(V1,V1), not zone2sensor(V1,V1), not unit2sensorGEQ(V1,V1).
"
79,./../Problems/PUP/triple_opt/,2-triple-9-7.lp,Specific,Alternative,Full,1,1,21123,Opt,10.085,30.659,1,1,0," :- unit2zoneGEQ(V1,V1), not unit2sensorGEQ(V1,V1).
"
80,./../Problems/PUP/triple_opt/,2-triple-9-7.lp,Specific,Alternative,Full,1,2,32737,Opt,10.137,41.234,2,2,0," :- unit2zoneGEQ(V1,V1), not zone2sensor(V1,V1).
"
81,./../Problems/PUP/triple_opt/,2-triple-9-7.lp,Specific,Alternative,Full,1,3,2231,Opt,10.145,30.461,3,3,0," :- unit2zoneGEQ(V1,V1), not unit2sensorGEQ(V1,V1).
"
82,./../Problems/PUP/triple_opt/,2-triple-9-7.lp,Specific,Alternative,Full,1,1,26645,Opt,10.12,34.468,1,1,0," :- unit2zoneGEQ(V1,V1), not zone2sensor(V1,V1).
"
83,./../Problems/PUP/triple_opt/,2-triple-9-7.lp,Specific,Alternative,Full,1,2,4448,Opt,10.127,34.923,2,2,0," :- unit2sensorGEQ(V1,V1), not zone2sensor(V1,V1).
"
84,./../Problems/PUP/triple_opt/,2-triple-9-7.lp,Specific,Alternative,Full,1,3,12868,Opt,10.154,36.974,3,3,0," :- zone2sensor(V1,V2), unit2zoneGEQ(V2,V1), closezones(V2,V1).
"
85,./../Problems/PUP/triple_opt/,2-triple-9-7.lp,Specific,Alternative,Full,1,1,1769,Opt,10.071,36.999,1,1,0," :- zone2sensor(V1,V2), unit2zoneGEQ(V2,V1), closezones(V1,V2).
"
86,./../Problems/PUP/triple_opt/,2-triple-9-7.lp,Specific,Alternative,Full,1,2,8467,Opt,10.232,39.547,2,2,0," :- zone2sensor(V1,V2), unit2sensorGEQ(V2,V2), closezones(V1,V2).
"
87,./../Problems/PUP/triple_opt/,2-triple-9-7.lp,Specific,Alternative,Full,1,3,14775,Opt,10.162,41.25,3,3,0," :- zone2sensor(V1,V2), unit2zoneGEQ(V2,V1), closesensors(V2,V1).
"
88,./../Problems/PUP/triple_opt/,2-triple-9-7.lp,Specific,Alternative,Full,1,1,2212,Opt,10.092,34.988,1,1,0," :- unit2sensorGEQ(V1,V1), not zone2sensor(V1,V1).
"
89,./../Problems/PUP/triple_opt/,2-triple-9-7.lp,Specific,Alternative,Full,1,2,9472,Opt,10.147,67.145,2,2,0," :- unit2zoneGEQ(V1,V1), not unit2sensorGEQ(V1,V1).
"
90,./../Problems/PUP/triple_opt/,2-triple-9-7.lp,Specific,Alternative,Full,1,3,1280,Opt,10.173,36.728,3,3,0," :- unit2sensorGEQ(V1,V1), not zone2sensor(V1,V1).
"
91,./../Problems/PUP/triple_opt/,2-triple-9-7.lp,Specific,Alternative,Full,1,1,13383,Opt,10.084,36.277,1,1,0," :- zone2sensor(V1,V2), unit2zoneGEQ(V2,V2), closezones(V2,V1).
"
92,./../Problems/PUP/triple_opt/,2-triple-9-7.lp,Specific,Alternative,Full,1,2,2517,Opt,10.132,40.53,2,2,0," :- unit2sensorGEQ(V1,V1), not zone2sensor(V1,V1).
"
93,./../Problems/PUP/triple_opt/,2-triple-9-7.lp,Specific,Alternative,Full,1,3,20286,Opt,10.178,42.715,3,3,0," :- unit2sensorGEQ(V1,V1), not unit2zoneGEQ(V1,V1).
"
94,./../Problems/PUP/triple_opt/,2-triple-9-7.lp,Specific,Alternative,Full,1,1,13727,Opt,10.1,32.909,1,1,0," :- zone2sensor(V1,V2), unit2sensorGEQ(V2,V2), not unit2sensorGEQ(V1,V2).
"
95,./../Problems/PUP/triple_opt/,2-triple-9-7.lp,Specific,Alternative,Full,1,2,15928,Opt,10.142,36.021,2,2,0," :- zone2sensor(V1,V2), unit2zoneGEQ(V2,V1), closesensors(V1,V2).
"
96,./../Problems/PUP/triple_opt/,2-triple-9-7.lp,Specific,Alternative,Full,1,3,18316,Opt,10.197,34.264,3,3,0," :- unit2sensorGEQ(V1,V1), not zone2sensor(V1,V1).
"
97,./../Problems/PUP/triple_opt/,2-triple-9-7.lp,Specific,Alternative,Full,1,1,32033,Opt,10.098,38.698,1,1,0," :- unit2sensorGEQ(V1,V1), not zone2sensor(V1,V1).
"
98,./../Problems/PUP/triple_opt/,2-triple-9-7.lp,Specific,Alternative,Full,1,2,32598,Opt,10.127,157.526,2,2,0,
99,./../Problems/PUP/triple_opt/,2-triple-9-7.lp,Specific,Alternative,Full,1,3,11310,Opt,10.157,48.121,3,3,0," :- zone2sensor(V1,V2), unit2sensorGEQ(V2,V1), not unit2zoneGEQ(V2,V2).
"
100,./../Problems/PUP/triple_opt/,2-triple-9-7.lp,Specific,Alternative,Full,1,1,30414,Opt,10.102,38.576,1,1,0," :- unit2sensorGEQ(V1,V1), not unit2zoneGEQ(V1,V1).
"
101,./../Problems/PUP/triple_opt/,2-triple-9-7.lp,Specific,Alternative,Full,1,2,7830,Opt,10.146,37.67,2,2,0," :- unit2sensorGEQ(V1,V1), not zone2sensor(V1,V1).
"
102,./../Problems/PUP/triple_opt/,2-triple-9-7.lp,Specific,Alternative,Full,1,3,31417,Opt,10.173,38.506,3,3,0," :- unit2zoneGEQ(V1,V1), not unit2sensorGEQ(V1,V1).
"
103,./../Problems/PUP/triple_opt/,2-triple-9-7.lp,Specific,Alternative,Full,1,1,31869,Opt,10.104,35.205,1,1,0," :- zone2sensor(V1,V2), unit2sensorGEQ(V2,V1), closezones(V2,V1).
"
104,./../Problems/PUP/triple_opt/,2-triple-9-7.lp,Specific,Alternative,Full,1,2,22564,Opt,10.13,31.325,2,2,0," :- zone2sensor(V1,V2), unit2sensorGEQ(V2,V2), closezones(V2,V1).
"
105,./../Problems/PUP/triple_opt/,2-triple-9-7.lp,Specific,Alternative,Full,1,3,7051,Opt,10.127,55.43,3,3,0," :- zone2sensor(V1,V2), unit2sensorGEQ(V2,V1), closezones(V2,V1).
"
106,./../Problems/PUP/triple_opt/,2-triple-9-7.lp,Specific,Alternative,Full,1,1,8543,Opt,10.097,30.208,1,1,0," :- unit2sensorGEQ(V1,V1), not zone2sensor(V1,V1).
"
107,./../Problems/PUP/triple_opt/,2-triple-9-7.lp,Specific,Alternative,Full,1,2,12158,Opt,10.151,29.916,2,2,0," :- partnerunits(V2,V1), zone2sensor(V1,V2), not unit2zoneGEQ(V2,V2).
"
108,./../Problems/PUP/triple_opt/,2-triple-9-7.lp,Specific,Alternative,Full,1,3,16923,Opt,10.19,39.058,3,3,0," :- unit2sensorGEQ(V1,V1), not zone2sensor(V1,V1), not unit2zoneGEQ(V1,V1).
"
109,./../Problems/PUP/triple_opt/,2-triple-9-7.lp,Specific,Alternative,Full,1,1,16687,Opt,10.085,44.813,1,1,0," :- unit2sensorGEQ(V1,V1), not zone2sensor(V1,V1).
"
110,./../Problems/PUP/triple_opt/,2-triple-9-7.lp,Specific,Alternative,Full,1,2,27416,Opt,10.146,127.025,2,2,0," :- partnerunits(V1,V2), closezones(V2,V1), not unit2zoneGEQ(V1,V1).
"
111,./../Problems/PUP/triple_opt/,2-triple-9-7.lp,Specific,Alternative,Full,1,3,21083,Opt,10.228,70.173,3,3,0," :- unit2zoneGEQ(V1,V1), unit2sensorGEQ(V2,V1), not unit2zoneGEQ(V1,V2).
"
112,./../Problems/PUP/triple_opt/,2-triple-9-7.lp,Specific,Alternative,Full,1,1,16567,Opt,10.1,40.609,1,1,0," :- unit2zoneGEQ(V1,V2), closezones(V1,V2), not zone2sensor(V1,V1).
"
113,./../Problems/PUP/triple_opt/,2-triple-9-7.lp,Specific,Alternative,Full,1,2,70,Opt,10.129,34.357,2,2,0," :- unit2zoneGEQ(V1,V1), unit2sensorGEQ(V1,V1), not zone2sensor(V1,V1).
"
114,./../Problems/PUP/triple_opt/,2-triple-9-7.lp,Specific,Alternative,Full,1,3,22154,Opt,10.138,44.562,3,3,0," :- unit2sensorGEQ(V1,V1), not unit2zoneGEQ(V1,V1).
"
115,./../Problems/PUP/triple_opt/,2-triple-9-7.lp,Specific,Alternative,Full,1,1,16699,Opt,10.085,37.201,1,1,0," :- unit2sensorGEQ(V1,V1), not zone2sensor(V1,V1).
"
116,./../Problems/PUP/triple_opt/,2-triple-9-7.lp,Specific,Alternative,Full,1,2,25944,Opt,10.105,68.254,2,2,0," :- zone2sensor(V1,V1), unit2sensorGEQ(V1,V1), not unit2zoneGEQ(V1,V1).
 :- partnerunits(V1,V2), zone2sensor(V1,V2), unit2sensorGEQ(V2,V2).
"
117,./../Problems/PUP/triple_opt/,2-triple-9-7.lp,Specific,Alternative,Full,1,3,15838,Opt,10.176,32.731,3,3,0," :- zone2sensor(V1,V2), unit2sensorGEQ(V2,V2), closesensors(V1,V2).
"
118,./../Problems/PUP/triple_opt/,2-triple-9-7.lp,Specific,Alternative,Full,1,1,2753,Opt,10.1,28.631,1,1,0," :- unit2sensorGEQ(V1,V1), not zone2sensor(V1,V1).
"
119,./../Problems/PUP/triple_opt/,2-triple-9-7.lp,Specific,Alternative,Full,1,2,31792,Opt,10.099,30.194,2,2,0," :- unit2sensorGEQ(V1,V1), not zone2sensor(V1,V1).
"
120,./../Problems/PUP/triple_opt/,2-triple-9-7.lp,Specific,Alternative,Full,1,3,6602,Opt,10.142,32.351,3,3,0," :- zone2sensor(V1,V1), unit2zoneGEQ(V1,V2), not unit2zoneGEQ(V1,V1).
"
