,Directory,Files analysed with SBASS,Positive Examples in S,Ordering,SBC,Iteration,Cell,Seed,Opt,Time for creating examples,Time for solving ILP task,Total neg examples,Total pos examples,Neg examples uncovered,Learned Constraints
5,./../Problems/Pigeon_Hole/,p3_h3.lp,Specific,Alternative,Full,1,0,69324,Nopt,0.026,0.338,5,1,0," :- assignGEQ(V1,V3), next_pigeon(V1,V2), not assignGEQ(V2,V3).
"
6,./../Problems/Pigeon_Hole/,p3_h4.lp,Specific,Alternative,Full,1,0,2297,Nopt,0.054,0.52,23,1,3," :- assignGEQ(V1,V3), next_pigeon(V1,V2), not assignGEQ(V2,V3).
"
7,./../Problems/Pigeon_Hole/,p3_h5.lp,Specific,Alternative,Full,1,0,3999,Nopt,0.118,0.535,59,1,9," :- assignGEQ(V1,V3), next_pigeon(V1,V2), not assignGEQ(V2,V3).
"
8,./../Problems/Pigeon_Hole/,p3_h3.lp - p3_h4.lp,Specific,Alternative,Full,1,0,62776,Nopt,0.077,0.532,28,2,3," :- assignGEQ(V1,V3), next_pigeon(V1,V2), not assignGEQ(V2,V3).
"
