,Directory,Files analysed with SBASS,Positive Examples in S,Ordering,SBC,Iteration,Cell,Seed,Opt,Time for creating examples,Time for solving ILP task,Total neg examples,Total pos examples,Neg examples uncovered,Learned Constraints
6,./../Problems/House_Configuration/,p1_c3_t4.lp,Specific,Alternative,Full,1,0,9622,Nopt,0.183,0.354,52,2,52,
7,./../Problems/House_Configuration/,p1_c2_t4.lp,Specific,Alternative,Full,1,0,81002,Nopt,0.038,0.272,5,1,5,
8,./../Problems/House_Configuration/,p2_c2_t3.lp,Specific,Alternative,Full,2,0,82451,Nopt,0.043,1.267,11,1,1," :- cabinetGEQ(V3,V1), next_thing(V1,V2), not cabinetGEQ(V3,V2).
 :- personGEQ(V1,V2), next_thing(V2,V3), not personGEQ(V1,V3).
"
9,./../Problems/House_Configuration/,p2_c3_t5.lp,Specific,Alternative,Full,2,0,12368,Nopt,2.451,1.803,200,2,4," :- cabinetGEQ(V3,V1), next_thing(V1,V2), not cabinetGEQ(V3,V2).
"
10,./../Problems/House_Configuration/,p2_c2_t3.lp - p2_c3_t5.lp,Specific,Alternative,Full,2,0,98202,Nopt,2.195,1.98,211,3,6," :- cabinetGEQ(V3,V1), next_thing(V1,V2), not cabinetGEQ(V3,V2).
"
