,Directory,Files analysed with SBASS,Learning mode,Ordering,SBC,Iteration,Cell,Seed,Version,Time for creating examples,Time for solving ILP task,Total neg examples,Total pos examples,Neg examples uncovered,Learned Constraints
5,./PUP/triple_weight/,2-triple-9.lp,Enumerate,Alternative,Full,1,2,22084,DEFAULT,290.323,1435.34,200,2,0," :- not zone2sensor(V1,V1), unit2sensorGEQ(V2,V2), unit2zoneGEQ(V1,V2).
 :- partnerunits(V2,V1), unit2sensorGEQ(V2,V1), unit2zoneGEQ(V1,V2).
"
37,./PUP/triple_weight/,2-triple-9.lp,Enumerate,Alternative,Full,1,1,3380,DEFAULT,135.73,911.918,100,1,0," :- not unit2zoneGEQ(V2,V2), partnerunits(V1,V2), zone2sensor(V1,V1).
 :- closezones(V1,V2), unit2sensorGEQ(V1,V2), unit2sensorGEQ(V2,V1).
"
43,./PUP/triple_weight/,2-triple-9.lp,Enumerate,Alternative,Full,1,1,14690,DEFAULT,125.636,392.352,100,1,0," :- closesensors(V1,V2), unit2sensorGEQ(V2,V1), zone2sensor(V1,V2).
 :- not unit2sensorGEQ(V1,V1), unit2zoneGEQ(V2,V1), zone2sensor(V1,V2).
"
44,./PUP/triple_weight/,2-triple-9.lp,Enumerate,Alternative,Full,1,2,13524,DEFAULT,212.047,339.055,200,2,0," :- closezones(V1,V2), unit2sensorGEQ(V2,V1), unit2zoneGEQ(V1,V2).
"
46,./PUP/triple_weight/,2-triple-9.lp,Enumerate,Alternative,Full,1,1,10222,DEFAULT,111.404,404.248,100,1,0," :- closesensors(V1,V2), unit2sensorGEQ(V2,V2), zone2sensor(V1,V2).
 :- closezones(V2,V1), not closesensors(V1,V2), partnerunits(V1,V2).
"
50,./PUP/triple_weight/,2-triple-9.lp,Enumerate,Alternative,Full,1,2,27221,DEFAULT,153.561,607.56,200,2,0," :- closesensors(V1,V2), unit2sensorGEQ(V2,V1), zone2sensor(V1,V2).
 :- closesensors(V2,V1), not unit2sensorGEQ(V1,V1), unit2sensorGEQ(V1,V2).
"
52,./PUP/triple_weight/,2-triple-9.lp,Enumerate,Alternative,Full,1,1,759,DEFAULT,78.838,590.998,100,1,0," :- closezones(V1,V2), not closesensors(V2,V1), partnerunits(V1,V2).
 :- not zone2sensor(V2,V2), unit2sensorGEQ(V1,V2), unit2sensorGEQ(V2,V1).
"
55,./PUP/triple_weight/,2-triple-9.lp,Enumerate,Alternative,Full,1,1,2905,DEFAULT,77.673,377.532,100,1,0," :- closezones(V1,V2), unit2sensorGEQ(V2,V1), zone2sensor(V1,V2).
 :- closesensors(V1,V2), not unit2sensorGEQ(V1,V1), unit2sensorGEQ(V1,V2).
"
56,./PUP/triple_weight/,2-triple-9.lp,Enumerate,Alternative,Full,1,2,27702,DEFAULT,154.808,560.53,200,2,0," :- closezones(V1,V2), unit2sensorGEQ(V2,V1), zone2sensor(V1,V2).
 :- not zone2sensor(V1,V1), unit2sensorGEQ(V2,V2), unit2zoneGEQ(V1,V2).
"
61,./PUP/triple_weight/,2-triple-9.lp,Enumerate,Alternative,Full,1,1,14189,DEFAULT,74.249,353.892,200,1,0," :- closesensors(V2,V1), unit2sensorGEQ(V2,V2), zone2sensor(V1,V2).
 :- not unit2zoneGEQ(V2,V2), unit2sensorGEQ(V2,V1), zone2sensor(V1,V1).
"
81,./PUP/triple_weight/,2-triple-9.lp,Enumerate,Alternative,Full,1,3,2231,DEFAULT,477.197,1722.69,600,3,0," :- not unit2sensorGEQ(V1,V1), not zone2sensor(V1,V1), unit2zoneGEQ(V1,V1).
 :- not closesensors(V1,V2), not unit2sensorGEQ(V1,V1), partnerunits(V1,V2).
 :- closesensors(V2,V1), not unit2zoneGEQ(V1,V2), unit2sensorGEQ(V1,V1).
"
94,./PUP/triple_weight/,2-triple-9.lp,Enumerate,Alternative,Full,1,1,13727,DEFAULT,150.773,530.134,200,1,0," :- closezones(V1,V2), unit2zoneGEQ(V2,V2), zone2sensor(V1,V2).
 :- not closesensors(V1,V2), not unit2zoneGEQ(V2,V2), partnerunits(V1,V2).
"
97,./PUP/triple_weight/,2-triple-9.lp,Enumerate,Alternative,Full,1,1,32033,DEFAULT,135.965,1908.61,200,1,0," :- closesensors(V2,V1), closezones(V1,V2), not unit2zoneGEQ(V1,V1).
 :- closezones(V1,V2), unit2sensorGEQ(V2,V1), zone2sensor(V1,V2).
"
