,Directory,Files analysed with SBASS,Learning mode,Ordering,SBC,Iteration,Cell,Seed,Version,Time for creating examples,Time for solving ILP task,Total neg examples,Total pos examples,Neg examples uncovered,Learned Constraints
4,./PUP/triple_weight/,2-triple-9.lp,Enumerate,Alternative,Partial,1,101,15262,DEFAULT,5.005,0,101,0,101,
7,./PUP/triple_weight/,2-triple-9.lp,Enumerate,Alternative,Partial,1,101,3718,DEFAULT,3.568,0,101,0,101,
8,./PUP/triple_weight/,2-triple-9.lp,Enumerate,Alternative,Partial,1,202,26796,DEFAULT,6.778,0,202,0,202,
9,./PUP/triple_weight/,2-triple-9.lp,Enumerate,Alternative,Partial,1,303,25434,DEFAULT,9.768,0,303,0,303,
10,./PUP/triple_weight/,2-triple-9.lp,Enumerate,Alternative,Partial,1,101,8598,DEFAULT,3.859,0,101,0,101,
11,./PUP/triple_weight/,2-triple-9.lp,Enumerate,Alternative,Partial,1,202,21172,DEFAULT,6.829,0,202,0,202,
12,./PUP/triple_weight/,2-triple-9.lp,Enumerate,Alternative,Partial,1,303,31928,DEFAULT,9.982,0,303,0,303,
13,./PUP/triple_weight/,2-triple-9.lp,Enumerate,Alternative,Partial,1,101,29690,DEFAULT,4.438,0,101,0,101,
15,./PUP/triple_weight/,2-triple-9.lp,Enumerate,Alternative,Partial,1,303,1743,DEFAULT,13.919,0,303,0,303,
16,./PUP/triple_weight/,2-triple-9.lp,Enumerate,Alternative,Partial,1,101,26740,DEFAULT,3.539,3248.49,86,15,15," :- not unit2sensorGEQ(V1,V1), unit2zoneGEQ(V1,V2), zone2sensor(V1,V2).
 :- partnerunits(V1,V2), unit2sensorGEQ(V1,V1), zone2sensor(V1,V2).
 :- not unit2sensorGEQ(V2,V2), unit2sensorGEQ(V2,V1), zone2sensor(V1,V1).
 :- closesensors(V1,V2), not unit2zoneGEQ(V2,V1), partnerunits(V1,V2).
"
18,./PUP/triple_weight/,2-triple-9.lp,Enumerate,Alternative,Partial,1,303,25148,DEFAULT,12.488,0,303,0,303,
22,./PUP/triple_weight/,2-triple-9.lp,Enumerate,Alternative,Partial,1,101,16849,DEFAULT,4.445,0,101,0,101,
24,./PUP/triple_weight/,2-triple-9.lp,Enumerate,Alternative,Partial,1,303,8299,DEFAULT,9.932,0,303,0,303,
25,./PUP/triple_weight/,2-triple-9.lp,Enumerate,Alternative,Partial,1,101,6709,DEFAULT,3.426,0,101,0,101,
31,./PUP/triple_weight/,2-triple-9.lp,Enumerate,Alternative,Partial,1,101,16017,DEFAULT,4.563,0,101,0,101,
35,./PUP/triple_weight/,2-triple-9.lp,Enumerate,Alternative,Partial,1,202,25977,DEFAULT,9.208,0,202,0,202,
38,./PUP/triple_weight/,2-triple-9.lp,Enumerate,Alternative,Partial,1,202,4490,DEFAULT,8.857,0,202,0,202,
39,./PUP/triple_weight/,2-triple-9.lp,Enumerate,Alternative,Partial,1,303,29743,DEFAULT,13.422,0,303,0,303,
40,./PUP/triple_weight/,2-triple-9.lp,Enumerate,Alternative,Partial,1,101,14157,DEFAULT,4.788,0,101,0,101,
41,./PUP/triple_weight/,2-triple-9.lp,Enumerate,Alternative,Partial,1,202,69,DEFAULT,9.493,0,202,0,202,
42,./PUP/triple_weight/,2-triple-9.lp,Enumerate,Alternative,Partial,1,303,3023,DEFAULT,13.071,0,303,0,303,
43,./PUP/triple_weight/,2-triple-9.lp,Enumerate,Alternative,Partial,1,101,14690,DEFAULT,3.364,0,101,0,101,
50,./PUP/triple_weight/,2-triple-9.lp,Enumerate,Alternative,Partial,1,202,27221,DEFAULT,8.521,0,202,0,202,
54,./PUP/triple_weight/,2-triple-9.lp,Enumerate,Alternative,Partial,1,303,10002,DEFAULT,9.873,0,303,0,303,
55,./PUP/triple_weight/,2-triple-9.lp,Enumerate,Alternative,Partial,1,101,2905,DEFAULT,3.445,0,101,0,101,
66,./PUP/triple_weight/,2-triple-9.lp,Enumerate,Alternative,Partial,1,603,23583,DEFAULT,19.942,979.59,601,2,14," :- closesensors(V1,V2), not closezones(V1,V2), partnerunits(V1,V2).
 :- not unit2sensorGEQ(V2,V1), unit2sensorGEQ(V2,V2), zone2sensor(V1,V1).
 :- closezones(V2,V1), not unit2zoneGEQ(V2,V2), unit2zoneGEQ(V1,V2).
"
67,./PUP/triple_weight/,2-triple-9.lp,Enumerate,Alternative,Partial,1,201,17876,DEFAULT,6.613,0,201,0,201,
68,./PUP/triple_weight/,2-triple-9.lp,Enumerate,Alternative,Partial,1,402,19383,DEFAULT,14.725,0,402,0,402,
69,./PUP/triple_weight/,2-triple-9.lp,Enumerate,Alternative,Partial,1,603,7579,DEFAULT,18.993,0,603,0,603,
70,./PUP/triple_weight/,2-triple-9.lp,Enumerate,Alternative,Partial,1,201,28975,DEFAULT,6.542,0,201,0,201,
71,./PUP/triple_weight/,2-triple-9.lp,Enumerate,Alternative,Partial,1,402,1459,DEFAULT,13.047,0,402,0,402,
76,./PUP/triple_weight/,2-triple-9.lp,Enumerate,Alternative,Partial,1,201,9373,DEFAULT,6.658,0,201,0,201,
77,./PUP/triple_weight/,2-triple-9.lp,Enumerate,Alternative,Partial,1,402,12399,DEFAULT,13.09,0,402,0,402,
78,./PUP/triple_weight/,2-triple-9.lp,Enumerate,Alternative,Partial,1,603,5812,DEFAULT,19.201,0,603,0,603,
79,./PUP/triple_weight/,2-triple-9.lp,Enumerate,Alternative,Partial,1,201,21123,DEFAULT,6.554,0,201,0,201,
81,./PUP/triple_weight/,2-triple-9.lp,Enumerate,Alternative,Partial,1,603,2231,DEFAULT,19.254,0,603,0,603,
82,./PUP/triple_weight/,2-triple-9.lp,Enumerate,Alternative,Partial,1,201,26645,DEFAULT,6.994,0,201,0,201,
83,./PUP/triple_weight/,2-triple-9.lp,Enumerate,Alternative,Partial,1,402,4448,DEFAULT,13.639,0,402,0,402,
88,./PUP/triple_weight/,2-triple-9.lp,Enumerate,Alternative,Partial,1,201,2212,DEFAULT,6.533,0,201,0,201,
89,./PUP/triple_weight/,2-triple-9.lp,Enumerate,Alternative,Partial,1,402,9472,DEFAULT,13.019,0,402,0,402,
91,./PUP/triple_weight/,2-triple-9.lp,Enumerate,Alternative,Partial,1,201,13383,DEFAULT,6.652,0,201,0,201,
92,./PUP/triple_weight/,2-triple-9.lp,Enumerate,Alternative,Partial,1,402,2517,DEFAULT,13.034,489.666,399,3,2," :- not zone2sensor(V1,V1), unit2sensorGEQ(V1,V1).
 :- not unit2zoneGEQ(V1,V2), unit2zoneGEQ(V2,V2), zone2sensor(V1,V2).
 :- closesensors(V1,V2), unit2zoneGEQ(V1,V2), unit2zoneGEQ(V2,V1).
"
94,./PUP/triple_weight/,2-triple-9.lp,Enumerate,Alternative,Partial,1,201,13727,DEFAULT,6.406,0,201,0,201,
97,./PUP/triple_weight/,2-triple-9.lp,Enumerate,Alternative,Partial,1,201,32033,DEFAULT,6.632,0,201,0,201,
101,./PUP/triple_weight/,2-triple-9.lp,Enumerate,Alternative,Partial,1,402,7830,DEFAULT,13.094,0,402,0,402,
103,./PUP/triple_weight/,2-triple-9.lp,Enumerate,Alternative,Partial,1,201,31869,DEFAULT,6.534,359.043,199,2,0," :- not zone2sensor(V1,V1), unit2sensorGEQ(V1,V1).
 :- closezones(V1,V2), partnerunits(V2,V1), zone2sensor(V1,V2).
 :- not unit2zoneGEQ(V2,V2), unit2zoneGEQ(V1,V2), zone2sensor(V1,V2).
"
105,./PUP/triple_weight/,2-triple-9.lp,Enumerate,Alternative,Partial,1,603,7051,DEFAULT,19.417,0,603,0,603,
106,./PUP/triple_weight/,2-triple-9.lp,Enumerate,Alternative,Partial,1,201,8543,DEFAULT,6.618,0,201,0,201,
107,./PUP/triple_weight/,2-triple-9.lp,Enumerate,Alternative,Partial,1,402,12158,DEFAULT,12.77,0,402,0,402,
109,./PUP/triple_weight/,2-triple-9.lp,Enumerate,Alternative,Partial,1,201,16687,DEFAULT,6.718,0,201,0,201,
110,./PUP/triple_weight/,2-triple-9.lp,Enumerate,Alternative,Partial,1,402,27416,DEFAULT,13.233,0,402,0,402,
111,./PUP/triple_weight/,2-triple-9.lp,Enumerate,Alternative,Partial,1,603,21083,DEFAULT,19.509,0,603,0,603,
112,./PUP/triple_weight/,2-triple-9.lp,Enumerate,Alternative,Partial,1,201,16567,DEFAULT,6.661,0,201,0,201,
117,./PUP/triple_weight/,2-triple-9.lp,Enumerate,Alternative,Partial,1,603,15838,DEFAULT,19.493,0,603,0,603,
