,Directory,Files analysed with SBASS,Learning mode,Ordering,SBC,Iteration,Cell,Seed,Version,Time for creating examples,Time for solving ILP task,Total neg examples,Total pos examples,Neg examples uncovered,Learned Constraints
1,./PUP/triple_weight/,2-triple-9.lp,Enumerate,Standard,Full,1,1,31681,DEFAULT,51.124,248.182,100,1,0," :- closezones(V1,V2), partnerunits(V1,V2).
 :- closezones(V1,V2), not unit2sensorGEQ(V1,V1), unit2zoneGEQ(V1,V2).
"
2,./PUP/triple_weight/,2-triple-9.lp,Enumerate,Standard,Full,1,2,4634,DEFAULT,104.277,193.287,200,2,0," :- closezones(V2,V1), unit2zoneGEQ(V2,V2), zone2sensor(V1,V2).
 :- closezones(V1,V2), partnerunits(V1,V2).
"
4,./PUP/triple_weight/,2-triple-9.lp,Enumerate,Standard,Full,1,1,15262,DEFAULT,51.369,275.249,100,1,0," :- closezones(V1,V2), partnerunits(V1,V2).
 :- closezones(V1,V2), not unit2sensorGEQ(V1,V2), unit2sensorGEQ(V1,V1).
"
7,./PUP/triple_weight/,2-triple-9.lp,Enumerate,Standard,Full,1,1,3718,DEFAULT,68.897,208.494,100,1,0," :- not unit2sensorGEQ(V1,V2), not zone2sensor(V1,V2), partnerunits(V1,V2).
"
8,./PUP/triple_weight/,2-triple-9.lp,Enumerate,Standard,Full,1,2,26796,DEFAULT,142.7,222.857,200,2,0," :- not unit2sensorGEQ(V1,V2), not zone2sensor(V1,V2), partnerunits(V1,V2).
"
11,./PUP/triple_weight/,2-triple-9.lp,Enumerate,Standard,Full,1,2,21172,DEFAULT,128.093,355.093,200,2,0," :- closezones(V2,V1), partnerunits(V1,V2).
 :- closesensors(V1,V2), not unit2zoneGEQ(V1,V2), unit2sensorGEQ(V1,V1).
"
13,./PUP/triple_weight/,2-triple-9.lp,Enumerate,Standard,Full,1,1,29690,DEFAULT,55.68,165.644,100,1,0," :- not unit2sensorGEQ(V1,V2), not zone2sensor(V2,V1), partnerunits(V1,V2).
"
15,./PUP/triple_weight/,2-triple-9.lp,Enumerate,Standard,Full,1,3,1743,DEFAULT,167.685,776.968,300,3,3," :- closezones(V1,V2), partnerunits(V1,V2).
 :- not unit2zoneGEQ(V1,V1), not unit2zoneGEQ(V2,V2), partnerunits(V1,V2).
 :- partnerunits(V1,V2), unit2sensorGEQ(V1,V1), unit2sensorGEQ(V2,V2).
"
16,./PUP/triple_weight/,2-triple-9.lp,Enumerate,Standard,Full,1,1,26740,DEFAULT,51.858,153.679,100,1,0," :- not unit2sensorGEQ(V1,V2), not zone2sensor(V2,V1), partnerunits(V1,V2).
"
17,./PUP/triple_weight/,2-triple-9.lp,Enumerate,Standard,Full,1,2,22856,DEFAULT,105.721,92.773,200,2,0," :- not zone2sensor(V1,V1), unit2sensorGEQ(V1,V1).
 :- closezones(V1,V2), partnerunits(V1,V2).
"
19,./PUP/triple_weight/,2-triple-9.lp,Enumerate,Standard,Full,1,1,6751,DEFAULT,52.008,242.455,100,1,0," :- closezones(V2,V1), partnerunits(V1,V2).
 :- not unit2sensorGEQ(V1,V1), not zone2sensor(V1,V1), unit2zoneGEQ(V1,V2).
"
22,./PUP/triple_weight/,2-triple-9.lp,Enumerate,Standard,Full,1,1,16849,DEFAULT,55.224,259.937,100,1,0," :- closezones(V2,V1), partnerunits(V1,V2).
 :- closesensors(V1,V2), not unit2zoneGEQ(V2,V2), partnerunits(V1,V2).
"
23,./PUP/triple_weight/,2-triple-9.lp,Enumerate,Standard,Full,1,2,29843,DEFAULT,100.967,216.042,200,2,0," :- closezones(V1,V2), partnerunits(V1,V2).
 :- closezones(V2,V1), not unit2zoneGEQ(V2,V2), unit2zoneGEQ(V1,V2).
"
24,./PUP/triple_weight/,2-triple-9.lp,Enumerate,Standard,Full,1,3,8299,DEFAULT,150.829,245.153,300,3,0," :- closezones(V2,V1), partnerunits(V1,V2).
 :- closezones(V1,V2), not unit2zoneGEQ(V1,V2), unit2sensorGEQ(V1,V1).
"
25,./PUP/triple_weight/,2-triple-9.lp,Enumerate,Standard,Full,1,1,6709,DEFAULT,51.453,154.993,100,1,0," :- closezones(V2,V1), partnerunits(V1,V2).
 :- closezones(V2,V1), unit2sensorGEQ(V2,V2), zone2sensor(V1,V2).
"
28,./PUP/triple_weight/,2-triple-9.lp,Enumerate,Standard,Full,1,1,11547,DEFAULT,50.103,190.816,100,1,0," :- closezones(V1,V2), partnerunits(V1,V2).
 :- closezones(V2,V1), unit2zoneGEQ(V2,V1), zone2sensor(V1,V2).
"
29,./PUP/triple_weight/,2-triple-9.lp,Enumerate,Standard,Full,1,2,7260,DEFAULT,101.031,168.974,200,2,0," :- closezones(V1,V2), partnerunits(V1,V2).
 :- closezones(V1,V2), unit2zoneGEQ(V2,V1), zone2sensor(V1,V2).
"
30,./PUP/triple_weight/,2-triple-9.lp,Enumerate,Standard,Full,1,3,21865,DEFAULT,150.5,335.907,300,3,0," :- closezones(V1,V2), partnerunits(V1,V2).
 :- not unit2sensorGEQ(V2,V1), partnerunits(V1,V2), unit2sensorGEQ(V1,V1).
"
31,./PUP/triple_weight/,2-triple-9.lp,Enumerate,Standard,Full,1,1,16017,DEFAULT,50.267,156.851,100,1,0," :- closezones(V1,V2), partnerunits(V1,V2).
 :- not unit2sensorGEQ(V1,V1), unit2zoneGEQ(V1,V1).
"
32,./PUP/triple_weight/,2-triple-9.lp,Enumerate,Standard,Full,1,2,29417,DEFAULT,100.434,99.304,200,2,0," :- not zone2sensor(V1,V1), unit2sensorGEQ(V1,V1).
 :- closezones(V2,V1), partnerunits(V1,V2).
"
34,./PUP/triple_weight/,2-triple-9.lp,Enumerate,Standard,Full,1,1,10456,DEFAULT,50.083,166.591,100,1,0," :- closezones(V1,V2), partnerunits(V1,V2).
 :- closezones(V2,V1), unit2zoneGEQ(V2,V1), zone2sensor(V1,V2).
"
35,./PUP/triple_weight/,2-triple-9.lp,Enumerate,Standard,Full,1,2,25977,DEFAULT,98.096,302.204,200,2,0," :- closezones(V1,V2), partnerunits(V1,V2).
 :- closezones(V1,V2), not unit2zoneGEQ(V1,V2), unit2sensorGEQ(V1,V1).
"
36,./PUP/triple_weight/,2-triple-9.lp,Enumerate,Standard,Full,1,3,20418,DEFAULT,147.18,226.075,300,3,0," :- closezones(V1,V2), unit2zoneGEQ(V2,V2), zone2sensor(V1,V2).
 :- closesensors(V2,V1), not unit2sensorGEQ(V1,V1), partnerunits(V1,V2).
"
37,./PUP/triple_weight/,2-triple-9.lp,Enumerate,Standard,Full,1,1,3380,DEFAULT,50.025,167.391,100,1,0," :- closezones(V1,V2), partnerunits(V1,V2).
 :- closesensors(V1,V2), not unit2zoneGEQ(V1,V1), unit2zoneGEQ(V1,V2).
"
38,./PUP/triple_weight/,2-triple-9.lp,Enumerate,Standard,Full,1,2,4490,DEFAULT,98.363,239.72,200,2,0," :- closezones(V1,V2), partnerunits(V1,V2).
 :- not unit2sensorGEQ(V2,V1), unit2sensorGEQ(V2,V2), zone2sensor(V1,V2).
"
40,./PUP/triple_weight/,2-triple-9.lp,Enumerate,Standard,Full,1,1,14157,DEFAULT,48.985,185.052,100,1,0," :- closezones(V2,V1), partnerunits(V1,V2).
 :- closezones(V2,V1), not unit2zoneGEQ(V1,V2), unit2zoneGEQ(V1,V1).
"
41,./PUP/triple_weight/,2-triple-9.lp,Enumerate,Standard,Full,1,2,69,DEFAULT,100.455,250.104,200,2,0," :- closezones(V1,V2), partnerunits(V1,V2).
 :- closezones(V2,V1), unit2zoneGEQ(V2,V1), zone2sensor(V1,V2).
"
44,./PUP/triple_weight/,2-triple-9.lp,Enumerate,Standard,Full,1,2,13524,DEFAULT,98.511,117.867,200,2,0," :- not unit2zoneGEQ(V2,V1), partnerunits(V2,V3), unit2sensorGEQ(V1,V1).
"
47,./PUP/triple_weight/,2-triple-9.lp,Enumerate,Standard,Full,1,2,23256,DEFAULT,96.134,97.687,200,2,0," :- not zone2sensor(V1,V1), unit2zoneGEQ(V1,V1).
 :- not zone2sensor(V1,V1), unit2sensorGEQ(V1,V1).
 :- closezones(V1,V2), partnerunits(V1,V2).
"
49,./PUP/triple_weight/,2-triple-9.lp,Enumerate,Standard,Full,1,1,6652,DEFAULT,47.84,181.005,100,1,0," :- closezones(V1,V2), partnerunits(V1,V2).
 :- closesensors(V2,V1), not unit2sensorGEQ(V1,V2), unit2sensorGEQ(V1,V1).
"
52,./PUP/triple_weight/,2-triple-9.lp,Enumerate,Standard,Full,1,1,759,DEFAULT,48.55,180.11,100,1,0," :- closezones(V2,V1), partnerunits(V1,V2).
 :- not unit2sensorGEQ(V1,V1), unit2zoneGEQ(V1,V1).
"
53,./PUP/triple_weight/,2-triple-9.lp,Enumerate,Standard,Full,1,2,2001,DEFAULT,96.299,109.907,200,2,0," :- not unit2sensorGEQ(V1,V2), not zone2sensor(V2,V1), partnerunits(V1,V2).
"
55,./PUP/triple_weight/,2-triple-9.lp,Enumerate,Standard,Full,1,1,2905,DEFAULT,48.915,196.791,100,1,0," :- closezones(V2,V1), partnerunits(V1,V2).
 :- not unit2zoneGEQ(V2,V2), partnerunits(V2,V1), zone2sensor(V1,V2).
"
58,./PUP/triple_weight/,2-triple-9.lp,Enumerate,Standard,Full,1,1,26985,DEFAULT,47.545,83.689,100,1,0," :- not unit2sensorGEQ(V2,V1), partnerunits(V1,V2).
"
59,./PUP/triple_weight/,2-triple-9.lp,Enumerate,Standard,Full,1,2,16281,DEFAULT,93.961,710.627,200,2,1," :- closezones(V1,V2), partnerunits(V1,V2).
 :- closezones(V1,V2), unit2zoneGEQ(V2,V1), zone2sensor(V1,V2).
 :- not unit2sensorGEQ(V1,V2), not unit2zoneGEQ(V2,V2), partnerunits(V1,V2).
"
60,./PUP/triple_weight/,2-triple-9.lp,Enumerate,Standard,Full,1,3,16345,DEFAULT,144.842,222.791,300,3,0," :- closezones(V1,V2), partnerunits(V1,V2).
 :- closesensors(V2,V1), not unit2sensorGEQ(V2,V2), partnerunits(V1,V2).
"
64,./PUP/triple_weight/,2-triple-9.lp,Enumerate,Standard,Full,1,1,24318,DEFAULT,49.282,150.307,200,1,0," :- closezones(V2,V1), partnerunits(V1,V2).
 :- closezones(V2,V1), unit2zoneGEQ(V2,V1), zone2sensor(V1,V2).
"
65,./PUP/triple_weight/,2-triple-9.lp,Enumerate,Standard,Full,1,2,26740,DEFAULT,96.293,198.379,400,2,0," :- closezones(V1,V2), partnerunits(V1,V2).
 :- closesensors(V2,V1), not unit2sensorGEQ(V1,V2), unit2sensorGEQ(V1,V1).
"
66,./PUP/triple_weight/,2-triple-9.lp,Enumerate,Standard,Full,1,3,23583,DEFAULT,145.203,331.317,600,3,0," :- closezones(V2,V1), partnerunits(V1,V2).
 :- closesensors(V1,V2), not unit2zoneGEQ(V1,V1), unit2zoneGEQ(V1,V2).
"
68,./PUP/triple_weight/,2-triple-9.lp,Enumerate,Standard,Full,1,2,19383,DEFAULT,96.051,579.644,400,2,0," :- closezones(V1,V2), partnerunits(V1,V2).
 :- closezones(V2,V1), unit2zoneGEQ(V2,V1), zone2sensor(V1,V2).
 :- not unit2sensorGEQ(V1,V1), not zone2sensor(V1,V1), unit2zoneGEQ(V1,V1).
"
69,./PUP/triple_weight/,2-triple-9.lp,Enumerate,Standard,Full,1,3,7579,DEFAULT,145.168,322.798,600,3,0," :- closezones(V1,V2), partnerunits(V1,V2).
 :- closezones(V2,V1), not unit2sensorGEQ(V1,V1), unit2sensorGEQ(V1,V2).
"
70,./PUP/triple_weight/,2-triple-9.lp,Enumerate,Standard,Full,1,1,28975,DEFAULT,50.027,194.16,200,1,0," :- closezones(V1,V2), partnerunits(V1,V2).
 :- closezones(V2,V1), not unit2sensorGEQ(V1,V2), unit2zoneGEQ(V1,V1).
"
73,./PUP/triple_weight/,2-triple-9.lp,Enumerate,Standard,Full,1,1,5107,DEFAULT,47.015,137.415,200,1,0," :- closezones(V1,V2), partnerunits(V1,V2).
 :- closezones(V2,V1), unit2zoneGEQ(V2,V1), zone2sensor(V1,V2).
"
77,./PUP/triple_weight/,2-triple-9.lp,Enumerate,Standard,Full,1,2,12399,DEFAULT,94.473,68.208,400,2,0," :- not unit2sensorGEQ(V2,V1), partnerunits(V1,V2).
"
78,./PUP/triple_weight/,2-triple-9.lp,Enumerate,Standard,Full,1,3,5812,DEFAULT,142.013,160.428,600,3,0," :- not unit2sensorGEQ(V1,V2), not zone2sensor(V1,V2), partnerunits(V1,V2).
"
79,./PUP/triple_weight/,2-triple-9.lp,Enumerate,Standard,Full,1,1,21123,DEFAULT,47.201,213.634,200,1,0," :- closezones(V1,V2), partnerunits(V1,V2).
 :- closesensors(V2,V1), not unit2sensorGEQ(V1,V2), unit2zoneGEQ(V1,V1).
"
82,./PUP/triple_weight/,2-triple-9.lp,Enumerate,Standard,Full,1,1,26645,DEFAULT,48.067,127.118,200,1,0," :- not unit2sensorGEQ(V1,V2), not zone2sensor(V2,V1), partnerunits(V1,V2).
"
83,./PUP/triple_weight/,2-triple-9.lp,Enumerate,Standard,Full,1,2,4448,DEFAULT,94.212,177.397,400,2,0," :- not zone2sensor(V1,V1), unit2sensorGEQ(V1,V1).
 :- closezones(V1,V2), not unit2zoneGEQ(V2,V2), unit2sensorGEQ(V1,V2).
"
84,./PUP/triple_weight/,2-triple-9.lp,Enumerate,Standard,Full,1,3,12868,DEFAULT,145.033,132.543,600,3,0," :- not unit2sensorGEQ(V1,V2), not zone2sensor(V1,V2), partnerunits(V1,V2).
"
85,./PUP/triple_weight/,2-triple-9.lp,Enumerate,Standard,Full,1,1,1769,DEFAULT,48.078,86.027,200,1,0," :- not unit2sensorGEQ(V1,V2), not zone2sensor(V2,V1), partnerunits(V1,V2).
"
86,./PUP/triple_weight/,2-triple-9.lp,Enumerate,Standard,Full,1,2,8467,DEFAULT,94.606,289.051,400,2,0," :- closezones(V2,V1), partnerunits(V1,V2).
 :- not unit2sensorGEQ(V2,V1), not unit2zoneGEQ(V2,V1), partnerunits(V1,V2).
"
87,./PUP/triple_weight/,2-triple-9.lp,Enumerate,Standard,Full,1,3,14775,DEFAULT,133.837,250.323,600,3,0," :- closezones(V1,V2), partnerunits(V1,V2).
 :- closesensors(V1,V2), not zone2sensor(V1,V1), partnerunits(V1,V2).
"
88,./PUP/triple_weight/,2-triple-9.lp,Enumerate,Standard,Full,1,1,2212,DEFAULT,48.241,84.228,200,1,0," :- not zone2sensor(V2,V1), unit2zoneGEQ(V1,V1), unit2zoneGEQ(V2,V1).
"
91,./PUP/triple_weight/,2-triple-9.lp,Enumerate,Standard,Full,1,1,13383,DEFAULT,46.137,396.975,200,1,0," :- closesensors(V1,V2), not unit2sensorGEQ(V1,V1), unit2sensorGEQ(V1,V2).
 :- closesensors(V2,V1), not unit2sensorGEQ(V2,V1), partnerunits(V1,V2).
"
92,./PUP/triple_weight/,2-triple-9.lp,Enumerate,Standard,Full,1,2,2517,DEFAULT,91.552,143.047,400,2,0," :- closezones(V1,V2), partnerunits(V1,V2).
 :- closesensors(V1,V2), unit2zoneGEQ(V2,V1), zone2sensor(V1,V2).
"
93,./PUP/triple_weight/,2-triple-9.lp,Enumerate,Standard,Full,1,3,20286,DEFAULT,137.695,98.803,600,3,0," :- not unit2sensorGEQ(V1,V2), not zone2sensor(V2,V1), partnerunits(V1,V2).
"
94,./PUP/triple_weight/,2-triple-9.lp,Enumerate,Standard,Full,1,1,13727,DEFAULT,45.995,268.417,200,1,0," :- closezones(V2,V1), partnerunits(V1,V2).
 :- not unit2sensorGEQ(V2,V1), not unit2zoneGEQ(V2,V1), partnerunits(V1,V2).
"
95,./PUP/triple_weight/,2-triple-9.lp,Enumerate,Standard,Full,1,2,15928,DEFAULT,91.33,91.192,400,2,0," :- not unit2sensorGEQ(V1,V2), not zone2sensor(V2,V1), partnerunits(V1,V2).
"
97,./PUP/triple_weight/,2-triple-9.lp,Enumerate,Standard,Full,1,1,32033,DEFAULT,45.69,143.621,200,1,0," :- closezones(V2,V1), partnerunits(V1,V2).
 :- closesensors(V2,V1), not unit2zoneGEQ(V1,V1), unit2zoneGEQ(V1,V2).
"
98,./PUP/triple_weight/,2-triple-9.lp,Enumerate,Standard,Full,1,2,32598,DEFAULT,91.479,273.089,400,2,0," :- closezones(V2,V1), partnerunits(V1,V2).
 :- closesensors(V1,V2), unit2zoneGEQ(V1,V2), unit2zoneGEQ(V2,V1).
"
100,./PUP/triple_weight/,2-triple-9.lp,Enumerate,Standard,Full,1,1,30414,DEFAULT,45.76,248.169,200,1,0," :- closezones(V1,V2), partnerunits(V1,V2).
 :- not closesensors(V2,V1), not unit2zoneGEQ(V1,V1), unit2zoneGEQ(V1,V2).
"
101,./PUP/triple_weight/,2-triple-9.lp,Enumerate,Standard,Full,1,2,7830,DEFAULT,92.177,410.062,400,2,0," :- closezones(V2,V1), partnerunits(V1,V2).
 :- partnerunits(V1,V2), unit2sensorGEQ(V2,V2), unit2zoneGEQ(V1,V1).
"
102,./PUP/triple_weight/,2-triple-9.lp,Enumerate,Standard,Full,1,3,31417,DEFAULT,139.569,156.551,600,3,0," :- closezones(V2,V1), partnerunits(V1,V2).
 :- closesensors(V1,V2), not unit2sensorGEQ(V1,V1), unit2sensorGEQ(V1,V2).
"
103,./PUP/triple_weight/,2-triple-9.lp,Enumerate,Standard,Full,1,1,31869,DEFAULT,43.661,91.115,200,1,0," :- closezones(V2,V1), partnerunits(V1,V2).
 :- closesensors(V1,V2), partnerunits(V1,V2), zone2sensor(V1,V2).
"
106,./PUP/triple_weight/,2-triple-9.lp,Enumerate,Standard,Full,1,1,8543,DEFAULT,64.744,522.299,200,1,0," :- closezones(V1,V2), partnerunits(V1,V2).
 :- closesensors(V1,V2), not unit2zoneGEQ(V2,V1), partnerunits(V1,V2).
"
108,./PUP/triple_weight/,2-triple-9.lp,Enumerate,Standard,Full,1,3,16923,DEFAULT,169.068,367.405,600,3,0," :- closezones(V2,V1), partnerunits(V1,V2).
 :- closesensors(V1,V2), unit2zoneGEQ(V2,V1), zone2sensor(V1,V2).
"
109,./PUP/triple_weight/,2-triple-9.lp,Enumerate,Standard,Full,1,1,16687,DEFAULT,58.225,244.517,200,1,0," :- not unit2zoneGEQ(V2,V1), not zone2sensor(V2,V1), partnerunits(V1,V2).
"
110,./PUP/triple_weight/,2-triple-9.lp,Enumerate,Standard,Full,1,2,27416,DEFAULT,108.132,414.995,400,2,0," :- closezones(V1,V2), partnerunits(V1,V2).
 :- closesensors(V1,V2), unit2zoneGEQ(V2,V1), zone2sensor(V1,V2).
"
111,./PUP/triple_weight/,2-triple-9.lp,Enumerate,Standard,Full,1,3,21083,DEFAULT,182.092,2685.85,600,3,3," :- closezones(V1,V2), partnerunits(V1,V2).
 :- closesensors(V1,V2), partnerunits(V2,V1), zone2sensor(V1,V2).
 :- not unit2sensorGEQ(V1,V2), partnerunits(V1,V2), zone2sensor(V1,V2).
"
113,./PUP/triple_weight/,2-triple-9.lp,Enumerate,Standard,Full,1,2,70,DEFAULT,145.054,290.516,400,2,0," :- closezones(V1,V2), partnerunits(V1,V2).
 :- closesensors(V1,V2), unit2zoneGEQ(V2,V1), zone2sensor(V1,V2).
"
114,./PUP/triple_weight/,2-triple-9.lp,Enumerate,Standard,Full,1,3,22154,DEFAULT,195.337,212.178,600,3,0," :- not unit2sensorGEQ(V1,V2), not zone2sensor(V1,V2), partnerunits(V1,V2).
"
118,./PUP/triple_weight/,2-triple-9.lp,Enumerate,Standard,Full,1,1,2753,DEFAULT,61.071,451.318,200,1,0," :- closesensors(V1,V2), not zone2sensor(V1,V1), partnerunits(V1,V2).
 :- not unit2zoneGEQ(V2,V2), not zone2sensor(V1,V2), partnerunits(V1,V2).
"
119,./PUP/triple_weight/,2-triple-9.lp,Enumerate,Standard,Full,1,2,31792,DEFAULT,103.45,1578.89,400,2,1," :- closezones(V1,V2), partnerunits(V1,V2).
 :- not unit2sensorGEQ(V1,V1), unit2sensorGEQ(V1,V2), zone2sensor(V1,V1).
 :- closesensors(V1,V2), unit2zoneGEQ(V1,V2), unit2zoneGEQ(V2,V1).
"
120,./PUP/triple_weight/,2-triple-9.lp,Enumerate,Standard,Full,1,3,6602,DEFAULT,186.54,408.797,600,3,0," :- closezones(V2,V1), partnerunits(V1,V2).
 :- not unit2sensorGEQ(V2,V1), partnerunits(V2,V1), unit2sensorGEQ(V1,V1).
"
