,Directory,Files analysed with SBASS,Learning mode,Ordering,SBC,Iteration,Cell,Seed,Version,Time for creating examples,Time for solving ILP task,Total neg examples,Total pos examples,Neg examples uncovered,Learned Constraints
1,./PUP/triple_weight/,2-triple-9.lp,Enumerate,Standard,Partial,1,101,31681,DEFAULT,8.882,0,101,0,101,
4,./PUP/triple_weight/,2-triple-9.lp,Enumerate,Standard,Partial,1,101,15262,DEFAULT,9.195,0,101,0,101,
12,./PUP/triple_weight/,2-triple-9.lp,Enumerate,Standard,Partial,1,303,31928,DEFAULT,24.584,0,303,0,303,
14,./PUP/triple_weight/,2-triple-9.lp,Enumerate,Standard,Partial,1,202,3800,DEFAULT,15.609,0,202,0,202,
17,./PUP/triple_weight/,2-triple-9.lp,Enumerate,Standard,Partial,1,202,22856,DEFAULT,17.638,0,202,0,202,
22,./PUP/triple_weight/,2-triple-9.lp,Enumerate,Standard,Partial,1,101,16849,DEFAULT,9.057,0,101,0,101,
25,./PUP/triple_weight/,2-triple-9.lp,Enumerate,Standard,Partial,1,101,6709,DEFAULT,9.475,0,101,0,101,
27,./PUP/triple_weight/,2-triple-9.lp,Enumerate,Standard,Partial,1,303,14456,DEFAULT,21.79,0,303,0,303,
31,./PUP/triple_weight/,2-triple-9.lp,Enumerate,Standard,Partial,1,101,16017,DEFAULT,9.121,0,101,0,101,
34,./PUP/triple_weight/,2-triple-9.lp,Enumerate,Standard,Partial,1,101,10456,DEFAULT,8.458,0,101,0,101,
35,./PUP/triple_weight/,2-triple-9.lp,Enumerate,Standard,Partial,1,202,25977,DEFAULT,16.134,0,202,0,202,
38,./PUP/triple_weight/,2-triple-9.lp,Enumerate,Standard,Partial,1,202,4490,DEFAULT,18.087,0,202,0,202,
45,./PUP/triple_weight/,2-triple-9.lp,Enumerate,Standard,Partial,1,303,15622,DEFAULT,23.231,0,303,0,303,
48,./PUP/triple_weight/,2-triple-9.lp,Enumerate,Standard,Partial,1,303,29764,DEFAULT,22.039,0,303,0,303,
50,./PUP/triple_weight/,2-triple-9.lp,Enumerate,Standard,Partial,1,202,27221,DEFAULT,17.053,0,202,0,202,
52,./PUP/triple_weight/,2-triple-9.lp,Enumerate,Standard,Partial,1,101,759,DEFAULT,8.462,0,101,0,101,
58,./PUP/triple_weight/,2-triple-9.lp,Enumerate,Standard,Partial,1,101,26985,DEFAULT,9.264,0,101,0,101,
59,./PUP/triple_weight/,2-triple-9.lp,Enumerate,Standard,Partial,1,202,16281,DEFAULT,16.084,0,202,0,202,
61,./PUP/triple_weight/,2-triple-9.lp,Enumerate,Standard,Partial,1,201,14189,DEFAULT,18.616,0,201,0,201,
66,./PUP/triple_weight/,2-triple-9.lp,Enumerate,Standard,Partial,1,603,23583,DEFAULT,55.688,0,603,0,603,
67,./PUP/triple_weight/,2-triple-9.lp,Enumerate,Standard,Partial,1,201,17876,DEFAULT,17.431,0,201,0,201,
70,./PUP/triple_weight/,2-triple-9.lp,Enumerate,Standard,Partial,1,201,28975,DEFAULT,18.816,0,201,0,201,
73,./PUP/triple_weight/,2-triple-9.lp,Enumerate,Standard,Partial,1,201,5107,DEFAULT,17.69,0,201,0,201,
75,./PUP/triple_weight/,2-triple-9.lp,Enumerate,Standard,Partial,1,603,21787,DEFAULT,53.911,0,603,0,603,
84,./PUP/triple_weight/,2-triple-9.lp,Enumerate,Standard,Partial,1,603,12868,DEFAULT,51.969,0,603,0,603,
87,./PUP/triple_weight/,2-triple-9.lp,Enumerate,Standard,Partial,1,603,14775,DEFAULT,51.865,0,603,0,603,
94,./PUP/triple_weight/,2-triple-9.lp,Enumerate,Standard,Partial,1,201,13727,DEFAULT,17.108,0,201,0,201,
96,./PUP/triple_weight/,2-triple-9.lp,Enumerate,Standard,Partial,1,603,18316,DEFAULT,49.981,0,603,0,603,
99,./PUP/triple_weight/,2-triple-9.lp,Enumerate,Standard,Partial,1,603,11310,DEFAULT,50.711,0,603,0,603,
103,./PUP/triple_weight/,2-triple-9.lp,Enumerate,Standard,Partial,1,201,31869,DEFAULT,15.639,182.953,200,1,0," :- closesensors(V2,V1), not zone2sensor(V2,V2), unit2zoneGEQ(V1,V2).
"
104,./PUP/triple_weight/,2-triple-9.lp,Enumerate,Standard,Partial,1,402,22564,DEFAULT,30.729,0,402,0,402,
111,./PUP/triple_weight/,2-triple-9.lp,Enumerate,Standard,Partial,1,603,21083,DEFAULT,47.732,0,603,0,603,
120,./PUP/triple_weight/,2-triple-9.lp,Enumerate,Standard,Partial,1,603,6602,DEFAULT,52.472,0,603,0,603,
