ConstraintFile,Id,Mode,Order,Full,Cell,Version,Seed,Instance,Result,Model,Time,Solving,1st Model,Unsat,CPU
103_Enumerate_Alternative_Partial_201_DEFAULT_31869,103,Enumerate,Alternative,Partial,201,DEFAULT,31869,Un-2-triple-15,UNKNOWN,0+,300.000,299.98,0.00,0.00,299.993
16_Enumerate_Alternative_Partial_101_DEFAULT_26740,16,Enumerate,Alternative,Partial,101,DEFAULT,26740,Un-2-triple-15,UNKNOWN,0+,300.000,299.98,0.00,0.00,299.992
66_Enumerate_Alternative_Partial_603_DEFAULT_23583,66,Enumerate,Alternative,Partial,603,DEFAULT,23583,Un-2-triple-15,UNKNOWN,0+,300.000,299.98,0.00,0.00,299.992
92_Enumerate_Alternative_Partial_402_DEFAULT_2517,92,Enumerate,Alternative,Partial,402,DEFAULT,2517,Un-2-triple-15,UNKNOWN,0+,300.000,299.99,0.00,0.00,299.992
103_Enumerate_Alternative_Partial_201_DEFAULT_31869,103,Enumerate,Alternative,Partial,201,DEFAULT,31869,Un-2-triple-18,UNKNOWN,0+,300.000,299.98,0.00,0.00,299.994
16_Enumerate_Alternative_Partial_101_DEFAULT_26740,16,Enumerate,Alternative,Partial,101,DEFAULT,26740,Un-2-triple-18,UNKNOWN,0+,300.000,299.97,0.00,0.00,299.993
66_Enumerate_Alternative_Partial_603_DEFAULT_23583,66,Enumerate,Alternative,Partial,603,DEFAULT,23583,Un-2-triple-18,UNKNOWN,0+,300.000,299.97,0.00,0.00,299.993
92_Enumerate_Alternative_Partial_402_DEFAULT_2517,92,Enumerate,Alternative,Partial,402,DEFAULT,2517,Un-2-triple-18,UNKNOWN,0+,300.000,299.98,0.00,0.00,299.993
103_Enumerate_Alternative_Partial_201_DEFAULT_31869,103,Enumerate,Alternative,Partial,201,DEFAULT,31869,Un-2-triple-9,UNSATISFIABLE,0,0.126,0.12,0.00,0.12,0.126
16_Enumerate_Alternative_Partial_101_DEFAULT_26740,16,Enumerate,Alternative,Partial,101,DEFAULT,26740,Un-2-triple-9,UNSATISFIABLE,0,0.097,0.09,0.00,0.09,0.097
66_Enumerate_Alternative_Partial_603_DEFAULT_23583,66,Enumerate,Alternative,Partial,603,DEFAULT,23583,Un-2-triple-9,UNSATISFIABLE,0,0.058,0.05,0.00,0.05,0.058
92_Enumerate_Alternative_Partial_402_DEFAULT_2517,92,Enumerate,Alternative,Partial,402,DEFAULT,2517,Un-2-triple-9,UNSATISFIABLE,0,0.574,0.57,0.00,0.57,0.574
103_Enumerate_Alternative_Partial_201_DEFAULT_31869,103,Enumerate,Alternative,Partial,201,DEFAULT,31869,Un-2-triple-12,UNSATISFIABLE,0,169.027,169.01,0.00,169.01,169.022
16_Enumerate_Alternative_Partial_101_DEFAULT_26740,16,Enumerate,Alternative,Partial,101,DEFAULT,26740,Un-2-triple-12,UNSATISFIABLE,0,136.607,136.59,0.00,136.59,136.604
66_Enumerate_Alternative_Partial_603_DEFAULT_23583,66,Enumerate,Alternative,Partial,603,DEFAULT,23583,Un-2-triple-12,UNKNOWN,0+,300.000,299.99,0.00,0.00,299.992
92_Enumerate_Alternative_Partial_402_DEFAULT_2517,92,Enumerate,Alternative,Partial,402,DEFAULT,2517,Un-2-triple-12,UNSATISFIABLE,0,53.922,53.91,0.00,53.91,53.921
103_Enumerate_Alternative_Partial_201_DEFAULT_31869,103,Enumerate,Alternative,Partial,201,DEFAULT,31869,2-triple-15,SATISFIABLE,1+,0.076,0.05,0.05,0.00,0.076
16_Enumerate_Alternative_Partial_101_DEFAULT_26740,16,Enumerate,Alternative,Partial,101,DEFAULT,26740,2-triple-15,SATISFIABLE,1+,0.048,0.02,0.02,0.00,0.048
66_Enumerate_Alternative_Partial_603_DEFAULT_23583,66,Enumerate,Alternative,Partial,603,DEFAULT,23583,2-triple-15,SATISFIABLE,1+,0.157,0.13,0.13,0.00,0.157
92_Enumerate_Alternative_Partial_402_DEFAULT_2517,92,Enumerate,Alternative,Partial,402,DEFAULT,2517,2-triple-15,SATISFIABLE,1+,0.037,0.01,0.01,0.00,0.037
103_Enumerate_Alternative_Partial_201_DEFAULT_31869,103,Enumerate,Alternative,Partial,201,DEFAULT,31869,2-triple-18,SATISFIABLE,1+,0.187,0.15,0.15,0.00,0.187
16_Enumerate_Alternative_Partial_101_DEFAULT_26740,16,Enumerate,Alternative,Partial,101,DEFAULT,26740,2-triple-18,SATISFIABLE,1+,0.104,0.07,0.07,0.00,0.104
66_Enumerate_Alternative_Partial_603_DEFAULT_23583,66,Enumerate,Alternative,Partial,603,DEFAULT,23583,2-triple-18,SATISFIABLE,1+,1.400,1.36,1.36,0.00,1.400
92_Enumerate_Alternative_Partial_402_DEFAULT_2517,92,Enumerate,Alternative,Partial,402,DEFAULT,2517,2-triple-18,SATISFIABLE,1+,0.032,0.01,0.01,0.00,0.032
103_Enumerate_Alternative_Partial_201_DEFAULT_31869,103,Enumerate,Alternative,Partial,201,DEFAULT,31869,2-triple-21,SATISFIABLE,1+,8.040,7.99,7.99,0.00,8.039
16_Enumerate_Alternative_Partial_101_DEFAULT_26740,16,Enumerate,Alternative,Partial,101,DEFAULT,26740,2-triple-21,SATISFIABLE,1+,0.106,0.04,0.04,0.00,0.106
66_Enumerate_Alternative_Partial_603_DEFAULT_23583,66,Enumerate,Alternative,Partial,603,DEFAULT,23583,2-triple-21,SATISFIABLE,1+,0.189,0.14,0.14,0.00,0.189
92_Enumerate_Alternative_Partial_402_DEFAULT_2517,92,Enumerate,Alternative,Partial,402,DEFAULT,2517,2-triple-21,SATISFIABLE,1+,0.113,0.06,0.06,0.00,0.113
103_Enumerate_Alternative_Partial_201_DEFAULT_31869,103,Enumerate,Alternative,Partial,201,DEFAULT,31869,2-triple-9,SATISFIABLE,1+,0.011,0.00,0.00,0.00,0.011
16_Enumerate_Alternative_Partial_101_DEFAULT_26740,16,Enumerate,Alternative,Partial,101,DEFAULT,26740,2-triple-9,SATISFIABLE,1+,0.010,0.00,0.00,0.00,0.010
66_Enumerate_Alternative_Partial_603_DEFAULT_23583,66,Enumerate,Alternative,Partial,603,DEFAULT,23583,2-triple-9,SATISFIABLE,1+,0.014,0.00,0.00,0.00,0.014
92_Enumerate_Alternative_Partial_402_DEFAULT_2517,92,Enumerate,Alternative,Partial,402,DEFAULT,2517,2-triple-9,SATISFIABLE,1+,0.006,0.00,0.00,0.00,0.006
103_Enumerate_Alternative_Partial_201_DEFAULT_31869,103,Enumerate,Alternative,Partial,201,DEFAULT,31869,2-triple-12,SATISFIABLE,1+,0.021,0.01,0.01,0.00,0.021
16_Enumerate_Alternative_Partial_101_DEFAULT_26740,16,Enumerate,Alternative,Partial,101,DEFAULT,26740,2-triple-12,SATISFIABLE,1+,0.019,0.00,0.00,0.00,0.019
66_Enumerate_Alternative_Partial_603_DEFAULT_23583,66,Enumerate,Alternative,Partial,603,DEFAULT,23583,2-triple-12,SATISFIABLE,1+,0.016,0.00,0.00,0.00,0.016
92_Enumerate_Alternative_Partial_402_DEFAULT_2517,92,Enumerate,Alternative,Partial,402,DEFAULT,2517,2-triple-12,SATISFIABLE,1+,0.016,0.00,0.00,0.00,0.016
