ConstraintFile,Id,Mode,Order,Full,Cell,Version,Seed,Instance,Result,Model,Time,Solving,1st Model,Unsat,CPU
37_Enumerate_Alternative_Full_1_DEFAULT_3380,37,Enumerate,Alternative,Full,1,DEFAULT,3380,Un-2-triple-15,UNKNOWN,0+,300.000,299.89,0.00,0.00,278.031
43_Enumerate_Alternative_Full_1_DEFAULT_14690,43,Enumerate,Alternative,Full,1,DEFAULT,14690,Un-2-triple-15,UNKNOWN,0+,300.000,299.96,0.00,0.00,278.795
44_Enumerate_Alternative_Full_2_DEFAULT_13524,44,Enumerate,Alternative,Full,2,DEFAULT,13524,Un-2-triple-15,UNKNOWN,0+,300.000,299.91,0.00,0.00,282.161
46_Enumerate_Alternative_Full_1_DEFAULT_10222,46,Enumerate,Alternative,Full,1,DEFAULT,10222,Un-2-triple-15,UNKNOWN,0+,299.984,299.92,0.00,0.00,283.544
50_Enumerate_Alternative_Full_2_DEFAULT_27221,50,Enumerate,Alternative,Full,2,DEFAULT,27221,Un-2-triple-15,UNSATISFIABLE,0,141.385,141.27,0.00,141.27,126.695
52_Enumerate_Alternative_Full_1_DEFAULT_759,52,Enumerate,Alternative,Full,1,DEFAULT,759,Un-2-triple-15,UNKNOWN,0+,300.012,299.91,0.00,0.00,274.461
55_Enumerate_Alternative_Full_1_DEFAULT_2905,55,Enumerate,Alternative,Full,1,DEFAULT,2905,Un-2-triple-15,UNKNOWN,0+,300.000,299.91,0.00,0.00,282.131
56_Enumerate_Alternative_Full_2_DEFAULT_27702,56,Enumerate,Alternative,Full,2,DEFAULT,27702,Un-2-triple-15,UNKNOWN,0+,300.000,299.92,0.00,0.00,271.883
5_Enumerate_Alternative_Full_2_DEFAULT_22084,5,Enumerate,Alternative,Full,2,DEFAULT,22084,Un-2-triple-15,UNKNOWN,0+,300.000,299.95,0.00,0.00,282.692
61_Enumerate_Alternative_Full_1_DEFAULT_14189,61,Enumerate,Alternative,Full,1,DEFAULT,14189,Un-2-triple-15,UNKNOWN,0+,300.000,299.89,0.00,0.00,271.821
81_Enumerate_Alternative_Full_3_DEFAULT_2231,81,Enumerate,Alternative,Full,3,DEFAULT,2231,Un-2-triple-15,UNSATISFIABLE,0,21.086,20.98,0.00,20.98,20.643
94_Enumerate_Alternative_Full_1_DEFAULT_13727,94,Enumerate,Alternative,Full,1,DEFAULT,13727,Un-2-triple-15,UNSATISFIABLE,0,89.188,89.08,0.00,89.08,79.760
97_Enumerate_Alternative_Full_1_DEFAULT_32033,97,Enumerate,Alternative,Full,1,DEFAULT,32033,Un-2-triple-15,UNSATISFIABLE,0,0.054,0.00,0.00,0.00,0.010
37_Enumerate_Alternative_Full_1_DEFAULT_3380,37,Enumerate,Alternative,Full,1,DEFAULT,3380,Un-2-triple-18,UNKNOWN,0+,300.004,299.92,0.00,0.00,274.396
43_Enumerate_Alternative_Full_1_DEFAULT_14690,43,Enumerate,Alternative,Full,1,DEFAULT,14690,Un-2-triple-18,UNKNOWN,0+,300.000,299.87,0.00,0.00,272.145
44_Enumerate_Alternative_Full_2_DEFAULT_13524,44,Enumerate,Alternative,Full,2,DEFAULT,13524,Un-2-triple-18,UNKNOWN,0+,300.000,299.90,0.00,0.00,276.419
46_Enumerate_Alternative_Full_1_DEFAULT_10222,46,Enumerate,Alternative,Full,1,DEFAULT,10222,Un-2-triple-18,UNKNOWN,0+,300.000,299.89,0.00,0.00,282.969
50_Enumerate_Alternative_Full_2_DEFAULT_27221,50,Enumerate,Alternative,Full,2,DEFAULT,27221,Un-2-triple-18,UNSATISFIABLE,0,98.905,98.78,0.00,98.78,92.610
52_Enumerate_Alternative_Full_1_DEFAULT_759,52,Enumerate,Alternative,Full,1,DEFAULT,759,Un-2-triple-18,UNKNOWN,0+,300.000,299.87,0.00,0.00,268.586
55_Enumerate_Alternative_Full_1_DEFAULT_2905,55,Enumerate,Alternative,Full,1,DEFAULT,2905,Un-2-triple-18,UNKNOWN,0+,300.000,299.87,0.00,0.00,275.154
56_Enumerate_Alternative_Full_2_DEFAULT_27702,56,Enumerate,Alternative,Full,2,DEFAULT,27702,Un-2-triple-18,UNKNOWN,0+,300.000,299.90,0.00,0.00,274.595
5_Enumerate_Alternative_Full_2_DEFAULT_22084,5,Enumerate,Alternative,Full,2,DEFAULT,22084,Un-2-triple-18,UNKNOWN,0+,300.000,299.95,0.00,0.00,278.327
61_Enumerate_Alternative_Full_1_DEFAULT_14189,61,Enumerate,Alternative,Full,1,DEFAULT,14189,Un-2-triple-18,UNKNOWN,0+,300.000,299.88,0.00,0.00,276.650
81_Enumerate_Alternative_Full_3_DEFAULT_2231,81,Enumerate,Alternative,Full,3,DEFAULT,2231,Un-2-triple-18,UNSATISFIABLE,0,76.736,76.60,0.00,76.60,70.743
94_Enumerate_Alternative_Full_1_DEFAULT_13727,94,Enumerate,Alternative,Full,1,DEFAULT,13727,Un-2-triple-18,UNKNOWN,0+,300.000,299.95,0.00,0.00,278.788
97_Enumerate_Alternative_Full_1_DEFAULT_32033,97,Enumerate,Alternative,Full,1,DEFAULT,32033,Un-2-triple-18,UNSATISFIABLE,0,0.054,0.00,0.00,0.00,0.014
37_Enumerate_Alternative_Full_1_DEFAULT_3380,37,Enumerate,Alternative,Full,1,DEFAULT,3380,Un-2-triple-9,UNSATISFIABLE,0,0.438,0.41,0.00,0.41,0.266
43_Enumerate_Alternative_Full_1_DEFAULT_14690,43,Enumerate,Alternative,Full,1,DEFAULT,14690,Un-2-triple-9,UNSATISFIABLE,0,0.205,0.19,0.00,0.19,0.105
44_Enumerate_Alternative_Full_2_DEFAULT_13524,44,Enumerate,Alternative,Full,2,DEFAULT,13524,Un-2-triple-9,UNSATISFIABLE,0,0.503,0.45,0.00,0.45,0.355
46_Enumerate_Alternative_Full_1_DEFAULT_10222,46,Enumerate,Alternative,Full,1,DEFAULT,10222,Un-2-triple-9,UNSATISFIABLE,0,0.076,0.07,0.00,0.07,0.076
50_Enumerate_Alternative_Full_2_DEFAULT_27221,50,Enumerate,Alternative,Full,2,DEFAULT,27221,Un-2-triple-9,UNSATISFIABLE,0,0.051,0.00,0.00,0.00,0.011
52_Enumerate_Alternative_Full_1_DEFAULT_759,52,Enumerate,Alternative,Full,1,DEFAULT,759,Un-2-triple-9,UNSATISFIABLE,0,0.248,0.22,0.00,0.22,0.116
55_Enumerate_Alternative_Full_1_DEFAULT_2905,55,Enumerate,Alternative,Full,1,DEFAULT,2905,Un-2-triple-9,UNSATISFIABLE,0,0.229,0.18,0.00,0.18,0.117
56_Enumerate_Alternative_Full_2_DEFAULT_27702,56,Enumerate,Alternative,Full,2,DEFAULT,27702,Un-2-triple-9,UNSATISFIABLE,0,0.678,0.67,0.00,0.67,0.673
5_Enumerate_Alternative_Full_2_DEFAULT_22084,5,Enumerate,Alternative,Full,2,DEFAULT,22084,Un-2-triple-9,UNSATISFIABLE,0,0.813,0.79,0.00,0.79,0.509
61_Enumerate_Alternative_Full_1_DEFAULT_14189,61,Enumerate,Alternative,Full,1,DEFAULT,14189,Un-2-triple-9,UNSATISFIABLE,0,0.226,0.20,0.00,0.20,0.078
81_Enumerate_Alternative_Full_3_DEFAULT_2231,81,Enumerate,Alternative,Full,3,DEFAULT,2231,Un-2-triple-9,UNSATISFIABLE,0,0.202,0.19,0.00,0.19,0.086
94_Enumerate_Alternative_Full_1_DEFAULT_13727,94,Enumerate,Alternative,Full,1,DEFAULT,13727,Un-2-triple-9,UNSATISFIABLE,0,0.378,0.35,0.00,0.35,0.158
97_Enumerate_Alternative_Full_1_DEFAULT_32033,97,Enumerate,Alternative,Full,1,DEFAULT,32033,Un-2-triple-9,UNSATISFIABLE,0,0.057,0.00,0.00,0.00,0.005
37_Enumerate_Alternative_Full_1_DEFAULT_3380,37,Enumerate,Alternative,Full,1,DEFAULT,3380,Un-2-triple-12,UNKNOWN,0+,299.988,299.92,0.00,0.00,280.004
43_Enumerate_Alternative_Full_1_DEFAULT_14690,43,Enumerate,Alternative,Full,1,DEFAULT,14690,Un-2-triple-12,UNKNOWN,0+,300.000,299.99,0.00,0.00,291.127
44_Enumerate_Alternative_Full_2_DEFAULT_13524,44,Enumerate,Alternative,Full,2,DEFAULT,13524,Un-2-triple-12,UNKNOWN,0+,300.000,299.99,0.00,0.00,299.918
46_Enumerate_Alternative_Full_1_DEFAULT_10222,46,Enumerate,Alternative,Full,1,DEFAULT,10222,Un-2-triple-12,UNSATISFIABLE,0,112.099,112.09,0.00,112.09,112.073
50_Enumerate_Alternative_Full_2_DEFAULT_27221,50,Enumerate,Alternative,Full,2,DEFAULT,27221,Un-2-triple-12,UNSATISFIABLE,0,0.226,0.18,0.00,0.18,0.142
52_Enumerate_Alternative_Full_1_DEFAULT_759,52,Enumerate,Alternative,Full,1,DEFAULT,759,Un-2-triple-12,UNSATISFIABLE,0,10.747,10.69,0.00,10.69,10.632
55_Enumerate_Alternative_Full_1_DEFAULT_2905,55,Enumerate,Alternative,Full,1,DEFAULT,2905,Un-2-triple-12,UNSATISFIABLE,0,224.295,224.28,0.00,224.28,224.227
56_Enumerate_Alternative_Full_2_DEFAULT_27702,56,Enumerate,Alternative,Full,2,DEFAULT,27702,Un-2-triple-12,UNKNOWN,0+,300.000,299.99,0.00,0.00,299.669
5_Enumerate_Alternative_Full_2_DEFAULT_22084,5,Enumerate,Alternative,Full,2,DEFAULT,22084,Un-2-triple-12,UNSATISFIABLE,0,138.224,138.21,0.00,138.21,138.108
61_Enumerate_Alternative_Full_1_DEFAULT_14189,61,Enumerate,Alternative,Full,1,DEFAULT,14189,Un-2-triple-12,UNSATISFIABLE,0,104.747,104.73,0.00,104.73,104.613
81_Enumerate_Alternative_Full_3_DEFAULT_2231,81,Enumerate,Alternative,Full,3,DEFAULT,2231,Un-2-triple-12,UNSATISFIABLE,0,3.000,2.99,0.00,2.99,2.995
94_Enumerate_Alternative_Full_1_DEFAULT_13727,94,Enumerate,Alternative,Full,1,DEFAULT,13727,Un-2-triple-12,UNSATISFIABLE,0,10.190,10.18,0.00,10.18,10.179
97_Enumerate_Alternative_Full_1_DEFAULT_32033,97,Enumerate,Alternative,Full,1,DEFAULT,32033,Un-2-triple-12,UNSATISFIABLE,0,0.007,0.00,0.00,0.00,0.007
37_Enumerate_Alternative_Full_1_DEFAULT_3380,37,Enumerate,Alternative,Full,1,DEFAULT,3380,2-triple-15,SATISFIABLE,1+,0.339,0.31,0.31,0.00,0.334
43_Enumerate_Alternative_Full_1_DEFAULT_14690,43,Enumerate,Alternative,Full,1,DEFAULT,14690,2-triple-15,SATISFIABLE,1+,0.085,0.06,0.06,0.00,0.084
44_Enumerate_Alternative_Full_2_DEFAULT_13524,44,Enumerate,Alternative,Full,2,DEFAULT,13524,2-triple-15,SATISFIABLE,1+,0.109,0.08,0.08,0.00,0.108
46_Enumerate_Alternative_Full_1_DEFAULT_10222,46,Enumerate,Alternative,Full,1,DEFAULT,10222,2-triple-15,SATISFIABLE,1+,0.056,0.03,0.03,0.00,0.056
50_Enumerate_Alternative_Full_2_DEFAULT_27221,50,Enumerate,Alternative,Full,2,DEFAULT,27221,2-triple-15,SATISFIABLE,1+,0.043,0.02,0.02,0.00,0.043
52_Enumerate_Alternative_Full_1_DEFAULT_759,52,Enumerate,Alternative,Full,1,DEFAULT,759,2-triple-15,SATISFIABLE,1+,0.138,0.11,0.11,0.00,0.133
55_Enumerate_Alternative_Full_1_DEFAULT_2905,55,Enumerate,Alternative,Full,1,DEFAULT,2905,2-triple-15,SATISFIABLE,1+,0.065,0.03,0.03,0.00,0.061
56_Enumerate_Alternative_Full_2_DEFAULT_27702,56,Enumerate,Alternative,Full,2,DEFAULT,27702,2-triple-15,SATISFIABLE,1+,0.034,0.01,0.01,0.00,0.034
5_Enumerate_Alternative_Full_2_DEFAULT_22084,5,Enumerate,Alternative,Full,2,DEFAULT,22084,2-triple-15,SATISFIABLE,1+,0.037,0.01,0.01,0.00,0.037
61_Enumerate_Alternative_Full_1_DEFAULT_14189,61,Enumerate,Alternative,Full,1,DEFAULT,14189,2-triple-15,SATISFIABLE,1+,0.104,0.08,0.08,0.00,0.103
81_Enumerate_Alternative_Full_3_DEFAULT_2231,81,Enumerate,Alternative,Full,3,DEFAULT,2231,2-triple-15,SATISFIABLE,1+,1.770,1.74,1.74,0.00,1.770
94_Enumerate_Alternative_Full_1_DEFAULT_13727,94,Enumerate,Alternative,Full,1,DEFAULT,13727,2-triple-15,SATISFIABLE,1+,0.180,0.15,0.15,0.00,0.180
97_Enumerate_Alternative_Full_1_DEFAULT_32033,97,Enumerate,Alternative,Full,1,DEFAULT,32033,2-triple-15,SATISFIABLE,1+,0.068,0.04,0.04,0.00,0.068
37_Enumerate_Alternative_Full_1_DEFAULT_3380,37,Enumerate,Alternative,Full,1,DEFAULT,3380,2-triple-18,SATISFIABLE,1+,0.418,0.38,0.38,0.00,0.418
43_Enumerate_Alternative_Full_1_DEFAULT_14690,43,Enumerate,Alternative,Full,1,DEFAULT,14690,2-triple-18,SATISFIABLE,1+,0.189,0.15,0.15,0.00,0.189
44_Enumerate_Alternative_Full_2_DEFAULT_13524,44,Enumerate,Alternative,Full,2,DEFAULT,13524,2-triple-18,SATISFIABLE,1+,0.288,0.24,0.24,0.00,0.280
46_Enumerate_Alternative_Full_1_DEFAULT_10222,46,Enumerate,Alternative,Full,1,DEFAULT,10222,2-triple-18,SATISFIABLE,1+,0.559,0.52,0.52,0.00,0.554
50_Enumerate_Alternative_Full_2_DEFAULT_27221,50,Enumerate,Alternative,Full,2,DEFAULT,27221,2-triple-18,SATISFIABLE,1+,2.356,2.31,2.31,0.00,2.352
52_Enumerate_Alternative_Full_1_DEFAULT_759,52,Enumerate,Alternative,Full,1,DEFAULT,759,2-triple-18,SATISFIABLE,1+,0.645,0.60,0.60,0.00,0.641
55_Enumerate_Alternative_Full_1_DEFAULT_2905,55,Enumerate,Alternative,Full,1,DEFAULT,2905,2-triple-18,SATISFIABLE,1+,1.418,1.37,1.37,0.00,1.417
56_Enumerate_Alternative_Full_2_DEFAULT_27702,56,Enumerate,Alternative,Full,2,DEFAULT,27702,2-triple-18,SATISFIABLE,1+,0.725,0.68,0.68,0.00,0.720
5_Enumerate_Alternative_Full_2_DEFAULT_22084,5,Enumerate,Alternative,Full,2,DEFAULT,22084,2-triple-18,SATISFIABLE,1+,1.088,1.04,1.04,0.00,1.083
61_Enumerate_Alternative_Full_1_DEFAULT_14189,61,Enumerate,Alternative,Full,1,DEFAULT,14189,2-triple-18,SATISFIABLE,1+,3.306,3.26,3.26,0.00,3.301
81_Enumerate_Alternative_Full_3_DEFAULT_2231,81,Enumerate,Alternative,Full,3,DEFAULT,2231,2-triple-18,SATISFIABLE,1+,9.997,9.95,9.95,0.00,9.992
94_Enumerate_Alternative_Full_1_DEFAULT_13727,94,Enumerate,Alternative,Full,1,DEFAULT,13727,2-triple-18,SATISFIABLE,1+,4.721,4.68,4.68,0.00,4.717
97_Enumerate_Alternative_Full_1_DEFAULT_32033,97,Enumerate,Alternative,Full,1,DEFAULT,32033,2-triple-18,SATISFIABLE,1+,0.852,0.81,0.81,0.00,0.847
37_Enumerate_Alternative_Full_1_DEFAULT_3380,37,Enumerate,Alternative,Full,1,DEFAULT,3380,2-triple-21,SATISFIABLE,1+,1.672,1.61,1.61,0.00,1.672
43_Enumerate_Alternative_Full_1_DEFAULT_14690,43,Enumerate,Alternative,Full,1,DEFAULT,14690,2-triple-21,SATISFIABLE,1+,8.928,8.86,8.86,0.00,8.923
44_Enumerate_Alternative_Full_2_DEFAULT_13524,44,Enumerate,Alternative,Full,2,DEFAULT,13524,2-triple-21,SATISFIABLE,1+,1.837,1.77,1.77,0.00,1.836
46_Enumerate_Alternative_Full_1_DEFAULT_10222,46,Enumerate,Alternative,Full,1,DEFAULT,10222,2-triple-21,SATISFIABLE,1+,1.642,1.58,1.58,0.00,1.637
50_Enumerate_Alternative_Full_2_DEFAULT_27221,50,Enumerate,Alternative,Full,2,DEFAULT,27221,2-triple-21,SATISFIABLE,1+,59.805,59.74,59.74,0.00,59.795
52_Enumerate_Alternative_Full_1_DEFAULT_759,52,Enumerate,Alternative,Full,1,DEFAULT,759,2-triple-21,SATISFIABLE,1+,1.164,1.10,1.10,0.00,1.159
55_Enumerate_Alternative_Full_1_DEFAULT_2905,55,Enumerate,Alternative,Full,1,DEFAULT,2905,2-triple-21,SATISFIABLE,1+,2.195,2.13,2.13,0.00,2.191
56_Enumerate_Alternative_Full_2_DEFAULT_27702,56,Enumerate,Alternative,Full,2,DEFAULT,27702,2-triple-21,SATISFIABLE,1+,2.349,2.28,2.28,0.00,2.347
5_Enumerate_Alternative_Full_2_DEFAULT_22084,5,Enumerate,Alternative,Full,2,DEFAULT,22084,2-triple-21,SATISFIABLE,1+,0.460,0.39,0.39,0.00,0.456
61_Enumerate_Alternative_Full_1_DEFAULT_14189,61,Enumerate,Alternative,Full,1,DEFAULT,14189,2-triple-21,SATISFIABLE,1+,132.900,132.84,132.84,0.00,132.876
81_Enumerate_Alternative_Full_3_DEFAULT_2231,81,Enumerate,Alternative,Full,3,DEFAULT,2231,2-triple-21,UNKNOWN,0+,300.000,299.93,0.00,0.00,299.820
94_Enumerate_Alternative_Full_1_DEFAULT_13727,94,Enumerate,Alternative,Full,1,DEFAULT,13727,2-triple-21,SATISFIABLE,1+,0.073,0.01,0.01,0.00,0.073
97_Enumerate_Alternative_Full_1_DEFAULT_32033,97,Enumerate,Alternative,Full,1,DEFAULT,32033,2-triple-21,SATISFIABLE,1+,16.045,15.97,15.97,0.00,16.039
37_Enumerate_Alternative_Full_1_DEFAULT_3380,37,Enumerate,Alternative,Full,1,DEFAULT,3380,2-triple-9,SATISFIABLE,1+,0.010,0.00,0.00,0.00,0.009
43_Enumerate_Alternative_Full_1_DEFAULT_14690,43,Enumerate,Alternative,Full,1,DEFAULT,14690,2-triple-9,SATISFIABLE,1+,0.010,0.00,0.00,0.00,0.010
44_Enumerate_Alternative_Full_2_DEFAULT_13524,44,Enumerate,Alternative,Full,2,DEFAULT,13524,2-triple-9,SATISFIABLE,1+,0.010,0.00,0.00,0.00,0.010
46_Enumerate_Alternative_Full_1_DEFAULT_10222,46,Enumerate,Alternative,Full,1,DEFAULT,10222,2-triple-9,SATISFIABLE,1+,0.010,0.00,0.00,0.00,0.010
50_Enumerate_Alternative_Full_2_DEFAULT_27221,50,Enumerate,Alternative,Full,2,DEFAULT,27221,2-triple-9,SATISFIABLE,1+,0.010,0.00,0.00,0.00,0.010
52_Enumerate_Alternative_Full_1_DEFAULT_759,52,Enumerate,Alternative,Full,1,DEFAULT,759,2-triple-9,SATISFIABLE,1+,0.010,0.00,0.00,0.00,0.010
55_Enumerate_Alternative_Full_1_DEFAULT_2905,55,Enumerate,Alternative,Full,1,DEFAULT,2905,2-triple-9,SATISFIABLE,1+,0.010,0.00,0.00,0.00,0.010
56_Enumerate_Alternative_Full_2_DEFAULT_27702,56,Enumerate,Alternative,Full,2,DEFAULT,27702,2-triple-9,SATISFIABLE,1+,0.010,0.00,0.00,0.00,0.010
5_Enumerate_Alternative_Full_2_DEFAULT_22084,5,Enumerate,Alternative,Full,2,DEFAULT,22084,2-triple-9,SATISFIABLE,1+,0.010,0.00,0.00,0.00,0.010
61_Enumerate_Alternative_Full_1_DEFAULT_14189,61,Enumerate,Alternative,Full,1,DEFAULT,14189,2-triple-9,SATISFIABLE,1+,0.010,0.00,0.00,0.00,0.010
81_Enumerate_Alternative_Full_3_DEFAULT_2231,81,Enumerate,Alternative,Full,3,DEFAULT,2231,2-triple-9,SATISFIABLE,1+,0.013,0.00,0.00,0.00,0.013
94_Enumerate_Alternative_Full_1_DEFAULT_13727,94,Enumerate,Alternative,Full,1,DEFAULT,13727,2-triple-9,SATISFIABLE,1+,0.011,0.00,0.00,0.00,0.011
97_Enumerate_Alternative_Full_1_DEFAULT_32033,97,Enumerate,Alternative,Full,1,DEFAULT,32033,2-triple-9,SATISFIABLE,1+,0.010,0.00,0.00,0.00,0.010
37_Enumerate_Alternative_Full_1_DEFAULT_3380,37,Enumerate,Alternative,Full,1,DEFAULT,3380,2-triple-12,SATISFIABLE,1+,0.022,0.01,0.01,0.00,0.022
43_Enumerate_Alternative_Full_1_DEFAULT_14690,43,Enumerate,Alternative,Full,1,DEFAULT,14690,2-triple-12,SATISFIABLE,1+,0.019,0.00,0.00,0.00,0.019
44_Enumerate_Alternative_Full_2_DEFAULT_13524,44,Enumerate,Alternative,Full,2,DEFAULT,13524,2-triple-12,SATISFIABLE,1+,0.021,0.01,0.01,0.00,0.021
46_Enumerate_Alternative_Full_1_DEFAULT_10222,46,Enumerate,Alternative,Full,1,DEFAULT,10222,2-triple-12,SATISFIABLE,1+,0.027,0.01,0.01,0.00,0.024
50_Enumerate_Alternative_Full_2_DEFAULT_27221,50,Enumerate,Alternative,Full,2,DEFAULT,27221,2-triple-12,SATISFIABLE,1+,0.031,0.01,0.01,0.00,0.031
52_Enumerate_Alternative_Full_1_DEFAULT_759,52,Enumerate,Alternative,Full,1,DEFAULT,759,2-triple-12,SATISFIABLE,1+,0.021,0.01,0.01,0.00,0.021
55_Enumerate_Alternative_Full_1_DEFAULT_2905,55,Enumerate,Alternative,Full,1,DEFAULT,2905,2-triple-12,SATISFIABLE,1+,0.020,0.00,0.00,0.00,0.020
56_Enumerate_Alternative_Full_2_DEFAULT_27702,56,Enumerate,Alternative,Full,2,DEFAULT,27702,2-triple-12,SATISFIABLE,1+,0.023,0.01,0.01,0.00,0.023
5_Enumerate_Alternative_Full_2_DEFAULT_22084,5,Enumerate,Alternative,Full,2,DEFAULT,22084,2-triple-12,SATISFIABLE,1+,0.039,0.02,0.02,0.00,0.039
61_Enumerate_Alternative_Full_1_DEFAULT_14189,61,Enumerate,Alternative,Full,1,DEFAULT,14189,2-triple-12,SATISFIABLE,1+,0.022,0.01,0.01,0.00,0.022
81_Enumerate_Alternative_Full_3_DEFAULT_2231,81,Enumerate,Alternative,Full,3,DEFAULT,2231,2-triple-12,SATISFIABLE,1+,0.201,0.19,0.19,0.00,0.197
94_Enumerate_Alternative_Full_1_DEFAULT_13727,94,Enumerate,Alternative,Full,1,DEFAULT,13727,2-triple-12,SATISFIABLE,1+,0.026,0.01,0.01,0.00,0.026
97_Enumerate_Alternative_Full_1_DEFAULT_32033,97,Enumerate,Alternative,Full,1,DEFAULT,32033,2-triple-12,SATISFIABLE,1+,0.023,0.01,0.01,0.00,0.023
