ConstraintFile,Id,Mode,Order,Full,Cell,Version,Seed,Instance,Result,Model,Time,Solving,1st Model,Unsat,CPU
100_Enumerate_Standard_Full_1_DEFAULT_30414,100,Enumerate,Standard,Full,1,DEFAULT,30414,Un-2-triple-15,UNKNOWN,0+,300.000,299.98,0.00,0.00,299.977
101_Enumerate_Standard_Full_2_DEFAULT_7830,101,Enumerate,Standard,Full,2,DEFAULT,7830,Un-2-triple-15,UNKNOWN,0+,300.000,299.98,0.00,0.00,299.984
102_Enumerate_Standard_Full_3_DEFAULT_31417,102,Enumerate,Standard,Full,3,DEFAULT,31417,Un-2-triple-15,UNKNOWN,0+,300.000,299.98,0.00,0.00,299.985
103_Enumerate_Standard_Full_1_DEFAULT_31869,103,Enumerate,Standard,Full,1,DEFAULT,31869,Un-2-triple-15,UNKNOWN,0+,300.000,299.98,0.00,0.00,299.981
106_Enumerate_Standard_Full_1_DEFAULT_8543,106,Enumerate,Standard,Full,1,DEFAULT,8543,Un-2-triple-15,UNKNOWN,0+,300.000,299.99,0.00,0.00,299.984
108_Enumerate_Standard_Full_3_DEFAULT_16923,108,Enumerate,Standard,Full,3,DEFAULT,16923,Un-2-triple-15,UNKNOWN,0+,300.000,299.98,0.00,0.00,299.991
109_Enumerate_Standard_Full_1_DEFAULT_16687,109,Enumerate,Standard,Full,1,DEFAULT,16687,Un-2-triple-15,UNKNOWN,0+,300.000,299.98,0.00,0.00,299.989
110_Enumerate_Standard_Full_2_DEFAULT_27416,110,Enumerate,Standard,Full,2,DEFAULT,27416,Un-2-triple-15,UNKNOWN,0+,300.000,299.98,0.00,0.00,299.986
111_Enumerate_Standard_Full_3_DEFAULT_21083,111,Enumerate,Standard,Full,3,DEFAULT,21083,Un-2-triple-15,UNKNOWN,0+,300.000,299.98,0.00,0.00,299.988
113_Enumerate_Standard_Full_2_DEFAULT_70,113,Enumerate,Standard,Full,2,DEFAULT,70,Un-2-triple-15,UNKNOWN,0+,300.000,299.98,0.00,0.00,299.992
114_Enumerate_Standard_Full_3_DEFAULT_22154,114,Enumerate,Standard,Full,3,DEFAULT,22154,Un-2-triple-15,UNKNOWN,0+,300.000,299.98,0.00,0.00,299.991
118_Enumerate_Standard_Full_1_DEFAULT_2753,118,Enumerate,Standard,Full,1,DEFAULT,2753,Un-2-triple-15,UNKNOWN,0+,300.000,299.99,0.00,0.00,299.988
119_Enumerate_Standard_Full_2_DEFAULT_31792,119,Enumerate,Standard,Full,2,DEFAULT,31792,Un-2-triple-15,UNKNOWN,0+,300.000,299.98,0.00,0.00,299.981
11_Enumerate_Standard_Full_2_DEFAULT_21172,11,Enumerate,Standard,Full,2,DEFAULT,21172,Un-2-triple-15,UNKNOWN,0+,300.000,299.98,0.00,0.00,299.980
120_Enumerate_Standard_Full_3_DEFAULT_6602,120,Enumerate,Standard,Full,3,DEFAULT,6602,Un-2-triple-15,UNKNOWN,0+,300.000,299.98,0.00,0.00,299.983
13_Enumerate_Standard_Full_1_DEFAULT_29690,13,Enumerate,Standard,Full,1,DEFAULT,29690,Un-2-triple-15,UNKNOWN,0+,300.000,299.98,0.00,0.00,299.993
15_Enumerate_Standard_Full_3_DEFAULT_1743,15,Enumerate,Standard,Full,3,DEFAULT,1743,Un-2-triple-15,UNKNOWN,0+,300.000,299.98,0.00,0.00,299.988
16_Enumerate_Standard_Full_1_DEFAULT_26740,16,Enumerate,Standard,Full,1,DEFAULT,26740,Un-2-triple-15,UNKNOWN,0+,300.000,299.98,0.00,0.00,299.989
17_Enumerate_Standard_Full_2_DEFAULT_22856,17,Enumerate,Standard,Full,2,DEFAULT,22856,Un-2-triple-15,UNKNOWN,0+,300.000,299.98,0.00,0.00,299.992
19_Enumerate_Standard_Full_1_DEFAULT_6751,19,Enumerate,Standard,Full,1,DEFAULT,6751,Un-2-triple-15,UNKNOWN,0+,300.000,299.98,0.00,0.00,299.990
1_Enumerate_Standard_Full_1_DEFAULT_31681,1,Enumerate,Standard,Full,1,DEFAULT,31681,Un-2-triple-15,UNKNOWN,0+,300.000,299.98,0.00,0.00,299.989
22_Enumerate_Standard_Full_1_DEFAULT_16849,22,Enumerate,Standard,Full,1,DEFAULT,16849,Un-2-triple-15,UNKNOWN,0+,300.000,299.98,0.00,0.00,299.992
23_Enumerate_Standard_Full_2_DEFAULT_29843,23,Enumerate,Standard,Full,2,DEFAULT,29843,Un-2-triple-15,UNKNOWN,0+,300.000,299.98,0.00,0.00,299.986
24_Enumerate_Standard_Full_3_DEFAULT_8299,24,Enumerate,Standard,Full,3,DEFAULT,8299,Un-2-triple-15,UNKNOWN,0+,300.000,299.98,0.00,0.00,299.992
25_Enumerate_Standard_Full_1_DEFAULT_6709,25,Enumerate,Standard,Full,1,DEFAULT,6709,Un-2-triple-15,UNKNOWN,0+,300.000,299.98,0.00,0.00,299.992
28_Enumerate_Standard_Full_1_DEFAULT_11547,28,Enumerate,Standard,Full,1,DEFAULT,11547,Un-2-triple-15,UNKNOWN,0+,300.000,299.98,0.00,0.00,299.992
29_Enumerate_Standard_Full_2_DEFAULT_7260,29,Enumerate,Standard,Full,2,DEFAULT,7260,Un-2-triple-15,UNKNOWN,0+,300.000,299.98,0.00,0.00,299.992
2_Enumerate_Standard_Full_2_DEFAULT_4634,2,Enumerate,Standard,Full,2,DEFAULT,4634,Un-2-triple-15,UNKNOWN,0+,300.000,299.98,0.00,0.00,299.992
30_Enumerate_Standard_Full_3_DEFAULT_21865,30,Enumerate,Standard,Full,3,DEFAULT,21865,Un-2-triple-15,UNKNOWN,0+,300.000,299.98,0.00,0.00,299.971
31_Enumerate_Standard_Full_1_DEFAULT_16017,31,Enumerate,Standard,Full,1,DEFAULT,16017,Un-2-triple-15,UNKNOWN,0+,300.000,299.98,0.00,0.00,299.990
32_Enumerate_Standard_Full_2_DEFAULT_29417,32,Enumerate,Standard,Full,2,DEFAULT,29417,Un-2-triple-15,UNKNOWN,0+,300.000,299.98,0.00,0.00,299.991
34_Enumerate_Standard_Full_1_DEFAULT_10456,34,Enumerate,Standard,Full,1,DEFAULT,10456,Un-2-triple-15,UNKNOWN,0+,300.000,299.98,0.00,0.00,299.991
35_Enumerate_Standard_Full_2_DEFAULT_25977,35,Enumerate,Standard,Full,2,DEFAULT,25977,Un-2-triple-15,UNKNOWN,0+,300.000,299.98,0.00,0.00,299.990
36_Enumerate_Standard_Full_3_DEFAULT_20418,36,Enumerate,Standard,Full,3,DEFAULT,20418,Un-2-triple-15,UNKNOWN,0+,300.000,299.99,0.00,0.00,299.983
37_Enumerate_Standard_Full_1_DEFAULT_3380,37,Enumerate,Standard,Full,1,DEFAULT,3380,Un-2-triple-15,UNKNOWN,0+,300.000,299.99,0.00,0.00,299.992
38_Enumerate_Standard_Full_2_DEFAULT_4490,38,Enumerate,Standard,Full,2,DEFAULT,4490,Un-2-triple-15,UNKNOWN,0+,300.000,299.99,0.00,0.00,299.989
40_Enumerate_Standard_Full_1_DEFAULT_14157,40,Enumerate,Standard,Full,1,DEFAULT,14157,Un-2-triple-15,UNKNOWN,0+,300.000,299.98,0.00,0.00,299.993
41_Enumerate_Standard_Full_2_DEFAULT_69,41,Enumerate,Standard,Full,2,DEFAULT,69,Un-2-triple-15,UNKNOWN,0+,300.000,299.98,0.00,0.00,299.991
44_Enumerate_Standard_Full_2_DEFAULT_13524,44,Enumerate,Standard,Full,2,DEFAULT,13524,Un-2-triple-15,UNKNOWN,0+,300.000,299.98,0.00,0.00,299.989
47_Enumerate_Standard_Full_2_DEFAULT_23256,47,Enumerate,Standard,Full,2,DEFAULT,23256,Un-2-triple-15,UNKNOWN,0+,300.000,299.99,0.00,0.00,299.988
49_Enumerate_Standard_Full_1_DEFAULT_6652,49,Enumerate,Standard,Full,1,DEFAULT,6652,Un-2-triple-15,UNKNOWN,0+,300.000,299.98,0.00,0.00,299.992
4_Enumerate_Standard_Full_1_DEFAULT_15262,4,Enumerate,Standard,Full,1,DEFAULT,15262,Un-2-triple-15,UNKNOWN,0+,300.000,299.99,0.00,0.00,299.989
52_Enumerate_Standard_Full_1_DEFAULT_759,52,Enumerate,Standard,Full,1,DEFAULT,759,Un-2-triple-15,UNKNOWN,0+,300.000,299.99,0.00,0.00,299.987
53_Enumerate_Standard_Full_2_DEFAULT_2001,53,Enumerate,Standard,Full,2,DEFAULT,2001,Un-2-triple-15,UNKNOWN,0+,300.000,299.98,0.00,0.00,299.993
55_Enumerate_Standard_Full_1_DEFAULT_2905,55,Enumerate,Standard,Full,1,DEFAULT,2905,Un-2-triple-15,UNKNOWN,0+,300.000,299.98,0.00,0.00,299.991
58_Enumerate_Standard_Full_1_DEFAULT_26985,58,Enumerate,Standard,Full,1,DEFAULT,26985,Un-2-triple-15,UNKNOWN,0+,300.000,299.98,0.00,0.00,299.993
59_Enumerate_Standard_Full_2_DEFAULT_16281,59,Enumerate,Standard,Full,2,DEFAULT,16281,Un-2-triple-15,UNKNOWN,0+,300.000,299.98,0.00,0.00,299.981
60_Enumerate_Standard_Full_3_DEFAULT_16345,60,Enumerate,Standard,Full,3,DEFAULT,16345,Un-2-triple-15,UNKNOWN,0+,300.000,299.98,0.00,0.00,299.982
64_Enumerate_Standard_Full_1_DEFAULT_24318,64,Enumerate,Standard,Full,1,DEFAULT,24318,Un-2-triple-15,UNKNOWN,0+,300.000,299.98,0.00,0.00,299.978
65_Enumerate_Standard_Full_2_DEFAULT_26740,65,Enumerate,Standard,Full,2,DEFAULT,26740,Un-2-triple-15,UNKNOWN,0+,300.000,299.98,0.00,0.00,299.992
66_Enumerate_Standard_Full_3_DEFAULT_23583,66,Enumerate,Standard,Full,3,DEFAULT,23583,Un-2-triple-15,UNKNOWN,0+,300.000,299.98,0.00,0.00,299.983
68_Enumerate_Standard_Full_2_DEFAULT_19383,68,Enumerate,Standard,Full,2,DEFAULT,19383,Un-2-triple-15,UNKNOWN,0+,300.000,299.98,0.00,0.00,299.984
69_Enumerate_Standard_Full_3_DEFAULT_7579,69,Enumerate,Standard,Full,3,DEFAULT,7579,Un-2-triple-15,UNKNOWN,0+,300.000,299.98,0.00,0.00,299.991
70_Enumerate_Standard_Full_1_DEFAULT_28975,70,Enumerate,Standard,Full,1,DEFAULT,28975,Un-2-triple-15,UNKNOWN,0+,300.000,299.99,0.00,0.00,299.992
73_Enumerate_Standard_Full_1_DEFAULT_5107,73,Enumerate,Standard,Full,1,DEFAULT,5107,Un-2-triple-15,UNKNOWN,0+,300.000,299.99,0.00,0.00,299.992
77_Enumerate_Standard_Full_2_DEFAULT_12399,77,Enumerate,Standard,Full,2,DEFAULT,12399,Un-2-triple-15,UNKNOWN,0+,300.000,299.99,0.00,0.00,299.983
78_Enumerate_Standard_Full_3_DEFAULT_5812,78,Enumerate,Standard,Full,3,DEFAULT,5812,Un-2-triple-15,UNKNOWN,0+,300.000,299.98,0.00,0.00,299.981
79_Enumerate_Standard_Full_1_DEFAULT_21123,79,Enumerate,Standard,Full,1,DEFAULT,21123,Un-2-triple-15,UNKNOWN,0+,300.000,299.98,0.00,0.00,299.988
7_Enumerate_Standard_Full_1_DEFAULT_3718,7,Enumerate,Standard,Full,1,DEFAULT,3718,Un-2-triple-15,UNKNOWN,0+,300.000,299.98,0.00,0.00,299.984
82_Enumerate_Standard_Full_1_DEFAULT_26645,82,Enumerate,Standard,Full,1,DEFAULT,26645,Un-2-triple-15,UNKNOWN,0+,300.000,299.98,0.00,0.00,299.979
83_Enumerate_Standard_Full_2_DEFAULT_4448,83,Enumerate,Standard,Full,2,DEFAULT,4448,Un-2-triple-15,UNKNOWN,0+,300.000,299.98,0.00,0.00,299.981
84_Enumerate_Standard_Full_3_DEFAULT_12868,84,Enumerate,Standard,Full,3,DEFAULT,12868,Un-2-triple-15,UNKNOWN,0+,300.000,299.98,0.00,0.00,299.989
85_Enumerate_Standard_Full_1_DEFAULT_1769,85,Enumerate,Standard,Full,1,DEFAULT,1769,Un-2-triple-15,UNKNOWN,0+,300.000,299.98,0.00,0.00,299.985
86_Enumerate_Standard_Full_2_DEFAULT_8467,86,Enumerate,Standard,Full,2,DEFAULT,8467,Un-2-triple-15,UNKNOWN,0+,300.000,299.98,0.00,0.00,299.987
87_Enumerate_Standard_Full_3_DEFAULT_14775,87,Enumerate,Standard,Full,3,DEFAULT,14775,Un-2-triple-15,UNKNOWN,0+,300.000,299.99,0.00,0.00,299.988
88_Enumerate_Standard_Full_1_DEFAULT_2212,88,Enumerate,Standard,Full,1,DEFAULT,2212,Un-2-triple-15,UNKNOWN,0+,300.000,299.98,0.00,0.00,299.988
8_Enumerate_Standard_Full_2_DEFAULT_26796,8,Enumerate,Standard,Full,2,DEFAULT,26796,Un-2-triple-15,UNKNOWN,0+,300.000,299.99,0.00,0.00,299.989
91_Enumerate_Standard_Full_1_DEFAULT_13383,91,Enumerate,Standard,Full,1,DEFAULT,13383,Un-2-triple-15,UNKNOWN,0+,300.000,299.98,0.00,0.00,299.992
92_Enumerate_Standard_Full_2_DEFAULT_2517,92,Enumerate,Standard,Full,2,DEFAULT,2517,Un-2-triple-15,UNKNOWN,0+,300.000,299.98,0.00,0.00,299.992
93_Enumerate_Standard_Full_3_DEFAULT_20286,93,Enumerate,Standard,Full,3,DEFAULT,20286,Un-2-triple-15,UNKNOWN,0+,300.000,299.99,0.00,0.00,299.993
94_Enumerate_Standard_Full_1_DEFAULT_13727,94,Enumerate,Standard,Full,1,DEFAULT,13727,Un-2-triple-15,UNKNOWN,0+,300.000,299.99,0.00,0.00,299.989
95_Enumerate_Standard_Full_2_DEFAULT_15928,95,Enumerate,Standard,Full,2,DEFAULT,15928,Un-2-triple-15,UNKNOWN,0+,300.000,299.98,0.00,0.00,299.990
97_Enumerate_Standard_Full_1_DEFAULT_32033,97,Enumerate,Standard,Full,1,DEFAULT,32033,Un-2-triple-15,UNKNOWN,0+,300.000,299.98,0.00,0.00,299.941
98_Enumerate_Standard_Full_2_DEFAULT_32598,98,Enumerate,Standard,Full,2,DEFAULT,32598,Un-2-triple-15,UNKNOWN,0+,300.000,299.98,0.00,0.00,299.959
100_Enumerate_Standard_Full_1_DEFAULT_30414,100,Enumerate,Standard,Full,1,DEFAULT,30414,Un-2-triple-18,UNKNOWN,0+,300.000,299.95,0.00,0.00,299.961
101_Enumerate_Standard_Full_2_DEFAULT_7830,101,Enumerate,Standard,Full,2,DEFAULT,7830,Un-2-triple-18,UNKNOWN,0+,300.000,299.97,0.00,0.00,299.990
102_Enumerate_Standard_Full_3_DEFAULT_31417,102,Enumerate,Standard,Full,3,DEFAULT,31417,Un-2-triple-18,UNKNOWN,0+,300.000,299.97,0.00,0.00,299.969
103_Enumerate_Standard_Full_1_DEFAULT_31869,103,Enumerate,Standard,Full,1,DEFAULT,31869,Un-2-triple-18,UNKNOWN,0+,300.000,299.97,0.00,0.00,299.993
106_Enumerate_Standard_Full_1_DEFAULT_8543,106,Enumerate,Standard,Full,1,DEFAULT,8543,Un-2-triple-18,UNKNOWN,0+,300.000,299.97,0.00,0.00,299.993
108_Enumerate_Standard_Full_3_DEFAULT_16923,108,Enumerate,Standard,Full,3,DEFAULT,16923,Un-2-triple-18,UNKNOWN,0+,300.000,299.97,0.00,0.00,299.982
109_Enumerate_Standard_Full_1_DEFAULT_16687,109,Enumerate,Standard,Full,1,DEFAULT,16687,Un-2-triple-18,UNKNOWN,0+,300.000,299.97,0.00,0.00,299.991
110_Enumerate_Standard_Full_2_DEFAULT_27416,110,Enumerate,Standard,Full,2,DEFAULT,27416,Un-2-triple-18,UNKNOWN,0+,300.000,299.97,0.00,0.00,299.993
111_Enumerate_Standard_Full_3_DEFAULT_21083,111,Enumerate,Standard,Full,3,DEFAULT,21083,Un-2-triple-18,UNKNOWN,0+,300.000,299.98,0.00,0.00,299.993
113_Enumerate_Standard_Full_2_DEFAULT_70,113,Enumerate,Standard,Full,2,DEFAULT,70,Un-2-triple-18,UNKNOWN,0+,300.000,299.97,0.00,0.00,299.982
114_Enumerate_Standard_Full_3_DEFAULT_22154,114,Enumerate,Standard,Full,3,DEFAULT,22154,Un-2-triple-18,UNKNOWN,0+,300.000,299.96,0.00,0.00,299.977
118_Enumerate_Standard_Full_1_DEFAULT_2753,118,Enumerate,Standard,Full,1,DEFAULT,2753,Un-2-triple-18,UNKNOWN,0+,300.000,299.97,0.00,0.00,299.990
119_Enumerate_Standard_Full_2_DEFAULT_31792,119,Enumerate,Standard,Full,2,DEFAULT,31792,Un-2-triple-18,UNKNOWN,0+,300.000,299.97,0.00,0.00,299.992
11_Enumerate_Standard_Full_2_DEFAULT_21172,11,Enumerate,Standard,Full,2,DEFAULT,21172,Un-2-triple-18,UNKNOWN,0+,300.000,299.97,0.00,0.00,299.994
120_Enumerate_Standard_Full_3_DEFAULT_6602,120,Enumerate,Standard,Full,3,DEFAULT,6602,Un-2-triple-18,UNKNOWN,0+,300.000,299.97,0.00,0.00,299.986
13_Enumerate_Standard_Full_1_DEFAULT_29690,13,Enumerate,Standard,Full,1,DEFAULT,29690,Un-2-triple-18,UNKNOWN,0+,300.000,299.97,0.00,0.00,299.985
15_Enumerate_Standard_Full_3_DEFAULT_1743,15,Enumerate,Standard,Full,3,DEFAULT,1743,Un-2-triple-18,UNKNOWN,0+,300.000,299.98,0.00,0.00,299.993
16_Enumerate_Standard_Full_1_DEFAULT_26740,16,Enumerate,Standard,Full,1,DEFAULT,26740,Un-2-triple-18,UNKNOWN,0+,300.000,299.98,0.00,0.00,299.993
17_Enumerate_Standard_Full_2_DEFAULT_22856,17,Enumerate,Standard,Full,2,DEFAULT,22856,Un-2-triple-18,UNKNOWN,0+,300.000,299.97,0.00,0.00,299.993
19_Enumerate_Standard_Full_1_DEFAULT_6751,19,Enumerate,Standard,Full,1,DEFAULT,6751,Un-2-triple-18,UNKNOWN,0+,300.000,299.97,0.00,0.00,299.978
1_Enumerate_Standard_Full_1_DEFAULT_31681,1,Enumerate,Standard,Full,1,DEFAULT,31681,Un-2-triple-18,UNKNOWN,0+,300.000,299.97,0.00,0.00,299.986
22_Enumerate_Standard_Full_1_DEFAULT_16849,22,Enumerate,Standard,Full,1,DEFAULT,16849,Un-2-triple-18,UNKNOWN,0+,300.000,299.97,0.00,0.00,299.986
23_Enumerate_Standard_Full_2_DEFAULT_29843,23,Enumerate,Standard,Full,2,DEFAULT,29843,Un-2-triple-18,UNKNOWN,0+,300.000,299.98,0.00,0.00,299.955
24_Enumerate_Standard_Full_3_DEFAULT_8299,24,Enumerate,Standard,Full,3,DEFAULT,8299,Un-2-triple-18,UNKNOWN,0+,300.000,299.97,0.00,0.00,299.993
25_Enumerate_Standard_Full_1_DEFAULT_6709,25,Enumerate,Standard,Full,1,DEFAULT,6709,Un-2-triple-18,UNKNOWN,0+,300.000,299.97,0.00,0.00,299.992
28_Enumerate_Standard_Full_1_DEFAULT_11547,28,Enumerate,Standard,Full,1,DEFAULT,11547,Un-2-triple-18,UNKNOWN,0+,300.000,299.97,0.00,0.00,299.980
29_Enumerate_Standard_Full_2_DEFAULT_7260,29,Enumerate,Standard,Full,2,DEFAULT,7260,Un-2-triple-18,UNKNOWN,0+,300.000,299.98,0.00,0.00,299.979
2_Enumerate_Standard_Full_2_DEFAULT_4634,2,Enumerate,Standard,Full,2,DEFAULT,4634,Un-2-triple-18,UNKNOWN,0+,300.000,299.97,0.00,0.00,299.977
30_Enumerate_Standard_Full_3_DEFAULT_21865,30,Enumerate,Standard,Full,3,DEFAULT,21865,Un-2-triple-18,UNKNOWN,0+,300.000,299.97,0.00,0.00,299.985
31_Enumerate_Standard_Full_1_DEFAULT_16017,31,Enumerate,Standard,Full,1,DEFAULT,16017,Un-2-triple-18,UNKNOWN,0+,300.000,299.97,0.00,0.00,299.986
32_Enumerate_Standard_Full_2_DEFAULT_29417,32,Enumerate,Standard,Full,2,DEFAULT,29417,Un-2-triple-18,UNKNOWN,0+,300.000,299.97,0.00,0.00,299.992
34_Enumerate_Standard_Full_1_DEFAULT_10456,34,Enumerate,Standard,Full,1,DEFAULT,10456,Un-2-triple-18,UNKNOWN,0+,300.000,299.97,0.00,0.00,299.984
35_Enumerate_Standard_Full_2_DEFAULT_25977,35,Enumerate,Standard,Full,2,DEFAULT,25977,Un-2-triple-18,UNKNOWN,0+,300.000,299.97,0.00,0.00,299.993
36_Enumerate_Standard_Full_3_DEFAULT_20418,36,Enumerate,Standard,Full,3,DEFAULT,20418,Un-2-triple-18,UNKNOWN,0+,300.000,299.98,0.00,0.00,299.978
37_Enumerate_Standard_Full_1_DEFAULT_3380,37,Enumerate,Standard,Full,1,DEFAULT,3380,Un-2-triple-18,UNKNOWN,0+,300.000,299.97,0.00,0.00,299.991
38_Enumerate_Standard_Full_2_DEFAULT_4490,38,Enumerate,Standard,Full,2,DEFAULT,4490,Un-2-triple-18,UNKNOWN,0+,300.000,299.97,0.00,0.00,299.987
40_Enumerate_Standard_Full_1_DEFAULT_14157,40,Enumerate,Standard,Full,1,DEFAULT,14157,Un-2-triple-18,UNKNOWN,0+,300.000,299.97,0.00,0.00,299.974
41_Enumerate_Standard_Full_2_DEFAULT_69,41,Enumerate,Standard,Full,2,DEFAULT,69,Un-2-triple-18,UNKNOWN,0+,300.000,299.97,0.00,0.00,299.990
44_Enumerate_Standard_Full_2_DEFAULT_13524,44,Enumerate,Standard,Full,2,DEFAULT,13524,Un-2-triple-18,UNKNOWN,0+,300.000,299.98,0.00,0.00,299.981
47_Enumerate_Standard_Full_2_DEFAULT_23256,47,Enumerate,Standard,Full,2,DEFAULT,23256,Un-2-triple-18,UNKNOWN,0+,300.000,299.97,0.00,0.00,299.990
49_Enumerate_Standard_Full_1_DEFAULT_6652,49,Enumerate,Standard,Full,1,DEFAULT,6652,Un-2-triple-18,UNKNOWN,0+,300.000,299.98,0.00,0.00,299.993
4_Enumerate_Standard_Full_1_DEFAULT_15262,4,Enumerate,Standard,Full,1,DEFAULT,15262,Un-2-triple-18,UNKNOWN,0+,300.000,299.98,0.00,0.00,299.993
52_Enumerate_Standard_Full_1_DEFAULT_759,52,Enumerate,Standard,Full,1,DEFAULT,759,Un-2-triple-18,UNKNOWN,0+,300.000,299.97,0.00,0.00,299.993
53_Enumerate_Standard_Full_2_DEFAULT_2001,53,Enumerate,Standard,Full,2,DEFAULT,2001,Un-2-triple-18,UNKNOWN,0+,300.000,299.97,0.00,0.00,299.960
55_Enumerate_Standard_Full_1_DEFAULT_2905,55,Enumerate,Standard,Full,1,DEFAULT,2905,Un-2-triple-18,UNKNOWN,0+,300.000,299.97,0.00,0.00,299.993
58_Enumerate_Standard_Full_1_DEFAULT_26985,58,Enumerate,Standard,Full,1,DEFAULT,26985,Un-2-triple-18,UNKNOWN,0+,300.000,299.97,0.00,0.00,299.992
59_Enumerate_Standard_Full_2_DEFAULT_16281,59,Enumerate,Standard,Full,2,DEFAULT,16281,Un-2-triple-18,UNKNOWN,0+,300.000,299.98,0.00,0.00,299.993
60_Enumerate_Standard_Full_3_DEFAULT_16345,60,Enumerate,Standard,Full,3,DEFAULT,16345,Un-2-triple-18,UNKNOWN,0+,300.000,299.97,0.00,0.00,299.977
64_Enumerate_Standard_Full_1_DEFAULT_24318,64,Enumerate,Standard,Full,1,DEFAULT,24318,Un-2-triple-18,UNKNOWN,0+,300.000,299.97,0.00,0.00,299.993
65_Enumerate_Standard_Full_2_DEFAULT_26740,65,Enumerate,Standard,Full,2,DEFAULT,26740,Un-2-triple-18,UNKNOWN,0+,300.000,299.97,0.00,0.00,299.993
66_Enumerate_Standard_Full_3_DEFAULT_23583,66,Enumerate,Standard,Full,3,DEFAULT,23583,Un-2-triple-18,UNKNOWN,0+,300.000,299.97,0.00,0.00,299.989
68_Enumerate_Standard_Full_2_DEFAULT_19383,68,Enumerate,Standard,Full,2,DEFAULT,19383,Un-2-triple-18,UNKNOWN,0+,300.000,299.97,0.00,0.00,299.982
69_Enumerate_Standard_Full_3_DEFAULT_7579,69,Enumerate,Standard,Full,3,DEFAULT,7579,Un-2-triple-18,UNKNOWN,0+,300.000,299.97,0.00,0.00,299.993
70_Enumerate_Standard_Full_1_DEFAULT_28975,70,Enumerate,Standard,Full,1,DEFAULT,28975,Un-2-triple-18,UNKNOWN,0+,300.000,299.97,0.00,0.00,299.993
73_Enumerate_Standard_Full_1_DEFAULT_5107,73,Enumerate,Standard,Full,1,DEFAULT,5107,Un-2-triple-18,UNKNOWN,0+,300.000,299.98,0.00,0.00,299.992
77_Enumerate_Standard_Full_2_DEFAULT_12399,77,Enumerate,Standard,Full,2,DEFAULT,12399,Un-2-triple-18,UNKNOWN,0+,300.000,299.97,0.00,0.00,299.993
78_Enumerate_Standard_Full_3_DEFAULT_5812,78,Enumerate,Standard,Full,3,DEFAULT,5812,Un-2-triple-18,UNKNOWN,0+,300.000,299.97,0.00,0.00,299.990
79_Enumerate_Standard_Full_1_DEFAULT_21123,79,Enumerate,Standard,Full,1,DEFAULT,21123,Un-2-triple-18,UNKNOWN,0+,300.000,299.97,0.00,0.00,299.987
7_Enumerate_Standard_Full_1_DEFAULT_3718,7,Enumerate,Standard,Full,1,DEFAULT,3718,Un-2-triple-18,UNKNOWN,0+,300.000,299.96,0.00,0.00,299.973
82_Enumerate_Standard_Full_1_DEFAULT_26645,82,Enumerate,Standard,Full,1,DEFAULT,26645,Un-2-triple-18,UNKNOWN,0+,300.000,299.97,0.00,0.00,299.942
83_Enumerate_Standard_Full_2_DEFAULT_4448,83,Enumerate,Standard,Full,2,DEFAULT,4448,Un-2-triple-18,UNKNOWN,0+,300.000,299.97,0.00,0.00,299.985
84_Enumerate_Standard_Full_3_DEFAULT_12868,84,Enumerate,Standard,Full,3,DEFAULT,12868,Un-2-triple-18,UNKNOWN,0+,300.000,299.97,0.00,0.00,299.993
85_Enumerate_Standard_Full_1_DEFAULT_1769,85,Enumerate,Standard,Full,1,DEFAULT,1769,Un-2-triple-18,UNKNOWN,0+,300.000,299.97,0.00,0.00,299.980
86_Enumerate_Standard_Full_2_DEFAULT_8467,86,Enumerate,Standard,Full,2,DEFAULT,8467,Un-2-triple-18,UNKNOWN,0+,300.000,299.97,0.00,0.00,299.987
87_Enumerate_Standard_Full_3_DEFAULT_14775,87,Enumerate,Standard,Full,3,DEFAULT,14775,Un-2-triple-18,UNKNOWN,0+,300.000,299.97,0.00,0.00,299.991
88_Enumerate_Standard_Full_1_DEFAULT_2212,88,Enumerate,Standard,Full,1,DEFAULT,2212,Un-2-triple-18,UNKNOWN,0+,300.000,299.97,0.00,0.00,299.981
8_Enumerate_Standard_Full_2_DEFAULT_26796,8,Enumerate,Standard,Full,2,DEFAULT,26796,Un-2-triple-18,UNKNOWN,0+,300.000,299.97,0.00,0.00,299.986
91_Enumerate_Standard_Full_1_DEFAULT_13383,91,Enumerate,Standard,Full,1,DEFAULT,13383,Un-2-triple-18,UNKNOWN,0+,300.000,299.96,0.00,0.00,299.994
92_Enumerate_Standard_Full_2_DEFAULT_2517,92,Enumerate,Standard,Full,2,DEFAULT,2517,Un-2-triple-18,UNKNOWN,0+,300.000,299.97,0.00,0.00,299.991
93_Enumerate_Standard_Full_3_DEFAULT_20286,93,Enumerate,Standard,Full,3,DEFAULT,20286,Un-2-triple-18,UNKNOWN,0+,300.000,299.97,0.00,0.00,299.983
94_Enumerate_Standard_Full_1_DEFAULT_13727,94,Enumerate,Standard,Full,1,DEFAULT,13727,Un-2-triple-18,UNKNOWN,0+,300.000,299.98,0.00,0.00,299.989
95_Enumerate_Standard_Full_2_DEFAULT_15928,95,Enumerate,Standard,Full,2,DEFAULT,15928,Un-2-triple-18,UNKNOWN,0+,300.000,299.96,0.00,0.00,299.989
97_Enumerate_Standard_Full_1_DEFAULT_32033,97,Enumerate,Standard,Full,1,DEFAULT,32033,Un-2-triple-18,UNKNOWN,0+,300.000,299.97,0.00,0.00,299.992
98_Enumerate_Standard_Full_2_DEFAULT_32598,98,Enumerate,Standard,Full,2,DEFAULT,32598,Un-2-triple-18,UNKNOWN,0+,300.000,299.97,0.00,0.00,299.993
100_Enumerate_Standard_Full_1_DEFAULT_30414,100,Enumerate,Standard,Full,1,DEFAULT,30414,Un-2-triple-9,UNSATISFIABLE,0,0.503,0.50,0.00,0.50,0.503
101_Enumerate_Standard_Full_2_DEFAULT_7830,101,Enumerate,Standard,Full,2,DEFAULT,7830,Un-2-triple-9,UNSATISFIABLE,0,0.216,0.21,0.00,0.21,0.216
102_Enumerate_Standard_Full_3_DEFAULT_31417,102,Enumerate,Standard,Full,3,DEFAULT,31417,Un-2-triple-9,UNSATISFIABLE,0,0.306,0.30,0.00,0.30,0.306
103_Enumerate_Standard_Full_1_DEFAULT_31869,103,Enumerate,Standard,Full,1,DEFAULT,31869,Un-2-triple-9,UNSATISFIABLE,0,0.129,0.12,0.00,0.12,0.129
106_Enumerate_Standard_Full_1_DEFAULT_8543,106,Enumerate,Standard,Full,1,DEFAULT,8543,Un-2-triple-9,UNSATISFIABLE,0,0.712,0.70,0.00,0.70,0.712
108_Enumerate_Standard_Full_3_DEFAULT_16923,108,Enumerate,Standard,Full,3,DEFAULT,16923,Un-2-triple-9,UNSATISFIABLE,0,0.053,0.05,0.00,0.05,0.053
109_Enumerate_Standard_Full_1_DEFAULT_16687,109,Enumerate,Standard,Full,1,DEFAULT,16687,Un-2-triple-9,UNSATISFIABLE,0,6.772,6.76,0.00,6.76,6.772
110_Enumerate_Standard_Full_2_DEFAULT_27416,110,Enumerate,Standard,Full,2,DEFAULT,27416,Un-2-triple-9,UNSATISFIABLE,0,0.060,0.05,0.00,0.05,0.060
111_Enumerate_Standard_Full_3_DEFAULT_21083,111,Enumerate,Standard,Full,3,DEFAULT,21083,Un-2-triple-9,UNSATISFIABLE,0,0.075,0.07,0.00,0.07,0.075
113_Enumerate_Standard_Full_2_DEFAULT_70,113,Enumerate,Standard,Full,2,DEFAULT,70,Un-2-triple-9,UNSATISFIABLE,0,0.060,0.05,0.00,0.05,0.060
114_Enumerate_Standard_Full_3_DEFAULT_22154,114,Enumerate,Standard,Full,3,DEFAULT,22154,Un-2-triple-9,UNSATISFIABLE,0,0.814,0.81,0.00,0.81,0.814
118_Enumerate_Standard_Full_1_DEFAULT_2753,118,Enumerate,Standard,Full,1,DEFAULT,2753,Un-2-triple-9,UNSATISFIABLE,0,5.235,5.23,0.00,5.23,5.234
119_Enumerate_Standard_Full_2_DEFAULT_31792,119,Enumerate,Standard,Full,2,DEFAULT,31792,Un-2-triple-9,UNSATISFIABLE,0,0.036,0.03,0.00,0.03,0.036
11_Enumerate_Standard_Full_2_DEFAULT_21172,11,Enumerate,Standard,Full,2,DEFAULT,21172,Un-2-triple-9,UNSATISFIABLE,0,0.670,0.66,0.00,0.66,0.670
120_Enumerate_Standard_Full_3_DEFAULT_6602,120,Enumerate,Standard,Full,3,DEFAULT,6602,Un-2-triple-9,UNSATISFIABLE,0,0.185,0.18,0.00,0.18,0.185
13_Enumerate_Standard_Full_1_DEFAULT_29690,13,Enumerate,Standard,Full,1,DEFAULT,29690,Un-2-triple-9,UNSATISFIABLE,0,0.513,0.51,0.00,0.51,0.513
15_Enumerate_Standard_Full_3_DEFAULT_1743,15,Enumerate,Standard,Full,3,DEFAULT,1743,Un-2-triple-9,UNSATISFIABLE,0,0.575,0.57,0.00,0.57,0.575
16_Enumerate_Standard_Full_1_DEFAULT_26740,16,Enumerate,Standard,Full,1,DEFAULT,26740,Un-2-triple-9,UNSATISFIABLE,0,0.499,0.49,0.00,0.49,0.499
17_Enumerate_Standard_Full_2_DEFAULT_22856,17,Enumerate,Standard,Full,2,DEFAULT,22856,Un-2-triple-9,UNSATISFIABLE,0,0.629,0.62,0.00,0.62,0.629
19_Enumerate_Standard_Full_1_DEFAULT_6751,19,Enumerate,Standard,Full,1,DEFAULT,6751,Un-2-triple-9,UNSATISFIABLE,0,0.523,0.52,0.00,0.52,0.523
1_Enumerate_Standard_Full_1_DEFAULT_31681,1,Enumerate,Standard,Full,1,DEFAULT,31681,Un-2-triple-9,UNSATISFIABLE,0,0.588,0.58,0.00,0.58,0.588
22_Enumerate_Standard_Full_1_DEFAULT_16849,22,Enumerate,Standard,Full,1,DEFAULT,16849,Un-2-triple-9,UNSATISFIABLE,0,0.951,0.94,0.00,0.94,0.951
23_Enumerate_Standard_Full_2_DEFAULT_29843,23,Enumerate,Standard,Full,2,DEFAULT,29843,Un-2-triple-9,UNSATISFIABLE,0,0.294,0.29,0.00,0.29,0.294
24_Enumerate_Standard_Full_3_DEFAULT_8299,24,Enumerate,Standard,Full,3,DEFAULT,8299,Un-2-triple-9,UNSATISFIABLE,0,0.762,0.76,0.00,0.76,0.762
25_Enumerate_Standard_Full_1_DEFAULT_6709,25,Enumerate,Standard,Full,1,DEFAULT,6709,Un-2-triple-9,UNSATISFIABLE,0,0.156,0.15,0.00,0.15,0.156
28_Enumerate_Standard_Full_1_DEFAULT_11547,28,Enumerate,Standard,Full,1,DEFAULT,11547,Un-2-triple-9,UNSATISFIABLE,0,0.103,0.10,0.00,0.10,0.103
29_Enumerate_Standard_Full_2_DEFAULT_7260,29,Enumerate,Standard,Full,2,DEFAULT,7260,Un-2-triple-9,UNSATISFIABLE,0,0.109,0.10,0.00,0.10,0.109
2_Enumerate_Standard_Full_2_DEFAULT_4634,2,Enumerate,Standard,Full,2,DEFAULT,4634,Un-2-triple-9,UNSATISFIABLE,0,0.322,0.31,0.00,0.31,0.322
30_Enumerate_Standard_Full_3_DEFAULT_21865,30,Enumerate,Standard,Full,3,DEFAULT,21865,Un-2-triple-9,UNSATISFIABLE,0,0.165,0.16,0.00,0.16,0.165
31_Enumerate_Standard_Full_1_DEFAULT_16017,31,Enumerate,Standard,Full,1,DEFAULT,16017,Un-2-triple-9,UNSATISFIABLE,0,1.287,1.28,0.00,1.28,1.287
32_Enumerate_Standard_Full_2_DEFAULT_29417,32,Enumerate,Standard,Full,2,DEFAULT,29417,Un-2-triple-9,UNSATISFIABLE,0,0.685,0.68,0.00,0.68,0.685
34_Enumerate_Standard_Full_1_DEFAULT_10456,34,Enumerate,Standard,Full,1,DEFAULT,10456,Un-2-triple-9,UNSATISFIABLE,0,0.112,0.10,0.00,0.10,0.112
35_Enumerate_Standard_Full_2_DEFAULT_25977,35,Enumerate,Standard,Full,2,DEFAULT,25977,Un-2-triple-9,UNSATISFIABLE,0,0.798,0.79,0.00,0.79,0.798
36_Enumerate_Standard_Full_3_DEFAULT_20418,36,Enumerate,Standard,Full,3,DEFAULT,20418,Un-2-triple-9,UNSATISFIABLE,0,1.837,1.83,0.00,1.83,1.837
37_Enumerate_Standard_Full_1_DEFAULT_3380,37,Enumerate,Standard,Full,1,DEFAULT,3380,Un-2-triple-9,UNSATISFIABLE,0,0.823,0.82,0.00,0.82,0.822
38_Enumerate_Standard_Full_2_DEFAULT_4490,38,Enumerate,Standard,Full,2,DEFAULT,4490,Un-2-triple-9,UNSATISFIABLE,0,0.504,0.50,0.00,0.50,0.504
40_Enumerate_Standard_Full_1_DEFAULT_14157,40,Enumerate,Standard,Full,1,DEFAULT,14157,Un-2-triple-9,UNSATISFIABLE,0,0.990,0.98,0.00,0.98,0.990
41_Enumerate_Standard_Full_2_DEFAULT_69,41,Enumerate,Standard,Full,2,DEFAULT,69,Un-2-triple-9,UNSATISFIABLE,0,0.096,0.09,0.00,0.09,0.096
44_Enumerate_Standard_Full_2_DEFAULT_13524,44,Enumerate,Standard,Full,2,DEFAULT,13524,Un-2-triple-9,UNSATISFIABLE,0,1.334,1.33,0.00,1.33,1.334
47_Enumerate_Standard_Full_2_DEFAULT_23256,47,Enumerate,Standard,Full,2,DEFAULT,23256,Un-2-triple-9,UNSATISFIABLE,0,0.212,0.20,0.00,0.20,0.212
49_Enumerate_Standard_Full_1_DEFAULT_6652,49,Enumerate,Standard,Full,1,DEFAULT,6652,Un-2-triple-9,UNSATISFIABLE,0,0.145,0.14,0.00,0.14,0.145
4_Enumerate_Standard_Full_1_DEFAULT_15262,4,Enumerate,Standard,Full,1,DEFAULT,15262,Un-2-triple-9,UNSATISFIABLE,0,0.227,0.22,0.00,0.22,0.227
52_Enumerate_Standard_Full_1_DEFAULT_759,52,Enumerate,Standard,Full,1,DEFAULT,759,Un-2-triple-9,UNSATISFIABLE,0,1.094,1.09,0.00,1.09,1.094
53_Enumerate_Standard_Full_2_DEFAULT_2001,53,Enumerate,Standard,Full,2,DEFAULT,2001,Un-2-triple-9,UNSATISFIABLE,0,0.475,0.47,0.00,0.47,0.475
55_Enumerate_Standard_Full_1_DEFAULT_2905,55,Enumerate,Standard,Full,1,DEFAULT,2905,Un-2-triple-9,UNSATISFIABLE,0,1.948,1.94,0.00,1.94,1.948
58_Enumerate_Standard_Full_1_DEFAULT_26985,58,Enumerate,Standard,Full,1,DEFAULT,26985,Un-2-triple-9,UNSATISFIABLE,0,0.208,0.20,0.00,0.20,0.208
59_Enumerate_Standard_Full_2_DEFAULT_16281,59,Enumerate,Standard,Full,2,DEFAULT,16281,Un-2-triple-9,UNSATISFIABLE,0,0.129,0.12,0.00,0.12,0.129
60_Enumerate_Standard_Full_3_DEFAULT_16345,60,Enumerate,Standard,Full,3,DEFAULT,16345,Un-2-triple-9,UNSATISFIABLE,0,0.426,0.42,0.00,0.42,0.426
64_Enumerate_Standard_Full_1_DEFAULT_24318,64,Enumerate,Standard,Full,1,DEFAULT,24318,Un-2-triple-9,UNSATISFIABLE,0,0.109,0.10,0.00,0.10,0.109
65_Enumerate_Standard_Full_2_DEFAULT_26740,65,Enumerate,Standard,Full,2,DEFAULT,26740,Un-2-triple-9,UNSATISFIABLE,0,0.193,0.19,0.00,0.19,0.189
66_Enumerate_Standard_Full_3_DEFAULT_23583,66,Enumerate,Standard,Full,3,DEFAULT,23583,Un-2-triple-9,UNSATISFIABLE,0,0.733,0.72,0.00,0.72,0.725
68_Enumerate_Standard_Full_2_DEFAULT_19383,68,Enumerate,Standard,Full,2,DEFAULT,19383,Un-2-triple-9,UNSATISFIABLE,0,0.136,0.13,0.00,0.13,0.136
69_Enumerate_Standard_Full_3_DEFAULT_7579,69,Enumerate,Standard,Full,3,DEFAULT,7579,Un-2-triple-9,UNSATISFIABLE,0,0.169,0.16,0.00,0.16,0.169
70_Enumerate_Standard_Full_1_DEFAULT_28975,70,Enumerate,Standard,Full,1,DEFAULT,28975,Un-2-triple-9,UNSATISFIABLE,0,0.427,0.42,0.00,0.42,0.427
73_Enumerate_Standard_Full_1_DEFAULT_5107,73,Enumerate,Standard,Full,1,DEFAULT,5107,Un-2-triple-9,UNSATISFIABLE,0,0.107,0.10,0.00,0.10,0.107
77_Enumerate_Standard_Full_2_DEFAULT_12399,77,Enumerate,Standard,Full,2,DEFAULT,12399,Un-2-triple-9,UNSATISFIABLE,0,0.205,0.20,0.00,0.20,0.205
78_Enumerate_Standard_Full_3_DEFAULT_5812,78,Enumerate,Standard,Full,3,DEFAULT,5812,Un-2-triple-9,UNSATISFIABLE,0,0.489,0.48,0.00,0.48,0.488
79_Enumerate_Standard_Full_1_DEFAULT_21123,79,Enumerate,Standard,Full,1,DEFAULT,21123,Un-2-triple-9,UNSATISFIABLE,0,0.520,0.51,0.00,0.51,0.520
7_Enumerate_Standard_Full_1_DEFAULT_3718,7,Enumerate,Standard,Full,1,DEFAULT,3718,Un-2-triple-9,UNSATISFIABLE,0,0.715,0.71,0.00,0.71,0.715
82_Enumerate_Standard_Full_1_DEFAULT_26645,82,Enumerate,Standard,Full,1,DEFAULT,26645,Un-2-triple-9,UNSATISFIABLE,0,0.542,0.53,0.00,0.53,0.542
83_Enumerate_Standard_Full_2_DEFAULT_4448,83,Enumerate,Standard,Full,2,DEFAULT,4448,Un-2-triple-9,UNSATISFIABLE,0,0.085,0.08,0.00,0.08,0.085
84_Enumerate_Standard_Full_3_DEFAULT_12868,84,Enumerate,Standard,Full,3,DEFAULT,12868,Un-2-triple-9,UNSATISFIABLE,0,0.769,0.76,0.00,0.76,0.769
85_Enumerate_Standard_Full_1_DEFAULT_1769,85,Enumerate,Standard,Full,1,DEFAULT,1769,Un-2-triple-9,UNSATISFIABLE,0,0.345,0.34,0.00,0.34,0.345
86_Enumerate_Standard_Full_2_DEFAULT_8467,86,Enumerate,Standard,Full,2,DEFAULT,8467,Un-2-triple-9,UNSATISFIABLE,0,0.244,0.24,0.00,0.24,0.244
87_Enumerate_Standard_Full_3_DEFAULT_14775,87,Enumerate,Standard,Full,3,DEFAULT,14775,Un-2-triple-9,UNSATISFIABLE,0,0.084,0.08,0.00,0.08,0.084
88_Enumerate_Standard_Full_1_DEFAULT_2212,88,Enumerate,Standard,Full,1,DEFAULT,2212,Un-2-triple-9,UNSATISFIABLE,0,0.586,0.58,0.00,0.58,0.586
8_Enumerate_Standard_Full_2_DEFAULT_26796,8,Enumerate,Standard,Full,2,DEFAULT,26796,Un-2-triple-9,UNSATISFIABLE,0,0.790,0.78,0.00,0.78,0.790
91_Enumerate_Standard_Full_1_DEFAULT_13383,91,Enumerate,Standard,Full,1,DEFAULT,13383,Un-2-triple-9,UNSATISFIABLE,0,0.500,0.49,0.00,0.49,0.500
92_Enumerate_Standard_Full_2_DEFAULT_2517,92,Enumerate,Standard,Full,2,DEFAULT,2517,Un-2-triple-9,UNSATISFIABLE,0,0.052,0.05,0.00,0.05,0.052
93_Enumerate_Standard_Full_3_DEFAULT_20286,93,Enumerate,Standard,Full,3,DEFAULT,20286,Un-2-triple-9,UNSATISFIABLE,0,0.471,0.46,0.00,0.46,0.471
94_Enumerate_Standard_Full_1_DEFAULT_13727,94,Enumerate,Standard,Full,1,DEFAULT,13727,Un-2-triple-9,UNSATISFIABLE,0,0.328,0.32,0.00,0.32,0.328
95_Enumerate_Standard_Full_2_DEFAULT_15928,95,Enumerate,Standard,Full,2,DEFAULT,15928,Un-2-triple-9,UNSATISFIABLE,0,0.547,0.54,0.00,0.54,0.547
97_Enumerate_Standard_Full_1_DEFAULT_32033,97,Enumerate,Standard,Full,1,DEFAULT,32033,Un-2-triple-9,UNSATISFIABLE,0,0.887,0.88,0.00,0.88,0.883
98_Enumerate_Standard_Full_2_DEFAULT_32598,98,Enumerate,Standard,Full,2,DEFAULT,32598,Un-2-triple-9,UNSATISFIABLE,0,0.153,0.15,0.00,0.15,0.153
100_Enumerate_Standard_Full_1_DEFAULT_30414,100,Enumerate,Standard,Full,1,DEFAULT,30414,Un-2-triple-12,UNSATISFIABLE,0,87.902,87.89,0.00,87.89,87.899
101_Enumerate_Standard_Full_2_DEFAULT_7830,101,Enumerate,Standard,Full,2,DEFAULT,7830,Un-2-triple-12,UNSATISFIABLE,0,266.131,266.12,0.00,266.12,266.122
102_Enumerate_Standard_Full_3_DEFAULT_31417,102,Enumerate,Standard,Full,3,DEFAULT,31417,Un-2-triple-12,UNKNOWN,0+,300.000,299.99,0.00,0.00,299.991
103_Enumerate_Standard_Full_1_DEFAULT_31869,103,Enumerate,Standard,Full,1,DEFAULT,31869,Un-2-triple-12,UNKNOWN,0+,300.000,299.99,0.00,0.00,299.990
106_Enumerate_Standard_Full_1_DEFAULT_8543,106,Enumerate,Standard,Full,1,DEFAULT,8543,Un-2-triple-12,UNKNOWN,0+,300.000,299.99,0.00,0.00,299.991
108_Enumerate_Standard_Full_3_DEFAULT_16923,108,Enumerate,Standard,Full,3,DEFAULT,16923,Un-2-triple-12,UNSATISFIABLE,0,79.638,79.63,0.00,79.63,79.635
109_Enumerate_Standard_Full_1_DEFAULT_16687,109,Enumerate,Standard,Full,1,DEFAULT,16687,Un-2-triple-12,UNKNOWN,0+,300.000,299.99,0.00,0.00,299.990
110_Enumerate_Standard_Full_2_DEFAULT_27416,110,Enumerate,Standard,Full,2,DEFAULT,27416,Un-2-triple-12,UNSATISFIABLE,0,65.369,65.36,0.00,65.36,65.368
111_Enumerate_Standard_Full_3_DEFAULT_21083,111,Enumerate,Standard,Full,3,DEFAULT,21083,Un-2-triple-12,UNSATISFIABLE,0,105.646,105.64,0.00,105.64,105.643
113_Enumerate_Standard_Full_2_DEFAULT_70,113,Enumerate,Standard,Full,2,DEFAULT,70,Un-2-triple-12,UNSATISFIABLE,0,70.672,70.66,0.00,70.66,70.670
114_Enumerate_Standard_Full_3_DEFAULT_22154,114,Enumerate,Standard,Full,3,DEFAULT,22154,Un-2-triple-12,UNKNOWN,0+,300.000,299.99,0.00,0.00,299.993
118_Enumerate_Standard_Full_1_DEFAULT_2753,118,Enumerate,Standard,Full,1,DEFAULT,2753,Un-2-triple-12,UNSATISFIABLE,0,137.429,137.42,0.00,137.42,137.425
119_Enumerate_Standard_Full_2_DEFAULT_31792,119,Enumerate,Standard,Full,2,DEFAULT,31792,Un-2-triple-12,UNSATISFIABLE,0,69.197,69.19,0.00,69.19,69.196
11_Enumerate_Standard_Full_2_DEFAULT_21172,11,Enumerate,Standard,Full,2,DEFAULT,21172,Un-2-triple-12,UNKNOWN,0+,300.000,299.99,0.00,0.00,299.993
120_Enumerate_Standard_Full_3_DEFAULT_6602,120,Enumerate,Standard,Full,3,DEFAULT,6602,Un-2-triple-12,UNKNOWN,0+,300.000,299.99,0.00,0.00,299.989
13_Enumerate_Standard_Full_1_DEFAULT_29690,13,Enumerate,Standard,Full,1,DEFAULT,29690,Un-2-triple-12,UNSATISFIABLE,0,103.480,103.47,0.00,103.47,103.477
15_Enumerate_Standard_Full_3_DEFAULT_1743,15,Enumerate,Standard,Full,3,DEFAULT,1743,Un-2-triple-12,UNKNOWN,0+,300.000,299.99,0.00,0.00,299.991
16_Enumerate_Standard_Full_1_DEFAULT_26740,16,Enumerate,Standard,Full,1,DEFAULT,26740,Un-2-triple-12,UNSATISFIABLE,0,87.946,87.94,0.00,87.94,87.944
17_Enumerate_Standard_Full_2_DEFAULT_22856,17,Enumerate,Standard,Full,2,DEFAULT,22856,Un-2-triple-12,UNKNOWN,0+,300.000,299.99,0.00,0.00,299.985
19_Enumerate_Standard_Full_1_DEFAULT_6751,19,Enumerate,Standard,Full,1,DEFAULT,6751,Un-2-triple-12,UNSATISFIABLE,0,204.386,204.38,0.00,204.38,204.380
1_Enumerate_Standard_Full_1_DEFAULT_31681,1,Enumerate,Standard,Full,1,DEFAULT,31681,Un-2-triple-12,UNKNOWN,0+,300.000,299.99,0.00,0.00,299.992
22_Enumerate_Standard_Full_1_DEFAULT_16849,22,Enumerate,Standard,Full,1,DEFAULT,16849,Un-2-triple-12,UNKNOWN,0+,300.000,299.99,0.00,0.00,299.992
23_Enumerate_Standard_Full_2_DEFAULT_29843,23,Enumerate,Standard,Full,2,DEFAULT,29843,Un-2-triple-12,UNKNOWN,0+,300.000,299.99,0.00,0.00,299.990
24_Enumerate_Standard_Full_3_DEFAULT_8299,24,Enumerate,Standard,Full,3,DEFAULT,8299,Un-2-triple-12,UNKNOWN,0+,300.000,299.99,0.00,0.00,299.992
25_Enumerate_Standard_Full_1_DEFAULT_6709,25,Enumerate,Standard,Full,1,DEFAULT,6709,Un-2-triple-12,UNSATISFIABLE,0,251.752,251.74,0.00,251.74,251.744
28_Enumerate_Standard_Full_1_DEFAULT_11547,28,Enumerate,Standard,Full,1,DEFAULT,11547,Un-2-triple-12,UNKNOWN,0+,300.000,299.99,0.00,0.00,299.974
29_Enumerate_Standard_Full_2_DEFAULT_7260,29,Enumerate,Standard,Full,2,DEFAULT,7260,Un-2-triple-12,UNKNOWN,0+,300.000,299.99,0.00,0.00,299.988
2_Enumerate_Standard_Full_2_DEFAULT_4634,2,Enumerate,Standard,Full,2,DEFAULT,4634,Un-2-triple-12,UNKNOWN,0+,300.000,299.99,0.00,0.00,299.992
30_Enumerate_Standard_Full_3_DEFAULT_21865,30,Enumerate,Standard,Full,3,DEFAULT,21865,Un-2-triple-12,UNKNOWN,0+,300.000,299.99,0.00,0.00,299.992
31_Enumerate_Standard_Full_1_DEFAULT_16017,31,Enumerate,Standard,Full,1,DEFAULT,16017,Un-2-triple-12,UNKNOWN,0+,300.000,299.99,0.00,0.00,299.992
32_Enumerate_Standard_Full_2_DEFAULT_29417,32,Enumerate,Standard,Full,2,DEFAULT,29417,Un-2-triple-12,UNKNOWN,0+,300.000,299.99,0.00,0.00,299.987
34_Enumerate_Standard_Full_1_DEFAULT_10456,34,Enumerate,Standard,Full,1,DEFAULT,10456,Un-2-triple-12,UNKNOWN,0+,300.000,299.99,0.00,0.00,299.983
35_Enumerate_Standard_Full_2_DEFAULT_25977,35,Enumerate,Standard,Full,2,DEFAULT,25977,Un-2-triple-12,UNKNOWN,0+,300.000,299.99,0.00,0.00,299.987
36_Enumerate_Standard_Full_3_DEFAULT_20418,36,Enumerate,Standard,Full,3,DEFAULT,20418,Un-2-triple-12,UNKNOWN,0+,300.000,299.99,0.00,0.00,299.973
37_Enumerate_Standard_Full_1_DEFAULT_3380,37,Enumerate,Standard,Full,1,DEFAULT,3380,Un-2-triple-12,UNKNOWN,0+,300.000,299.99,0.00,0.00,299.988
38_Enumerate_Standard_Full_2_DEFAULT_4490,38,Enumerate,Standard,Full,2,DEFAULT,4490,Un-2-triple-12,UNKNOWN,0+,300.000,299.99,0.00,0.00,299.992
40_Enumerate_Standard_Full_1_DEFAULT_14157,40,Enumerate,Standard,Full,1,DEFAULT,14157,Un-2-triple-12,UNKNOWN,0+,300.000,299.99,0.00,0.00,299.992
41_Enumerate_Standard_Full_2_DEFAULT_69,41,Enumerate,Standard,Full,2,DEFAULT,69,Un-2-triple-12,UNKNOWN,0+,300.000,299.99,0.00,0.00,299.990
44_Enumerate_Standard_Full_2_DEFAULT_13524,44,Enumerate,Standard,Full,2,DEFAULT,13524,Un-2-triple-12,UNSATISFIABLE,0,163.713,163.70,0.00,163.70,163.708
47_Enumerate_Standard_Full_2_DEFAULT_23256,47,Enumerate,Standard,Full,2,DEFAULT,23256,Un-2-triple-12,UNSATISFIABLE,0,20.242,20.23,0.00,20.23,20.241
49_Enumerate_Standard_Full_1_DEFAULT_6652,49,Enumerate,Standard,Full,1,DEFAULT,6652,Un-2-triple-12,UNSATISFIABLE,0,211.392,211.38,0.00,211.38,211.382
4_Enumerate_Standard_Full_1_DEFAULT_15262,4,Enumerate,Standard,Full,1,DEFAULT,15262,Un-2-triple-12,UNKNOWN,0+,300.000,299.99,0.00,0.00,299.992
52_Enumerate_Standard_Full_1_DEFAULT_759,52,Enumerate,Standard,Full,1,DEFAULT,759,Un-2-triple-12,UNKNOWN,0+,300.000,299.99,0.00,0.00,299.983
53_Enumerate_Standard_Full_2_DEFAULT_2001,53,Enumerate,Standard,Full,2,DEFAULT,2001,Un-2-triple-12,UNSATISFIABLE,0,90.974,90.96,0.00,90.96,90.972
55_Enumerate_Standard_Full_1_DEFAULT_2905,55,Enumerate,Standard,Full,1,DEFAULT,2905,Un-2-triple-12,UNKNOWN,0+,300.000,299.99,0.00,0.00,299.982
58_Enumerate_Standard_Full_1_DEFAULT_26985,58,Enumerate,Standard,Full,1,DEFAULT,26985,Un-2-triple-12,UNSATISFIABLE,0,13.457,13.45,0.00,13.45,13.456
59_Enumerate_Standard_Full_2_DEFAULT_16281,59,Enumerate,Standard,Full,2,DEFAULT,16281,Un-2-triple-12,UNSATISFIABLE,0,166.700,166.69,0.00,166.69,166.695
60_Enumerate_Standard_Full_3_DEFAULT_16345,60,Enumerate,Standard,Full,3,DEFAULT,16345,Un-2-triple-12,UNKNOWN,0+,300.000,299.99,0.00,0.00,299.993
64_Enumerate_Standard_Full_1_DEFAULT_24318,64,Enumerate,Standard,Full,1,DEFAULT,24318,Un-2-triple-12,UNKNOWN,0+,300.000,299.99,0.00,0.00,299.992
65_Enumerate_Standard_Full_2_DEFAULT_26740,65,Enumerate,Standard,Full,2,DEFAULT,26740,Un-2-triple-12,UNSATISFIABLE,0,188.203,188.19,0.00,188.19,188.198
66_Enumerate_Standard_Full_3_DEFAULT_23583,66,Enumerate,Standard,Full,3,DEFAULT,23583,Un-2-triple-12,UNKNOWN,0+,300.000,299.99,0.00,0.00,299.993
68_Enumerate_Standard_Full_2_DEFAULT_19383,68,Enumerate,Standard,Full,2,DEFAULT,19383,Un-2-triple-12,UNSATISFIABLE,0,241.975,241.96,0.00,241.96,241.969
69_Enumerate_Standard_Full_3_DEFAULT_7579,69,Enumerate,Standard,Full,3,DEFAULT,7579,Un-2-triple-12,UNSATISFIABLE,0,153.547,153.54,0.00,153.54,153.543
70_Enumerate_Standard_Full_1_DEFAULT_28975,70,Enumerate,Standard,Full,1,DEFAULT,28975,Un-2-triple-12,UNKNOWN,0+,300.000,299.99,0.00,0.00,299.987
73_Enumerate_Standard_Full_1_DEFAULT_5107,73,Enumerate,Standard,Full,1,DEFAULT,5107,Un-2-triple-12,UNKNOWN,0+,300.000,299.99,0.00,0.00,299.978
77_Enumerate_Standard_Full_2_DEFAULT_12399,77,Enumerate,Standard,Full,2,DEFAULT,12399,Un-2-triple-12,UNSATISFIABLE,0,13.273,13.26,0.00,13.26,13.273
78_Enumerate_Standard_Full_3_DEFAULT_5812,78,Enumerate,Standard,Full,3,DEFAULT,5812,Un-2-triple-12,UNKNOWN,0+,300.000,299.99,0.00,0.00,299.983
79_Enumerate_Standard_Full_1_DEFAULT_21123,79,Enumerate,Standard,Full,1,DEFAULT,21123,Un-2-triple-12,UNKNOWN,0+,300.000,299.99,0.00,0.00,299.991
7_Enumerate_Standard_Full_1_DEFAULT_3718,7,Enumerate,Standard,Full,1,DEFAULT,3718,Un-2-triple-12,UNKNOWN,0+,300.000,299.99,0.00,0.00,299.990
82_Enumerate_Standard_Full_1_DEFAULT_26645,82,Enumerate,Standard,Full,1,DEFAULT,26645,Un-2-triple-12,UNSATISFIABLE,0,89.569,89.56,0.00,89.56,89.566
83_Enumerate_Standard_Full_2_DEFAULT_4448,83,Enumerate,Standard,Full,2,DEFAULT,4448,Un-2-triple-12,UNSATISFIABLE,0,113.212,113.20,0.00,113.20,113.208
84_Enumerate_Standard_Full_3_DEFAULT_12868,84,Enumerate,Standard,Full,3,DEFAULT,12868,Un-2-triple-12,UNKNOWN,0+,300.000,299.99,0.00,0.00,299.977
85_Enumerate_Standard_Full_1_DEFAULT_1769,85,Enumerate,Standard,Full,1,DEFAULT,1769,Un-2-triple-12,UNSATISFIABLE,0,96.686,96.67,0.00,96.67,96.683
86_Enumerate_Standard_Full_2_DEFAULT_8467,86,Enumerate,Standard,Full,2,DEFAULT,8467,Un-2-triple-12,UNSATISFIABLE,0,120.297,120.29,0.00,120.29,120.294
87_Enumerate_Standard_Full_3_DEFAULT_14775,87,Enumerate,Standard,Full,3,DEFAULT,14775,Un-2-triple-12,UNKNOWN,0+,300.000,299.99,0.00,0.00,299.988
88_Enumerate_Standard_Full_1_DEFAULT_2212,88,Enumerate,Standard,Full,1,DEFAULT,2212,Un-2-triple-12,UNSATISFIABLE,0,26.215,26.21,0.00,26.21,26.214
8_Enumerate_Standard_Full_2_DEFAULT_26796,8,Enumerate,Standard,Full,2,DEFAULT,26796,Un-2-triple-12,UNKNOWN,0+,300.000,299.99,0.00,0.00,299.981
91_Enumerate_Standard_Full_1_DEFAULT_13383,91,Enumerate,Standard,Full,1,DEFAULT,13383,Un-2-triple-12,UNKNOWN,0+,300.000,299.99,0.00,0.00,299.989
92_Enumerate_Standard_Full_2_DEFAULT_2517,92,Enumerate,Standard,Full,2,DEFAULT,2517,Un-2-triple-12,UNSATISFIABLE,0,77.516,77.50,0.00,77.50,77.513
93_Enumerate_Standard_Full_3_DEFAULT_20286,93,Enumerate,Standard,Full,3,DEFAULT,20286,Un-2-triple-12,UNSATISFIABLE,0,117.986,117.97,0.00,117.97,117.983
94_Enumerate_Standard_Full_1_DEFAULT_13727,94,Enumerate,Standard,Full,1,DEFAULT,13727,Un-2-triple-12,UNSATISFIABLE,0,96.774,96.77,0.00,96.77,96.771
95_Enumerate_Standard_Full_2_DEFAULT_15928,95,Enumerate,Standard,Full,2,DEFAULT,15928,Un-2-triple-12,UNSATISFIABLE,0,110.710,110.70,0.00,110.70,110.704
97_Enumerate_Standard_Full_1_DEFAULT_32033,97,Enumerate,Standard,Full,1,DEFAULT,32033,Un-2-triple-12,UNKNOWN,0+,300.000,299.99,0.00,0.00,299.989
98_Enumerate_Standard_Full_2_DEFAULT_32598,98,Enumerate,Standard,Full,2,DEFAULT,32598,Un-2-triple-12,UNSATISFIABLE,0,206.549,206.54,0.00,206.54,206.542
100_Enumerate_Standard_Full_1_DEFAULT_30414,100,Enumerate,Standard,Full,1,DEFAULT,30414,2-triple-15,SATISFIABLE,1+,0.334,0.31,0.31,0.00,0.334
101_Enumerate_Standard_Full_2_DEFAULT_7830,101,Enumerate,Standard,Full,2,DEFAULT,7830,2-triple-15,SATISFIABLE,1+,0.060,0.04,0.04,0.00,0.060
102_Enumerate_Standard_Full_3_DEFAULT_31417,102,Enumerate,Standard,Full,3,DEFAULT,31417,2-triple-15,SATISFIABLE,1+,0.032,0.01,0.01,0.00,0.032
103_Enumerate_Standard_Full_1_DEFAULT_31869,103,Enumerate,Standard,Full,1,DEFAULT,31869,2-triple-15,SATISFIABLE,1+,0.066,0.04,0.04,0.00,0.066
106_Enumerate_Standard_Full_1_DEFAULT_8543,106,Enumerate,Standard,Full,1,DEFAULT,8543,2-triple-15,SATISFIABLE,1+,0.122,0.10,0.10,0.00,0.122
108_Enumerate_Standard_Full_3_DEFAULT_16923,108,Enumerate,Standard,Full,3,DEFAULT,16923,2-triple-15,SATISFIABLE,1+,0.037,0.02,0.02,0.00,0.037
109_Enumerate_Standard_Full_1_DEFAULT_16687,109,Enumerate,Standard,Full,1,DEFAULT,16687,2-triple-15,SATISFIABLE,1+,1.286,1.26,1.26,0.00,1.286
110_Enumerate_Standard_Full_2_DEFAULT_27416,110,Enumerate,Standard,Full,2,DEFAULT,27416,2-triple-15,SATISFIABLE,1+,0.038,0.02,0.02,0.00,0.038
111_Enumerate_Standard_Full_3_DEFAULT_21083,111,Enumerate,Standard,Full,3,DEFAULT,21083,2-triple-15,SATISFIABLE,1+,0.044,0.02,0.02,0.00,0.044
113_Enumerate_Standard_Full_2_DEFAULT_70,113,Enumerate,Standard,Full,2,DEFAULT,70,2-triple-15,SATISFIABLE,1+,0.039,0.02,0.02,0.00,0.039
114_Enumerate_Standard_Full_3_DEFAULT_22154,114,Enumerate,Standard,Full,3,DEFAULT,22154,2-triple-15,SATISFIABLE,1+,0.532,0.51,0.51,0.00,0.532
118_Enumerate_Standard_Full_1_DEFAULT_2753,118,Enumerate,Standard,Full,1,DEFAULT,2753,2-triple-15,SATISFIABLE,1+,0.356,0.33,0.33,0.00,0.356
119_Enumerate_Standard_Full_2_DEFAULT_31792,119,Enumerate,Standard,Full,2,DEFAULT,31792,2-triple-15,SATISFIABLE,1+,0.037,0.01,0.01,0.00,0.037
11_Enumerate_Standard_Full_2_DEFAULT_21172,11,Enumerate,Standard,Full,2,DEFAULT,21172,2-triple-15,SATISFIABLE,1+,0.108,0.08,0.08,0.00,0.108
120_Enumerate_Standard_Full_3_DEFAULT_6602,120,Enumerate,Standard,Full,3,DEFAULT,6602,2-triple-15,SATISFIABLE,1+,0.125,0.10,0.10,0.00,0.125
13_Enumerate_Standard_Full_1_DEFAULT_29690,13,Enumerate,Standard,Full,1,DEFAULT,29690,2-triple-15,SATISFIABLE,1+,0.176,0.15,0.15,0.00,0.176
15_Enumerate_Standard_Full_3_DEFAULT_1743,15,Enumerate,Standard,Full,3,DEFAULT,1743,2-triple-15,SATISFIABLE,1+,0.249,0.23,0.23,0.00,0.249
16_Enumerate_Standard_Full_1_DEFAULT_26740,16,Enumerate,Standard,Full,1,DEFAULT,26740,2-triple-15,SATISFIABLE,1+,0.174,0.15,0.15,0.00,0.174
17_Enumerate_Standard_Full_2_DEFAULT_22856,17,Enumerate,Standard,Full,2,DEFAULT,22856,2-triple-15,SATISFIABLE,1+,0.025,0.00,0.00,0.00,0.025
19_Enumerate_Standard_Full_1_DEFAULT_6751,19,Enumerate,Standard,Full,1,DEFAULT,6751,2-triple-15,SATISFIABLE,1+,0.098,0.08,0.08,0.00,0.098
1_Enumerate_Standard_Full_1_DEFAULT_31681,1,Enumerate,Standard,Full,1,DEFAULT,31681,2-triple-15,SATISFIABLE,1+,0.078,0.06,0.06,0.00,0.078
22_Enumerate_Standard_Full_1_DEFAULT_16849,22,Enumerate,Standard,Full,1,DEFAULT,16849,2-triple-15,SATISFIABLE,1+,0.036,0.01,0.01,0.00,0.036
23_Enumerate_Standard_Full_2_DEFAULT_29843,23,Enumerate,Standard,Full,2,DEFAULT,29843,2-triple-15,SATISFIABLE,1+,0.035,0.02,0.02,0.00,0.035
24_Enumerate_Standard_Full_3_DEFAULT_8299,24,Enumerate,Standard,Full,3,DEFAULT,8299,2-triple-15,SATISFIABLE,1+,0.124,0.10,0.10,0.00,0.124
25_Enumerate_Standard_Full_1_DEFAULT_6709,25,Enumerate,Standard,Full,1,DEFAULT,6709,2-triple-15,SATISFIABLE,1+,0.053,0.03,0.03,0.00,0.053
28_Enumerate_Standard_Full_1_DEFAULT_11547,28,Enumerate,Standard,Full,1,DEFAULT,11547,2-triple-15,SATISFIABLE,1+,0.059,0.04,0.04,0.00,0.059
29_Enumerate_Standard_Full_2_DEFAULT_7260,29,Enumerate,Standard,Full,2,DEFAULT,7260,2-triple-15,SATISFIABLE,1+,0.056,0.03,0.03,0.00,0.056
2_Enumerate_Standard_Full_2_DEFAULT_4634,2,Enumerate,Standard,Full,2,DEFAULT,4634,2-triple-15,SATISFIABLE,1+,0.094,0.07,0.07,0.00,0.094
30_Enumerate_Standard_Full_3_DEFAULT_21865,30,Enumerate,Standard,Full,3,DEFAULT,21865,2-triple-15,SATISFIABLE,1+,0.223,0.20,0.20,0.00,0.223
31_Enumerate_Standard_Full_1_DEFAULT_16017,31,Enumerate,Standard,Full,1,DEFAULT,16017,2-triple-15,SATISFIABLE,1+,0.069,0.05,0.05,0.00,0.069
32_Enumerate_Standard_Full_2_DEFAULT_29417,32,Enumerate,Standard,Full,2,DEFAULT,29417,2-triple-15,SATISFIABLE,1+,0.025,0.00,0.00,0.00,0.025
34_Enumerate_Standard_Full_1_DEFAULT_10456,34,Enumerate,Standard,Full,1,DEFAULT,10456,2-triple-15,SATISFIABLE,1+,0.064,0.04,0.04,0.00,0.064
35_Enumerate_Standard_Full_2_DEFAULT_25977,35,Enumerate,Standard,Full,2,DEFAULT,25977,2-triple-15,SATISFIABLE,1+,0.134,0.11,0.11,0.00,0.134
36_Enumerate_Standard_Full_3_DEFAULT_20418,36,Enumerate,Standard,Full,3,DEFAULT,20418,2-triple-15,SATISFIABLE,1+,0.027,0.00,0.00,0.00,0.027
37_Enumerate_Standard_Full_1_DEFAULT_3380,37,Enumerate,Standard,Full,1,DEFAULT,3380,2-triple-15,SATISFIABLE,1+,0.091,0.07,0.07,0.00,0.091
38_Enumerate_Standard_Full_2_DEFAULT_4490,38,Enumerate,Standard,Full,2,DEFAULT,4490,2-triple-15,SATISFIABLE,1+,0.068,0.04,0.04,0.00,0.068
40_Enumerate_Standard_Full_1_DEFAULT_14157,40,Enumerate,Standard,Full,1,DEFAULT,14157,2-triple-15,SATISFIABLE,1+,0.081,0.06,0.06,0.00,0.081
41_Enumerate_Standard_Full_2_DEFAULT_69,41,Enumerate,Standard,Full,2,DEFAULT,69,2-triple-15,SATISFIABLE,1+,0.063,0.04,0.04,0.00,0.063
44_Enumerate_Standard_Full_2_DEFAULT_13524,44,Enumerate,Standard,Full,2,DEFAULT,13524,2-triple-15,SATISFIABLE,1+,0.068,0.04,0.04,0.00,0.068
47_Enumerate_Standard_Full_2_DEFAULT_23256,47,Enumerate,Standard,Full,2,DEFAULT,23256,2-triple-15,SATISFIABLE,1+,0.106,0.09,0.09,0.00,0.106
49_Enumerate_Standard_Full_1_DEFAULT_6652,49,Enumerate,Standard,Full,1,DEFAULT,6652,2-triple-15,SATISFIABLE,1+,0.349,0.32,0.32,0.00,0.349
4_Enumerate_Standard_Full_1_DEFAULT_15262,4,Enumerate,Standard,Full,1,DEFAULT,15262,2-triple-15,SATISFIABLE,1+,0.030,0.01,0.01,0.00,0.030
52_Enumerate_Standard_Full_1_DEFAULT_759,52,Enumerate,Standard,Full,1,DEFAULT,759,2-triple-15,SATISFIABLE,1+,0.068,0.04,0.04,0.00,0.068
53_Enumerate_Standard_Full_2_DEFAULT_2001,53,Enumerate,Standard,Full,2,DEFAULT,2001,2-triple-15,SATISFIABLE,1+,0.225,0.20,0.20,0.00,0.225
55_Enumerate_Standard_Full_1_DEFAULT_2905,55,Enumerate,Standard,Full,1,DEFAULT,2905,2-triple-15,SATISFIABLE,1+,0.054,0.03,0.03,0.00,0.054
58_Enumerate_Standard_Full_1_DEFAULT_26985,58,Enumerate,Standard,Full,1,DEFAULT,26985,2-triple-15,SATISFIABLE,1+,1.797,1.77,1.77,0.00,1.797
59_Enumerate_Standard_Full_2_DEFAULT_16281,59,Enumerate,Standard,Full,2,DEFAULT,16281,2-triple-15,SATISFIABLE,1+,0.032,0.01,0.01,0.00,0.032
60_Enumerate_Standard_Full_3_DEFAULT_16345,60,Enumerate,Standard,Full,3,DEFAULT,16345,2-triple-15,SATISFIABLE,1+,0.044,0.02,0.02,0.00,0.044
64_Enumerate_Standard_Full_1_DEFAULT_24318,64,Enumerate,Standard,Full,1,DEFAULT,24318,2-triple-15,SATISFIABLE,1+,0.055,0.03,0.03,0.00,0.055
65_Enumerate_Standard_Full_2_DEFAULT_26740,65,Enumerate,Standard,Full,2,DEFAULT,26740,2-triple-15,SATISFIABLE,1+,0.291,0.27,0.27,0.00,0.291
66_Enumerate_Standard_Full_3_DEFAULT_23583,66,Enumerate,Standard,Full,3,DEFAULT,23583,2-triple-15,SATISFIABLE,1+,0.081,0.06,0.06,0.00,0.081
68_Enumerate_Standard_Full_2_DEFAULT_19383,68,Enumerate,Standard,Full,2,DEFAULT,19383,2-triple-15,SATISFIABLE,1+,0.030,0.01,0.01,0.00,0.030
69_Enumerate_Standard_Full_3_DEFAULT_7579,69,Enumerate,Standard,Full,3,DEFAULT,7579,2-triple-15,SATISFIABLE,1+,0.160,0.14,0.14,0.00,0.160
70_Enumerate_Standard_Full_1_DEFAULT_28975,70,Enumerate,Standard,Full,1,DEFAULT,28975,2-triple-15,SATISFIABLE,1+,0.051,0.03,0.03,0.00,0.051
73_Enumerate_Standard_Full_1_DEFAULT_5107,73,Enumerate,Standard,Full,1,DEFAULT,5107,2-triple-15,SATISFIABLE,1+,0.056,0.03,0.03,0.00,0.056
77_Enumerate_Standard_Full_2_DEFAULT_12399,77,Enumerate,Standard,Full,2,DEFAULT,12399,2-triple-15,SATISFIABLE,1+,1.777,1.75,1.75,0.00,1.777
78_Enumerate_Standard_Full_3_DEFAULT_5812,78,Enumerate,Standard,Full,3,DEFAULT,5812,2-triple-15,SATISFIABLE,1+,0.512,0.49,0.49,0.00,0.512
79_Enumerate_Standard_Full_1_DEFAULT_21123,79,Enumerate,Standard,Full,1,DEFAULT,21123,2-triple-15,SATISFIABLE,1+,0.049,0.03,0.03,0.00,0.049
7_Enumerate_Standard_Full_1_DEFAULT_3718,7,Enumerate,Standard,Full,1,DEFAULT,3718,2-triple-15,SATISFIABLE,1+,0.522,0.50,0.50,0.00,0.522
82_Enumerate_Standard_Full_1_DEFAULT_26645,82,Enumerate,Standard,Full,1,DEFAULT,26645,2-triple-15,SATISFIABLE,1+,0.188,0.17,0.17,0.00,0.188
83_Enumerate_Standard_Full_2_DEFAULT_4448,83,Enumerate,Standard,Full,2,DEFAULT,4448,2-triple-15,SATISFIABLE,1+,0.053,0.03,0.03,0.00,0.053
84_Enumerate_Standard_Full_3_DEFAULT_12868,84,Enumerate,Standard,Full,3,DEFAULT,12868,2-triple-15,SATISFIABLE,1+,0.547,0.52,0.52,0.00,0.547
85_Enumerate_Standard_Full_1_DEFAULT_1769,85,Enumerate,Standard,Full,1,DEFAULT,1769,2-triple-15,SATISFIABLE,1+,0.185,0.16,0.16,0.00,0.185
86_Enumerate_Standard_Full_2_DEFAULT_8467,86,Enumerate,Standard,Full,2,DEFAULT,8467,2-triple-15,SATISFIABLE,1+,0.530,0.51,0.51,0.00,0.530
87_Enumerate_Standard_Full_3_DEFAULT_14775,87,Enumerate,Standard,Full,3,DEFAULT,14775,2-triple-15,SATISFIABLE,1+,0.050,0.03,0.03,0.00,0.050
88_Enumerate_Standard_Full_1_DEFAULT_2212,88,Enumerate,Standard,Full,1,DEFAULT,2212,2-triple-15,SATISFIABLE,1+,0.066,0.04,0.04,0.00,0.066
8_Enumerate_Standard_Full_2_DEFAULT_26796,8,Enumerate,Standard,Full,2,DEFAULT,26796,2-triple-15,SATISFIABLE,1+,0.560,0.53,0.53,0.00,0.560
91_Enumerate_Standard_Full_1_DEFAULT_13383,91,Enumerate,Standard,Full,1,DEFAULT,13383,2-triple-15,SATISFIABLE,1+,0.037,0.01,0.01,0.00,0.037
92_Enumerate_Standard_Full_2_DEFAULT_2517,92,Enumerate,Standard,Full,2,DEFAULT,2517,2-triple-15,SATISFIABLE,1+,0.037,0.02,0.02,0.00,0.037
93_Enumerate_Standard_Full_3_DEFAULT_20286,93,Enumerate,Standard,Full,3,DEFAULT,20286,2-triple-15,SATISFIABLE,1+,0.194,0.17,0.17,0.00,0.194
94_Enumerate_Standard_Full_1_DEFAULT_13727,94,Enumerate,Standard,Full,1,DEFAULT,13727,2-triple-15,SATISFIABLE,1+,0.521,0.50,0.50,0.00,0.521
95_Enumerate_Standard_Full_2_DEFAULT_15928,95,Enumerate,Standard,Full,2,DEFAULT,15928,2-triple-15,SATISFIABLE,1+,0.192,0.17,0.17,0.00,0.192
97_Enumerate_Standard_Full_1_DEFAULT_32033,97,Enumerate,Standard,Full,1,DEFAULT,32033,2-triple-15,SATISFIABLE,1+,0.083,0.06,0.06,0.00,0.083
98_Enumerate_Standard_Full_2_DEFAULT_32598,98,Enumerate,Standard,Full,2,DEFAULT,32598,2-triple-15,SATISFIABLE,1+,0.030,0.01,0.01,0.00,0.030
100_Enumerate_Standard_Full_1_DEFAULT_30414,100,Enumerate,Standard,Full,1,DEFAULT,30414,2-triple-18,SATISFIABLE,1+,0.322,0.28,0.28,0.00,0.322
101_Enumerate_Standard_Full_2_DEFAULT_7830,101,Enumerate,Standard,Full,2,DEFAULT,7830,2-triple-18,SATISFIABLE,1+,0.885,0.85,0.85,0.00,0.885
102_Enumerate_Standard_Full_3_DEFAULT_31417,102,Enumerate,Standard,Full,3,DEFAULT,31417,2-triple-18,SATISFIABLE,1+,1.584,1.55,1.55,0.00,1.584
103_Enumerate_Standard_Full_1_DEFAULT_31869,103,Enumerate,Standard,Full,1,DEFAULT,31869,2-triple-18,SATISFIABLE,1+,0.190,0.15,0.15,0.00,0.190
106_Enumerate_Standard_Full_1_DEFAULT_8543,106,Enumerate,Standard,Full,1,DEFAULT,8543,2-triple-18,SATISFIABLE,1+,0.062,0.03,0.03,0.00,0.062
108_Enumerate_Standard_Full_3_DEFAULT_16923,108,Enumerate,Standard,Full,3,DEFAULT,16923,2-triple-18,SATISFIABLE,1+,1.452,1.42,1.42,0.00,1.452
109_Enumerate_Standard_Full_1_DEFAULT_16687,109,Enumerate,Standard,Full,1,DEFAULT,16687,2-triple-18,SATISFIABLE,1+,2.580,2.54,2.54,0.00,2.580
110_Enumerate_Standard_Full_2_DEFAULT_27416,110,Enumerate,Standard,Full,2,DEFAULT,27416,2-triple-18,SATISFIABLE,1+,1.438,1.40,1.40,0.00,1.438
111_Enumerate_Standard_Full_3_DEFAULT_21083,111,Enumerate,Standard,Full,3,DEFAULT,21083,2-triple-18,SATISFIABLE,1+,0.056,0.02,0.02,0.00,0.056
113_Enumerate_Standard_Full_2_DEFAULT_70,113,Enumerate,Standard,Full,2,DEFAULT,70,2-triple-18,SATISFIABLE,1+,1.374,1.34,1.34,0.00,1.374
114_Enumerate_Standard_Full_3_DEFAULT_22154,114,Enumerate,Standard,Full,3,DEFAULT,22154,2-triple-18,SATISFIABLE,1+,0.423,0.38,0.38,0.00,0.423
118_Enumerate_Standard_Full_1_DEFAULT_2753,118,Enumerate,Standard,Full,1,DEFAULT,2753,2-triple-18,UNKNOWN,0+,300.000,299.96,0.00,0.00,299.993
119_Enumerate_Standard_Full_2_DEFAULT_31792,119,Enumerate,Standard,Full,2,DEFAULT,31792,2-triple-18,SATISFIABLE,1+,0.277,0.24,0.24,0.00,0.277
11_Enumerate_Standard_Full_2_DEFAULT_21172,11,Enumerate,Standard,Full,2,DEFAULT,21172,2-triple-18,SATISFIABLE,1+,0.158,0.12,0.12,0.00,0.158
120_Enumerate_Standard_Full_3_DEFAULT_6602,120,Enumerate,Standard,Full,3,DEFAULT,6602,2-triple-18,SATISFIABLE,1+,0.837,0.80,0.80,0.00,0.837
13_Enumerate_Standard_Full_1_DEFAULT_29690,13,Enumerate,Standard,Full,1,DEFAULT,29690,2-triple-18,SATISFIABLE,1+,0.122,0.09,0.09,0.00,0.122
15_Enumerate_Standard_Full_3_DEFAULT_1743,15,Enumerate,Standard,Full,3,DEFAULT,1743,2-triple-18,SATISFIABLE,1+,0.105,0.07,0.07,0.00,0.105
16_Enumerate_Standard_Full_1_DEFAULT_26740,16,Enumerate,Standard,Full,1,DEFAULT,26740,2-triple-18,SATISFIABLE,1+,0.122,0.09,0.09,0.00,0.122
17_Enumerate_Standard_Full_2_DEFAULT_22856,17,Enumerate,Standard,Full,2,DEFAULT,22856,2-triple-18,SATISFIABLE,1+,0.177,0.14,0.14,0.00,0.177
19_Enumerate_Standard_Full_1_DEFAULT_6751,19,Enumerate,Standard,Full,1,DEFAULT,6751,2-triple-18,SATISFIABLE,1+,0.258,0.22,0.22,0.00,0.258
1_Enumerate_Standard_Full_1_DEFAULT_31681,1,Enumerate,Standard,Full,1,DEFAULT,31681,2-triple-18,SATISFIABLE,1+,0.607,0.57,0.57,0.00,0.607
22_Enumerate_Standard_Full_1_DEFAULT_16849,22,Enumerate,Standard,Full,1,DEFAULT,16849,2-triple-18,SATISFIABLE,1+,0.153,0.12,0.12,0.00,0.153
23_Enumerate_Standard_Full_2_DEFAULT_29843,23,Enumerate,Standard,Full,2,DEFAULT,29843,2-triple-18,SATISFIABLE,1+,1.643,1.61,1.61,0.00,1.643
24_Enumerate_Standard_Full_3_DEFAULT_8299,24,Enumerate,Standard,Full,3,DEFAULT,8299,2-triple-18,SATISFIABLE,1+,0.547,0.51,0.51,0.00,0.547
25_Enumerate_Standard_Full_1_DEFAULT_6709,25,Enumerate,Standard,Full,1,DEFAULT,6709,2-triple-18,SATISFIABLE,1+,0.747,0.71,0.71,0.00,0.747
28_Enumerate_Standard_Full_1_DEFAULT_11547,28,Enumerate,Standard,Full,1,DEFAULT,11547,2-triple-18,SATISFIABLE,1+,0.371,0.34,0.34,0.00,0.371
29_Enumerate_Standard_Full_2_DEFAULT_7260,29,Enumerate,Standard,Full,2,DEFAULT,7260,2-triple-18,SATISFIABLE,1+,0.378,0.34,0.34,0.00,0.378
2_Enumerate_Standard_Full_2_DEFAULT_4634,2,Enumerate,Standard,Full,2,DEFAULT,4634,2-triple-18,SATISFIABLE,1+,0.576,0.54,0.54,0.00,0.576
30_Enumerate_Standard_Full_3_DEFAULT_21865,30,Enumerate,Standard,Full,3,DEFAULT,21865,2-triple-18,SATISFIABLE,1+,0.316,0.28,0.28,0.00,0.316
31_Enumerate_Standard_Full_1_DEFAULT_16017,31,Enumerate,Standard,Full,1,DEFAULT,16017,2-triple-18,SATISFIABLE,1+,0.208,0.17,0.17,0.00,0.208
32_Enumerate_Standard_Full_2_DEFAULT_29417,32,Enumerate,Standard,Full,2,DEFAULT,29417,2-triple-18,SATISFIABLE,1+,0.173,0.14,0.14,0.00,0.173
34_Enumerate_Standard_Full_1_DEFAULT_10456,34,Enumerate,Standard,Full,1,DEFAULT,10456,2-triple-18,SATISFIABLE,1+,0.358,0.32,0.32,0.00,0.358
35_Enumerate_Standard_Full_2_DEFAULT_25977,35,Enumerate,Standard,Full,2,DEFAULT,25977,2-triple-18,SATISFIABLE,1+,0.563,0.53,0.53,0.00,0.563
36_Enumerate_Standard_Full_3_DEFAULT_20418,36,Enumerate,Standard,Full,3,DEFAULT,20418,2-triple-18,SATISFIABLE,1+,0.951,0.92,0.92,0.00,0.951
37_Enumerate_Standard_Full_1_DEFAULT_3380,37,Enumerate,Standard,Full,1,DEFAULT,3380,2-triple-18,SATISFIABLE,1+,0.279,0.24,0.24,0.00,0.279
38_Enumerate_Standard_Full_2_DEFAULT_4490,38,Enumerate,Standard,Full,2,DEFAULT,4490,2-triple-18,SATISFIABLE,1+,0.313,0.27,0.27,0.00,0.313
40_Enumerate_Standard_Full_1_DEFAULT_14157,40,Enumerate,Standard,Full,1,DEFAULT,14157,2-triple-18,SATISFIABLE,1+,0.128,0.09,0.09,0.00,0.128
41_Enumerate_Standard_Full_2_DEFAULT_69,41,Enumerate,Standard,Full,2,DEFAULT,69,2-triple-18,SATISFIABLE,1+,0.354,0.32,0.32,0.00,0.354
44_Enumerate_Standard_Full_2_DEFAULT_13524,44,Enumerate,Standard,Full,2,DEFAULT,13524,2-triple-18,SATISFIABLE,1+,0.081,0.04,0.04,0.00,0.081
47_Enumerate_Standard_Full_2_DEFAULT_23256,47,Enumerate,Standard,Full,2,DEFAULT,23256,2-triple-18,SATISFIABLE,1+,0.070,0.04,0.04,0.00,0.070
49_Enumerate_Standard_Full_1_DEFAULT_6652,49,Enumerate,Standard,Full,1,DEFAULT,6652,2-triple-18,SATISFIABLE,1+,0.277,0.24,0.24,0.00,0.277
4_Enumerate_Standard_Full_1_DEFAULT_15262,4,Enumerate,Standard,Full,1,DEFAULT,15262,2-triple-18,SATISFIABLE,1+,0.601,0.56,0.56,0.00,0.601
52_Enumerate_Standard_Full_1_DEFAULT_759,52,Enumerate,Standard,Full,1,DEFAULT,759,2-triple-18,SATISFIABLE,1+,0.224,0.19,0.19,0.00,0.224
53_Enumerate_Standard_Full_2_DEFAULT_2001,53,Enumerate,Standard,Full,2,DEFAULT,2001,2-triple-18,SATISFIABLE,1+,0.127,0.09,0.09,0.00,0.127
55_Enumerate_Standard_Full_1_DEFAULT_2905,55,Enumerate,Standard,Full,1,DEFAULT,2905,2-triple-18,SATISFIABLE,1+,0.426,0.39,0.39,0.00,0.426
58_Enumerate_Standard_Full_1_DEFAULT_26985,58,Enumerate,Standard,Full,1,DEFAULT,26985,2-triple-18,SATISFIABLE,1+,12.276,12.25,12.25,0.00,12.276
59_Enumerate_Standard_Full_2_DEFAULT_16281,59,Enumerate,Standard,Full,2,DEFAULT,16281,2-triple-18,SATISFIABLE,1+,0.346,0.31,0.31,0.00,0.346
60_Enumerate_Standard_Full_3_DEFAULT_16345,60,Enumerate,Standard,Full,3,DEFAULT,16345,2-triple-18,SATISFIABLE,1+,0.439,0.40,0.40,0.00,0.439
64_Enumerate_Standard_Full_1_DEFAULT_24318,64,Enumerate,Standard,Full,1,DEFAULT,24318,2-triple-18,SATISFIABLE,1+,0.414,0.38,0.38,0.00,0.414
65_Enumerate_Standard_Full_2_DEFAULT_26740,65,Enumerate,Standard,Full,2,DEFAULT,26740,2-triple-18,SATISFIABLE,1+,0.315,0.28,0.28,0.00,0.315
66_Enumerate_Standard_Full_3_DEFAULT_23583,66,Enumerate,Standard,Full,3,DEFAULT,23583,2-triple-18,SATISFIABLE,1+,0.339,0.30,0.30,0.00,0.339
68_Enumerate_Standard_Full_2_DEFAULT_19383,68,Enumerate,Standard,Full,2,DEFAULT,19383,2-triple-18,SATISFIABLE,1+,0.176,0.14,0.14,0.00,0.176
69_Enumerate_Standard_Full_3_DEFAULT_7579,69,Enumerate,Standard,Full,3,DEFAULT,7579,2-triple-18,SATISFIABLE,1+,0.291,0.25,0.25,0.00,0.291
70_Enumerate_Standard_Full_1_DEFAULT_28975,70,Enumerate,Standard,Full,1,DEFAULT,28975,2-triple-18,SATISFIABLE,1+,0.719,0.68,0.68,0.00,0.719
73_Enumerate_Standard_Full_1_DEFAULT_5107,73,Enumerate,Standard,Full,1,DEFAULT,5107,2-triple-18,SATISFIABLE,1+,0.426,0.39,0.39,0.00,0.426
77_Enumerate_Standard_Full_2_DEFAULT_12399,77,Enumerate,Standard,Full,2,DEFAULT,12399,2-triple-18,SATISFIABLE,1+,14.009,13.97,13.97,0.00,14.008
78_Enumerate_Standard_Full_3_DEFAULT_5812,78,Enumerate,Standard,Full,3,DEFAULT,5812,2-triple-18,SATISFIABLE,1+,0.495,0.46,0.46,0.00,0.495
79_Enumerate_Standard_Full_1_DEFAULT_21123,79,Enumerate,Standard,Full,1,DEFAULT,21123,2-triple-18,SATISFIABLE,1+,0.736,0.70,0.70,0.00,0.736
7_Enumerate_Standard_Full_1_DEFAULT_3718,7,Enumerate,Standard,Full,1,DEFAULT,3718,2-triple-18,SATISFIABLE,1+,0.476,0.44,0.44,0.00,0.476
82_Enumerate_Standard_Full_1_DEFAULT_26645,82,Enumerate,Standard,Full,1,DEFAULT,26645,2-triple-18,SATISFIABLE,1+,0.148,0.11,0.11,0.00,0.148
83_Enumerate_Standard_Full_2_DEFAULT_4448,83,Enumerate,Standard,Full,2,DEFAULT,4448,2-triple-18,SATISFIABLE,1+,0.071,0.03,0.03,0.00,0.071
84_Enumerate_Standard_Full_3_DEFAULT_12868,84,Enumerate,Standard,Full,3,DEFAULT,12868,2-triple-18,SATISFIABLE,1+,0.468,0.43,0.43,0.00,0.468
85_Enumerate_Standard_Full_1_DEFAULT_1769,85,Enumerate,Standard,Full,1,DEFAULT,1769,2-triple-18,SATISFIABLE,1+,0.144,0.10,0.10,0.00,0.144
86_Enumerate_Standard_Full_2_DEFAULT_8467,86,Enumerate,Standard,Full,2,DEFAULT,8467,2-triple-18,SATISFIABLE,1+,3.413,3.37,3.37,0.00,3.413
87_Enumerate_Standard_Full_3_DEFAULT_14775,87,Enumerate,Standard,Full,3,DEFAULT,14775,2-triple-18,SATISFIABLE,1+,0.344,0.31,0.31,0.00,0.344
88_Enumerate_Standard_Full_1_DEFAULT_2212,88,Enumerate,Standard,Full,1,DEFAULT,2212,2-triple-18,SATISFIABLE,1+,0.080,0.04,0.04,0.00,0.080
8_Enumerate_Standard_Full_2_DEFAULT_26796,8,Enumerate,Standard,Full,2,DEFAULT,26796,2-triple-18,SATISFIABLE,1+,0.466,0.43,0.43,0.00,0.466
91_Enumerate_Standard_Full_1_DEFAULT_13383,91,Enumerate,Standard,Full,1,DEFAULT,13383,2-triple-18,SATISFIABLE,1+,0.575,0.53,0.53,0.00,0.575
92_Enumerate_Standard_Full_2_DEFAULT_2517,92,Enumerate,Standard,Full,2,DEFAULT,2517,2-triple-18,SATISFIABLE,1+,1.703,1.66,1.66,0.00,1.703
93_Enumerate_Standard_Full_3_DEFAULT_20286,93,Enumerate,Standard,Full,3,DEFAULT,20286,2-triple-18,SATISFIABLE,1+,0.147,0.11,0.11,0.00,0.147
94_Enumerate_Standard_Full_1_DEFAULT_13727,94,Enumerate,Standard,Full,1,DEFAULT,13727,2-triple-18,SATISFIABLE,1+,2.751,2.71,2.71,0.00,2.751
95_Enumerate_Standard_Full_2_DEFAULT_15928,95,Enumerate,Standard,Full,2,DEFAULT,15928,2-triple-18,SATISFIABLE,1+,0.091,0.07,0.07,0.00,0.091
97_Enumerate_Standard_Full_1_DEFAULT_32033,97,Enumerate,Standard,Full,1,DEFAULT,32033,2-triple-18,SATISFIABLE,1+,0.306,0.27,0.27,0.00,0.306
98_Enumerate_Standard_Full_2_DEFAULT_32598,98,Enumerate,Standard,Full,2,DEFAULT,32598,2-triple-18,SATISFIABLE,1+,0.825,0.78,0.78,0.00,0.825
100_Enumerate_Standard_Full_1_DEFAULT_30414,100,Enumerate,Standard,Full,1,DEFAULT,30414,2-triple-21,SATISFIABLE,1+,1.658,1.60,1.60,0.00,1.658
101_Enumerate_Standard_Full_2_DEFAULT_7830,101,Enumerate,Standard,Full,2,DEFAULT,7830,2-triple-21,SATISFIABLE,1+,0.095,0.03,0.03,0.00,0.095
102_Enumerate_Standard_Full_3_DEFAULT_31417,102,Enumerate,Standard,Full,3,DEFAULT,31417,2-triple-21,SATISFIABLE,1+,0.131,0.07,0.07,0.00,0.131
103_Enumerate_Standard_Full_1_DEFAULT_31869,103,Enumerate,Standard,Full,1,DEFAULT,31869,2-triple-21,SATISFIABLE,1+,1.333,1.28,1.28,0.00,1.332
106_Enumerate_Standard_Full_1_DEFAULT_8543,106,Enumerate,Standard,Full,1,DEFAULT,8543,2-triple-21,SATISFIABLE,1+,3.107,3.05,3.05,0.00,3.107
108_Enumerate_Standard_Full_3_DEFAULT_16923,108,Enumerate,Standard,Full,3,DEFAULT,16923,2-triple-21,SATISFIABLE,1+,0.090,0.04,0.04,0.00,0.090
109_Enumerate_Standard_Full_1_DEFAULT_16687,109,Enumerate,Standard,Full,1,DEFAULT,16687,2-triple-21,SATISFIABLE,1+,8.554,8.48,8.48,0.00,8.554
110_Enumerate_Standard_Full_2_DEFAULT_27416,110,Enumerate,Standard,Full,2,DEFAULT,27416,2-triple-21,SATISFIABLE,1+,0.088,0.04,0.04,0.00,0.088
111_Enumerate_Standard_Full_3_DEFAULT_21083,111,Enumerate,Standard,Full,3,DEFAULT,21083,2-triple-21,SATISFIABLE,1+,0.239,0.18,0.18,0.00,0.239
113_Enumerate_Standard_Full_2_DEFAULT_70,113,Enumerate,Standard,Full,2,DEFAULT,70,2-triple-21,SATISFIABLE,1+,0.101,0.04,0.04,0.00,0.101
114_Enumerate_Standard_Full_3_DEFAULT_22154,114,Enumerate,Standard,Full,3,DEFAULT,22154,2-triple-21,SATISFIABLE,1+,36.830,36.77,36.77,0.00,36.827
118_Enumerate_Standard_Full_1_DEFAULT_2753,118,Enumerate,Standard,Full,1,DEFAULT,2753,2-triple-21,UNKNOWN,0+,300.000,299.94,0.00,0.00,299.993
119_Enumerate_Standard_Full_2_DEFAULT_31792,119,Enumerate,Standard,Full,2,DEFAULT,31792,2-triple-21,SATISFIABLE,1+,3.092,3.03,3.03,0.00,3.092
11_Enumerate_Standard_Full_2_DEFAULT_21172,11,Enumerate,Standard,Full,2,DEFAULT,21172,2-triple-21,SATISFIABLE,1+,0.315,0.26,0.26,0.00,0.315
120_Enumerate_Standard_Full_3_DEFAULT_6602,120,Enumerate,Standard,Full,3,DEFAULT,6602,2-triple-21,SATISFIABLE,1+,0.080,0.01,0.01,0.00,0.080
13_Enumerate_Standard_Full_1_DEFAULT_29690,13,Enumerate,Standard,Full,1,DEFAULT,29690,2-triple-21,SATISFIABLE,1+,70.380,70.32,70.32,0.00,70.378
15_Enumerate_Standard_Full_3_DEFAULT_1743,15,Enumerate,Standard,Full,3,DEFAULT,1743,2-triple-21,SATISFIABLE,1+,2.518,2.46,2.46,0.00,2.518
16_Enumerate_Standard_Full_1_DEFAULT_26740,16,Enumerate,Standard,Full,1,DEFAULT,26740,2-triple-21,SATISFIABLE,1+,77.019,76.96,76.96,0.00,77.017
17_Enumerate_Standard_Full_2_DEFAULT_22856,17,Enumerate,Standard,Full,2,DEFAULT,22856,2-triple-21,SATISFIABLE,1+,3.269,3.22,3.22,0.00,3.269
19_Enumerate_Standard_Full_1_DEFAULT_6751,19,Enumerate,Standard,Full,1,DEFAULT,6751,2-triple-21,SATISFIABLE,1+,4.043,3.98,3.98,0.00,4.042
1_Enumerate_Standard_Full_1_DEFAULT_31681,1,Enumerate,Standard,Full,1,DEFAULT,31681,2-triple-21,SATISFIABLE,1+,0.914,0.83,0.83,0.00,0.886
22_Enumerate_Standard_Full_1_DEFAULT_16849,22,Enumerate,Standard,Full,1,DEFAULT,16849,2-triple-21,SATISFIABLE,1+,1.196,1.14,1.14,0.00,1.195
23_Enumerate_Standard_Full_2_DEFAULT_29843,23,Enumerate,Standard,Full,2,DEFAULT,29843,2-triple-21,SATISFIABLE,1+,1.222,1.17,1.17,0.00,1.222
24_Enumerate_Standard_Full_3_DEFAULT_8299,24,Enumerate,Standard,Full,3,DEFAULT,8299,2-triple-21,SATISFIABLE,1+,2.682,2.62,2.62,0.00,2.681
25_Enumerate_Standard_Full_1_DEFAULT_6709,25,Enumerate,Standard,Full,1,DEFAULT,6709,2-triple-21,SATISFIABLE,1+,2.418,2.36,2.36,0.00,2.418
28_Enumerate_Standard_Full_1_DEFAULT_11547,28,Enumerate,Standard,Full,1,DEFAULT,11547,2-triple-21,SATISFIABLE,1+,1.208,1.15,1.15,0.00,1.204
29_Enumerate_Standard_Full_2_DEFAULT_7260,29,Enumerate,Standard,Full,2,DEFAULT,7260,2-triple-21,SATISFIABLE,1+,1.106,1.04,1.04,0.00,1.106
2_Enumerate_Standard_Full_2_DEFAULT_4634,2,Enumerate,Standard,Full,2,DEFAULT,4634,2-triple-21,SATISFIABLE,1+,1.210,1.15,1.15,0.00,1.210
30_Enumerate_Standard_Full_3_DEFAULT_21865,30,Enumerate,Standard,Full,3,DEFAULT,21865,2-triple-21,SATISFIABLE,1+,0.075,0.02,0.02,0.00,0.075
31_Enumerate_Standard_Full_1_DEFAULT_16017,31,Enumerate,Standard,Full,1,DEFAULT,16017,2-triple-21,SATISFIABLE,1+,15.518,15.46,15.46,0.00,15.518
32_Enumerate_Standard_Full_2_DEFAULT_29417,32,Enumerate,Standard,Full,2,DEFAULT,29417,2-triple-21,SATISFIABLE,1+,2.693,2.64,2.64,0.00,2.693
34_Enumerate_Standard_Full_1_DEFAULT_10456,34,Enumerate,Standard,Full,1,DEFAULT,10456,2-triple-21,SATISFIABLE,1+,0.975,0.92,0.92,0.00,0.975
35_Enumerate_Standard_Full_2_DEFAULT_25977,35,Enumerate,Standard,Full,2,DEFAULT,25977,2-triple-21,SATISFIABLE,1+,2.877,2.82,2.82,0.00,2.877
36_Enumerate_Standard_Full_3_DEFAULT_20418,36,Enumerate,Standard,Full,3,DEFAULT,20418,2-triple-21,SATISFIABLE,1+,1.801,1.74,1.74,0.00,1.800
37_Enumerate_Standard_Full_1_DEFAULT_3380,37,Enumerate,Standard,Full,1,DEFAULT,3380,2-triple-21,SATISFIABLE,1+,7.142,7.08,7.08,0.00,7.141
38_Enumerate_Standard_Full_2_DEFAULT_4490,38,Enumerate,Standard,Full,2,DEFAULT,4490,2-triple-21,SATISFIABLE,1+,2.448,2.39,2.39,0.00,2.448
40_Enumerate_Standard_Full_1_DEFAULT_14157,40,Enumerate,Standard,Full,1,DEFAULT,14157,2-triple-21,SATISFIABLE,1+,1.672,1.64,1.64,0.00,1.672
41_Enumerate_Standard_Full_2_DEFAULT_69,41,Enumerate,Standard,Full,2,DEFAULT,69,2-triple-21,SATISFIABLE,1+,1.234,1.18,1.18,0.00,1.234
44_Enumerate_Standard_Full_2_DEFAULT_13524,44,Enumerate,Standard,Full,2,DEFAULT,13524,2-triple-21,SATISFIABLE,1+,0.311,0.24,0.24,0.00,0.311
47_Enumerate_Standard_Full_2_DEFAULT_23256,47,Enumerate,Standard,Full,2,DEFAULT,23256,2-triple-21,SATISFIABLE,1+,0.094,0.04,0.04,0.00,0.094
49_Enumerate_Standard_Full_1_DEFAULT_6652,49,Enumerate,Standard,Full,1,DEFAULT,6652,2-triple-21,SATISFIABLE,1+,1.340,1.28,1.28,0.00,1.340
4_Enumerate_Standard_Full_1_DEFAULT_15262,4,Enumerate,Standard,Full,1,DEFAULT,15262,2-triple-21,SATISFIABLE,1+,1.355,1.30,1.30,0.00,1.355
52_Enumerate_Standard_Full_1_DEFAULT_759,52,Enumerate,Standard,Full,1,DEFAULT,759,2-triple-21,SATISFIABLE,1+,25.914,25.85,25.85,0.00,25.912
53_Enumerate_Standard_Full_2_DEFAULT_2001,53,Enumerate,Standard,Full,2,DEFAULT,2001,2-triple-21,SATISFIABLE,1+,74.586,74.53,74.53,0.00,74.581
55_Enumerate_Standard_Full_1_DEFAULT_2905,55,Enumerate,Standard,Full,1,DEFAULT,2905,2-triple-21,SATISFIABLE,1+,0.141,0.10,0.10,0.00,0.141
58_Enumerate_Standard_Full_1_DEFAULT_26985,58,Enumerate,Standard,Full,1,DEFAULT,26985,2-triple-21,SATISFIABLE,1+,30.113,30.08,30.08,0.00,30.111
59_Enumerate_Standard_Full_2_DEFAULT_16281,59,Enumerate,Standard,Full,2,DEFAULT,16281,2-triple-21,SATISFIABLE,1+,17.256,17.20,17.20,0.00,17.255
60_Enumerate_Standard_Full_3_DEFAULT_16345,60,Enumerate,Standard,Full,3,DEFAULT,16345,2-triple-21,SATISFIABLE,1+,0.278,0.22,0.22,0.00,0.278
64_Enumerate_Standard_Full_1_DEFAULT_24318,64,Enumerate,Standard,Full,1,DEFAULT,24318,2-triple-21,SATISFIABLE,1+,1.246,1.19,1.19,0.00,1.246
65_Enumerate_Standard_Full_2_DEFAULT_26740,65,Enumerate,Standard,Full,2,DEFAULT,26740,2-triple-21,SATISFIABLE,1+,1.215,1.15,1.15,0.00,1.215
66_Enumerate_Standard_Full_3_DEFAULT_23583,66,Enumerate,Standard,Full,3,DEFAULT,23583,2-triple-21,SATISFIABLE,1+,11.461,11.40,11.40,0.00,11.461
68_Enumerate_Standard_Full_2_DEFAULT_19383,68,Enumerate,Standard,Full,2,DEFAULT,19383,2-triple-21,SATISFIABLE,1+,0.424,0.36,0.36,0.00,0.424
69_Enumerate_Standard_Full_3_DEFAULT_7579,69,Enumerate,Standard,Full,3,DEFAULT,7579,2-triple-21,SATISFIABLE,1+,0.266,0.21,0.21,0.00,0.266
70_Enumerate_Standard_Full_1_DEFAULT_28975,70,Enumerate,Standard,Full,1,DEFAULT,28975,2-triple-21,SATISFIABLE,1+,2.041,1.98,1.98,0.00,2.040
73_Enumerate_Standard_Full_1_DEFAULT_5107,73,Enumerate,Standard,Full,1,DEFAULT,5107,2-triple-21,SATISFIABLE,1+,1.183,1.13,1.13,0.00,1.183
77_Enumerate_Standard_Full_2_DEFAULT_12399,77,Enumerate,Standard,Full,2,DEFAULT,12399,2-triple-21,SATISFIABLE,1+,44.991,44.93,44.93,0.00,44.988
78_Enumerate_Standard_Full_3_DEFAULT_5812,78,Enumerate,Standard,Full,3,DEFAULT,5812,2-triple-21,SATISFIABLE,1+,51.865,51.81,51.81,0.00,51.860
79_Enumerate_Standard_Full_1_DEFAULT_21123,79,Enumerate,Standard,Full,1,DEFAULT,21123,2-triple-21,SATISFIABLE,1+,3.834,3.77,3.77,0.00,3.834
7_Enumerate_Standard_Full_1_DEFAULT_3718,7,Enumerate,Standard,Full,1,DEFAULT,3718,2-triple-21,SATISFIABLE,1+,42.850,42.79,42.79,0.00,42.849
82_Enumerate_Standard_Full_1_DEFAULT_26645,82,Enumerate,Standard,Full,1,DEFAULT,26645,2-triple-21,SATISFIABLE,1+,93.510,93.45,93.45,0.00,93.503
83_Enumerate_Standard_Full_2_DEFAULT_4448,83,Enumerate,Standard,Full,2,DEFAULT,4448,2-triple-21,SATISFIABLE,1+,0.182,0.12,0.12,0.00,0.182
84_Enumerate_Standard_Full_3_DEFAULT_12868,84,Enumerate,Standard,Full,3,DEFAULT,12868,2-triple-21,SATISFIABLE,1+,37.169,37.11,37.11,0.00,37.168
85_Enumerate_Standard_Full_1_DEFAULT_1769,85,Enumerate,Standard,Full,1,DEFAULT,1769,2-triple-21,SATISFIABLE,1+,73.426,73.39,73.39,0.00,73.424
86_Enumerate_Standard_Full_2_DEFAULT_8467,86,Enumerate,Standard,Full,2,DEFAULT,8467,2-triple-21,SATISFIABLE,1+,6.051,6.00,6.00,0.00,6.050
87_Enumerate_Standard_Full_3_DEFAULT_14775,87,Enumerate,Standard,Full,3,DEFAULT,14775,2-triple-21,SATISFIABLE,1+,0.619,0.56,0.56,0.00,0.619
88_Enumerate_Standard_Full_1_DEFAULT_2212,88,Enumerate,Standard,Full,1,DEFAULT,2212,2-triple-21,SATISFIABLE,1+,2.607,2.57,2.57,0.00,2.607
8_Enumerate_Standard_Full_2_DEFAULT_26796,8,Enumerate,Standard,Full,2,DEFAULT,26796,2-triple-21,SATISFIABLE,1+,42.357,42.30,42.30,0.00,42.355
91_Enumerate_Standard_Full_1_DEFAULT_13383,91,Enumerate,Standard,Full,1,DEFAULT,13383,2-triple-21,SATISFIABLE,1+,3.396,3.34,3.34,0.00,3.396
92_Enumerate_Standard_Full_2_DEFAULT_2517,92,Enumerate,Standard,Full,2,DEFAULT,2517,2-triple-21,SATISFIABLE,1+,0.094,0.04,0.04,0.00,0.094
93_Enumerate_Standard_Full_3_DEFAULT_20286,93,Enumerate,Standard,Full,3,DEFAULT,20286,2-triple-21,SATISFIABLE,1+,72.405,72.35,72.35,0.00,72.402
94_Enumerate_Standard_Full_1_DEFAULT_13727,94,Enumerate,Standard,Full,1,DEFAULT,13727,2-triple-21,SATISFIABLE,1+,5.395,5.36,5.36,0.00,5.395
95_Enumerate_Standard_Full_2_DEFAULT_15928,95,Enumerate,Standard,Full,2,DEFAULT,15928,2-triple-21,SATISFIABLE,1+,81.825,81.77,81.77,0.00,81.823
97_Enumerate_Standard_Full_1_DEFAULT_32033,97,Enumerate,Standard,Full,1,DEFAULT,32033,2-triple-21,SATISFIABLE,1+,6.962,6.91,6.91,0.00,6.962
98_Enumerate_Standard_Full_2_DEFAULT_32598,98,Enumerate,Standard,Full,2,DEFAULT,32598,2-triple-21,SATISFIABLE,1+,3.416,3.36,3.36,0.00,3.416
100_Enumerate_Standard_Full_1_DEFAULT_30414,100,Enumerate,Standard,Full,1,DEFAULT,30414,2-triple-9,SATISFIABLE,1+,0.008,0.00,0.00,0.00,0.008
101_Enumerate_Standard_Full_2_DEFAULT_7830,101,Enumerate,Standard,Full,2,DEFAULT,7830,2-triple-9,SATISFIABLE,1+,0.009,0.00,0.00,0.00,0.009
102_Enumerate_Standard_Full_3_DEFAULT_31417,102,Enumerate,Standard,Full,3,DEFAULT,31417,2-triple-9,SATISFIABLE,1+,0.006,0.00,0.00,0.00,0.006
103_Enumerate_Standard_Full_1_DEFAULT_31869,103,Enumerate,Standard,Full,1,DEFAULT,31869,2-triple-9,SATISFIABLE,1+,0.008,0.00,0.00,0.00,0.008
106_Enumerate_Standard_Full_1_DEFAULT_8543,106,Enumerate,Standard,Full,1,DEFAULT,8543,2-triple-9,SATISFIABLE,1+,0.010,0.00,0.00,0.00,0.010
108_Enumerate_Standard_Full_3_DEFAULT_16923,108,Enumerate,Standard,Full,3,DEFAULT,16923,2-triple-9,SATISFIABLE,1+,0.009,0.00,0.00,0.00,0.009
109_Enumerate_Standard_Full_1_DEFAULT_16687,109,Enumerate,Standard,Full,1,DEFAULT,16687,2-triple-9,SATISFIABLE,1+,0.011,0.00,0.00,0.00,0.011
110_Enumerate_Standard_Full_2_DEFAULT_27416,110,Enumerate,Standard,Full,2,DEFAULT,27416,2-triple-9,SATISFIABLE,1+,0.006,0.00,0.00,0.00,0.006
111_Enumerate_Standard_Full_3_DEFAULT_21083,111,Enumerate,Standard,Full,3,DEFAULT,21083,2-triple-9,SATISFIABLE,1+,0.008,0.00,0.00,0.00,0.008
113_Enumerate_Standard_Full_2_DEFAULT_70,113,Enumerate,Standard,Full,2,DEFAULT,70,2-triple-9,SATISFIABLE,1+,0.006,0.00,0.00,0.00,0.006
114_Enumerate_Standard_Full_3_DEFAULT_22154,114,Enumerate,Standard,Full,3,DEFAULT,22154,2-triple-9,SATISFIABLE,1+,0.011,0.00,0.00,0.00,0.011
118_Enumerate_Standard_Full_1_DEFAULT_2753,118,Enumerate,Standard,Full,1,DEFAULT,2753,2-triple-9,SATISFIABLE,1+,0.045,0.04,0.04,0.00,0.045
119_Enumerate_Standard_Full_2_DEFAULT_31792,119,Enumerate,Standard,Full,2,DEFAULT,31792,2-triple-9,SATISFIABLE,1+,0.006,0.00,0.00,0.00,0.006
11_Enumerate_Standard_Full_2_DEFAULT_21172,11,Enumerate,Standard,Full,2,DEFAULT,21172,2-triple-9,SATISFIABLE,1+,0.010,0.00,0.00,0.00,0.010
120_Enumerate_Standard_Full_3_DEFAULT_6602,120,Enumerate,Standard,Full,3,DEFAULT,6602,2-triple-9,SATISFIABLE,1+,0.008,0.00,0.00,0.00,0.008
13_Enumerate_Standard_Full_1_DEFAULT_29690,13,Enumerate,Standard,Full,1,DEFAULT,29690,2-triple-9,SATISFIABLE,1+,0.011,0.00,0.00,0.00,0.011
15_Enumerate_Standard_Full_3_DEFAULT_1743,15,Enumerate,Standard,Full,3,DEFAULT,1743,2-triple-9,SATISFIABLE,1+,0.009,0.00,0.00,0.00,0.009
16_Enumerate_Standard_Full_1_DEFAULT_26740,16,Enumerate,Standard,Full,1,DEFAULT,26740,2-triple-9,SATISFIABLE,1+,0.010,0.00,0.00,0.00,0.010
17_Enumerate_Standard_Full_2_DEFAULT_22856,17,Enumerate,Standard,Full,2,DEFAULT,22856,2-triple-9,SATISFIABLE,1+,0.008,0.00,0.00,0.00,0.008
19_Enumerate_Standard_Full_1_DEFAULT_6751,19,Enumerate,Standard,Full,1,DEFAULT,6751,2-triple-9,SATISFIABLE,1+,0.009,0.00,0.00,0.00,0.009
1_Enumerate_Standard_Full_1_DEFAULT_31681,1,Enumerate,Standard,Full,1,DEFAULT,31681,2-triple-9,SATISFIABLE,1+,0.009,0.00,0.00,0.00,0.009
22_Enumerate_Standard_Full_1_DEFAULT_16849,22,Enumerate,Standard,Full,1,DEFAULT,16849,2-triple-9,SATISFIABLE,1+,0.007,0.00,0.00,0.00,0.007
23_Enumerate_Standard_Full_2_DEFAULT_29843,23,Enumerate,Standard,Full,2,DEFAULT,29843,2-triple-9,SATISFIABLE,1+,0.008,0.00,0.00,0.00,0.008
24_Enumerate_Standard_Full_3_DEFAULT_8299,24,Enumerate,Standard,Full,3,DEFAULT,8299,2-triple-9,SATISFIABLE,1+,0.006,0.00,0.00,0.00,0.006
25_Enumerate_Standard_Full_1_DEFAULT_6709,25,Enumerate,Standard,Full,1,DEFAULT,6709,2-triple-9,SATISFIABLE,1+,0.009,0.00,0.00,0.00,0.009
28_Enumerate_Standard_Full_1_DEFAULT_11547,28,Enumerate,Standard,Full,1,DEFAULT,11547,2-triple-9,SATISFIABLE,1+,0.006,0.00,0.00,0.00,0.006
29_Enumerate_Standard_Full_2_DEFAULT_7260,29,Enumerate,Standard,Full,2,DEFAULT,7260,2-triple-9,SATISFIABLE,1+,0.009,0.00,0.00,0.00,0.009
2_Enumerate_Standard_Full_2_DEFAULT_4634,2,Enumerate,Standard,Full,2,DEFAULT,4634,2-triple-9,SATISFIABLE,1+,0.008,0.00,0.00,0.00,0.008
30_Enumerate_Standard_Full_3_DEFAULT_21865,30,Enumerate,Standard,Full,3,DEFAULT,21865,2-triple-9,SATISFIABLE,1+,0.008,0.00,0.00,0.00,0.008
31_Enumerate_Standard_Full_1_DEFAULT_16017,31,Enumerate,Standard,Full,1,DEFAULT,16017,2-triple-9,SATISFIABLE,1+,0.006,0.00,0.00,0.00,0.006
32_Enumerate_Standard_Full_2_DEFAULT_29417,32,Enumerate,Standard,Full,2,DEFAULT,29417,2-triple-9,SATISFIABLE,1+,0.008,0.00,0.00,0.00,0.008
34_Enumerate_Standard_Full_1_DEFAULT_10456,34,Enumerate,Standard,Full,1,DEFAULT,10456,2-triple-9,SATISFIABLE,1+,0.009,0.00,0.00,0.00,0.009
35_Enumerate_Standard_Full_2_DEFAULT_25977,35,Enumerate,Standard,Full,2,DEFAULT,25977,2-triple-9,SATISFIABLE,1+,0.008,0.00,0.00,0.00,0.008
36_Enumerate_Standard_Full_3_DEFAULT_20418,36,Enumerate,Standard,Full,3,DEFAULT,20418,2-triple-9,SATISFIABLE,1+,0.009,0.00,0.00,0.00,0.009
37_Enumerate_Standard_Full_1_DEFAULT_3380,37,Enumerate,Standard,Full,1,DEFAULT,3380,2-triple-9,SATISFIABLE,1+,0.009,0.00,0.00,0.00,0.009
38_Enumerate_Standard_Full_2_DEFAULT_4490,38,Enumerate,Standard,Full,2,DEFAULT,4490,2-triple-9,SATISFIABLE,1+,0.008,0.00,0.00,0.00,0.008
40_Enumerate_Standard_Full_1_DEFAULT_14157,40,Enumerate,Standard,Full,1,DEFAULT,14157,2-triple-9,SATISFIABLE,1+,0.008,0.00,0.00,0.00,0.008
41_Enumerate_Standard_Full_2_DEFAULT_69,41,Enumerate,Standard,Full,2,DEFAULT,69,2-triple-9,SATISFIABLE,1+,0.009,0.00,0.00,0.00,0.009
44_Enumerate_Standard_Full_2_DEFAULT_13524,44,Enumerate,Standard,Full,2,DEFAULT,13524,2-triple-9,SATISFIABLE,1+,0.009,0.00,0.00,0.00,0.009
47_Enumerate_Standard_Full_2_DEFAULT_23256,47,Enumerate,Standard,Full,2,DEFAULT,23256,2-triple-9,SATISFIABLE,1+,0.008,0.00,0.00,0.00,0.008
49_Enumerate_Standard_Full_1_DEFAULT_6652,49,Enumerate,Standard,Full,1,DEFAULT,6652,2-triple-9,SATISFIABLE,1+,0.008,0.00,0.00,0.00,0.008
4_Enumerate_Standard_Full_1_DEFAULT_15262,4,Enumerate,Standard,Full,1,DEFAULT,15262,2-triple-9,SATISFIABLE,1+,0.008,0.00,0.00,0.00,0.008
52_Enumerate_Standard_Full_1_DEFAULT_759,52,Enumerate,Standard,Full,1,DEFAULT,759,2-triple-9,SATISFIABLE,1+,0.008,0.00,0.00,0.00,0.008
53_Enumerate_Standard_Full_2_DEFAULT_2001,53,Enumerate,Standard,Full,2,DEFAULT,2001,2-triple-9,SATISFIABLE,1+,0.011,0.00,0.00,0.00,0.011
55_Enumerate_Standard_Full_1_DEFAULT_2905,55,Enumerate,Standard,Full,1,DEFAULT,2905,2-triple-9,SATISFIABLE,1+,0.010,0.00,0.00,0.00,0.010
58_Enumerate_Standard_Full_1_DEFAULT_26985,58,Enumerate,Standard,Full,1,DEFAULT,26985,2-triple-9,SATISFIABLE,1+,0.011,0.00,0.00,0.00,0.011
59_Enumerate_Standard_Full_2_DEFAULT_16281,59,Enumerate,Standard,Full,2,DEFAULT,16281,2-triple-9,SATISFIABLE,1+,0.009,0.00,0.00,0.00,0.009
60_Enumerate_Standard_Full_3_DEFAULT_16345,60,Enumerate,Standard,Full,3,DEFAULT,16345,2-triple-9,SATISFIABLE,1+,0.009,0.00,0.00,0.00,0.009
64_Enumerate_Standard_Full_1_DEFAULT_24318,64,Enumerate,Standard,Full,1,DEFAULT,24318,2-triple-9,SATISFIABLE,1+,0.011,0.00,0.00,0.00,0.011
65_Enumerate_Standard_Full_2_DEFAULT_26740,65,Enumerate,Standard,Full,2,DEFAULT,26740,2-triple-9,SATISFIABLE,1+,0.008,0.00,0.00,0.00,0.008
66_Enumerate_Standard_Full_3_DEFAULT_23583,66,Enumerate,Standard,Full,3,DEFAULT,23583,2-triple-9,SATISFIABLE,1+,0.009,0.00,0.00,0.00,0.009
68_Enumerate_Standard_Full_2_DEFAULT_19383,68,Enumerate,Standard,Full,2,DEFAULT,19383,2-triple-9,SATISFIABLE,1+,0.008,0.00,0.00,0.00,0.008
69_Enumerate_Standard_Full_3_DEFAULT_7579,69,Enumerate,Standard,Full,3,DEFAULT,7579,2-triple-9,SATISFIABLE,1+,0.008,0.00,0.00,0.00,0.008
70_Enumerate_Standard_Full_1_DEFAULT_28975,70,Enumerate,Standard,Full,1,DEFAULT,28975,2-triple-9,SATISFIABLE,1+,0.009,0.00,0.00,0.00,0.009
73_Enumerate_Standard_Full_1_DEFAULT_5107,73,Enumerate,Standard,Full,1,DEFAULT,5107,2-triple-9,SATISFIABLE,1+,0.009,0.00,0.00,0.00,0.009
77_Enumerate_Standard_Full_2_DEFAULT_12399,77,Enumerate,Standard,Full,2,DEFAULT,12399,2-triple-9,SATISFIABLE,1+,0.010,0.00,0.00,0.00,0.010
78_Enumerate_Standard_Full_3_DEFAULT_5812,78,Enumerate,Standard,Full,3,DEFAULT,5812,2-triple-9,SATISFIABLE,1+,0.013,0.00,0.00,0.00,0.013
79_Enumerate_Standard_Full_1_DEFAULT_21123,79,Enumerate,Standard,Full,1,DEFAULT,21123,2-triple-9,SATISFIABLE,1+,0.008,0.00,0.00,0.00,0.008
7_Enumerate_Standard_Full_1_DEFAULT_3718,7,Enumerate,Standard,Full,1,DEFAULT,3718,2-triple-9,SATISFIABLE,1+,0.013,0.00,0.00,0.00,0.013
82_Enumerate_Standard_Full_1_DEFAULT_26645,82,Enumerate,Standard,Full,1,DEFAULT,26645,2-triple-9,SATISFIABLE,1+,0.011,0.00,0.00,0.00,0.011
83_Enumerate_Standard_Full_2_DEFAULT_4448,83,Enumerate,Standard,Full,2,DEFAULT,4448,2-triple-9,SATISFIABLE,1+,0.011,0.00,0.00,0.00,0.011
84_Enumerate_Standard_Full_3_DEFAULT_12868,84,Enumerate,Standard,Full,3,DEFAULT,12868,2-triple-9,SATISFIABLE,1+,0.011,0.00,0.00,0.00,0.011
85_Enumerate_Standard_Full_1_DEFAULT_1769,85,Enumerate,Standard,Full,1,DEFAULT,1769,2-triple-9,SATISFIABLE,1+,0.012,0.00,0.00,0.00,0.012
86_Enumerate_Standard_Full_2_DEFAULT_8467,86,Enumerate,Standard,Full,2,DEFAULT,8467,2-triple-9,SATISFIABLE,1+,0.009,0.00,0.00,0.00,0.009
87_Enumerate_Standard_Full_3_DEFAULT_14775,87,Enumerate,Standard,Full,3,DEFAULT,14775,2-triple-9,SATISFIABLE,1+,0.008,0.00,0.00,0.00,0.008
88_Enumerate_Standard_Full_1_DEFAULT_2212,88,Enumerate,Standard,Full,1,DEFAULT,2212,2-triple-9,SATISFIABLE,1+,0.010,0.00,0.00,0.00,0.010
8_Enumerate_Standard_Full_2_DEFAULT_26796,8,Enumerate,Standard,Full,2,DEFAULT,26796,2-triple-9,SATISFIABLE,1+,0.011,0.00,0.00,0.00,0.011
91_Enumerate_Standard_Full_1_DEFAULT_13383,91,Enumerate,Standard,Full,1,DEFAULT,13383,2-triple-9,SATISFIABLE,1+,0.010,0.00,0.00,0.00,0.010
92_Enumerate_Standard_Full_2_DEFAULT_2517,92,Enumerate,Standard,Full,2,DEFAULT,2517,2-triple-9,SATISFIABLE,1+,0.008,0.00,0.00,0.00,0.008
93_Enumerate_Standard_Full_3_DEFAULT_20286,93,Enumerate,Standard,Full,3,DEFAULT,20286,2-triple-9,SATISFIABLE,1+,0.012,0.00,0.00,0.00,0.012
94_Enumerate_Standard_Full_1_DEFAULT_13727,94,Enumerate,Standard,Full,1,DEFAULT,13727,2-triple-9,SATISFIABLE,1+,0.009,0.00,0.00,0.00,0.009
95_Enumerate_Standard_Full_2_DEFAULT_15928,95,Enumerate,Standard,Full,2,DEFAULT,15928,2-triple-9,SATISFIABLE,1+,0.011,0.00,0.00,0.00,0.011
97_Enumerate_Standard_Full_1_DEFAULT_32033,97,Enumerate,Standard,Full,1,DEFAULT,32033,2-triple-9,SATISFIABLE,1+,0.009,0.00,0.00,0.00,0.009
98_Enumerate_Standard_Full_2_DEFAULT_32598,98,Enumerate,Standard,Full,2,DEFAULT,32598,2-triple-9,SATISFIABLE,1+,0.009,0.00,0.00,0.00,0.009
100_Enumerate_Standard_Full_1_DEFAULT_30414,100,Enumerate,Standard,Full,1,DEFAULT,30414,2-triple-12,SATISFIABLE,1+,0.028,0.02,0.02,0.00,0.028
101_Enumerate_Standard_Full_2_DEFAULT_7830,101,Enumerate,Standard,Full,2,DEFAULT,7830,2-triple-12,SATISFIABLE,1+,0.051,0.04,0.04,0.00,0.051
102_Enumerate_Standard_Full_3_DEFAULT_31417,102,Enumerate,Standard,Full,3,DEFAULT,31417,2-triple-12,SATISFIABLE,1+,0.017,0.00,0.00,0.00,0.016
103_Enumerate_Standard_Full_1_DEFAULT_31869,103,Enumerate,Standard,Full,1,DEFAULT,31869,2-triple-12,SATISFIABLE,1+,0.033,0.02,0.02,0.00,0.033
106_Enumerate_Standard_Full_1_DEFAULT_8543,106,Enumerate,Standard,Full,1,DEFAULT,8543,2-triple-12,SATISFIABLE,1+,0.019,0.00,0.00,0.00,0.019
108_Enumerate_Standard_Full_3_DEFAULT_16923,108,Enumerate,Standard,Full,3,DEFAULT,16923,2-triple-12,SATISFIABLE,1+,0.017,0.00,0.00,0.00,0.017
109_Enumerate_Standard_Full_1_DEFAULT_16687,109,Enumerate,Standard,Full,1,DEFAULT,16687,2-triple-12,SATISFIABLE,1+,0.015,0.01,0.01,0.00,0.015
110_Enumerate_Standard_Full_2_DEFAULT_27416,110,Enumerate,Standard,Full,2,DEFAULT,27416,2-triple-12,SATISFIABLE,1+,0.017,0.00,0.00,0.00,0.017
111_Enumerate_Standard_Full_3_DEFAULT_21083,111,Enumerate,Standard,Full,3,DEFAULT,21083,2-triple-12,SATISFIABLE,1+,0.027,0.01,0.01,0.00,0.027
113_Enumerate_Standard_Full_2_DEFAULT_70,113,Enumerate,Standard,Full,2,DEFAULT,70,2-triple-12,SATISFIABLE,1+,0.017,0.00,0.00,0.00,0.017
114_Enumerate_Standard_Full_3_DEFAULT_22154,114,Enumerate,Standard,Full,3,DEFAULT,22154,2-triple-12,SATISFIABLE,1+,0.016,0.00,0.00,0.00,0.016
118_Enumerate_Standard_Full_1_DEFAULT_2753,118,Enumerate,Standard,Full,1,DEFAULT,2753,2-triple-12,SATISFIABLE,1+,0.208,0.19,0.19,0.00,0.208
119_Enumerate_Standard_Full_2_DEFAULT_31792,119,Enumerate,Standard,Full,2,DEFAULT,31792,2-triple-12,SATISFIABLE,1+,0.024,0.01,0.01,0.00,0.024
11_Enumerate_Standard_Full_2_DEFAULT_21172,11,Enumerate,Standard,Full,2,DEFAULT,21172,2-triple-12,SATISFIABLE,1+,0.016,0.00,0.00,0.00,0.016
120_Enumerate_Standard_Full_3_DEFAULT_6602,120,Enumerate,Standard,Full,3,DEFAULT,6602,2-triple-12,SATISFIABLE,1+,0.014,0.00,0.00,0.00,0.014
13_Enumerate_Standard_Full_1_DEFAULT_29690,13,Enumerate,Standard,Full,1,DEFAULT,29690,2-triple-12,SATISFIABLE,1+,0.021,0.01,0.01,0.00,0.021
15_Enumerate_Standard_Full_3_DEFAULT_1743,15,Enumerate,Standard,Full,3,DEFAULT,1743,2-triple-12,SATISFIABLE,1+,0.030,0.01,0.01,0.00,0.030
16_Enumerate_Standard_Full_1_DEFAULT_26740,16,Enumerate,Standard,Full,1,DEFAULT,26740,2-triple-12,SATISFIABLE,1+,0.021,0.01,0.01,0.00,0.021
17_Enumerate_Standard_Full_2_DEFAULT_22856,17,Enumerate,Standard,Full,2,DEFAULT,22856,2-triple-12,SATISFIABLE,1+,0.020,0.01,0.01,0.00,0.020
19_Enumerate_Standard_Full_1_DEFAULT_6751,19,Enumerate,Standard,Full,1,DEFAULT,6751,2-triple-12,SATISFIABLE,1+,0.037,0.02,0.02,0.00,0.037
1_Enumerate_Standard_Full_1_DEFAULT_31681,1,Enumerate,Standard,Full,1,DEFAULT,31681,2-triple-12,SATISFIABLE,1+,0.020,0.01,0.01,0.00,0.020
22_Enumerate_Standard_Full_1_DEFAULT_16849,22,Enumerate,Standard,Full,1,DEFAULT,16849,2-triple-12,SATISFIABLE,1+,0.016,0.00,0.00,0.00,0.016
23_Enumerate_Standard_Full_2_DEFAULT_29843,23,Enumerate,Standard,Full,2,DEFAULT,29843,2-triple-12,SATISFIABLE,1+,0.018,0.00,0.00,0.00,0.018
24_Enumerate_Standard_Full_3_DEFAULT_8299,24,Enumerate,Standard,Full,3,DEFAULT,8299,2-triple-12,SATISFIABLE,1+,0.016,0.00,0.00,0.00,0.016
25_Enumerate_Standard_Full_1_DEFAULT_6709,25,Enumerate,Standard,Full,1,DEFAULT,6709,2-triple-12,SATISFIABLE,1+,0.020,0.00,0.00,0.00,0.020
28_Enumerate_Standard_Full_1_DEFAULT_11547,28,Enumerate,Standard,Full,1,DEFAULT,11547,2-triple-12,SATISFIABLE,1+,0.021,0.01,0.01,0.00,0.021
29_Enumerate_Standard_Full_2_DEFAULT_7260,29,Enumerate,Standard,Full,2,DEFAULT,7260,2-triple-12,SATISFIABLE,1+,0.018,0.01,0.01,0.00,0.018
2_Enumerate_Standard_Full_2_DEFAULT_4634,2,Enumerate,Standard,Full,2,DEFAULT,4634,2-triple-12,SATISFIABLE,1+,0.016,0.00,0.00,0.00,0.016
30_Enumerate_Standard_Full_3_DEFAULT_21865,30,Enumerate,Standard,Full,3,DEFAULT,21865,2-triple-12,SATISFIABLE,1+,0.014,0.00,0.00,0.00,0.014
31_Enumerate_Standard_Full_1_DEFAULT_16017,31,Enumerate,Standard,Full,1,DEFAULT,16017,2-triple-12,SATISFIABLE,1+,0.019,0.01,0.01,0.00,0.019
32_Enumerate_Standard_Full_2_DEFAULT_29417,32,Enumerate,Standard,Full,2,DEFAULT,29417,2-triple-12,SATISFIABLE,1+,0.022,0.01,0.01,0.00,0.022
34_Enumerate_Standard_Full_1_DEFAULT_10456,34,Enumerate,Standard,Full,1,DEFAULT,10456,2-triple-12,SATISFIABLE,1+,0.018,0.01,0.01,0.00,0.018
35_Enumerate_Standard_Full_2_DEFAULT_25977,35,Enumerate,Standard,Full,2,DEFAULT,25977,2-triple-12,SATISFIABLE,1+,0.014,0.00,0.00,0.00,0.014
36_Enumerate_Standard_Full_3_DEFAULT_20418,36,Enumerate,Standard,Full,3,DEFAULT,20418,2-triple-12,SATISFIABLE,1+,0.018,0.00,0.00,0.00,0.018
37_Enumerate_Standard_Full_1_DEFAULT_3380,37,Enumerate,Standard,Full,1,DEFAULT,3380,2-triple-12,SATISFIABLE,1+,0.023,0.01,0.01,0.00,0.023
38_Enumerate_Standard_Full_2_DEFAULT_4490,38,Enumerate,Standard,Full,2,DEFAULT,4490,2-triple-12,SATISFIABLE,1+,0.014,0.00,0.00,0.00,0.014
40_Enumerate_Standard_Full_1_DEFAULT_14157,40,Enumerate,Standard,Full,1,DEFAULT,14157,2-triple-12,SATISFIABLE,1+,0.018,0.00,0.00,0.00,0.018
41_Enumerate_Standard_Full_2_DEFAULT_69,41,Enumerate,Standard,Full,2,DEFAULT,69,2-triple-12,SATISFIABLE,1+,0.018,0.00,0.00,0.00,0.018
44_Enumerate_Standard_Full_2_DEFAULT_13524,44,Enumerate,Standard,Full,2,DEFAULT,13524,2-triple-12,SATISFIABLE,1+,0.020,0.00,0.00,0.00,0.020
47_Enumerate_Standard_Full_2_DEFAULT_23256,47,Enumerate,Standard,Full,2,DEFAULT,23256,2-triple-12,SATISFIABLE,1+,0.015,0.00,0.00,0.00,0.015
49_Enumerate_Standard_Full_1_DEFAULT_6652,49,Enumerate,Standard,Full,1,DEFAULT,6652,2-triple-12,SATISFIABLE,1+,0.017,0.00,0.00,0.00,0.017
4_Enumerate_Standard_Full_1_DEFAULT_15262,4,Enumerate,Standard,Full,1,DEFAULT,15262,2-triple-12,SATISFIABLE,1+,0.021,0.01,0.01,0.00,0.021
52_Enumerate_Standard_Full_1_DEFAULT_759,52,Enumerate,Standard,Full,1,DEFAULT,759,2-triple-12,SATISFIABLE,1+,0.019,0.01,0.01,0.00,0.019
53_Enumerate_Standard_Full_2_DEFAULT_2001,53,Enumerate,Standard,Full,2,DEFAULT,2001,2-triple-12,SATISFIABLE,1+,0.024,0.01,0.01,0.00,0.024
55_Enumerate_Standard_Full_1_DEFAULT_2905,55,Enumerate,Standard,Full,1,DEFAULT,2905,2-triple-12,SATISFIABLE,1+,0.015,0.00,0.00,0.00,0.015
58_Enumerate_Standard_Full_1_DEFAULT_26985,58,Enumerate,Standard,Full,1,DEFAULT,26985,2-triple-12,SATISFIABLE,1+,0.049,0.04,0.04,0.00,0.049
59_Enumerate_Standard_Full_2_DEFAULT_16281,59,Enumerate,Standard,Full,2,DEFAULT,16281,2-triple-12,SATISFIABLE,1+,0.018,0.00,0.00,0.00,0.018
60_Enumerate_Standard_Full_3_DEFAULT_16345,60,Enumerate,Standard,Full,3,DEFAULT,16345,2-triple-12,SATISFIABLE,1+,0.024,0.01,0.01,0.00,0.024
64_Enumerate_Standard_Full_1_DEFAULT_24318,64,Enumerate,Standard,Full,1,DEFAULT,24318,2-triple-12,SATISFIABLE,1+,0.021,0.01,0.01,0.00,0.021
65_Enumerate_Standard_Full_2_DEFAULT_26740,65,Enumerate,Standard,Full,2,DEFAULT,26740,2-triple-12,SATISFIABLE,1+,0.016,0.00,0.00,0.00,0.016
66_Enumerate_Standard_Full_3_DEFAULT_23583,66,Enumerate,Standard,Full,3,DEFAULT,23583,2-triple-12,SATISFIABLE,1+,0.026,0.01,0.01,0.00,0.026
68_Enumerate_Standard_Full_2_DEFAULT_19383,68,Enumerate,Standard,Full,2,DEFAULT,19383,2-triple-12,SATISFIABLE,1+,0.016,0.00,0.00,0.00,0.016
69_Enumerate_Standard_Full_3_DEFAULT_7579,69,Enumerate,Standard,Full,3,DEFAULT,7579,2-triple-12,SATISFIABLE,1+,0.019,0.00,0.00,0.00,0.019
70_Enumerate_Standard_Full_1_DEFAULT_28975,70,Enumerate,Standard,Full,1,DEFAULT,28975,2-triple-12,SATISFIABLE,1+,0.019,0.01,0.01,0.00,0.019
73_Enumerate_Standard_Full_1_DEFAULT_5107,73,Enumerate,Standard,Full,1,DEFAULT,5107,2-triple-12,SATISFIABLE,1+,0.018,0.00,0.00,0.00,0.018
77_Enumerate_Standard_Full_2_DEFAULT_12399,77,Enumerate,Standard,Full,2,DEFAULT,12399,2-triple-12,SATISFIABLE,1+,0.048,0.03,0.03,0.00,0.048
78_Enumerate_Standard_Full_3_DEFAULT_5812,78,Enumerate,Standard,Full,3,DEFAULT,5812,2-triple-12,SATISFIABLE,1+,0.019,0.00,0.00,0.00,0.019
79_Enumerate_Standard_Full_1_DEFAULT_21123,79,Enumerate,Standard,Full,1,DEFAULT,21123,2-triple-12,SATISFIABLE,1+,0.023,0.01,0.01,0.00,0.023
7_Enumerate_Standard_Full_1_DEFAULT_3718,7,Enumerate,Standard,Full,1,DEFAULT,3718,2-triple-12,SATISFIABLE,1+,0.018,0.00,0.00,0.00,0.018
82_Enumerate_Standard_Full_1_DEFAULT_26645,82,Enumerate,Standard,Full,1,DEFAULT,26645,2-triple-12,SATISFIABLE,1+,0.024,0.01,0.01,0.00,0.024
83_Enumerate_Standard_Full_2_DEFAULT_4448,83,Enumerate,Standard,Full,2,DEFAULT,4448,2-triple-12,SATISFIABLE,1+,0.027,0.01,0.01,0.00,0.027
84_Enumerate_Standard_Full_3_DEFAULT_12868,84,Enumerate,Standard,Full,3,DEFAULT,12868,2-triple-12,SATISFIABLE,1+,0.017,0.00,0.00,0.00,0.017
85_Enumerate_Standard_Full_1_DEFAULT_1769,85,Enumerate,Standard,Full,1,DEFAULT,1769,2-triple-12,SATISFIABLE,1+,0.021,0.01,0.01,0.00,0.021
86_Enumerate_Standard_Full_2_DEFAULT_8467,86,Enumerate,Standard,Full,2,DEFAULT,8467,2-triple-12,SATISFIABLE,1+,0.027,0.01,0.01,0.00,0.027
87_Enumerate_Standard_Full_3_DEFAULT_14775,87,Enumerate,Standard,Full,3,DEFAULT,14775,2-triple-12,SATISFIABLE,1+,0.033,0.02,0.02,0.00,0.033
88_Enumerate_Standard_Full_1_DEFAULT_2212,88,Enumerate,Standard,Full,1,DEFAULT,2212,2-triple-12,SATISFIABLE,1+,0.023,0.01,0.01,0.00,0.023
8_Enumerate_Standard_Full_2_DEFAULT_26796,8,Enumerate,Standard,Full,2,DEFAULT,26796,2-triple-12,SATISFIABLE,1+,0.018,0.00,0.00,0.00,0.018
91_Enumerate_Standard_Full_1_DEFAULT_13383,91,Enumerate,Standard,Full,1,DEFAULT,13383,2-triple-12,SATISFIABLE,1+,0.028,0.01,0.01,0.00,0.028
92_Enumerate_Standard_Full_2_DEFAULT_2517,92,Enumerate,Standard,Full,2,DEFAULT,2517,2-triple-12,SATISFIABLE,1+,0.017,0.00,0.00,0.00,0.017
93_Enumerate_Standard_Full_3_DEFAULT_20286,93,Enumerate,Standard,Full,3,DEFAULT,20286,2-triple-12,SATISFIABLE,1+,0.020,0.01,0.01,0.00,0.020
94_Enumerate_Standard_Full_1_DEFAULT_13727,94,Enumerate,Standard,Full,1,DEFAULT,13727,2-triple-12,SATISFIABLE,1+,0.022,0.01,0.01,0.00,0.022
95_Enumerate_Standard_Full_2_DEFAULT_15928,95,Enumerate,Standard,Full,2,DEFAULT,15928,2-triple-12,SATISFIABLE,1+,0.021,0.01,0.01,0.00,0.021
97_Enumerate_Standard_Full_1_DEFAULT_32033,97,Enumerate,Standard,Full,1,DEFAULT,32033,2-triple-12,SATISFIABLE,1+,0.022,0.01,0.01,0.00,0.022
98_Enumerate_Standard_Full_2_DEFAULT_32598,98,Enumerate,Standard,Full,2,DEFAULT,32598,2-triple-12,SATISFIABLE,1+,0.039,0.03,0.03,0.00,0.039
