ConstraintFile,Id,Mode,Order,Full,Cell,Version,Seed,Instance,Result,Model,Time,Solving,1st Model,Unsat,CPU
103_Enumerate_Standard_Partial_201_DEFAULT_31869,103,Enumerate,Standard,Partial,201,DEFAULT,31869,Un-2-triple-15,UNKNOWN,0+,300.000,299.90,0.00,0.00,173.231
103_Enumerate_Standard_Partial_201_DEFAULT_31869,103,Enumerate,Standard,Partial,201,DEFAULT,31869,Un-2-triple-18,UNKNOWN,0+,300.009,299.88,0.00,0.00,170.358
103_Enumerate_Standard_Partial_201_DEFAULT_31869,103,Enumerate,Standard,Partial,201,DEFAULT,31869,Un-2-triple-9,UNSATISFIABLE,0,3.635,3.61,0.00,3.61,2.397
103_Enumerate_Standard_Partial_201_DEFAULT_31869,103,Enumerate,Standard,Partial,201,DEFAULT,31869,Un-2-triple-12,UNSATISFIABLE,0,41.522,41.48,0.00,41.48,24.037
103_Enumerate_Standard_Partial_201_DEFAULT_31869,103,Enumerate,Standard,Partial,201,DEFAULT,31869,2-triple-15,SATISFIABLE,1+,0.883,0.77,0.77,0.00,0.383
103_Enumerate_Standard_Partial_201_DEFAULT_31869,103,Enumerate,Standard,Partial,201,DEFAULT,31869,2-triple-18,SATISFIABLE,1+,47.875,47.71,47.71,0.00,27.241
103_Enumerate_Standard_Partial_201_DEFAULT_31869,103,Enumerate,Standard,Partial,201,DEFAULT,31869,2-triple-21,SATISFIABLE,1+,116.555,116.32,116.32,0.00,70.247
103_Enumerate_Standard_Partial_201_DEFAULT_31869,103,Enumerate,Standard,Partial,201,DEFAULT,31869,2-triple-9,SATISFIABLE,1+,0.077,0.00,0.00,0.00,0.009
103_Enumerate_Standard_Partial_201_DEFAULT_31869,103,Enumerate,Standard,Partial,201,DEFAULT,31869,2-triple-12,SATISFIABLE,1+,0.128,0.04,0.04,0.00,0.023
