,Directory,Files analysed with SBASS,Positive Examples in S,Ordering,SBC,Iteration,Cell,Seed,Opt,Time for creating examples,Time for solving ILP task,Total neg examples,Total pos examples,Neg examples uncovered,Learned Constraints
120,./../Problems/PUP/double_weight/,2-double-6-4.lp - 2-double-6-6.lp,Specific,Alternative,Full,0,1,31681,Nopt,56.113,1552.22,195,2,0," :- partnerunits(V1,V2), not zone2sensor(V1,V2), not closesensors(V1,V2).
 :- partnerunits(V2,V1), unit2zoneGEQ(V1,V2), not closesensors(V1,V2).
 :- unit2zoneGEQ(V1,V1), unit2sensorGEQ(V2,V1), not unit2sensorGEQ(V2,V2).
"
121,./../Problems/PUP/double_weight/,2-double-6-4.lp - 2-double-6-6.lp,Specific,Alternative,Full,0,2,4634,Nopt,118.872,276.511,390,4,4," :- partnerunits(V1,V2), closezones(V2,V1), not zone2sensor(V1,V2).
 :- zone2sensor(V1,V1), unit2zoneGEQ(V1,V1), not unit2sensorGEQ(V1,V1).
 :- unit2sensorGEQ(V2,V1), unit2sensorGEQ(V1,V2), closesensors(V1,V2).
 :- unit2zoneGEQ(V1,V2), unit2sensorGEQ(V2,V1), not unit2zoneGEQ(V2,V2).
"
122,./../Problems/PUP/double_weight/,2-double-6-4.lp - 2-double-6-6.lp,Specific,Alternative,Full,0,3,16837,Nopt,166.929,1669.82,585,6,19," :- unit2zoneGEQ(V1,V2), unit2sensorGEQ(V2,V1), not unit2zoneGEQ(V2,V2). 
 :- zone2sensor(V1,V1), unit2zoneGEQ(V1,V1), not unit2sensorGEQ(V1,V1).
 :- partnerunits(V1,V2), zone2sensor(V1,V1), not closesensors(V2,V1).
 :- zone2sensor(V1,V1), unit2zoneGEQ(V2,V1), not unit2zoneGEQ(V2,V2).
 :- unit2zoneGEQ(V1,V2), unit2sensorGEQ(V2,V1), not unit2zoneGEQ(V2,V2).
"
123,./../Problems/PUP/double_weight/,2-double-6-4.lp - 2-double-6-6.lp,Specific,Alternative,Full,0,1,15262,Nopt,26.276,1128.02,195,2,0," :- unit2zoneGEQ(V1,V2), unit2sensorGEQ(V2,V1), not zone2sensor(V1,V2). 
 :- zone2sensor(V1,V2), unit2sensorGEQ(V2,V1), not unit2zoneGEQ(V2,V2).
 :- partnerunits(V1,V2), unit2sensorGEQ(V1,V2), not zone2sensor(V1,V1).
"
124,./../Problems/PUP/double_weight/,2-double-6-4.lp - 2-double-6-6.lp,Specific,Alternative,Full,0,2,22084,Nopt,112.87,1232.44,390,4,2," :- partnerunits(V2,V1), zone2sensor(V1,V1), not closesensors(V2,V1).
 :- unit2zoneGEQ(V1,V2), unit2sensorGEQ(V3,V1), not unit2zoneGEQ(V3,V2).
"
125,./../Problems/PUP/double_weight/,2-double-6-4.lp - 2-double-6-6.lp,Specific,Alternative,Full,0,3,24758,Nopt,164.292,3233.55,585,6,1," :- partnerunits(V1,V2), unit2zoneGEQ(V1,V1), unit2zoneGEQ(V2,V2). 
 :- partnerunits(V2,V1), zone2sensor(V1,V1), not closesensors(V2,V1). 
 :- partnerunits(V2,V1), zone2sensor(V1,V1), not closesensors(V2,V1).
 :- unit2sensorGEQ(V2,V1), unit2sensorGEQ(V1,V2), closesensors(V1,V2).
"
126,./../Problems/PUP/double_weight/,2-double-6-4.lp - 2-double-6-6.lp,Specific,Alternative,Full,0,1,3718,Nopt,58.725,679.519,195,2,0," :- unit2sensorGEQ(V1,V1), not unit2zoneGEQ(V1,V1).
 :- partnerunits(V2,V1), zone2sensor(V1,V1), not closesensors(V1,V2).
 :- unit2sensorGEQ(V2,V1), unit2sensorGEQ(V1,V2), closezones(V1,V2).
"
127,./../Problems/PUP/double_weight/,2-double-6-4.lp - 2-double-6-6.lp,Specific,Alternative,Full,0,2,26796,Nopt,113.183,1268.02,390,4,0," :- unit2zoneGEQ(V1,V1), unit2sensorGEQ(V1,V1), not zone2sensor(V1,V1).
 :- partnerunits(V1,V2), zone2sensor(V1,V1), not closesensors(V2,V1).
 :- partnerunits(V1,V2), not unit2zoneGEQ(V1,V1), not unit2zoneGEQ(V2,V2).
 :- unit2sensorGEQ(V2,V1), unit2sensorGEQ(V1,V2), closesensors(V1,V2).
 :- unit2zoneGEQ(V1,V2), unit2sensorGEQ(V2,V1), not unit2zoneGEQ(V2,V1).
"
128,./../Problems/PUP/double_weight/,2-double-6-4.lp - 2-double-6-6.lp,Specific,Alternative,Full,0,3,25434,Nopt,109.441,626.078,585,6,1," :- unit2sensorGEQ(V1,V1), not unit2zoneGEQ(V1,V1).
 :- partnerunits(V1,V2), zone2sensor(V1,V1), not closesensors(V2,V1).
 :- zone2sensor(V1,V2), unit2sensorGEQ(V1,V1), not unit2zoneGEQ(V1,V2).
 :- unit2sensorGEQ(V2,V1), unit2sensorGEQ(V1,V2), closesensors(V1,V2).
"
129,./../Problems/PUP/double_weight/,2-double-6-4.lp - 2-double-6-6.lp,Specific,Alternative,Full,0,1,8598,Nopt,26.637,849.428,195,2,1," :- partnerunits(V1,V2), closezones(V1,V2), not zone2sensor(V1,V2).
 :- zone2sensor(V1,V1), unit2sensorGEQ(V2,V1), closezones(V2,V1).
 :- unit2zoneGEQ(V1,V2), unit2sensorGEQ(V3,V1), not unit2zoneGEQ(V3,V2).
"
130,./../Problems/PUP/double_weight/,2-double-6-4.lp - 2-double-6-6.lp,Specific,Alternative,Full,0,2,21172,Nopt,108.429,1428.23,390,4,0," :- unit2zoneGEQ(V1,V2), unit2sensorGEQ(V2,V1), not zone2sensor(V2,V2). 
 :- zone2sensor(V1,V2), unit2sensorGEQ(V2,V1), not unit2zoneGEQ(V2,V1).
 :- unit2zoneGEQ(V1,V2), unit2sensorGEQ(V2,V1), not zone2sensor(V2,V2).
 :- unit2zoneGEQ(V1,V2), unit2sensorGEQ(V2,V1), not unit2zoneGEQ(V1,V1).
"
131,./../Problems/PUP/double_weight/,2-double-6-4.lp - 2-double-6-6.lp,Specific,Alternative,Full,0,3,31928,Nopt,164.863,2052.26,585,6,19," :- partnerunits(V2,V1), zone2sensor(V1,V1), not closesensors(V2,V1).
 :- zone2sensor(V1,V1), unit2sensorGEQ(V1,V1), not unit2zoneGEQ(V1,V1).
 :- unit2sensorGEQ(V2,V1), unit2sensorGEQ(V1,V2), closesensors(V1,V2).
"
132,./../Problems/PUP/double_weight/,2-double-6-4.lp - 2-double-6-6.lp,Specific,Alternative,Full,0,1,29690,Nopt,55.536,644.916,195,2,3," :- zone2sensor(V1,V1), unit2zoneGEQ(V1,V1), not unit2sensorGEQ(V1,V1).
 :- partnerunits(V1,V2), zone2sensor(V1,V1), not closesensors(V2,V1).
 :- unit2sensorGEQ(V2,V1), unit2sensorGEQ(V1,V2), closesensors(V1,V2).
"
133,./../Problems/PUP/double_weight/,2-double-6-4.lp - 2-double-6-6.lp,Specific,Alternative,Full,0,2,3800,Nopt,54.567,1044.78,390,4,1," :- partnerunits(V1,V2), not zone2sensor(V2,V1), not closesensors(V1,V2).
 :- unit2sensorGEQ(V2,V1), unit2sensorGEQ(V1,V2), closezones(V1,V2).
 :- partnerunits(V1,V2), unit2sensorGEQ(V1,V2), not unit2zoneGEQ(V1,V1).
"
134,./../Problems/PUP/double_weight/,2-double-6-4.lp - 2-double-6-6.lp,Specific,Alternative,Full,0,3,1743,Nopt,174.37,1876.74,585,6,14," :- unit2sensorGEQ(V2,V1), unit2sensorGEQ(V1,V2), closesensors(V1,V2). 
 :- zone2sensor(V1,V1), not unit2zoneGEQ(V1,V1).
 :- partnerunits(V1,V2), zone2sensor(V1,V1), not closesensors(V1,V2).
 :- unit2sensorGEQ(V2,V1), unit2sensorGEQ(V1,V2), closesensors(V1,V2).
"
135,./../Problems/PUP/double_weight/,2-double-6-4.lp - 2-double-6-6.lp,Specific,Alternative,Full,0,1,26740,Nopt,27.019,1455.93,195,2,0," :- unit2sensorGEQ(V2,V1), unit2sensorGEQ(V1,V2), closesensors(V1,V2). 
 :- partnerunits(V1,V2), closezones(V2,V1), not zone2sensor(V2,V1).
 :- unit2sensorGEQ(V2,V1), unit2sensorGEQ(V1,V2), closezones(V1,V2).
 :- unit2sensorGEQ(V2,V1), unit2sensorGEQ(V1,V2), closesensors(V1,V2).
"
136,./../Problems/PUP/double_weight/,2-double-6-4.lp - 2-double-6-6.lp,Specific,Alternative,Full,0,2,22856,Nopt,37.195,2630.14,390,4,2," :- partnerunits(V2,V1), zone2sensor(V1,V1), not closesensors(V1,V2). 
 :- partnerunits(V2,V1), zone2sensor(V1,V1), not closesensors(V1,V2).
 :- zone2sensor(V1,V2), unit2sensorGEQ(V2,V1), not unit2zoneGEQ(V2,V2).
 :- zone2sensor(V1,V1), unit2sensorGEQ(V2,V1), not unit2zoneGEQ(V2,V1).
 :- unit2sensorGEQ(V2,V1), unit2sensorGEQ(V1,V2), closesensors(V1,V2).
"
138,./../Problems/PUP/double_weight/,2-double-6-4.lp - 2-double-6-6.lp,Specific,Alternative,Full,0,1,6751,Nopt,27.154,535.363,195,2,0," :- unit2sensorGEQ(V1,V1), not unit2zoneGEQ(V1,V1).
 :- partnerunits(V1,V2), zone2sensor(V1,V1), not closesensors(V1,V2).
 :- unit2sensorGEQ(V2,V1), unit2sensorGEQ(V1,V2), closezones(V1,V2).
"
139,./../Problems/PUP/double_weight/,2-double-6-4.lp - 2-double-6-6.lp,Specific,Alternative,Full,0,2,13658,Nopt,52.596,82.601,390,4,0," :- unit2zoneGEQ(V1,V1), unit2sensorGEQ(V2,V2), closesensors(V2,V1).
"
140,./../Problems/PUP/double_weight/,2-double-6-4.lp - 2-double-6-6.lp,Specific,Alternative,Full,0,3,717,Nopt,161.372,1464.01,585,6,7," :- partnerunits(V1,V2), zone2sensor(V1,V1), not closesensors(V2,V1).
 :- partnerunits(V1,V2), closezones(V1,V2), not unit2zoneGEQ(V2,V1).
 :- partnerunits(V1,V2), unit2sensorGEQ(V2,V1), unit2sensorGEQ(V1,V2).
"
141,./../Problems/PUP/double_weight/,2-double-6-4.lp - 2-double-6-6.lp,Specific,Alternative,Full,0,1,16849,Nopt,58.45,421.267,195,2,0," :- unit2zoneGEQ(V1,V1), unit2sensorGEQ(V1,V1), not zone2sensor(V1,V1).
 :- partnerunits(V2,V1), zone2sensor(V1,V1), not closesensors(V1,V2).
 :- unit2sensorGEQ(V2,V1), unit2sensorGEQ(V1,V2), closesensors(V1,V2).
"
142,./../Problems/PUP/double_weight/,2-double-6-4.lp - 2-double-6-6.lp,Specific,Alternative,Full,0,2,29843,Nopt,113.416,1903.29,390,4,3," :- partnerunits(V2,V1), zone2sensor(V1,V1), not closesensors(V1,V2).
 :- partnerunits(V1,V2), not unit2sensorGEQ(V1,V1), not unit2sensorGEQ(V2,V2).
 :- unit2sensorGEQ(V2,V1), unit2sensorGEQ(V1,V2), closesensors(V1,V2).
 :- unit2zoneGEQ(V1,V1), unit2sensorGEQ(V2,V1), not unit2zoneGEQ(V2,V1).
 :- unit2zoneGEQ(V1,V2), unit2sensorGEQ(V2,V1), not unit2zoneGEQ(V2,V2).
"
143,./../Problems/PUP/double_weight/,2-double-6-4.lp - 2-double-6-6.lp,Specific,Alternative,Full,0,3,8299,Nopt,79.332,842.47,585,6,0," :- unit2zoneGEQ(V1,V2), unit2sensorGEQ(V2,V2), not unit2zoneGEQ(V1,V1).
 :- unit2zoneGEQ(V1,V2), unit2sensorGEQ(V2,V1), not zone2sensor(V2,V2).
"
144,./../Problems/PUP/double_weight/,2-double-6-4.lp - 2-double-6-6.lp,Specific,Alternative,Full,0,1,6709,Nopt,50.979,802.471,195,2,1," :- partnerunits(V1,V2), not zone2sensor(V1,V2), not unit2sensorGEQ(V1,V1). 
 :- partnerunits(V2,V1), zone2sensor(V1,V1), not closesensors(V1,V2).
 :- partnerunits(V1,V2), not zone2sensor(V1,V2), not unit2sensorGEQ(V1,V1).
 :- zone2sensor(V1,V1), unit2sensorGEQ(V2,V1), not unit2zoneGEQ(V2,V1).
"
145,./../Problems/PUP/double_weight/,2-double-6-4.lp - 2-double-6-6.lp,Specific,Alternative,Full,0,2,24419,Nopt,112.514,1358.32,390,4,0," :- partnerunits(V2,V1), zone2sensor(V1,V1), not closesensors(V1,V2). 
 :- partnerunits(V2,V1), zone2sensor(V1,V1), not closesensors(V1,V2).
 :- unit2sensorGEQ(V2,V1), unit2sensorGEQ(V1,V2), closesensors(V1,V2).
 :- unit2zoneGEQ(V1,V2), unit2sensorGEQ(V2,V1), not unit2zoneGEQ(V1,V1).
"
146,./../Problems/PUP/double_weight/,2-double-6-4.lp - 2-double-6-6.lp,Specific,Alternative,Full,0,3,14456,Nopt,163.451,1388.43,585,6,2," :- partnerunits(V1,V2), zone2sensor(V1,V1), not closesensors(V1,V2).
 :- zone2sensor(V1,V2), unit2sensorGEQ(V1,V1), not unit2sensorGEQ(V1,V2).
 :- zone2sensor(V1,V1), unit2sensorGEQ(V2,V1), not unit2zoneGEQ(V2,V1).
"
147,./../Problems/PUP/double_weight/,2-double-6-4.lp - 2-double-6-6.lp,Specific,Alternative,Full,0,1,11547,Nopt,25.904,1466.58,195,2,0," :- zone2sensor(V1,V1), unit2zoneGEQ(V1,V1), not unit2sensorGEQ(V1,V1).
 :- partnerunits(V1,V2), closezones(V1,V2), not zone2sensor(V2,V1).
 :- zone2sensor(V1,V1), unit2zoneGEQ(V2,V1), not unit2zoneGEQ(V2,V2).
 :- partnerunits(V1,V2), unit2zoneGEQ(V1,V2), not closesensors(V1,V2).
"
148,./../Problems/PUP/double_weight/,2-double-6-4.lp - 2-double-6-6.lp,Specific,Alternative,Full,0,2,7260,Nopt,110.904,794.562,390,4,0," :- zone2sensor(V1,V1), not unit2sensorGEQ(V1,V1).
 :- partnerunits(V2,V1), zone2sensor(V1,V1), not closesensors(V2,V1).
 :- partnerunits(V1,V2), not unit2zoneGEQ(V1,V1), not unit2zoneGEQ(V2,V2).
 :- unit2sensorGEQ(V2,V1), unit2sensorGEQ(V1,V2), closezones(V1,V2).
 :- partnerunits(V1,V2), unit2sensorGEQ(V2,V1), unit2sensorGEQ(V1,V2).
"
150,./../Problems/PUP/double_weight/,2-double-6-4.lp - 2-double-6-6.lp,Specific,Alternative,Full,0,1,16017,Nopt,26.626,673.437,195,2,0," :- partnerunits(V1,V2), unit2sensorGEQ(V1,V1), unit2sensorGEQ(V2,V2).
 :- unit2zoneGEQ(V1,V2), unit2sensorGEQ(V2,V1), not zone2sensor(V2,V2).
 :- partnerunits(V1,V2), not unit2zoneGEQ(V2,V1), not unit2zoneGEQ(V1,V2).
"
151,./../Problems/PUP/double_weight/,2-double-6-4.lp - 2-double-6-6.lp,Specific,Alternative,Full,0,2,29417,Nopt,117.713,1011.51,390,4,0," :- partnerunits(V2,V1), zone2sensor(V1,V1), not closesensors(V2,V1).
 :- zone2sensor(V1,V2), unit2sensorGEQ(V2,V1), not unit2zoneGEQ(V2,V1).
 :- unit2sensorGEQ(V2,V1), unit2sensorGEQ(V1,V2), closezones(V1,V2).
 :- unit2zoneGEQ(V1,V2), unit2sensorGEQ(V2,V1), not unit2zoneGEQ(V2,V1).
"
152,./../Problems/PUP/double_weight/,2-double-6-4.lp - 2-double-6-6.lp,Specific,Alternative,Full,0,3,25421,Nopt,167.349,2501.42,585,6,8," :- partnerunits(V2,V1), zone2sensor(V1,V1), not closesensors(V1,V2).
 :- zone2sensor(V1,V1), unit2sensorGEQ(V2,V1), not unit2zoneGEQ(V2,V1).
 :- unit2sensorGEQ(V2,V1), unit2sensorGEQ(V1,V2), closesensors(V1,V2).
 :- partnerunits(V1,V2), not unit2sensorGEQ(V2,V1), not unit2sensorGEQ(V1,V2).
"
153,./../Problems/PUP/double_weight/,2-double-6-4.lp - 2-double-6-6.lp,Specific,Alternative,Full,0,1,10456,Nopt,26.096,402.115,195,2,0," :- zone2sensor(V1,V1), not unit2zoneGEQ(V1,V1).
 :- zone2sensor(V1,V1), not unit2sensorGEQ(V1,V1).
 :- unit2zoneGEQ(V1,V2), unit2sensorGEQ(V2,V1), not zone2sensor(V2,V2).
"
156,./../Problems/PUP/double_weight/,2-double-6-4.lp - 2-double-6-6.lp,Specific,Alternative,Full,0,1,3380,Nopt,59.122,1001.89,195,2,0," :- partnerunits(V2,V1), zone2sensor(V1,V1), not closesensors(V1,V2).
 :- zone2sensor(V1,V1), closezones(V1,V2), not unit2zoneGEQ(V1,V2).
 :- unit2sensorGEQ(V2,V1), unit2sensorGEQ(V1,V2), closezones(V1,V2).
"
157,./../Problems/PUP/double_weight/,2-double-6-4.lp - 2-double-6-6.lp,Specific,Alternative,Full,0,2,4490,Nopt,110.894,235.673,390,4,0," :- unit2sensorGEQ(V1,V1), not unit2zoneGEQ(V1,V1).
 :- zone2sensor(V1,V1), unit2zoneGEQ(V2,V2), closezones(V2,V1).
"
158,./../Problems/PUP/double_weight/,2-double-6-4.lp - 2-double-6-6.lp,Specific,Alternative,Full,0,3,29743,Nopt,165.994,1045.47,585,6,5," :- unit2sensorGEQ(V1,V1), not unit2zoneGEQ(V1,V1).
 :- partnerunits(V1,V2), zone2sensor(V1,V1), not closesensors(V2,V1).
 :- unit2sensorGEQ(V2,V1), unit2sensorGEQ(V1,V2), closezones(V1,V2).
"
159,./../Problems/PUP/double_weight/,2-double-6-4.lp - 2-double-6-6.lp,Specific,Alternative,Full,0,1,14157,Nopt,25.833,788.12,195,2,0," :- partnerunits(V1,V2), closezones(V1,V2), not closesensors(V2,V1).
 :- unit2sensorGEQ(V2,V1), unit2sensorGEQ(V1,V2), closezones(V1,V2).
 :- unit2sensorGEQ(V2,V1), unit2sensorGEQ(V1,V2), closesensors(V1,V2).
"
160,./../Problems/PUP/double_weight/,2-double-6-4.lp - 2-double-6-6.lp,Specific,Alternative,Full,0,2,69,Nopt,110.957,1300.81,342,4,7," :- zone2sensor(V1,V1), unit2zoneGEQ(V1,V1), not unit2sensorGEQ(V1,V1).
 :- partnerunits(V1,V2), zone2sensor(V1,V1), not closesensors(V2,V1).
 :- zone2sensor(V1,V1), unit2sensorGEQ(V1,V1), not unit2zoneGEQ(V1,V1).
 :- unit2sensorGEQ(V2,V1), unit2sensorGEQ(V1,V2), closesensors(V1,V2).
"
161,./../Problems/PUP/double_weight/,2-double-6-4.lp - 2-double-6-6.lp,Specific,Alternative,Full,0,3,3023,Nopt,164.725,2412.59,585,6,9," :- zone2sensor(V1,V1), not unit2zoneGEQ(V1,V1). 
 :- partnerunits(V2,V1), zone2sensor(V1,V1), not closesensors(V2,V1).
 :- unit2sensorGEQ(V2,V1), unit2sensorGEQ(V1,V2), closezones(V1,V2).
 :- unit2sensorGEQ(V2,V1), unit2sensorGEQ(V1,V2), closesensors(V1,V2).
"
162,./../Problems/PUP/double_weight/,2-double-6-4.lp - 2-double-6-6.lp,Specific,Alternative,Full,0,1,14690,Nopt,27.281,1064.15,195,2,0," :- zone2sensor(V1,V2), unit2sensorGEQ(V2,V2), not unit2zoneGEQ(V1,V1).
 :- zone2sensor(V1,V2), unit2sensorGEQ(V1,V2), not unit2sensorGEQ(V2,V2).
"
163,./../Problems/PUP/double_weight/,2-double-6-4.lp - 2-double-6-6.lp,Specific,Alternative,Full,0,2,13524,Nopt,118.718,656.447,390,4,0," :- zone2sensor(V1,V1), unit2sensorGEQ(V2,V1), closezones(V1,V2).
 :- partnerunits(V1,V2), zone2sensor(V1,V1), not closesensors(V2,V1).
 :- unit2zoneGEQ(V1,V2), unit2sensorGEQ(V2,V1), not zone2sensor(V2,V1).
"
164,./../Problems/PUP/double_weight/,2-double-6-4.lp - 2-double-6-6.lp,Specific,Alternative,Full,0,3,15622,Nopt,163.716,2123.53,585,6,5," :- unit2sensorGEQ(V1,V1), closesensors(V1,V2), not unit2zoneGEQ(V1,V2). 
 :- partnerunits(V2,V1), zone2sensor(V1,V1), not closesensors(V2,V1).
 :- zone2sensor(V1,V1), unit2sensorGEQ(V1,V1), not unit2zoneGEQ(V1,V1).
 :- partnerunits(V1,V2), not unit2zoneGEQ(V1,V1), not unit2zoneGEQ(V2,V2).
 :- unit2sensorGEQ(V2,V1), unit2sensorGEQ(V1,V2), closesensors(V1,V2).
"
165,./../Problems/PUP/double_weight/,2-double-6-4.lp - 2-double-6-6.lp,Specific,Alternative,Full,0,1,10222,Nopt,59.875,797.821,195,2,0," :- unit2zoneGEQ(V1,V1), unit2sensorGEQ(V1,V1), not zone2sensor(V1,V1).
 :- partnerunits(V1,V2), closezones(V1,V2), not zone2sensor(V2,V1).
 :- unit2sensorGEQ(V2,V1), unit2sensorGEQ(V1,V2), closesensors(V1,V2).
"
166,./../Problems/PUP/double_weight/,2-double-6-4.lp - 2-double-6-6.lp,Specific,Alternative,Full,0,2,23256,Nopt,116.276,833.572,390,4,0," :- partnerunits(V1,V2), not zone2sensor(V2,V1), not unit2zoneGEQ(V1,V1).
 :- unit2sensorGEQ(V2,V1), unit2sensorGEQ(V1,V2), closezones(V1,V2).
"
167,./../Problems/PUP/double_weight/,2-double-6-4.lp - 2-double-6-6.lp,Specific,Alternative,Full,0,3,29764,Nopt,79.426,1399.54,585,6,6," :- zone2sensor(V1,V1), unit2zoneGEQ(V1,V1), not unit2sensorGEQ(V1,V1).
 :- partnerunits(V1,V2), zone2sensor(V1,V1), not closesensors(V1,V2).
 :- partnerunits(V1,V2), unit2sensorGEQ(V2,V1), unit2sensorGEQ(V1,V2).
"
168,./../Problems/PUP/double_weight/,2-double-6-4.lp - 2-double-6-6.lp,Specific,Alternative,Full,0,1,6652,Nopt,26.414,1073.7,195,2,0," :- zone2sensor(V1,V2), unit2sensorGEQ(V2,V2), not unit2zoneGEQ(V1,V1).
 :- unit2sensorGEQ(V2,V1), unit2sensorGEQ(V1,V2), closesensors(V1,V2).
"
169,./../Problems/PUP/double_weight/,2-double-6-4.lp - 2-double-6-6.lp,Specific,Alternative,Full,0,2,27221,Nopt,113.97,1199.7,390,4,1," :- partnerunits(V1,V2), zone2sensor(V1,V1), not closesensors(V2,V1).
 :- unit2sensorGEQ(V1,V2), closezones(V2,V1), not unit2zoneGEQ(V1,V1).
 :- unit2sensorGEQ(V2,V1), unit2sensorGEQ(V1,V2), closezones(V1,V2).
 :- unit2zoneGEQ(V1,V2), unit2sensorGEQ(V2,V1), not unit2zoneGEQ(V2,V2).
"
170,./../Problems/PUP/double_weight/,2-double-6-4.lp - 2-double-6-6.lp,Specific,Alternative,Full,0,3,28577,Nopt,78.894,2717.3,585,6,4," :- unit2zoneGEQ(V1,V1), not zone2sensor(V1,V1), not unit2sensorGEQ(V1,V1). 
 :- zone2sensor(V1,V1), unit2sensorGEQ(V1,V1), not unit2zoneGEQ(V1,V1).
 :- partnerunits(V1,V2), closezones(V2,V1), not zone2sensor(V2,V1).
 :- unit2sensorGEQ(V2,V1), unit2sensorGEQ(V1,V2), closesensors(V1,V2).
 :- unit2zoneGEQ(V1,V1), unit2sensorGEQ(V2,V1), not unit2zoneGEQ(V2,V1).
 :- partnerunits(V1,V2), not unit2zoneGEQ(V2,V1), not unit2zoneGEQ(V1,V2).
"
171,./../Problems/PUP/double_weight/,2-double-6-4.lp - 2-double-6-6.lp,Specific,Alternative,Full,0,1,759,Nopt,57.008,232.848,195,2,2," :- partnerunits(V2,V1), zone2sensor(V1,V1), not closesensors(V2,V1).
 :- unit2zoneGEQ(V1,V2), unit2sensorGEQ(V3,V1), not unit2zoneGEQ(V3,V2).
"
172,./../Problems/PUP/double_weight/,2-double-6-4.lp - 2-double-6-6.lp,Specific,Alternative,Full,0,2,2001,Nopt,86.961,979.408,390,4,2," :- partnerunits(V1,V2), unit2zoneGEQ(V1,V2), not closesensors(V1,V2).
 :- unit2sensorGEQ(V2,V1), unit2sensorGEQ(V1,V2), closezones(V1,V2).
"
173,./../Problems/PUP/double_weight/,2-double-6-4.lp - 2-double-6-6.lp,Specific,Alternative,Full,0,3,10002,Nopt,163.917,789.05,585,6,0," :- partnerunits(V2,V1), zone2sensor(V1,V1), not closesensors(V2,V1).
 :- unit2sensorGEQ(V2,V1), unit2sensorGEQ(V1,V2), closesensors(V1,V2).
 :- unit2zoneGEQ(V1,V2), unit2sensorGEQ(V1,V1), not unit2zoneGEQ(V1,V1).
"
174,./../Problems/PUP/double_weight/,2-double-6-4.lp - 2-double-6-6.lp,Specific,Alternative,Full,0,1,2905,Nopt,54.578,566.21,195,2,1," :- zone2sensor(V1,V1), not unit2zoneGEQ(V1,V1).
 :- partnerunits(V1,V2), zone2sensor(V1,V1), not closesensors(V1,V2).
 :- zone2sensor(V1,V1), unit2sensorGEQ(V2,V1), not unit2zoneGEQ(V2,V1).
 :- unit2sensorGEQ(V2,V1), unit2sensorGEQ(V1,V2), closesensors(V1,V2).
 :- partnerunits(V1,V2), not unit2sensorGEQ(V2,V1), not unit2sensorGEQ(V1,V2).
"
175,./../Problems/PUP/double_weight/,2-double-6-4.lp - 2-double-6-6.lp,Specific,Alternative,Full,0,2,27702,Nopt,121.478,1958.46,390,4,6," :- unit2zoneGEQ(V1,V1), unit2sensorGEQ(V1,V1), not zone2sensor(V1,V1).
 :- partnerunits(V1,V2), zone2sensor(V1,V1), not closesensors(V2,V1).
 :- unit2sensorGEQ(V2,V1), unit2sensorGEQ(V1,V2), closesensors(V1,V2).
 :- unit2zoneGEQ(V1,V2), unit2sensorGEQ(V2,V1), not unit2zoneGEQ(V2,V2).
"
176,./../Problems/PUP/double_weight/,2-double-6-4.lp - 2-double-6-6.lp,Specific,Alternative,Full,0,3,4997,Nopt,175.062,804.283,585,6,6," :- zone2sensor(V1,V1), not unit2zoneGEQ(V1,V1).
 :- partnerunits(V2,V1), zone2sensor(V1,V1), not closesensors(V2,V1).
 :- unit2sensorGEQ(V2,V1), unit2sensorGEQ(V1,V2), closezones(V1,V2).
"
177,./../Problems/PUP/double_weight/,2-double-6-4.lp - 2-double-6-6.lp,Specific,Alternative,Full,0,1,26985,Nopt,60.504,407.823,195,2,0," :- partnerunits(V1,V2), zone2sensor(V1,V1), not closesensors(V1,V2).
 :- unit2zoneGEQ(V1,V2), unit2sensorGEQ(V2,V1), closezones(V1,V2).
"
178,./../Problems/PUP/double_weight/,2-double-6-4.lp - 2-double-6-6.lp,Specific,Alternative,Full,0,2,16281,Nopt,53.258,314.128,390,4,2," :- partnerunits(V1,V2), zone2sensor(V1,V1), not closesensors(V1,V2).
 :- unit2sensorGEQ(V2,V1), unit2sensorGEQ(V1,V2), not zone2sensor(V1,V1).
"
179,./../Problems/PUP/double_weight/,2-double-6-4.lp - 2-double-6-6.lp,Specific,Alternative,Full,0,3,16345,Nopt,165.402,1371.8,585,6,0," :- partnerunits(V2,V1), zone2sensor(V1,V1), not closesensors(V2,V1).
 :- zone2sensor(V1,V2), unit2sensorGEQ(V2,V2), not unit2zoneGEQ(V1,V1).
 :- unit2sensorGEQ(V2,V1), unit2sensorGEQ(V1,V2), closezones(V1,V2).
"
180,./../Problems/PUP/double_weight/,2-double-6-4.lp - 2-double-6-6.lp,Specific,Alternative,Full,0,1,14189,Nopt,54.997,1151.32,295,2,2," :- unit2sensorGEQ(V2,V1), unit2sensorGEQ(V1,V2), closesensors(V1,V2). 
 :- partnerunits(V1,V2), not zone2sensor(V2,V1), not unit2zoneGEQ(V1,V1).
 :- unit2sensorGEQ(V2,V1), unit2sensorGEQ(V1,V2), closesensors(V1,V2).
"
181,./../Problems/PUP/double_weight/,2-double-6-4.lp - 2-double-6-6.lp,Specific,Alternative,Full,0,2,21352,Nopt,105.16,1028.63,590,4,0," :- unit2zoneGEQ(V1,V2), not unit2zoneGEQ(V2,V1), not unit2sensorGEQ(V1,V2). 
 :- partnerunits(V1,V2), closezones(V1,V2), not zone2sensor(V2,V1).
 :- partnerunits(V1,V2), not zone2sensor(V2,V1), not unit2zoneGEQ(V1,V1).
 :- zone2sensor(V1,V1), unit2sensorGEQ(V2,V1), not unit2zoneGEQ(V2,V1).
"
183,./../Problems/PUP/double_weight/,2-double-6-4.lp - 2-double-6-6.lp,Specific,Alternative,Full,0,1,24318,Nopt,29.247,1372.18,295,2,0," :- partnerunits(V1,V2), zone2sensor(V1,V1), not closesensors(V1,V2).
 :- unit2zoneGEQ(V1,V2), unit2sensorGEQ(V2,V1), closezones(V2,V1).
"
184,./../Problems/PUP/double_weight/,2-double-6-4.lp - 2-double-6-6.lp,Specific,Alternative,Full,0,2,26740,Nopt,53.814,1620.61,590,4,0," :- unit2sensorGEQ(V1,V1), not zone2sensor(V1,V1). 
 :- partnerunits(V1,V2), closezones(V1,V2), not zone2sensor(V1,V2).
 :- unit2sensorGEQ(V2,V1), unit2sensorGEQ(V1,V2), closezones(V1,V2).
 :- unit2sensorGEQ(V2,V1), unit2sensorGEQ(V1,V2), closesensors(V1,V2).
"
185,./../Problems/PUP/double_weight/,2-double-6-4.lp - 2-double-6-6.lp,Specific,Alternative,Full,0,3,23583,Nopt,171.348,1128.7,885,6,3," :- partnerunits(V2,V1), zone2sensor(V1,V1), not closesensors(V1,V2).
 :- unit2sensorGEQ(V2,V1), unit2sensorGEQ(V1,V2), closezones(V1,V2).
"
186,./../Problems/PUP/double_weight/,2-double-6-4.lp - 2-double-6-6.lp,Specific,Alternative,Full,0,1,17876,Nopt,55.619,500.604,295,2,0," :- partnerunits(V1,V2), zone2sensor(V1,V1), not closesensors(V1,V2).
 :- unit2zoneGEQ(V1,V2), closesensors(V1,V2), not unit2zoneGEQ(V1,V1).
 :- unit2sensorGEQ(V2,V1), unit2sensorGEQ(V1,V2), closesensors(V1,V2).
"
187,./../Problems/PUP/double_weight/,2-double-6-4.lp - 2-double-6-6.lp,Specific,Alternative,Full,0,2,19383,Nopt,113.162,801.935,590,4,0," :- partnerunits(V1,V2), zone2sensor(V1,V1), not closesensors(V1,V2).
 :- zone2sensor(V1,V2), unit2sensorGEQ(V2,V2), not unit2zoneGEQ(V1,V1).
 :- partnerunits(V2,V1), zone2sensor(V1,V1), not unit2zoneGEQ(V1,V2).
 :- unit2sensorGEQ(V2,V1), unit2sensorGEQ(V1,V2), closezones(V1,V2).
"
188,./../Problems/PUP/double_weight/,2-double-6-4.lp - 2-double-6-6.lp,Specific,Alternative,Full,0,3,7579,Nopt,186.148,1776.51,885,6,1," :- partnerunits(V2,V1), zone2sensor(V1,V1), not closesensors(V2,V1). 
 :- zone2sensor(V1,V1), unit2sensorGEQ(V1,V1), not unit2zoneGEQ(V1,V1).
 :- partnerunits(V1,V2), not zone2sensor(V2,V1), not closesensors(V2,V1).
 :- unit2sensorGEQ(V2,V1), unit2sensorGEQ(V1,V2), closezones(V1,V2).
 :- unit2zoneGEQ(V1,V2), unit2sensorGEQ(V2,V1), not unit2zoneGEQ(V2,V2).
 :- partnerunits(V1,V2), not unit2sensorGEQ(V2,V1), not unit2sensorGEQ(V1,V2).
"
189,./../Problems/PUP/double_weight/,2-double-6-4.lp - 2-double-6-6.lp,Specific,Alternative,Full,0,1,28975,Nopt,56.68,290.599,295,2,0," :- partnerunits(V1,V2), zone2sensor(V1,V1), not closesensors(V2,V1).
 :- unit2zoneGEQ(V1,V2), unit2sensorGEQ(V2,V1), closezones(V1,V2).
"
190,./../Problems/PUP/double_weight/,2-double-6-4.lp - 2-double-6-6.lp,Specific,Alternative,Full,0,2,1459,Nopt,53.308,1283.61,590,4,0," :- unit2zoneGEQ(V1,V1), unit2sensorGEQ(V1,V1), not zone2sensor(V1,V1).
 :- partnerunits(V1,V2), zone2sensor(V1,V1), not closesensors(V1,V2).
 :- unit2sensorGEQ(V2,V1), unit2sensorGEQ(V1,V2), closezones(V1,V2).
"
192,./../Problems/PUP/double_weight/,2-double-6-4.lp - 2-double-6-6.lp,Specific,Alternative,Full,0,1,5107,Nopt,56.558,1240.47,295,2,0," :- unit2sensorGEQ(V1,V2), closezones(V2,V1), not unit2zoneGEQ(V1,V2).
 :- unit2zoneGEQ(V1,V2), unit2sensorGEQ(V3,V1), not unit2zoneGEQ(V3,V2).
"
193,./../Problems/PUP/double_weight/,2-double-6-4.lp - 2-double-6-6.lp,Specific,Alternative,Full,0,2,10838,Nopt,53.578,1338.28,590,4,3," :- unit2zoneGEQ(V1,V1), unit2sensorGEQ(V1,V1), not zone2sensor(V1,V1).
 :- partnerunits(V1,V2), closezones(V2,V1), not closesensors(V2,V1).
 :- zone2sensor(V1,V1), unit2zoneGEQ(V2,V1), not unit2zoneGEQ(V2,V2).
 :- unit2sensorGEQ(V1,V2), closezones(V2,V1), not unit2zoneGEQ(V1,V2).
"
194,./../Problems/PUP/double_weight/,2-double-6-4.lp - 2-double-6-6.lp,Specific,Alternative,Full,0,3,21787,Nopt,80.614,1999.08,885,6,15," :- partnerunits(V1,V2), closezones(V2,V1), not zone2sensor(V1,V2).
 :- partnerunits(V2,V1), zone2sensor(V1,V1), not closesensors(V1,V2).
 :- unit2sensorGEQ(V2,V1), unit2sensorGEQ(V1,V2), closezones(V1,V2).
"
195,./../Problems/PUP/double_weight/,2-double-6-4.lp - 2-double-6-6.lp,Specific,Alternative,Full,0,1,9373,Nopt,55.773,185.916,295,2,0," :- unit2sensorGEQ(V1,V1), not unit2zoneGEQ(V1,V1).
 :- zone2sensor(V1,V1), unit2zoneGEQ(V2,V2), closezones(V1,V2).
"
196,./../Problems/PUP/double_weight/,2-double-6-4.lp - 2-double-6-6.lp,Specific,Alternative,Full,0,2,12399,Nopt,83.269,1135.02,590,4,0," :- zone2sensor(V1,V1), not unit2sensorGEQ(V1,V1). 
 :- partnerunits(V1,V2), zone2sensor(V1,V1), not closesensors(V2,V1).
 :- zone2sensor(V1,V2), unit2sensorGEQ(V2,V1), not unit2zoneGEQ(V2,V1).
 :- unit2sensorGEQ(V2,V1), unit2sensorGEQ(V1,V2), closesensors(V1,V2).
"
198,./../Problems/PUP/double_weight/,2-double-6-4.lp - 2-double-6-6.lp,Specific,Alternative,Full,0,1,21123,Nopt,27.698,707.735,295,2,0," :- zone2sensor(V1,V1), unit2zoneGEQ(V1,V1), not unit2sensorGEQ(V1,V1).
 :- partnerunits(V1,V2), closezones(V1,V2), not closesensors(V1,V2).
 :- unit2zoneGEQ(V1,V2), unit2sensorGEQ(V2,V1), not zone2sensor(V2,V2).
"
199,./../Problems/PUP/double_weight/,2-double-6-4.lp - 2-double-6-6.lp,Specific,Alternative,Full,0,2,32737,Nopt,54.047,732.685,590,4,0," :- partnerunits(V1,V2), closezones(V2,V1), not closesensors(V1,V2).
 :- unit2sensorGEQ(V2,V1), unit2sensorGEQ(V1,V2), closezones(V1,V2).
 :- unit2zoneGEQ(V1,V2), unit2sensorGEQ(V1,V2), not unit2sensorGEQ(V1,V1).
"
201,./../Problems/PUP/double_weight/,2-double-6-4.lp - 2-double-6-6.lp,Specific,Alternative,Full,0,1,26645,Nopt,51.456,2345.09,295,2,0," :- partnerunits(V1,V2), zone2sensor(V1,V1), not closesensors(V1,V2).
 :- partnerunits(V1,V2), not unit2zoneGEQ(V1,V1), not unit2zoneGEQ(V2,V2).
 :- unit2sensorGEQ(V2,V1), unit2sensorGEQ(V1,V2), closesensors(V1,V2).
 :- unit2zoneGEQ(V1,V2), unit2sensorGEQ(V2,V1), not unit2zoneGEQ(V1,V1).
"
202,./../Problems/PUP/double_weight/,2-double-6-4.lp - 2-double-6-6.lp,Specific,Alternative,Full,0,2,4448,Nopt,112.015,583.763,590,4,4," :- unit2sensorGEQ(V1,V1), not unit2zoneGEQ(V1,V1).
 :- partnerunits(V2,V1), zone2sensor(V1,V1), not closesensors(V1,V2).
 :- unit2sensorGEQ(V2,V1), unit2sensorGEQ(V1,V2), closesensors(V1,V2).
"
203,./../Problems/PUP/double_weight/,2-double-6-4.lp - 2-double-6-6.lp,Specific,Alternative,Full,0,3,12868,Nopt,179.9,1218.66,885,6,5," :- partnerunits(V1,V2), unit2sensorGEQ(V2,V1), unit2sensorGEQ(V1,V2). 
 :- zone2sensor(V1,V1), unit2sensorGEQ(V1,V1), not unit2zoneGEQ(V1,V1).
 :- partnerunits(V1,V2), not zone2sensor(V2,V1), not closesensors(V1,V2).
 :- partnerunits(V1,V2), unit2sensorGEQ(V2,V1), unit2sensorGEQ(V1,V2).
"
204,./../Problems/PUP/double_weight/,2-double-6-4.lp - 2-double-6-6.lp,Specific,Alternative,Full,0,1,1769,Nopt,55.367,1354.1,295,2,0," :- unit2sensorGEQ(V2,V1), unit2sensorGEQ(V1,V2), closesensors(V1,V2). 
 :- zone2sensor(V1,V1), unit2zoneGEQ(V1,V1), not unit2sensorGEQ(V1,V1).
 :- zone2sensor(V1,V2), unit2sensorGEQ(V2,V2), not unit2zoneGEQ(V2,V1).
 :- partnerunits(V1,V2), unit2sensorGEQ(V2,V1), unit2sensorGEQ(V1,V2).
"
205,./../Problems/PUP/double_weight/,2-double-6-4.lp - 2-double-6-6.lp,Specific,Alternative,Full,0,2,8467,Nopt,104.219,476.802,590,4,6," :- unit2sensorGEQ(V1,V1), not unit2zoneGEQ(V1,V1).
 :- partnerunits(V1,V2), not zone2sensor(V1,V2), not closesensors(V1,V2).
 :- unit2sensorGEQ(V2,V1), unit2sensorGEQ(V1,V2), closezones(V1,V2).
"
206,./../Problems/PUP/double_weight/,2-double-6-4.lp - 2-double-6-6.lp,Specific,Alternative,Full,0,3,14775,Nopt,167.606,1724.02,885,6,7," :- unit2zoneGEQ(V1,V1), unit2sensorGEQ(V2,V1), not unit2zoneGEQ(V2,V2). 
 :- partnerunits(V2,V1), zone2sensor(V1,V1), not closesensors(V2,V1).
 :- zone2sensor(V1,V2), unit2sensorGEQ(V2,V1), not unit2zoneGEQ(V2,V2).
 :- unit2zoneGEQ(V1,V1), unit2sensorGEQ(V2,V1), not unit2zoneGEQ(V2,V2).
 :- unit2sensorGEQ(V2,V1), unit2sensorGEQ(V1,V2), closesensors(V1,V2).
"
207,./../Problems/PUP/double_weight/,2-double-6-4.lp - 2-double-6-6.lp,Specific,Alternative,Full,0,1,2212,Nopt,56.88,1555.52,295,2,0," :- unit2zoneGEQ(V1,V2), unit2sensorGEQ(V2,V1), not unit2sensorGEQ(V2,V2). 
 :- unit2zoneGEQ(V1,V1), unit2sensorGEQ(V1,V1), not zone2sensor(V1,V1).
 :- zone2sensor(V1,V2), unit2sensorGEQ(V2,V2), not unit2zoneGEQ(V1,V1).
 :- unit2sensorGEQ(V1,V2), not unit2zoneGEQ(V1,V1), not unit2sensorGEQ(V2,V2).
"
208,./../Problems/PUP/double_weight/,2-double-6-4.lp - 2-double-6-6.lp,Specific,Alternative,Full,0,2,9472,Nopt,112.177,499.405,590,4,1," :- partnerunits(V1,V2), zone2sensor(V1,V1), not closesensors(V2,V1).
 :- zone2sensor(V1,V2), unit2sensorGEQ(V2,V1), not unit2zoneGEQ(V2,V2).
 :- unit2sensorGEQ(V2,V1), unit2sensorGEQ(V1,V2), closesensors(V1,V2).
"
210,./../Problems/PUP/double_weight/,2-double-6-4.lp - 2-double-6-6.lp,Specific,Alternative,Full,0,1,13383,Nopt,56.81,1170.35,295,2,0," :- unit2zoneGEQ(V1,V1), unit2sensorGEQ(V2,V1), not zone2sensor(V2,V2). 
 :- partnerunits(V1,V2), zone2sensor(V1,V1), not closesensors(V1,V2).
 :- unit2zoneGEQ(V1,V1), closesensors(V1,V2), not unit2zoneGEQ(V1,V2).
 :- unit2sensorGEQ(V1,V2), closezones(V1,V2), not unit2zoneGEQ(V1,V2).
"
211,./../Problems/PUP/double_weight/,2-double-6-4.lp - 2-double-6-6.lp,Specific,Alternative,Full,0,2,2517,Nopt,107.999,511.477,590,4,1," :- zone2sensor(V1,V1), unit2sensorGEQ(V1,V1), not unit2zoneGEQ(V1,V1).
 :- partnerunits(V1,V2), not zone2sensor(V2,V1), not closesensors(V1,V2).
 :- unit2sensorGEQ(V2,V1), unit2sensorGEQ(V1,V2), closesensors(V1,V2).
 :- unit2zoneGEQ(V1,V2), unit2sensorGEQ(V2,V1), not unit2sensorGEQ(V2,V2).
"
212,./../Problems/PUP/double_weight/,2-double-6-4.lp - 2-double-6-6.lp,Specific,Alternative,Full,0,3,20286,Nopt,152.202,398.46,789,6,2," :- partnerunits(V1,V2), closezones(V1,V2), not zone2sensor(V1,V2).
 :- unit2zoneGEQ(V1,V2), unit2sensorGEQ(V2,V1), not unit2zoneGEQ(V2,V2).
 :- unit2zoneGEQ(V1,V2), unit2sensorGEQ(V1,V2), not unit2sensorGEQ(V1,V1).
"
213,./../Problems/PUP/double_weight/,2-double-6-4.lp - 2-double-6-6.lp,Specific,Alternative,Full,0,1,13727,Nopt,57.096,940.959,295,2,0," :- unit2sensorGEQ(V1,V2), not unit2zoneGEQ(V1,V1).
 :- unit2zoneGEQ(V2,V1), unit2zoneGEQ(V1,V2), closezones(V1,V2).
"
215,./../Problems/PUP/double_weight/,2-double-6-4.lp - 2-double-6-6.lp,Specific,Alternative,Full,0,3,18316,Nopt,81.363,488.005,885,6,3," :- unit2sensorGEQ(V1,V1), not unit2zoneGEQ(V1,V1).
 :- partnerunits(V1,V2), not zone2sensor(V2,V1), not closesensors(V2,V1).
 :- unit2sensorGEQ(V2,V1), unit2sensorGEQ(V1,V2), closezones(V1,V2).
"
216,./../Problems/PUP/double_weight/,2-double-6-4.lp - 2-double-6-6.lp,Specific,Alternative,Full,0,1,32033,Nopt,26.865,2583.07,295,2,0," :- partnerunits(V1,V2), closezones(V1,V2), not zone2sensor(V1,V2).
 :- unit2zoneGEQ(V1,V2), unit2sensorGEQ(V2,V1), closesensors(V2,V1).
"
217,./../Problems/PUP/double_weight/,2-double-6-4.lp - 2-double-6-6.lp,Specific,Alternative,Full,0,2,32598,Nopt,109.496,1685.1,590,4,8," :- zone2sensor(V1,V2), unit2zoneGEQ(V2,V1), not unit2zoneGEQ(V2,V2). 
 :- zone2sensor(V1,V1), not unit2sensorGEQ(V1,V1).
 :- partnerunits(V2,V1), zone2sensor(V1,V1), not closesensors(V2,V1).
 :- zone2sensor(V1,V2), unit2zoneGEQ(V2,V1), not unit2zoneGEQ(V1,V1).
 :- zone2sensor(V1,V2), unit2zoneGEQ(V2,V1), not unit2zoneGEQ(V2,V2).
"
219,./../Problems/PUP/double_weight/,2-double-6-4.lp - 2-double-6-6.lp,Specific,Alternative,Full,0,1,30414,Nopt,26.896,2026.29,295,2,0," :- unit2sensorGEQ(V1,V2), closezones(V1,V2), not unit2zoneGEQ(V1,V2).
 :- partnerunits(V1,V2), unit2zoneGEQ(V1,V2), not closesensors(V2,V1).
"
220,./../Problems/PUP/double_weight/,2-double-6-4.lp - 2-double-6-6.lp,Specific,Alternative,Full,0,2,7830,Nopt,111.033,1011.28,590,4,1," :- zone2sensor(V1,V2), unit2sensorGEQ(V2,V2), not unit2zoneGEQ(V1,V1). 
 :- partnerunits(V1,V2), zone2sensor(V1,V1), not closesensors(V1,V2).
 :- unit2zoneGEQ(V1,V2), not unit2zoneGEQ(V1,V1).
 :- unit2zoneGEQ(V1,V2), unit2sensorGEQ(V2,V1), not unit2sensorGEQ(V1,V1).
"
221,./../Problems/PUP/double_weight/,2-double-6-4.lp - 2-double-6-6.lp,Specific,Alternative,Full,0,3,31417,Nopt,164.667,2281.11,885,6,1," :- partnerunits(V2,V1), zone2sensor(V1,V1), not closesensors(V1,V2).
 :- partnerunits(V1,V2), not zone2sensor(V2,V1), not unit2zoneGEQ(V1,V1).
 :- partnerunits(V1,V2), unit2sensorGEQ(V2,V1), unit2sensorGEQ(V1,V2).
"
222,./../Problems/PUP/double_weight/,2-double-6-4.lp - 2-double-6-6.lp,Specific,Alternative,Full,0,1,31869,Nopt,26.739,1154.57,295,2,0," :- partnerunits(V1,V2), closezones(V2,V1), not closesensors(V1,V2). 
 :- partnerunits(V1,V2), closezones(V2,V1), not closesensors(V1,V2).
 :- partnerunits(V1,V2), not zone2sensor(V2,V1), not unit2zoneGEQ(V2,V1).
"
223,./../Problems/PUP/double_weight/,2-double-6-4.lp - 2-double-6-6.lp,Specific,Alternative,Full,0,2,22564,Nopt,111.321,76.55,590,4,0," :- unit2sensorGEQ(V1,V1), unit2sensorGEQ(V2,V1), not zone2sensor(V2,V1).
"
225,./../Problems/PUP/double_weight/,2-double-6-4.lp - 2-double-6-6.lp,Specific,Alternative,Full,0,1,8543,Nopt,59.056,952.864,295,2,1," :- partnerunits(V1,V2), closezones(V1,V2), not zone2sensor(V2,V1). 
 :- partnerunits(V1,V2), closezones(V1,V2), not zone2sensor(V2,V1).
 :- unit2zoneGEQ(V1,V1), unit2sensorGEQ(V2,V1), not unit2zoneGEQ(V2,V2).
 :- unit2sensorGEQ(V2,V1), unit2sensorGEQ(V1,V2), closesensors(V1,V2).
"
226,./../Problems/PUP/double_weight/,2-double-6-4.lp - 2-double-6-6.lp,Specific,Alternative,Full,0,2,12158,Nopt,112.41,978.608,590,4,1," :- partnerunits(V1,V2), zone2sensor(V1,V1), not closesensors(V2,V1).
 :- zone2sensor(V1,V1), unit2sensorGEQ(V2,V1), not unit2zoneGEQ(V2,V2).
 :- unit2zoneGEQ(V1,V2), unit2sensorGEQ(V2,V1), not zone2sensor(V2,V2).
"
228,./../Problems/PUP/double_weight/,2-double-6-4.lp - 2-double-6-6.lp,Specific,Alternative,Full,0,1,16687,Nopt,54.813,566.11,295,2,0," :- partnerunits(V1,V2), zone2sensor(V1,V1), not closesensors(V1,V2).
 :- zone2sensor(V1,V1), unit2sensorGEQ(V2,V2), not unit2zoneGEQ(V2,V1).
 :- unit2sensorGEQ(V2,V1), unit2sensorGEQ(V1,V2), closezones(V1,V2).
"
229,./../Problems/PUP/double_weight/,2-double-6-4.lp - 2-double-6-6.lp,Specific,Alternative,Full,0,2,27416,Nopt,111.675,1115.96,590,4,2," :- unit2sensorGEQ(V2,V1), unit2sensorGEQ(V1,V2), closesensors(V1,V2). 
 :- zone2sensor(V1,V1), not unit2zoneGEQ(V1,V1).
 :- partnerunits(V1,V2), zone2sensor(V1,V1), not closesensors(V1,V2).
 :- unit2sensorGEQ(V2,V1), unit2sensorGEQ(V1,V2), closezones(V1,V2).
 :- unit2sensorGEQ(V2,V1), unit2sensorGEQ(V1,V2), closesensors(V1,V2).
 :- partnerunits(V1,V2), not unit2zoneGEQ(V2,V1), not unit2zoneGEQ(V1,V2).
"
230,./../Problems/PUP/double_weight/,2-double-6-4.lp - 2-double-6-6.lp,Specific,Alternative,Full,0,3,21083,Nopt,171.809,2178.85,885,6,13," :- zone2sensor(V1,V1), not unit2zoneGEQ(V1,V1).
 :- partnerunits(V2,V1), zone2sensor(V1,V1), not closesensors(V1,V2).
 :- unit2sensorGEQ(V2,V1), unit2sensorGEQ(V1,V2), closesensors(V1,V2).
"
231,./../Problems/PUP/double_weight/,2-double-6-4.lp - 2-double-6-6.lp,Specific,Alternative,Full,0,1,16567,Nopt,26.983,1097.27,295,2,1," :- zone2sensor(V1,V1), not unit2zoneGEQ(V1,V1).
 :- partnerunits(V1,V2), not zone2sensor(V1,V2), not closesensors(V1,V2).
 :- unit2sensorGEQ(V2,V1), unit2sensorGEQ(V1,V2), closezones(V1,V2).
"
232,./../Problems/PUP/double_weight/,2-double-6-4.lp - 2-double-6-6.lp,Specific,Alternative,Full,0,2,70,Nopt,117.801,159.648,590,4,0," :- zone2sensor(V1,V1), unit2sensorGEQ(V2,V2), closezones(V2,V1).
 :- partnerunits(V1,V2), closezones(V1,V2), not zone2sensor(V2,V1).
 :- unit2sensorGEQ(V2,V1), unit2sensorGEQ(V1,V2), closesensors(V1,V2).
"
234,./../Problems/PUP/double_weight/,2-double-6-4.lp - 2-double-6-6.lp,Specific,Alternative,Full,0,1,16699,Nopt,51.395,671.891,295,2,0," :- partnerunits(V1,V2), closezones(V2,V1), not zone2sensor(V2,V1).
 :- zone2sensor(V1,V1), not unit2zoneGEQ(V1,V1), not unit2sensorGEQ(V1,V1).
 :- unit2zoneGEQ(V1,V2), closezones(V1,V2), not unit2sensorGEQ(V1,V1).
 :- unit2sensorGEQ(V2,V1), unit2sensorGEQ(V1,V2), closesensors(V1,V2).
"
236,./../Problems/PUP/double_weight/,2-double-6-4.lp - 2-double-6-6.lp,Specific,Alternative,Full,0,3,15838,Nopt,233.402,1971.57,885,6,0," :- zone2sensor(V1,V1), unit2sensorGEQ(V2,V2), not unit2zoneGEQ(V2,V1). 
 :- partnerunits(V1,V2), zone2sensor(V1,V1), not closesensors(V2,V1).
 :- zone2sensor(V1,V2), unit2zoneGEQ(V2,V1), not unit2zoneGEQ(V2,V2).
 :- unit2sensorGEQ(V2,V1), unit2sensorGEQ(V1,V2), closesensors(V1,V2).
"
237,./../Problems/PUP/double_weight/,2-double-6-4.lp - 2-double-6-6.lp,Specific,Alternative,Full,0,1,2753,Nopt,71.508,3359.64,295,2,0," :- zone2sensor(V1,V1), unit2sensorGEQ(V2,V1), closezones(V2,V1).
 :- partnerunits(V1,V2), zone2sensor(V1,V1), not closesensors(V1,V2).
 :- zone2sensor(V1,V2), unit2sensorGEQ(V2,V1), not unit2sensorGEQ(V2,V2).
"
238,./../Problems/PUP/double_weight/,2-double-6-4.lp - 2-double-6-6.lp,Specific,Alternative,Full,0,2,31792,Nopt,151.14,1125.43,590,4,0," :- partnerunits(V1,V2), zone2sensor(V1,V1), not closesensors(V2,V1).
 :- unit2sensorGEQ(V2,V1), unit2sensorGEQ(V1,V2), not zone2sensor(V2,V1).
"
