,Directory,Files analysed with SBASS,Positive Examples in S,Ordering,SBC,Iteration,Cell,Seed,Opt,Time for creating examples,Time for solving ILP task,Total neg examples,Total pos examples,Neg examples uncovered,Learned Constraints
120,./../Problems/PUP/doublev_weight/,2-doublev-9-6.lp - 2-doublev-9-5.lp,Specific,Alternative,Full,0,1,31681,Nopt,81.313,1236.74,200,2,0," :- partnerunits(V2,V1), zone2sensor(V1,V1), not closesensors(V1,V2).
 :- partnerunits(V1,V2), not zone2sensor(V2,V2), not unit2zoneGEQ(V2,V2).
"
121,./../Problems/PUP/doublev_weight/,2-doublev-9-6.lp - 2-doublev-9-5.lp,Specific,Alternative,Full,0,2,4634,Nopt,154.169,788.989,400,4,0," :- partnerunits(V1,V2), closezones(V2,V1), not closesensors(V2,V1).
 :- partnerunits(V2,V1), zone2sensor(V1,V1), not closesensors(V1,V2).
 :- partnerunits(V1,V2), closezones(V2,V1), not zone2sensor(V2,V1).
"
122,./../Problems/PUP/doublev_weight/,2-doublev-9-6.lp - 2-doublev-9-5.lp,Specific,Alternative,Full,0,3,16837,Nopt,233.594,1657.19,600,6,6," :- partnerunits(V2,V1), zone2sensor(V1,V1), not closesensors(V2,V1).
 :- partnerunits(V1,V2), not unit2zoneGEQ(V1,V1), not unit2zoneGEQ(V2,V2).
 :- unit2sensorGEQ(V2,V1), unit2sensorGEQ(V1,V2), closesensors(V1,V2).
"
123,./../Problems/PUP/doublev_weight/,2-doublev-9-6.lp - 2-doublev-9-5.lp,Specific,Alternative,Full,0,1,15262,Nopt,79.181,729.909,200,2,0," :- zone2sensor(V1,V2), unit2sensorGEQ(V1,V2), not unit2zoneGEQ(V1,V1).
 :- unit2zoneGEQ(V1,V2), unit2sensorGEQ(V3,V1), not unit2zoneGEQ(V3,V2).
"
126,./../Problems/PUP/doublev_weight/,2-doublev-9-6.lp - 2-doublev-9-5.lp,Specific,Alternative,Full,0,1,3718,Nopt,77.416,952.924,200,2,2," :- zone2sensor(V1,V1), unit2zoneGEQ(V2,V1), not unit2zoneGEQ(V2,V2). 
 :- zone2sensor(V1,V1), unit2zoneGEQ(V2,V1), not unit2zoneGEQ(V2,V2).
 :- partnerunits(V1,V2), not unit2zoneGEQ(V1,V1), not closesensors(V1,V2).
 :- unit2sensorGEQ(V2,V1), unit2sensorGEQ(V1,V2), closesensors(V1,V2).
"
127,./../Problems/PUP/doublev_weight/,2-doublev-9-6.lp - 2-doublev-9-5.lp,Specific,Alternative,Full,0,2,26796,Nopt,163.44,379.558,400,4,0," :- zone2sensor(V1,V2), unit2sensorGEQ(V1,V2), not unit2zoneGEQ(V1,V1).
 :- unit2sensorGEQ(V2,V1), unit2sensorGEQ(V1,V2), closesensors(V1,V2).
 :- unit2zoneGEQ(V1,V1), unit2sensorGEQ(V2,V1), not unit2zoneGEQ(V2,V1).
"
129,./../Problems/PUP/doublev_weight/,2-doublev-9-6.lp - 2-doublev-9-5.lp,Specific,Alternative,Full,0,1,8598,Nopt,80.676,912.441,200,2,0," :- partnerunits(V2,V1), zone2sensor(V1,V1), not closesensors(V2,V1).
 :- unit2zoneGEQ(V1,V2), unit2sensorGEQ(V3,V1), not unit2zoneGEQ(V3,V2).
"
130,./../Problems/PUP/doublev_weight/,2-doublev-9-6.lp - 2-doublev-9-5.lp,Specific,Alternative,Full,0,2,21172,Nopt,152.349,1172.51,400,4,9," :- partnerunits(V2,V1), zone2sensor(V1,V1), not closesensors(V2,V1).
 :- zone2sensor(V1,V1), unit2sensorGEQ(V2,V1), not unit2zoneGEQ(V2,V1).
 :- unit2sensorGEQ(V2,V1), unit2sensorGEQ(V1,V2), closesensors(V1,V2).
"
132,./../Problems/PUP/doublev_weight/,2-doublev-9-6.lp - 2-doublev-9-5.lp,Specific,Alternative,Full,0,1,29690,Nopt,76.757,216.363,200,2,1," :- unit2sensorGEQ(V1,V2), closesensors(V2,V1), not unit2zoneGEQ(V1,V1).
 :- unit2sensorGEQ(V2,V1), unit2sensorGEQ(V1,V2), closesensors(V1,V2).
 :- partnerunits(V1,V2), not unit2sensorGEQ(V2,V1), not unit2sensorGEQ(V1,V2).
"
133,./../Problems/PUP/doublev_weight/,2-doublev-9-6.lp - 2-doublev-9-5.lp,Specific,Alternative,Full,0,2,3800,Nopt,157.863,492.974,400,4,1," :- partnerunits(V2,V1), zone2sensor(V1,V1), not closesensors(V1,V2).
 :- zone2sensor(V1,V2), unit2sensorGEQ(V2,V1), not unit2zoneGEQ(V2,V2).
 :- unit2sensorGEQ(V2,V1), unit2sensorGEQ(V1,V2), closesensors(V1,V2).
"
135,./../Problems/PUP/doublev_weight/,2-doublev-9-6.lp - 2-doublev-9-5.lp,Specific,Alternative,Full,0,1,26740,Nopt,82.018,391.629,200,2,0," :- partnerunits(V1,V2), zone2sensor(V1,V1), not closesensors(V1,V2).
 :- unit2sensorGEQ(V2,V1), unit2sensorGEQ(V1,V2), closezones(V1,V2).
"
136,./../Problems/PUP/doublev_weight/,2-doublev-9-6.lp - 2-doublev-9-5.lp,Specific,Alternative,Full,0,2,22856,Nopt,156.43,2360.27,400,4,0," :- partnerunits(V1,V2), closezones(V2,V1), not closesensors(V2,V1).
 :- partnerunits(V1,V2), not zone2sensor(V1,V2), not unit2zoneGEQ(V2,V2).
 :- zone2sensor(V1,V2), unit2sensorGEQ(V1,V2), not unit2zoneGEQ(V1,V1).
"
137,./../Problems/PUP/doublev_weight/,2-doublev-9-6.lp - 2-doublev-9-5.lp,Specific,Alternative,Full,0,3,25148,Nopt,229.725,1995.31,600,6,11," :- partnerunits(V2,V1), zone2sensor(V1,V1), not closesensors(V2,V1). 
 :- partnerunits(V2,V1), zone2sensor(V1,V1), not closesensors(V2,V1).
 :- zone2sensor(V1,V1), unit2sensorGEQ(V2,V1), not unit2zoneGEQ(V2,V2).
 :- unit2sensorGEQ(V2,V1), unit2sensorGEQ(V1,V2), closesensors(V1,V2).
 :- partnerunits(V1,V2), unit2sensorGEQ(V2,V1), unit2sensorGEQ(V1,V2).
"
138,./../Problems/PUP/doublev_weight/,2-doublev-9-6.lp - 2-doublev-9-5.lp,Specific,Alternative,Full,0,1,6751,Nopt,76.555,542.105,200,2,0," :- zone2sensor(V1,V2), unit2sensorGEQ(V2,V1), not unit2zoneGEQ(V2,V2).
 :- unit2sensorGEQ(V2,V1), unit2sensorGEQ(V1,V2), closezones(V1,V2).
"
139,./../Problems/PUP/doublev_weight/,2-doublev-9-6.lp - 2-doublev-9-5.lp,Specific,Alternative,Full,0,2,13658,Nopt,156.517,2289.27,400,4,10," :- partnerunits(V2,V1), zone2sensor(V1,V1), not closesensors(V1,V2).
 :- zone2sensor(V1,V1), unit2sensorGEQ(V2,V1), not unit2sensorGEQ(V2,V2).
 :- zone2sensor(V1,V1), unit2sensorGEQ(V2,V1), not unit2zoneGEQ(V2,V2).
 :- unit2sensorGEQ(V2,V1), unit2sensorGEQ(V1,V2), closesensors(V1,V2).
"
140,./../Problems/PUP/doublev_weight/,2-doublev-9-6.lp - 2-doublev-9-5.lp,Specific,Alternative,Full,0,3,717,Nopt,243.211,2448.64,600,6,20," :- partnerunits(V2,V1), zone2sensor(V1,V1), not closesensors(V2,V1). 
 :- partnerunits(V2,V1), zone2sensor(V1,V1), not closesensors(V2,V1).
 :- zone2sensor(V1,V1), unit2sensorGEQ(V1,V1), not unit2zoneGEQ(V1,V1).
 :- unit2sensorGEQ(V2,V1), unit2sensorGEQ(V1,V2), closesensors(V1,V2).
 :- unit2zoneGEQ(V1,V1), unit2sensorGEQ(V2,V1), not unit2zoneGEQ(V2,V1).
"
141,./../Problems/PUP/doublev_weight/,2-doublev-9-6.lp - 2-doublev-9-5.lp,Specific,Alternative,Full,0,1,16849,Nopt,76.138,180.418,200,2,0," :- zone2sensor(V1,V1), unit2sensorGEQ(V1,V1), not unit2zoneGEQ(V1,V1).
 :- unit2sensorGEQ(V1,V1), closesensors(V2,V1), not unit2zoneGEQ(V1,V2).
 :- partnerunits(V1,V2), not unit2sensorGEQ(V2,V1), not unit2sensorGEQ(V1,V2).
"
142,./../Problems/PUP/doublev_weight/,2-doublev-9-6.lp - 2-doublev-9-5.lp,Specific,Alternative,Full,0,2,29843,Nopt,160.861,2159.04,400,4,11," :- partnerunits(V2,V1), zone2sensor(V1,V1), not closesensors(V1,V2).
 :- partnerunits(V1,V2), not unit2zoneGEQ(V1,V1), not unit2zoneGEQ(V2,V2).
 :- zone2sensor(V1,V1), unit2sensorGEQ(V2,V1), not unit2zoneGEQ(V2,V1).
 :- unit2sensorGEQ(V2,V1), unit2sensorGEQ(V1,V2), closesensors(V1,V2).
"
143,./../Problems/PUP/doublev_weight/,2-doublev-9-6.lp - 2-doublev-9-5.lp,Specific,Alternative,Full,0,3,8299,Nopt,248.438,1421.51,600,6,3," :- partnerunits(V1,V2), not unit2sensorGEQ(V2,V1), not unit2sensorGEQ(V1,V2). 
 :- partnerunits(V2,V1), zone2sensor(V1,V1), not closesensors(V1,V2).
 :- zone2sensor(V1,V1), unit2sensorGEQ(V1,V1), not unit2zoneGEQ(V1,V1).
 :- unit2sensorGEQ(V2,V1), unit2sensorGEQ(V1,V2), closesensors(V1,V2).
 :- unit2zoneGEQ(V1,V1), unit2sensorGEQ(V2,V1), not unit2zoneGEQ(V2,V1).
 :- partnerunits(V1,V2), not unit2sensorGEQ(V2,V1), not unit2sensorGEQ(V1,V2).
"
144,./../Problems/PUP/doublev_weight/,2-doublev-9-6.lp - 2-doublev-9-5.lp,Specific,Alternative,Full,0,1,6709,Nopt,81.352,770.16,200,2,0," :- partnerunits(V2,V1), zone2sensor(V1,V1), not closesensors(V1,V2).
 :- zone2sensor(V1,V1), unit2zoneGEQ(V2,V1), not unit2zoneGEQ(V2,V2).
 :- partnerunits(V1,V2), unit2sensorGEQ(V2,V1), unit2sensorGEQ(V1,V2).
"
145,./../Problems/PUP/doublev_weight/,2-doublev-9-6.lp - 2-doublev-9-5.lp,Specific,Alternative,Full,0,2,24419,Nopt,160.153,1099.22,400,4,10," :- unit2sensorGEQ(V2,V1), unit2sensorGEQ(V1,V2), closesensors(V1,V2). 
 :- partnerunits(V2,V1), zone2sensor(V1,V1), not closesensors(V1,V2).
 :- zone2sensor(V1,V1), unit2sensorGEQ(V2,V1), not unit2zoneGEQ(V2,V1).
 :- unit2sensorGEQ(V2,V1), unit2sensorGEQ(V1,V2), closesensors(V1,V2).
"
146,./../Problems/PUP/doublev_weight/,2-doublev-9-6.lp - 2-doublev-9-5.lp,Specific,Alternative,Full,0,3,14456,Nopt,240.15,2041.33,600,6,8," :- partnerunits(V2,V1), zone2sensor(V1,V1), not closesensors(V1,V2).
 :- zone2sensor(V1,V1), unit2sensorGEQ(V2,V1), not unit2zoneGEQ(V2,V1).
 :- unit2sensorGEQ(V2,V1), unit2sensorGEQ(V1,V2), closesensors(V1,V2).
 :- unit2zoneGEQ(V1,V2), unit2sensorGEQ(V2,V1), not unit2zoneGEQ(V2,V2).
 :- partnerunits(V1,V2), unit2sensorGEQ(V2,V1), unit2sensorGEQ(V1,V2).
"
147,./../Problems/PUP/doublev_weight/,2-doublev-9-6.lp - 2-doublev-9-5.lp,Specific,Alternative,Full,0,1,11547,Nopt,80.145,526.881,200,2,5," :- partnerunits(V2,V1), zone2sensor(V1,V1), not closesensors(V1,V2).
 :- zone2sensor(V1,V1), unit2sensorGEQ(V2,V1), not unit2zoneGEQ(V2,V2).
 :- unit2sensorGEQ(V2,V1), unit2sensorGEQ(V1,V2), closesensors(V1,V2).
"
148,./../Problems/PUP/doublev_weight/,2-doublev-9-6.lp - 2-doublev-9-5.lp,Specific,Alternative,Full,0,2,7260,Nopt,152.367,779.073,400,4,0," :- partnerunits(V1,V2), closezones(V2,V1), not zone2sensor(V2,V1).
 :- zone2sensor(V1,V1), unit2sensorGEQ(V2,V1), not unit2sensorGEQ(V2,V2).
 :- zone2sensor(V1,V1), unit2sensorGEQ(V2,V1), not unit2zoneGEQ(V2,V2).
"
150,./../Problems/PUP/doublev_weight/,2-doublev-9-6.lp - 2-doublev-9-5.lp,Specific,Alternative,Full,0,1,16017,Nopt,82.023,1758.01,200,2,0," :- partnerunits(V1,V2), not unit2zoneGEQ(V1,V1), not unit2sensorGEQ(V1,V1).
 :- zone2sensor(V1,V1), unit2sensorGEQ(V2,V1), not unit2zoneGEQ(V2,V1).
 :- partnerunits(V1,V2), not unit2zoneGEQ(V2,V1), not unit2sensorGEQ(V1,V2).
"
151,./../Problems/PUP/doublev_weight/,2-doublev-9-6.lp - 2-doublev-9-5.lp,Specific,Alternative,Full,0,2,29417,Nopt,162.334,854.864,400,4,8," :- unit2sensorGEQ(V2,V1), unit2sensorGEQ(V1,V2), closesensors(V1,V2). 
 :- partnerunits(V2,V1), zone2sensor(V1,V1), not closesensors(V2,V1).
 :- zone2sensor(V1,V1), unit2sensorGEQ(V2,V1), not unit2zoneGEQ(V2,V2).
 :- unit2sensorGEQ(V2,V1), unit2sensorGEQ(V1,V2), closesensors(V1,V2).
 :- partnerunits(V1,V2), unit2sensorGEQ(V2,V1), unit2sensorGEQ(V1,V2).
"
152,./../Problems/PUP/doublev_weight/,2-doublev-9-6.lp - 2-doublev-9-5.lp,Specific,Alternative,Full,0,3,25421,Nopt,240.34,3274.25,600,6,15," :- zone2sensor(V1,V1), unit2sensorGEQ(V1,V1), not unit2zoneGEQ(V1,V1). 
 :- unit2sensorGEQ(V2,V1), unit2sensorGEQ(V1,V2), closesensors(V1,V2). 
 :- partnerunits(V2,V1), zone2sensor(V1,V1), not closesensors(V1,V2).
 :- zone2sensor(V1,V1), unit2sensorGEQ(V2,V1), not unit2zoneGEQ(V2,V2).
 :- unit2sensorGEQ(V2,V1), unit2sensorGEQ(V1,V2), closesensors(V1,V2).
"
153,./../Problems/PUP/doublev_weight/,2-doublev-9-6.lp - 2-doublev-9-5.lp,Specific,Alternative,Full,0,1,10456,Nopt,76.593,324.967,200,2,4," :- partnerunits(V2,V1), zone2sensor(V1,V1), not closesensors(V2,V1).
 :- unit2sensorGEQ(V2,V1), unit2sensorGEQ(V1,V2), closesensors(V1,V2).
 :- partnerunits(V1,V2), unit2sensorGEQ(V2,V1), unit2sensorGEQ(V1,V2).
 :- partnerunits(V1,V2), not unit2sensorGEQ(V2,V1), not unit2sensorGEQ(V1,V2).
"
155,./../Problems/PUP/doublev_weight/,2-doublev-9-6.lp - 2-doublev-9-5.lp,Specific,Alternative,Full,0,3,20418,Nopt,238.143,1115.56,600,6,7," :- partnerunits(V2,V1), zone2sensor(V1,V1), not closesensors(V1,V2).
 :- zone2sensor(V1,V1), unit2sensorGEQ(V1,V1), not unit2zoneGEQ(V1,V1).
 :- unit2sensorGEQ(V2,V1), unit2sensorGEQ(V1,V2), closesensors(V1,V2).
 :- partnerunits(V1,V2), unit2sensorGEQ(V2,V1), unit2sensorGEQ(V1,V2).
"
156,./../Problems/PUP/doublev_weight/,2-doublev-9-6.lp - 2-doublev-9-5.lp,Specific,Alternative,Full,0,1,3380,Nopt,80.112,129.666,200,2,0," :- zone2sensor(V1,V1), not unit2zoneGEQ(V1,V1).
 :- unit2zoneGEQ(V1,V1), unit2sensorGEQ(V1,V1), not zone2sensor(V1,V1).
 :- partnerunits(V2,V1), zone2sensor(V1,V1), not closesensors(V2,V1).
 :- unit2sensorGEQ(V2,V1), unit2sensorGEQ(V1,V2), closesensors(V1,V2).
"
159,./../Problems/PUP/doublev_weight/,2-doublev-9-6.lp - 2-doublev-9-5.lp,Specific,Alternative,Full,0,1,14157,Nopt,83.676,3408.04,200,2,0," :- partnerunits(V1,V2), not unit2zoneGEQ(V1,V1), not closesensors(V2,V1).
 :- unit2zoneGEQ(V2,V1), unit2zoneGEQ(V1,V2), closezones(V1,V2).
"
160,./../Problems/PUP/doublev_weight/,2-doublev-9-6.lp - 2-doublev-9-5.lp,Specific,Alternative,Full,0,2,69,Nopt,149.277,1080.76,400,4,0," :- partnerunits(V1,V2), closezones(V1,V2), not unit2zoneGEQ(V2,V2). 
 :- partnerunits(V1,V2), closezones(V2,V1), not unit2zoneGEQ(V2,V2).
 :- zone2sensor(V1,V1), unit2sensorGEQ(V2,V1), not unit2sensorGEQ(V2,V2).
 :- partnerunits(V1,V2), unit2sensorGEQ(V2,V1), unit2sensorGEQ(V1,V2).
"
162,./../Problems/PUP/doublev_weight/,2-doublev-9-6.lp - 2-doublev-9-5.lp,Specific,Alternative,Full,0,1,14690,Nopt,81.289,558.622,200,2,0," :- zone2sensor(V1,V1), unit2zoneGEQ(V2,V1), not unit2zoneGEQ(V2,V2).
 :- unit2sensorGEQ(V2,V1), unit2sensorGEQ(V1,V2), closesensors(V1,V2).
"
163,./../Problems/PUP/doublev_weight/,2-doublev-9-6.lp - 2-doublev-9-5.lp,Specific,Alternative,Full,0,2,13524,Nopt,162.862,705.099,400,4,0," :- partnerunits(V2,V1), zone2sensor(V1,V1), not closesensors(V1,V2).
 :- zone2sensor(V1,V1), unit2sensorGEQ(V1,V1), not unit2zoneGEQ(V1,V1).
 :- unit2zoneGEQ(V1,V2), unit2sensorGEQ(V3,V1), not unit2zoneGEQ(V3,V2).
"
166,./../Problems/PUP/doublev_weight/,2-doublev-9-6.lp - 2-doublev-9-5.lp,Specific,Alternative,Full,0,2,23256,Nopt,159.826,1187.86,400,4,12," :- partnerunits(V2,V1), zone2sensor(V1,V1), not closesensors(V1,V2).
 :- zone2sensor(V1,V1), unit2sensorGEQ(V2,V1), not unit2sensorGEQ(V2,V2).
 :- zone2sensor(V1,V1), unit2sensorGEQ(V2,V1), not unit2zoneGEQ(V2,V2).
 :- unit2sensorGEQ(V2,V1), unit2sensorGEQ(V1,V2), closesensors(V1,V2).
"
167,./../Problems/PUP/doublev_weight/,2-doublev-9-6.lp - 2-doublev-9-5.lp,Specific,Alternative,Full,0,3,29764,Nopt,233.65,1739.87,600,6,13," :- unit2sensorGEQ(V2,V1), unit2sensorGEQ(V1,V2), closesensors(V1,V2). 
 :- partnerunits(V2,V1), zone2sensor(V1,V1), not closesensors(V2,V1).
 :- zone2sensor(V1,V1), unit2sensorGEQ(V2,V1), not unit2zoneGEQ(V2,V1).
 :- unit2sensorGEQ(V2,V1), unit2sensorGEQ(V1,V2), closesensors(V1,V2).
"
168,./../Problems/PUP/doublev_weight/,2-doublev-9-6.lp - 2-doublev-9-5.lp,Specific,Alternative,Full,0,1,6652,Nopt,78.404,562.013,200,2,0," :- partnerunits(V1,V2), not zone2sensor(V1,V2), not unit2zoneGEQ(V2,V2).
 :- partnerunits(V1,V2), unit2sensorGEQ(V2,V1), unit2sensorGEQ(V1,V2).
"
169,./../Problems/PUP/doublev_weight/,2-doublev-9-6.lp - 2-doublev-9-5.lp,Specific,Alternative,Full,0,2,27221,Nopt,157.825,1103.08,400,4,1," :- partnerunits(V1,V2), zone2sensor(V1,V1), not closesensors(V2,V1).
 :- partnerunits(V1,V2), closezones(V1,V2), not unit2zoneGEQ(V1,V1).
 :- unit2sensorGEQ(V2,V1), unit2sensorGEQ(V1,V2), closesensors(V1,V2).
"
170,./../Problems/PUP/doublev_weight/,2-doublev-9-6.lp - 2-doublev-9-5.lp,Specific,Alternative,Full,0,3,28577,Nopt,228.331,1919.84,600,6,4," :- partnerunits(V2,V1), zone2sensor(V1,V1), not closesensors(V1,V2).
 :- zone2sensor(V1,V1), unit2sensorGEQ(V2,V1), not unit2zoneGEQ(V2,V1).
 :- unit2sensorGEQ(V2,V1), unit2sensorGEQ(V1,V2), closesensors(V1,V2).
 :- unit2zoneGEQ(V1,V2), unit2sensorGEQ(V2,V1), not unit2zoneGEQ(V2,V2).
 :- partnerunits(V1,V2), unit2sensorGEQ(V2,V1), unit2sensorGEQ(V1,V2).
"
171,./../Problems/PUP/doublev_weight/,2-doublev-9-6.lp - 2-doublev-9-5.lp,Specific,Alternative,Full,0,1,759,Nopt,81.961,199.674,200,2,0," :- unit2zoneGEQ(V1,V1), unit2sensorGEQ(V1,V1), not zone2sensor(V1,V1).
 :- unit2sensorGEQ(V1,V2), closezones(V1,V2), not unit2zoneGEQ(V1,V2).
"
172,./../Problems/PUP/doublev_weight/,2-doublev-9-6.lp - 2-doublev-9-5.lp,Specific,Alternative,Full,0,2,2001,Nopt,163.154,1273.87,400,4,8," :- zone2sensor(V1,V1), unit2sensorGEQ(V2,V1), not unit2sensorGEQ(V2,V2). 
 :- partnerunits(V2,V1), zone2sensor(V1,V1), not closesensors(V2,V1).
 :- partnerunits(V1,V2), not unit2zoneGEQ(V1,V1), not unit2zoneGEQ(V2,V2).
 :- zone2sensor(V1,V1), unit2sensorGEQ(V2,V1), not unit2zoneGEQ(V2,V1).
 :- unit2sensorGEQ(V2,V1), unit2sensorGEQ(V1,V2), closesensors(V1,V2).
"
173,./../Problems/PUP/doublev_weight/,2-doublev-9-6.lp - 2-doublev-9-5.lp,Specific,Alternative,Full,0,3,10002,Nopt,243.072,1867.17,600,6,8," :- zone2sensor(V1,V1), unit2sensorGEQ(V2,V1), not unit2sensorGEQ(V2,V2). 
 :- partnerunits(V2,V1), zone2sensor(V1,V1), not closesensors(V1,V2).
 :- zone2sensor(V1,V1), unit2sensorGEQ(V2,V1), not unit2sensorGEQ(V2,V2).
 :- zone2sensor(V1,V1), unit2sensorGEQ(V2,V1), not unit2zoneGEQ(V2,V2).
 :- unit2sensorGEQ(V2,V1), unit2sensorGEQ(V1,V2), closesensors(V1,V2).
"
174,./../Problems/PUP/doublev_weight/,2-doublev-9-6.lp - 2-doublev-9-5.lp,Specific,Alternative,Full,0,1,2905,Nopt,82.976,586.985,200,2,0," :- unit2sensorGEQ(V1,V1), not unit2zoneGEQ(V1,V1).
 :- unit2zoneGEQ(V2,V1), unit2zoneGEQ(V1,V2), closezones(V1,V2).
"
175,./../Problems/PUP/doublev_weight/,2-doublev-9-6.lp - 2-doublev-9-5.lp,Specific,Alternative,Full,0,2,27702,Nopt,153.235,380.908,400,4,0," :- zone2sensor(V1,V1), unit2sensorGEQ(V1,V1), not unit2zoneGEQ(V1,V1).
 :- partnerunits(V1,V2), not unit2zoneGEQ(V1,V1), not unit2zoneGEQ(V2,V2).
 :- unit2zoneGEQ(V1,V2), unit2sensorGEQ(V3,V1), not unit2zoneGEQ(V3,V2).
"
177,./../Problems/PUP/doublev_weight/,2-doublev-9-6.lp - 2-doublev-9-5.lp,Specific,Alternative,Full,0,1,26985,Nopt,79.371,723.907,200,2,0," :- partnerunits(V1,V2), not unit2zoneGEQ(V1,V2), not unit2sensorGEQ(V2,V1).
 :- unit2zoneGEQ(V1,V2), unit2sensorGEQ(V3,V1), not unit2zoneGEQ(V3,V2).
"
178,./../Problems/PUP/doublev_weight/,2-doublev-9-6.lp - 2-doublev-9-5.lp,Specific,Alternative,Full,0,2,16281,Nopt,163.043,1248,400,4,0," :- partnerunits(V2,V1), zone2sensor(V1,V1), not closesensors(V1,V2). 
 :- partnerunits(V2,V1), zone2sensor(V1,V1), not closesensors(V1,V2).
 :- partnerunits(V1,V2), closezones(V1,V2), not unit2zoneGEQ(V2,V2).
 :- partnerunits(V1,V2), unit2sensorGEQ(V2,V1), unit2sensorGEQ(V1,V2).
"
179,./../Problems/PUP/doublev_weight/,2-doublev-9-6.lp - 2-doublev-9-5.lp,Specific,Alternative,Full,0,3,16345,Nopt,245.254,1695.2,600,6,13," :- zone2sensor(V1,V1), not unit2zoneGEQ(V1,V1). 
 :- zone2sensor(V1,V1), not unit2zoneGEQ(V1,V1).
 :- partnerunits(V1,V2), zone2sensor(V1,V1), not closesensors(V1,V2).
 :- unit2sensorGEQ(V2,V1), unit2sensorGEQ(V1,V2), closesensors(V1,V2).
 :- unit2zoneGEQ(V1,V2), unit2sensorGEQ(V2,V1), not unit2zoneGEQ(V2,V2).
"
183,./../Problems/PUP/doublev_weight/,2-doublev-9-6.lp - 2-doublev-9-5.lp,Specific,Alternative,Full,0,1,24318,Nopt,84.826,1380.94,400,2,0," :- unit2zoneGEQ(V1,V1), unit2sensorGEQ(V1,V1), not zone2sensor(V1,V1).
 :- partnerunits(V2,V1), zone2sensor(V1,V1), not closesensors(V2,V1).
 :- partnerunits(V2,V1), zone2sensor(V1,V1), not unit2zoneGEQ(V2,V2).
"
184,./../Problems/PUP/doublev_weight/,2-doublev-9-6.lp - 2-doublev-9-5.lp,Specific,Alternative,Full,0,2,26740,Nopt,165.163,1263.87,800,4,2," :- partnerunits(V2,V1), zone2sensor(V1,V1), not closesensors(V2,V1).
 :- unit2sensorGEQ(V2,V1), unit2sensorGEQ(V1,V2), closesensors(V1,V2).
 :- unit2zoneGEQ(V1,V1), unit2sensorGEQ(V2,V1), not unit2zoneGEQ(V2,V1).
 :- unit2zoneGEQ(V1,V2), unit2sensorGEQ(V2,V1), not unit2zoneGEQ(V2,V2).
 :- unit2zoneGEQ(V1,V2), unit2sensorGEQ(V2,V1), not unit2zoneGEQ(V2,V1).
"
186,./../Problems/PUP/doublev_weight/,2-doublev-9-6.lp - 2-doublev-9-5.lp,Specific,Alternative,Full,0,1,17876,Nopt,81.466,2754.06,400,2,0," :- zone2sensor(V1,V2), unit2sensorGEQ(V2,V1), not unit2zoneGEQ(V2,V2).
 :- unit2zoneGEQ(V1,V2), unit2sensorGEQ(V3,V1), not unit2zoneGEQ(V3,V2).
"
190,./../Problems/PUP/doublev_weight/,2-doublev-9-6.lp - 2-doublev-9-5.lp,Specific,Alternative,Full,0,2,1459,Nopt,167.189,3058.52,800,4,11," :- unit2sensorGEQ(V2,V1), unit2sensorGEQ(V1,V2), closesensors(V1,V2). 
 :- partnerunits(V2,V1), zone2sensor(V1,V1), not closesensors(V1,V2).
 :- zone2sensor(V1,V1), unit2sensorGEQ(V2,V1), not unit2sensorGEQ(V2,V2).
 :- zone2sensor(V1,V1), unit2sensorGEQ(V2,V1), not unit2zoneGEQ(V2,V2).
 :- unit2sensorGEQ(V2,V1), unit2sensorGEQ(V1,V2), closesensors(V1,V2).
"
192,./../Problems/PUP/doublev_weight/,2-doublev-9-6.lp - 2-doublev-9-5.lp,Specific,Alternative,Full,0,1,5107,Nopt,83.495,1543.52,400,2,0," :- zone2sensor(V1,V1), not unit2zoneGEQ(V1,V1).
 :- partnerunits(V1,V2), zone2sensor(V1,V1), not closesensors(V1,V2).
 :- unit2zoneGEQ(V1,V2), unit2sensorGEQ(V3,V1), not unit2zoneGEQ(V3,V2).
"
195,./../Problems/PUP/doublev_weight/,2-doublev-9-6.lp - 2-doublev-9-5.lp,Specific,Alternative,Full,0,1,9373,Nopt,82.253,688.41,400,2,0," :- unit2sensorGEQ(V1,V1), not unit2zoneGEQ(V1,V1).
 :- zone2sensor(V1,V2), unit2sensorGEQ(V2,V1), not unit2zoneGEQ(V2,V2).
 :- unit2sensorGEQ(V2,V1), unit2sensorGEQ(V1,V2), closezones(V1,V2).
"
197,./../Problems/PUP/doublev_weight/,2-doublev-9-6.lp - 2-doublev-9-5.lp,Specific,Alternative,Full,0,3,5812,Nopt,244.173,2278.1,1200,6,8," :- zone2sensor(V1,V1), unit2sensorGEQ(V1,V2), not unit2zoneGEQ(V1,V2). 
 :- partnerunits(V2,V1), zone2sensor(V1,V1), not closesensors(V2,V1).
 :- zone2sensor(V1,V1), unit2sensorGEQ(V1,V1), not unit2zoneGEQ(V1,V1).
 :- partnerunits(V1,V2), not unit2zoneGEQ(V1,V1), not unit2zoneGEQ(V2,V2).
 :- unit2sensorGEQ(V2,V1), unit2sensorGEQ(V1,V2), closesensors(V1,V2).
 :- unit2zoneGEQ(V1,V1), unit2sensorGEQ(V2,V1), not unit2zoneGEQ(V2,V1).
 :- partnerunits(V1,V2), not unit2sensorGEQ(V2,V1), not unit2sensorGEQ(V1,V2).
"
198,./../Problems/PUP/doublev_weight/,2-doublev-9-6.lp - 2-doublev-9-5.lp,Specific,Alternative,Full,0,1,21123,Nopt,80.636,708.152,400,2,1," :- zone2sensor(V1,V1), unit2zoneGEQ(V1,V1), not unit2sensorGEQ(V1,V1).
 :- zone2sensor(V1,V2), unit2sensorGEQ(V1,V1), not unit2zoneGEQ(V1,V2).
 :- unit2sensorGEQ(V2,V1), unit2sensorGEQ(V1,V2), closesensors(V1,V2).
"
200,./../Problems/PUP/doublev_weight/,2-doublev-9-6.lp - 2-doublev-9-5.lp,Specific,Alternative,Full,0,3,2231,Nopt,235.578,3063.27,1200,6,16," :- partnerunits(V2,V1), zone2sensor(V1,V1), not closesensors(V2,V1).
 :- zone2sensor(V1,V1), unit2sensorGEQ(V2,V1), not unit2zoneGEQ(V2,V2).
 :- partnerunits(V1,V2), not unit2zoneGEQ(V1,V1), not unit2zoneGEQ(V2,V2).
 :- unit2sensorGEQ(V2,V1), unit2sensorGEQ(V1,V2), closesensors(V1,V2).
 :- unit2zoneGEQ(V1,V1), unit2sensorGEQ(V2,V1), not unit2zoneGEQ(V2,V1).
"
201,./../Problems/PUP/doublev_weight/,2-doublev-9-6.lp - 2-doublev-9-5.lp,Specific,Alternative,Full,0,1,26645,Nopt,82.894,3204.04,400,2,0," :- zone2sensor(V1,V1), not unit2zoneGEQ(V1,V1). 
 :- unit2zoneGEQ(V1,V1), unit2sensorGEQ(V1,V1), not zone2sensor(V1,V1).
 :- partnerunits(V1,V2), zone2sensor(V1,V1), not closesensors(V1,V2).
 :- partnerunits(V1,V2), closesensors(V2,V1), not unit2zoneGEQ(V2,V2).
"
203,./../Problems/PUP/doublev_weight/,2-doublev-9-6.lp - 2-doublev-9-5.lp,Specific,Alternative,Full,0,3,12868,Nopt,245.498,1237.79,1200,6,8," :- unit2zoneGEQ(V1,V2), unit2sensorGEQ(V2,V1), not unit2zoneGEQ(V2,V2). 
 :- partnerunits(V1,V2), zone2sensor(V1,V1), not closesensors(V1,V2).
 :- unit2sensorGEQ(V2,V1), unit2sensorGEQ(V1,V2), closesensors(V1,V2).
 :- unit2zoneGEQ(V1,V2), unit2sensorGEQ(V2,V1), not unit2zoneGEQ(V2,V2).
 :- partnerunits(V2,V1), unit2sensorGEQ(V1,V2), not unit2zoneGEQ(V1,V1).
"
204,./../Problems/PUP/doublev_weight/,2-doublev-9-6.lp - 2-doublev-9-5.lp,Specific,Alternative,Full,0,1,1769,Nopt,82.385,1083.09,400,2,0," :- unit2sensorGEQ(V2,V1), unit2sensorGEQ(V1,V3), not unit2zoneGEQ(V2,V3). 
 :- unit2sensorGEQ(V1,V1), not unit2zoneGEQ(V1,V1).
 :- unit2zoneGEQ(V1,V2), not zone2sensor(V1,V1), not unit2zoneGEQ(V1,V1).
 :- unit2zoneGEQ(V2,V1), unit2zoneGEQ(V1,V2), closezones(V1,V2).
"
206,./../Problems/PUP/doublev_weight/,2-doublev-9-6.lp - 2-doublev-9-5.lp,Specific,Alternative,Full,0,3,14775,Nopt,241.631,2051.23,1200,6,13," :- zone2sensor(V1,V1), not unit2zoneGEQ(V1,V1).
 :- partnerunits(V1,V2), zone2sensor(V1,V1), not closesensors(V1,V2).
 :- zone2sensor(V1,V1), unit2sensorGEQ(V2,V1), not unit2zoneGEQ(V2,V1).
 :- unit2sensorGEQ(V2,V1), unit2sensorGEQ(V1,V2), closesensors(V1,V2).
 :- unit2zoneGEQ(V1,V2), unit2sensorGEQ(V2,V1), not unit2zoneGEQ(V2,V2).
 :- partnerunits(V1,V2), unit2sensorGEQ(V2,V1), unit2sensorGEQ(V1,V2).
"
207,./../Problems/PUP/doublev_weight/,2-doublev-9-6.lp - 2-doublev-9-5.lp,Specific,Alternative,Full,0,1,2212,Nopt,80.747,1296.96,400,2,0," :- unit2zoneGEQ(V1,V1), unit2sensorGEQ(V1,V1), not zone2sensor(V1,V1).
 :- partnerunits(V2,V1), zone2sensor(V1,V1), not closesensors(V2,V1).
 :- partnerunits(V1,V2), zone2sensor(V1,V1), not unit2zoneGEQ(V2,V2).
"
208,./../Problems/PUP/doublev_weight/,2-doublev-9-6.lp - 2-doublev-9-5.lp,Specific,Alternative,Full,0,2,9472,Nopt,153.711,2163.59,800,4,14," :- zone2sensor(V1,V1), unit2sensorGEQ(V1,V1), not unit2zoneGEQ(V1,V1). 
 :- partnerunits(V2,V1), zone2sensor(V1,V1), not closesensors(V1,V2).
 :- zone2sensor(V1,V1), unit2sensorGEQ(V2,V1), not unit2zoneGEQ(V2,V2).
 :- unit2sensorGEQ(V2,V1), unit2sensorGEQ(V1,V2), closesensors(V1,V2).
 :- partnerunits(V1,V2), unit2sensorGEQ(V2,V1), unit2sensorGEQ(V1,V2).
"
210,./../Problems/PUP/doublev_weight/,2-doublev-9-6.lp - 2-doublev-9-5.lp,Specific,Alternative,Full,0,1,13383,Nopt,117.906,925.881,400,2,0," :- partnerunits(V1,V2), zone2sensor(V1,V1), not closesensors(V2,V1).
 :- zone2sensor(V1,V1), unit2sensorGEQ(V2,V2), not unit2zoneGEQ(V2,V1).
 :- unit2sensorGEQ(V2,V1), unit2sensorGEQ(V1,V2), closesensors(V1,V2).
"
213,./../Problems/PUP/doublev_weight/,2-doublev-9-6.lp - 2-doublev-9-5.lp,Specific,Alternative,Full,0,1,13727,Nopt,100.216,1091.59,400,2,2," :- unit2zoneGEQ(V1,V1), unit2sensorGEQ(V1,V1), not zone2sensor(V1,V1).
 :- partnerunits(V2,V1), zone2sensor(V1,V1), not closesensors(V2,V1).
 :- partnerunits(V1,V2), zone2sensor(V1,V1), not unit2zoneGEQ(V1,V2).
 :- unit2sensorGEQ(V2,V1), unit2sensorGEQ(V1,V2), closesensors(V1,V2).
"
214,./../Problems/PUP/doublev_weight/,2-doublev-9-6.lp - 2-doublev-9-5.lp,Specific,Alternative,Full,0,2,15928,Nopt,198.024,3376.16,800,4,7," :- partnerunits(V2,V1), zone2sensor(V1,V1), not closesensors(V2,V1).
 :- unit2sensorGEQ(V2,V1), unit2sensorGEQ(V1,V2), closesensors(V1,V2).
 :- unit2zoneGEQ(V1,V2), unit2sensorGEQ(V2,V1), not unit2zoneGEQ(V2,V2).
 :- partnerunits(V1,V2), unit2sensorGEQ(V2,V1), unit2sensorGEQ(V1,V2).
"
216,./../Problems/PUP/doublev_weight/,2-doublev-9-6.lp - 2-doublev-9-5.lp,Specific,Alternative,Full,0,1,32033,Nopt,88.987,1866.09,400,2,0," :- partnerunits(V1,V2), zone2sensor(V1,V1), not closesensors(V1,V2).
 :- unit2sensorGEQ(V1,V2), closesensors(V2,V1), not unit2zoneGEQ(V1,V1).
 :- partnerunits(V1,V2), unit2sensorGEQ(V2,V1), unit2sensorGEQ(V1,V2).
"
217,./../Problems/PUP/doublev_weight/,2-doublev-9-6.lp - 2-doublev-9-5.lp,Specific,Alternative,Full,0,2,32598,Nopt,160.269,489.286,800,4,0," :- partnerunits(V1,V2), closesensors(V1,V2), not unit2zoneGEQ(V2,V2).
 :- unit2sensorGEQ(V2,V1), unit2sensorGEQ(V1,V2), closezones(V1,V2).
"
219,./../Problems/PUP/doublev_weight/,2-doublev-9-6.lp - 2-doublev-9-5.lp,Specific,Alternative,Full,0,1,30414,Nopt,75.076,619.811,400,2,0," :- zone2sensor(V1,V1), unit2zoneGEQ(V1,V1), not unit2sensorGEQ(V1,V1).
 :- zone2sensor(V1,V2), unit2sensorGEQ(V1,V1), not unit2zoneGEQ(V1,V2).
 :- partnerunits(V1,V2), unit2sensorGEQ(V2,V1), unit2sensorGEQ(V1,V2).
"
220,./../Problems/PUP/doublev_weight/,2-doublev-9-6.lp - 2-doublev-9-5.lp,Specific,Alternative,Full,0,2,7830,Nopt,157.992,2921.75,800,4,3," :- partnerunits(V1,V2), not unit2zoneGEQ(V2,V1), not unit2sensorGEQ(V1,V2). 
 :- partnerunits(V1,V2), zone2sensor(V1,V1), not closesensors(V2,V1).
 :- partnerunits(V1,V2), not unit2zoneGEQ(V1,V1), not unit2zoneGEQ(V2,V2).
 :- unit2sensorGEQ(V2,V1), unit2sensorGEQ(V1,V2), closesensors(V1,V2).
 :- unit2zoneGEQ(V1,V1), unit2sensorGEQ(V2,V1), not unit2zoneGEQ(V2,V1).
 :- partnerunits(V1,V2), not unit2sensorGEQ(V2,V1), not unit2sensorGEQ(V1,V2).
"
221,./../Problems/PUP/doublev_weight/,2-doublev-9-6.lp - 2-doublev-9-5.lp,Specific,Alternative,Full,0,3,31417,Nopt,224.389,2164.2,1200,6,1," :- partnerunits(V1,V2), not unit2zoneGEQ(V1,V2), not unit2sensorGEQ(V2,V1). 
 :- partnerunits(V2,V1), zone2sensor(V1,V1), not closesensors(V1,V2).
 :- zone2sensor(V1,V1), unit2sensorGEQ(V1,V1), not unit2zoneGEQ(V1,V1).
 :- unit2sensorGEQ(V2,V1), unit2sensorGEQ(V1,V2), closesensors(V1,V2).
 :- partnerunits(V1,V2), unit2sensorGEQ(V2,V1), unit2sensorGEQ(V1,V2).
"
223,./../Problems/PUP/doublev_weight/,2-doublev-9-6.lp - 2-doublev-9-5.lp,Specific,Alternative,Full,0,2,22564,Nopt,155.513,2301.81,800,4,14," :- unit2zoneGEQ(V1,V1), unit2sensorGEQ(V2,V1), not unit2zoneGEQ(V2,V1). 
 :- partnerunits(V2,V1), zone2sensor(V1,V1), not closesensors(V1,V2).
 :- zone2sensor(V1,V1), unit2sensorGEQ(V2,V1), not unit2zoneGEQ(V2,V1).
 :- unit2sensorGEQ(V2,V1), unit2sensorGEQ(V1,V2), closesensors(V1,V2).
 :- unit2zoneGEQ(V1,V1), unit2sensorGEQ(V2,V1), not unit2zoneGEQ(V2,V1).
"
224,./../Problems/PUP/doublev_weight/,2-doublev-9-6.lp - 2-doublev-9-5.lp,Specific,Alternative,Full,0,3,7051,Nopt,238.203,970.712,1200,6,6," :- unit2zoneGEQ(V1,V1), unit2sensorGEQ(V2,V1), not unit2zoneGEQ(V2,V1). 
 :- partnerunits(V2,V1), zone2sensor(V1,V1), not closesensors(V1,V2).
 :- zone2sensor(V1,V1), unit2sensorGEQ(V1,V1), not unit2zoneGEQ(V1,V1).
 :- partnerunits(V1,V2), not unit2zoneGEQ(V1,V1), not unit2zoneGEQ(V2,V2).
 :- unit2sensorGEQ(V2,V1), unit2sensorGEQ(V1,V2), closesensors(V1,V2).
 :- unit2zoneGEQ(V1,V1), unit2sensorGEQ(V2,V1), not unit2zoneGEQ(V2,V1).
 :- partnerunits(V1,V2), not unit2sensorGEQ(V2,V1), not unit2sensorGEQ(V1,V2).
"
225,./../Problems/PUP/doublev_weight/,2-doublev-9-6.lp - 2-doublev-9-5.lp,Specific,Alternative,Full,0,1,8543,Nopt,79.261,653.077,400,2,0," :- zone2sensor(V1,V1), unit2zoneGEQ(V1,V1), not unit2sensorGEQ(V1,V1).
 :- unit2sensorGEQ(V1,V1), closesensors(V1,V2), not unit2zoneGEQ(V1,V2).
 :- zone2sensor(V1,V1), unit2sensorGEQ(V2,V1), not unit2zoneGEQ(V2,V2).
"
226,./../Problems/PUP/doublev_weight/,2-doublev-9-6.lp - 2-doublev-9-5.lp,Specific,Alternative,Full,0,2,12158,Nopt,157.349,3025.49,800,4,0," :- zone2sensor(V1,V1), not unit2zoneGEQ(V1,V1). 
 :- partnerunits(V1,V2), zone2sensor(V1,V1), not closesensors(V1,V2).
 :- unit2sensorGEQ(V1,V2), not unit2zoneGEQ(V1,V1), not unit2sensorGEQ(V1,V1).
 :- zone2sensor(V1,V2), unit2sensorGEQ(V1,V2), not unit2zoneGEQ(V1,V2).
"
228,./../Problems/PUP/doublev_weight/,2-doublev-9-6.lp - 2-doublev-9-5.lp,Specific,Alternative,Full,0,1,16687,Nopt,74.735,779.65,400,2,0," :- unit2zoneGEQ(V1,V2), unit2sensorGEQ(V2,V1), not unit2sensorGEQ(V2,V2). 
 :- partnerunits(V2,V1), zone2sensor(V1,V1), not closesensors(V1,V2).
 :- zone2sensor(V1,V2), unit2sensorGEQ(V2,V1), not unit2zoneGEQ(V2,V2).
 :- unit2zoneGEQ(V1,V2), unit2sensorGEQ(V2,V1), not unit2sensorGEQ(V2,V2).
"
230,./../Problems/PUP/doublev_weight/,2-doublev-9-6.lp - 2-doublev-9-5.lp,Specific,Alternative,Full,0,3,21083,Nopt,232.729,2418.57,1200,6,11," :- partnerunits(V2,V1), zone2sensor(V1,V1), not closesensors(V1,V2).
 :- zone2sensor(V1,V1), unit2sensorGEQ(V2,V1), not unit2zoneGEQ(V2,V2).
 :- zone2sensor(V1,V1), unit2sensorGEQ(V2,V1), not unit2zoneGEQ(V2,V1).
 :- unit2sensorGEQ(V2,V1), unit2sensorGEQ(V1,V2), closesensors(V1,V2).
 :- partnerunits(V1,V2), unit2sensorGEQ(V2,V1), unit2sensorGEQ(V1,V2).
"
231,./../Problems/PUP/doublev_weight/,2-doublev-9-6.lp - 2-doublev-9-5.lp,Specific,Alternative,Full,0,1,16567,Nopt,75.932,1551.97,400,2,0," :- zone2sensor(V1,V1), unit2sensorGEQ(V2,V1), not unit2sensorGEQ(V2,V2). 
 :- partnerunits(V1,V2), zone2sensor(V1,V1), not closesensors(V1,V2).
 :- unit2sensorGEQ(V2,V1), unit2sensorGEQ(V1,V2), closesensors(V1,V2).
 :- partnerunits(V2,V1), unit2zoneGEQ(V1,V2), not unit2zoneGEQ(V2,V2).
"
232,./../Problems/PUP/doublev_weight/,2-doublev-9-6.lp - 2-doublev-9-5.lp,Specific,Alternative,Full,0,2,70,Nopt,150.516,2461.66,800,4,3," :- partnerunits(V1,V2), zone2sensor(V1,V1), not closesensors(V1,V2).
 :- zone2sensor(V1,V2), unit2sensorGEQ(V2,V1), not unit2zoneGEQ(V2,V2).
 :- unit2sensorGEQ(V2,V1), unit2sensorGEQ(V1,V2), closesensors(V1,V2).
"
234,./../Problems/PUP/doublev_weight/,2-doublev-9-6.lp - 2-doublev-9-5.lp,Specific,Alternative,Full,0,1,16699,Nopt,72.739,875.818,400,2,0," :- partnerunits(V1,V2), closezones(V1,V2), not zone2sensor(V2,V1).
 :- zone2sensor(V1,V1), unit2sensorGEQ(V2,V1), not unit2sensorGEQ(V2,V2).
 :- partnerunits(V1,V2), not unit2zoneGEQ(V1,V1), not closesensors(V1,V2).
"
235,./../Problems/PUP/doublev_weight/,2-doublev-9-6.lp - 2-doublev-9-5.lp,Specific,Alternative,Full,0,2,25944,Nopt,152.955,2281.21,800,4,4," :- partnerunits(V2,V1), zone2sensor(V1,V1), not closesensors(V2,V1).
 :- zone2sensor(V1,V1), unit2sensorGEQ(V1,V1), not unit2zoneGEQ(V1,V1).
 :- partnerunits(V1,V2), not unit2zoneGEQ(V1,V1), not unit2zoneGEQ(V2,V2).
 :- unit2sensorGEQ(V2,V1), unit2sensorGEQ(V1,V2), closesensors(V1,V2).
 :- unit2zoneGEQ(V1,V1), unit2sensorGEQ(V2,V1), not unit2zoneGEQ(V2,V1).
"
237,./../Problems/PUP/doublev_weight/,2-doublev-9-6.lp - 2-doublev-9-5.lp,Specific,Alternative,Full,0,1,2753,Nopt,76.8,1332.05,400,2,0," :- zone2sensor(V1,V2), unit2sensorGEQ(V2,V1), not unit2zoneGEQ(V2,V2).
 :- unit2zoneGEQ(V1,V2), unit2sensorGEQ(V2,V1), not unit2sensorGEQ(V2,V2).
"
239,./../Problems/PUP/doublev_weight/,2-doublev-9-6.lp - 2-doublev-9-5.lp,Specific,Alternative,Full,0,3,6602,Nopt,229.592,1026.54,1200,6,5," :- partnerunits(V2,V1), zone2sensor(V1,V1), not closesensors(V1,V2).
 :- partnerunits(V1,V2), not unit2zoneGEQ(V1,V1), not unit2zoneGEQ(V2,V2).
 :- unit2sensorGEQ(V2,V1), unit2sensorGEQ(V1,V2), closesensors(V1,V2).
 :- partnerunits(V1,V2), not unit2sensorGEQ(V2,V1), not unit2sensorGEQ(V1,V2).
"
