,Directory,Files analysed with SBASS,Positive Examples in S,Ordering,SBC,Iteration,Cell,Seed,Opt,Time for creating examples,Time for solving ILP task,Total neg examples,Total pos examples,Neg examples uncovered,Learned Constraints
1,./../Problems/PUP/double_opt/,2-double-6-6.lp,Specific,Alternative,Full,1,1,31681,Opt,0.094,53.411,3,1,0," :- zone2sensor(V1,V1), not unit2zoneGEQ(V1,V1).
 :- zone2sensor(V1,V1), not unit2sensorGEQ(V1,V1).
"
2,./../Problems/PUP/double_opt/,2-double-6-6.lp,Specific,Alternative,Full,1,2,4634,Opt,0.15,64.893,6,2,0," :- unit2zoneGEQ(V1,V1), unit2sensorGEQ(V2,V1), not zone2sensor(V2,V1).
"
3,./../Problems/PUP/double_opt/,2-double-6-6.lp,Specific,Alternative,Full,1,3,16837,Opt,0.22,70.363,9,3,0," :- unit2zoneGEQ(V1,V1), closezones(V1,V2), not unit2sensorGEQ(V1,V2).
"
4,./../Problems/PUP/double_opt/,2-double-6-6.lp,Specific,Alternative,Full,1,1,15262,Opt,0.074,42.559,3,1,0," :- unit2zoneGEQ(V1,V2), unit2sensorGEQ(V2,V2), not zone2sensor(V1,V2).
"
5,./../Problems/PUP/double_opt/,2-double-6-6.lp,Specific,Alternative,Full,1,2,22084,Opt,0.16,112.658,6,2,0," :- unit2sensorGEQ(V1,V1), not zone2sensor(V1,V1).
 :- zone2sensor(V1,V1), not unit2zoneGEQ(V1,V1).
"
6,./../Problems/PUP/double_opt/,2-double-6-6.lp,Specific,Alternative,Full,1,3,24758,Opt,0.188,216.265,9,3,0," :- unit2sensorGEQ(V1,V1), unit2sensorGEQ(V2,V2), closesensors(V1,V2).
"
7,./../Problems/PUP/double_opt/,2-double-6-6.lp,Specific,Alternative,Full,1,1,3718,Opt,0.099,38.345,3,1,0," :- unit2zoneGEQ(V1,V1), not zone2sensor(V1,V1).
 :- zone2sensor(V1,V1), not unit2zoneGEQ(V1,V1).
"
8,./../Problems/PUP/double_opt/,2-double-6-6.lp,Specific,Alternative,Full,1,2,26796,Opt,0.135,81.916,6,2,0," :- unit2sensorGEQ(V2,V1), unit2sensorGEQ(V1,V2), closesensors(V1,V2).
"
9,./../Problems/PUP/double_opt/,2-double-6-6.lp,Specific,Alternative,Full,1,3,25434,Opt,0.134,142.563,9,3,0," :- unit2zoneGEQ(V1,V2), unit2sensorGEQ(V2,V1), closesensors(V2,V1).
"
10,./../Problems/PUP/double_opt/,2-double-6-6.lp,Specific,Alternative,Full,1,1,8598,Opt,0.112,167.974,3,1,0," :- unit2sensorGEQ(V1,V1), unit2sensorGEQ(V2,V2), closesensors(V1,V2).
"
11,./../Problems/PUP/double_opt/,2-double-6-6.lp,Specific,Alternative,Full,1,2,21172,Opt,0.162,87.206,6,2,0," :- zone2sensor(V1,V2), unit2sensorGEQ(V2,V2), not unit2zoneGEQ(V2,V1).
"
12,./../Problems/PUP/double_opt/,2-double-6-6.lp,Specific,Alternative,Full,1,3,31928,Opt,0.201,68.418,9,3,0," :- unit2zoneGEQ(V1,V1), not zone2sensor(V1,V1).
 :- zone2sensor(V1,V1), not unit2sensorGEQ(V1,V1).
"
13,./../Problems/PUP/double_opt/,2-double-6-6.lp,Specific,Alternative,Full,1,1,29690,Opt,0.09,34.745,3,1,0," :- unit2zoneGEQ(V1,V1), not unit2sensorGEQ(V1,V1).
"
14,./../Problems/PUP/double_opt/,2-double-6-6.lp,Specific,Alternative,Full,1,2,3800,Opt,0.142,44.013,6,2,0," :- zone2sensor(V1,V1), closezones(V1,V2), not unit2sensorGEQ(V1,V2).
"
15,./../Problems/PUP/double_opt/,2-double-6-6.lp,Specific,Alternative,Full,1,3,1743,Opt,0.192,158.289,9,3,0," :- partnerunits(V1,V2), unit2sensorGEQ(V2,V1), unit2sensorGEQ(V1,V2).
"
16,./../Problems/PUP/double_opt/,2-double-6-6.lp,Specific,Alternative,Full,1,1,26740,Opt,0.118,419.016,3,1,0," :- unit2sensorGEQ(V1,V1), closezones(V2,V1), not unit2zoneGEQ(V2,V2).
"
17,./../Problems/PUP/double_opt/,2-double-6-6.lp,Specific,Alternative,Full,1,2,22856,Opt,0.15,93.182,6,2,0," :- partnerunits(V1,V2), unit2sensorGEQ(V1,V2), not closesensors(V2,V1).
"
18,./../Problems/PUP/double_opt/,2-double-6-6.lp,Specific,Alternative,Full,1,3,25148,Opt,0.213,85.097,9,3,0," :- unit2zoneGEQ(V1,V1), unit2sensorGEQ(V2,V1), not unit2zoneGEQ(V2,V2).
"
19,./../Problems/PUP/double_opt/,2-double-6-6.lp,Specific,Alternative,Full,1,1,6751,Opt,0.092,96.146,3,1,0," :- unit2sensorGEQ(V1,V1), not unit2zoneGEQ(V1,V1).
"
20,./../Problems/PUP/double_opt/,2-double-6-6.lp,Specific,Alternative,Full,1,2,13658,Opt,0.163,42.459,6,2,0," :- zone2sensor(V1,V1), unit2zoneGEQ(V2,V1), not unit2sensorGEQ(V2,V2).
"
21,./../Problems/PUP/double_opt/,2-double-6-6.lp,Specific,Alternative,Full,1,3,717,Opt,0.192,48.435,9,3,0," :- zone2sensor(V1,V1), closezones(V2,V1), not unit2sensorGEQ(V1,V2).
"
22,./../Problems/PUP/double_opt/,2-double-6-6.lp,Specific,Alternative,Full,1,1,16849,Opt,0.12,77.02,3,1,0," :- unit2zoneGEQ(V1,V1), not unit2sensorGEQ(V1,V1).
"
23,./../Problems/PUP/double_opt/,2-double-6-6.lp,Specific,Alternative,Full,1,2,29843,Opt,0.164,199.836,6,2,0," :- zone2sensor(V1,V1), not unit2zoneGEQ(V1,V1), not unit2sensorGEQ(V1,V1).
 :- partnerunits(V1,V2), closezones(V1,V2), not unit2zoneGEQ(V2,V1).
 :- unit2zoneGEQ(V1,V1), unit2sensorGEQ(V2,V1), not unit2zoneGEQ(V2,V1).
"
24,./../Problems/PUP/double_opt/,2-double-6-6.lp,Specific,Alternative,Full,1,3,8299,Opt,0.143,49.529,9,3,0," :- partnerunits(V1,V2), unit2sensorGEQ(V1,V1), not closesensors(V2,V1).
"
25,./../Problems/PUP/double_opt/,2-double-6-6.lp,Specific,Alternative,Full,1,1,6709,Opt,0.088,43.666,3,1,0," :- partnerunits(V1,V2), not unit2zoneGEQ(V2,V1), not closezones(V1,V2).
"
26,./../Problems/PUP/double_opt/,2-double-6-6.lp,Specific,Alternative,Full,1,2,24419,Opt,0.154,86.187,6,2,0," :- unit2sensorGEQ(V1,V2), closezones(V2,V1), not unit2zoneGEQ(V1,V2).
"
27,./../Problems/PUP/double_opt/,2-double-6-6.lp,Specific,Alternative,Full,1,3,14456,Opt,0.189,269.136,9,3,0," :- zone2sensor(V1,V2), unit2zoneGEQ(V2,V2), not unit2sensorGEQ(V1,V1).
 :- unit2sensorGEQ(V2,V1), unit2sensorGEQ(V1,V2), closesensors(V1,V2).
"
28,./../Problems/PUP/double_opt/,2-double-6-6.lp,Specific,Alternative,Full,1,1,11547,Opt,0.079,178.132,3,1,0," :- unit2zoneGEQ(V1,V1), unit2zoneGEQ(V2,V2), not zone2sensor(V2,V1).
"
29,./../Problems/PUP/double_opt/,2-double-6-6.lp,Specific,Alternative,Full,1,2,7260,Opt,0.167,89.121,6,2,0," :- zone2sensor(V1,V1), not unit2sensorGEQ(V1,V1).
 :- zone2sensor(V1,V1), unit2zoneGEQ(V2,V2), not unit2zoneGEQ(V2,V1).
"
30,./../Problems/PUP/double_opt/,2-double-6-6.lp,Specific,Alternative,Full,1,3,21865,Opt,0.209,61.565,9,3,0," :- unit2zoneGEQ(V1,V2), closezones(V2,V1), not unit2sensorGEQ(V1,V1).
"
31,./../Problems/PUP/double_opt/,2-double-6-6.lp,Specific,Alternative,Full,1,1,16017,Opt,0.118,71.369,3,1,0," :- unit2zoneGEQ(V1,V1), not unit2sensorGEQ(V1,V1).
"
32,./../Problems/PUP/double_opt/,2-double-6-6.lp,Specific,Alternative,Full,1,2,29417,Opt,0.113,87.337,6,2,0," :- unit2sensorGEQ(V2,V1), unit2sensorGEQ(V1,V2), closesensors(V1,V2).
"
33,./../Problems/PUP/double_opt/,2-double-6-6.lp,Specific,Alternative,Full,1,3,25421,Opt,0.212,169.444,9,3,0," :- unit2sensorGEQ(V1,V1), unit2sensorGEQ(V2,V2), not zone2sensor(V2,V1).
"
34,./../Problems/PUP/double_opt/,2-double-6-6.lp,Specific,Alternative,Full,1,1,10456,Opt,0.116,141.304,3,1,0," :- zone2sensor(V1,V2), unit2sensorGEQ(V1,V1), not unit2zoneGEQ(V2,V2).
"
35,./../Problems/PUP/double_opt/,2-double-6-6.lp,Specific,Alternative,Full,1,2,25977,Opt,0.119,39.357,6,2,0," :- unit2sensorGEQ(V2,V1), unit2sensorGEQ(V1,V2), not zone2sensor(V2,V1).
"
36,./../Problems/PUP/double_opt/,2-double-6-6.lp,Specific,Alternative,Full,1,3,20418,Opt,0.188,45.281,9,3,0," :- unit2sensorGEQ(V1,V1), not zone2sensor(V1,V1).
 :- zone2sensor(V1,V1), not unit2zoneGEQ(V1,V1).
"
37,./../Problems/PUP/double_opt/,2-double-6-6.lp,Specific,Alternative,Full,1,1,3380,Opt,0.121,150.418,3,1,0," :- zone2sensor(V1,V2), unit2zoneGEQ(V1,V1), not unit2sensorGEQ(V2,V2).
"
38,./../Problems/PUP/double_opt/,2-double-6-6.lp,Specific,Alternative,Full,1,2,4490,Opt,0.108,42.371,6,2,0," :- unit2zoneGEQ(V1,V1), unit2sensorGEQ(V2,V1), not zone2sensor(V2,V1).
"
39,./../Problems/PUP/double_opt/,2-double-6-6.lp,Specific,Alternative,Full,1,3,29743,Opt,0.19,26.114,9,3,0," :- zone2sensor(V1,V1), not unit2sensorGEQ(V1,V1).
"
40,./../Problems/PUP/double_opt/,2-double-6-6.lp,Specific,Alternative,Full,1,1,14157,Opt,0.098,110.674,3,1,0," :- partnerunits(V1,V2), not zone2sensor(V1,V1), not unit2zoneGEQ(V1,V1).
"
41,./../Problems/PUP/double_opt/,2-double-6-6.lp,Specific,Alternative,Full,1,2,69,Opt,0.149,286.001,6,2,0," :- unit2sensorGEQ(V1,V1), unit2sensorGEQ(V2,V2), not zone2sensor(V1,V2).
"
42,./../Problems/PUP/double_opt/,2-double-6-6.lp,Specific,Alternative,Full,1,3,3023,Opt,0.189,66.275,9,3,0," :- unit2zoneGEQ(V1,V2), unit2sensorGEQ(V2,V2), closesensors(V1,V2).
"
43,./../Problems/PUP/double_opt/,2-double-6-6.lp,Specific,Alternative,Full,1,1,14690,Opt,0.094,40.893,3,1,0," :- zone2sensor(V1,V2), unit2sensorGEQ(V1,V2), not unit2sensorGEQ(V1,V1).
"
44,./../Problems/PUP/double_opt/,2-double-6-6.lp,Specific,Alternative,Full,1,2,13524,Opt,0.11,28.467,6,2,0," :- zone2sensor(V1,V1), closezones(V2,V1), not unit2zoneGEQ(V1,V2).
"
45,./../Problems/PUP/double_opt/,2-double-6-6.lp,Specific,Alternative,Full,1,3,15622,Opt,0.205,58.968,9,3,0," :- unit2sensorGEQ(V2,V1), unit2sensorGEQ(V1,V2), closesensors(V1,V2).
"
46,./../Problems/PUP/double_opt/,2-double-6-6.lp,Specific,Alternative,Full,1,1,10222,Opt,0.101,27.863,3,1,0," :- zone2sensor(V1,V1), closezones(V1,V2), not unit2sensorGEQ(V1,V2).
"
47,./../Problems/PUP/double_opt/,2-double-6-6.lp,Specific,Alternative,Full,1,2,23256,Opt,0.128,26.514,6,2,0," :- zone2sensor(V1,V1), not unit2sensorGEQ(V1,V1).
"
48,./../Problems/PUP/double_opt/,2-double-6-6.lp,Specific,Alternative,Full,1,3,29764,Opt,0.185,33.034,9,3,0," :- zone2sensor(V1,V1), not unit2sensorGEQ(V1,V1).
"
49,./../Problems/PUP/double_opt/,2-double-6-6.lp,Specific,Alternative,Full,1,1,6652,Opt,0.113,30.414,3,1,0," :- zone2sensor(V1,V1), closezones(V1,V2), not unit2sensorGEQ(V1,V2).
"
50,./../Problems/PUP/double_opt/,2-double-6-6.lp,Specific,Alternative,Full,1,2,27221,Opt,0.161,50.625,6,2,0," :- zone2sensor(V1,V1), closezones(V2,V1), not unit2sensorGEQ(V1,V2).
"
51,./../Problems/PUP/double_opt/,2-double-6-6.lp,Specific,Alternative,Full,1,3,28577,Opt,0.21,56.079,9,3,0," :- zone2sensor(V1,V2), unit2sensorGEQ(V1,V2), not unit2sensorGEQ(V1,V1).
"
52,./../Problems/PUP/double_opt/,2-double-6-6.lp,Specific,Alternative,Full,1,1,759,Opt,0.097,79.312,3,1,0," :- unit2zoneGEQ(V1,V1), closesensors(V1,V2), not unit2sensorGEQ(V2,V2).
"
53,./../Problems/PUP/double_opt/,2-double-6-6.lp,Specific,Alternative,Full,1,2,2001,Opt,0.165,312.151,6,2,0," :- unit2sensorGEQ(V1,V1), unit2sensorGEQ(V2,V2), closesensors(V1,V2).
"
54,./../Problems/PUP/double_opt/,2-double-6-6.lp,Specific,Alternative,Full,1,3,10002,Opt,0.198,52.939,9,3,0," :- unit2zoneGEQ(V1,V2), not unit2zoneGEQ(V1,V1), not closezones(V2,V1).
"
55,./../Problems/PUP/double_opt/,2-double-6-6.lp,Specific,Alternative,Full,1,1,2905,Opt,0.112,33.75,3,1,0," :- zone2sensor(V1,V1), not unit2sensorGEQ(V1,V1).
"
56,./../Problems/PUP/double_opt/,2-double-6-6.lp,Specific,Alternative,Full,1,2,27702,Opt,0.16,60.857,6,2,0," :- unit2zoneGEQ(V1,V1), unit2sensorGEQ(V2,V1), not zone2sensor(V2,V2).
"
57,./../Problems/PUP/double_opt/,2-double-6-6.lp,Specific,Alternative,Full,1,3,4997,Opt,0.156,84.244,9,3,0," :- zone2sensor(V1,V1), unit2sensorGEQ(V2,V1), not unit2sensorGEQ(V2,V2).
"
58,./../Problems/PUP/double_opt/,2-double-6-6.lp,Specific,Alternative,Full,1,1,26985,Opt,0.112,180.588,3,1,0," :- zone2sensor(V1,V2), unit2sensorGEQ(V1,V1), not unit2zoneGEQ(V2,V2).
"
59,./../Problems/PUP/double_opt/,2-double-6-6.lp,Specific,Alternative,Full,1,2,16281,Opt,0.116,168.218,6,2,0," :- zone2sensor(V1,V2), unit2zoneGEQ(V2,V2), not unit2sensorGEQ(V1,V1).
"
60,./../Problems/PUP/double_opt/,2-double-6-6.lp,Specific,Alternative,Full,1,3,16345,Opt,0.209,36.68,9,3,0," :- zone2sensor(V1,V1), closezones(V1,V2), not unit2sensorGEQ(V1,V2).
"
61,./../Problems/PUP/double_opt/,2-double-6-6.lp,Specific,Alternative,Full,1,1,14189,Opt,0.099,44.499,3,1,0," :- zone2sensor(V1,V1), not unit2zoneGEQ(V1,V1).
"
62,./../Problems/PUP/double_opt/,2-double-6-6.lp,Specific,Alternative,Full,1,2,21352,Opt,0.149,69.799,6,2,0," :- zone2sensor(V1,V1), closezones(V1,V2), not unit2sensorGEQ(V1,V2).
"
63,./../Problems/PUP/double_opt/,2-double-6-6.lp,Specific,Alternative,Full,1,3,14837,Opt,0.21,242.443,9,3,0," :- zone2sensor(V1,V1), not unit2sensorGEQ(V1,V1).
"
64,./../Problems/PUP/double_opt/,2-double-6-6.lp,Specific,Alternative,Full,1,1,24318,Opt,0.108,156.822,3,1,0," :- unit2zoneGEQ(V1,V2), not unit2zoneGEQ(V1,V1).
"
65,./../Problems/PUP/double_opt/,2-double-6-6.lp,Specific,Alternative,Full,1,2,26740,Opt,0.147,314.894,6,2,0," :- zone2sensor(V1,V2), unit2sensorGEQ(V1,V1), not unit2zoneGEQ(V2,V2).
"
66,./../Problems/PUP/double_opt/,2-double-6-6.lp,Specific,Alternative,Full,1,3,23583,Opt,0.178,26.246,9,3,0," :- unit2zoneGEQ(V1,V2), closesensors(V1,V2), not unit2sensorGEQ(V2,V2).
"
67,./../Problems/PUP/double_opt/,2-double-6-6.lp,Specific,Alternative,Full,1,1,17876,Opt,0.104,42.746,3,1,0," :- unit2zoneGEQ(V1,V2), closezones(V1,V2), not unit2zoneGEQ(V1,V1).
"
68,./../Problems/PUP/double_opt/,2-double-6-6.lp,Specific,Alternative,Full,1,2,19383,Opt,0.127,111.252,6,2,0," :- zone2sensor(V1,V1), unit2sensorGEQ(V2,V1), not unit2zoneGEQ(V2,V2).
"
69,./../Problems/PUP/double_opt/,2-double-6-6.lp,Specific,Alternative,Full,1,3,7579,Opt,0.189,46.96,9,3,0," :- unit2zoneGEQ(V1,V1), closesensors(V2,V1), not unit2zoneGEQ(V1,V2).
"
70,./../Problems/PUP/double_opt/,2-double-6-6.lp,Specific,Alternative,Full,1,1,28975,Opt,0.113,39.017,3,1,0," :- unit2sensorGEQ(V1,V1), not zone2sensor(V1,V1).
 :- zone2sensor(V1,V1), not unit2sensorGEQ(V1,V1).
"
71,./../Problems/PUP/double_opt/,2-double-6-6.lp,Specific,Alternative,Full,1,2,1459,Opt,0.159,73.105,6,2,0," :- partnerunits(V1,V2), not zone2sensor(V2,V1), not unit2zoneGEQ(V2,V2).
"
72,./../Problems/PUP/double_opt/,2-double-6-6.lp,Specific,Alternative,Full,1,3,7706,Opt,0.195,56.151,9,3,0," :- unit2zoneGEQ(V1,V2), closesensors(V2,V1), not unit2sensorGEQ(V1,V1).
"
73,./../Problems/PUP/double_opt/,2-double-6-6.lp,Specific,Alternative,Full,1,1,5107,Opt,0.104,33.379,3,1,0," :- zone2sensor(V1,V1), not unit2zoneGEQ(V1,V1).
"
74,./../Problems/PUP/double_opt/,2-double-6-6.lp,Specific,Alternative,Full,1,2,10838,Opt,0.16,82.729,6,2,0," :- unit2zoneGEQ(V1,V1), unit2sensorGEQ(V2,V1), not zone2sensor(V2,V1).
"
75,./../Problems/PUP/double_opt/,2-double-6-6.lp,Specific,Alternative,Full,1,3,21787,Opt,0.206,39.508,9,3,0," :- zone2sensor(V1,V1), closezones(V2,V1), not unit2sensorGEQ(V1,V2).
"
76,./../Problems/PUP/double_opt/,2-double-6-6.lp,Specific,Alternative,Full,1,1,9373,Opt,0.093,56.862,3,1,0," :- unit2zoneGEQ(V1,V1), not zone2sensor(V1,V1).
"
77,./../Problems/PUP/double_opt/,2-double-6-6.lp,Specific,Alternative,Full,1,2,12399,Opt,0.145,51.597,6,2,0," :- unit2zoneGEQ(V1,V1), unit2sensorGEQ(V2,V1), not zone2sensor(V1,V2).
"
78,./../Problems/PUP/double_opt/,2-double-6-6.lp,Specific,Alternative,Full,1,3,5812,Opt,0.212,60.352,9,3,0," :- unit2sensorGEQ(V1,V1), not zone2sensor(V1,V1).
 :- zone2sensor(V1,V1), not unit2sensorGEQ(V1,V1).
"
79,./../Problems/PUP/double_opt/,2-double-6-6.lp,Specific,Alternative,Full,1,1,21123,Opt,0.094,43.304,3,1,0," :- unit2sensorGEQ(V1,V1), not zone2sensor(V1,V1).
 :- zone2sensor(V1,V1), not unit2sensorGEQ(V1,V1).
"
80,./../Problems/PUP/double_opt/,2-double-6-6.lp,Specific,Alternative,Full,1,2,32737,Opt,0.15,29.17,6,2,0," :- unit2zoneGEQ(V1,V2), closezones(V2,V1), not unit2sensorGEQ(V1,V1).
"
81,./../Problems/PUP/double_opt/,2-double-6-6.lp,Specific,Alternative,Full,1,3,2231,Opt,0.216,51.112,9,3,0," :- unit2zoneGEQ(V1,V2), unit2sensorGEQ(V2,V1), closezones(V2,V1).
"
82,./../Problems/PUP/double_opt/,2-double-6-6.lp,Specific,Alternative,Full,1,1,26645,Opt,0.108,26.73,3,1,0," :- zone2sensor(V1,V1), not unit2sensorGEQ(V1,V1).
"
83,./../Problems/PUP/double_opt/,2-double-6-6.lp,Specific,Alternative,Full,1,2,4448,Opt,0.156,81.975,6,2,0," :- unit2zoneGEQ(V1,V1), unit2sensorGEQ(V2,V1), not zone2sensor(V2,V2).
"
84,./../Problems/PUP/double_opt/,2-double-6-6.lp,Specific,Alternative,Full,1,3,12868,Opt,0.186,74.253,9,3,0," :- zone2sensor(V1,V1), not unit2zoneGEQ(V1,V1).
 :- unit2sensorGEQ(V2,V1), unit2sensorGEQ(V1,V2), closesensors(V1,V2).
"
85,./../Problems/PUP/double_opt/,2-double-6-6.lp,Specific,Alternative,Full,1,1,1769,Opt,0.11,44.842,3,1,0," :- zone2sensor(V1,V1), closezones(V1,V2), not unit2sensorGEQ(V1,V2).
"
86,./../Problems/PUP/double_opt/,2-double-6-6.lp,Specific,Alternative,Full,1,2,8467,Opt,0.15,73.389,6,2,0," :- unit2sensorGEQ(V1,V1), not zone2sensor(V1,V1).
 :- zone2sensor(V1,V1), not unit2sensorGEQ(V1,V1).
"
87,./../Problems/PUP/double_opt/,2-double-6-6.lp,Specific,Alternative,Full,1,3,14775,Opt,0.119,70.989,7,3,0," :- unit2zoneGEQ(V1,V1), not unit2sensorGEQ(V1,V1).
"
88,./../Problems/PUP/double_opt/,2-double-6-6.lp,Specific,Alternative,Full,1,1,2212,Opt,0.106,36.814,3,1,0," :- unit2zoneGEQ(V1,V2), not unit2zoneGEQ(V1,V1), not closezones(V2,V1).
"
89,./../Problems/PUP/double_opt/,2-double-6-6.lp,Specific,Alternative,Full,1,2,9472,Opt,0.108,37.784,6,2,0," :- zone2sensor(V1,V2), unit2zoneGEQ(V2,V2), not unit2sensorGEQ(V1,V1).
"
90,./../Problems/PUP/double_opt/,2-double-6-6.lp,Specific,Alternative,Full,1,3,1280,Opt,0.197,35.268,9,3,0," :- unit2zoneGEQ(V1,V1), not zone2sensor(V1,V1).
 :- zone2sensor(V1,V1), not unit2sensorGEQ(V1,V1).
"
91,./../Problems/PUP/double_opt/,2-double-6-6.lp,Specific,Alternative,Full,1,1,13383,Opt,0.088,129.217,3,1,0," :- unit2sensorGEQ(V1,V1), unit2sensorGEQ(V2,V2), not zone2sensor(V2,V1).
"
92,./../Problems/PUP/double_opt/,2-double-6-6.lp,Specific,Alternative,Full,1,2,2517,Opt,0.163,145.001,6,2,0," :- unit2sensorGEQ(V2,V1), unit2sensorGEQ(V1,V2), not zone2sensor(V2,V1).
"
93,./../Problems/PUP/double_opt/,2-double-6-6.lp,Specific,Alternative,Full,1,3,20286,Opt,0.152,76.58,9,3,0," :- zone2sensor(V1,V2), unit2zoneGEQ(V1,V1), not unit2sensorGEQ(V2,V2).
"
94,./../Problems/PUP/double_opt/,2-double-6-6.lp,Specific,Alternative,Full,1,1,13727,Opt,0.079,44.968,3,1,0," :- unit2sensorGEQ(V2,V1), unit2sensorGEQ(V1,V2), not zone2sensor(V2,V1).
"
95,./../Problems/PUP/double_opt/,2-double-6-6.lp,Specific,Alternative,Full,1,2,15928,Opt,0.161,70.587,6,2,0," :- zone2sensor(V1,V1), unit2sensorGEQ(V2,V1), not unit2sensorGEQ(V2,V2).
 :- unit2zoneGEQ(V1,V2), unit2sensorGEQ(V2,V1), not unit2zoneGEQ(V2,V2).
"
96,./../Problems/PUP/double_opt/,2-double-6-6.lp,Specific,Alternative,Full,1,3,18316,Opt,0.199,101.451,9,3,0," :- unit2sensorGEQ(V1,V1), not zone2sensor(V1,V1).
 :- zone2sensor(V1,V1), not unit2sensorGEQ(V1,V1).
"
97,./../Problems/PUP/double_opt/,2-double-6-6.lp,Specific,Alternative,Full,1,1,32033,Opt,0.091,24.85,3,1,0," :- zone2sensor(V1,V1), not unit2zoneGEQ(V1,V1).
"
98,./../Problems/PUP/double_opt/,2-double-6-6.lp,Specific,Alternative,Full,1,2,32598,Opt,0.148,232.862,6,2,0," :- unit2sensorGEQ(V1,V1), closezones(V2,V1), not unit2zoneGEQ(V2,V2).
"
99,./../Problems/PUP/double_opt/,2-double-6-6.lp,Specific,Alternative,Full,1,3,11310,Opt,0.207,89.612,9,3,0," :- partnerunits(V2,V1), unit2zoneGEQ(V1,V2), not unit2zoneGEQ(V1,V1).
"
100,./../Problems/PUP/double_opt/,2-double-6-6.lp,Specific,Alternative,Full,1,1,30414,Opt,0.104,25.421,3,1,0," :- zone2sensor(V1,V1), closesensors(V2,V1), not unit2zoneGEQ(V1,V2).
"
101,./../Problems/PUP/double_opt/,2-double-6-6.lp,Specific,Alternative,Full,1,2,7830,Opt,0.164,47.779,6,2,0," :- zone2sensor(V1,V1), not unit2sensorGEQ(V1,V1).
"
102,./../Problems/PUP/double_opt/,2-double-6-6.lp,Specific,Alternative,Full,1,3,31417,Opt,0.211,113.536,9,3,0," :- unit2zoneGEQ(V1,V2), unit2sensorGEQ(V2,V1), closesensors(V2,V1).
"
103,./../Problems/PUP/double_opt/,2-double-6-6.lp,Specific,Alternative,Full,1,1,31869,Opt,0.112,46.847,3,1,0," :- zone2sensor(V1,V1), closezones(V2,V1), not unit2sensorGEQ(V1,V2).
"
104,./../Problems/PUP/double_opt/,2-double-6-6.lp,Specific,Alternative,Full,1,2,22564,Opt,0.163,108.349,6,2,0," :- partnerunits(V1,V2), not unit2zoneGEQ(V1,V1), not closesensors(V1,V2).
"
105,./../Problems/PUP/double_opt/,2-double-6-6.lp,Specific,Alternative,Full,1,3,7051,Opt,0.187,96.397,9,3,0," :- unit2sensorGEQ(V2,V1), unit2sensorGEQ(V1,V2), closesensors(V1,V2).
"
106,./../Problems/PUP/double_opt/,2-double-6-6.lp,Specific,Alternative,Full,1,1,8543,Opt,0.093,41.004,3,1,0," :- zone2sensor(V1,V1), closezones(V1,V2), not unit2sensorGEQ(V1,V2).
"
107,./../Problems/PUP/double_opt/,2-double-6-6.lp,Specific,Alternative,Full,1,2,12158,Opt,0.128,74.713,6,2,0," :- unit2zoneGEQ(V1,V1), unit2sensorGEQ(V2,V1), not zone2sensor(V2,V2).
"
108,./../Problems/PUP/double_opt/,2-double-6-6.lp,Specific,Alternative,Full,1,3,16923,Opt,0.209,123.23,9,3,0," :- zone2sensor(V1,V2), unit2zoneGEQ(V2,V1), not unit2zoneGEQ(V1,V1).
"
109,./../Problems/PUP/double_opt/,2-double-6-6.lp,Specific,Alternative,Full,1,1,16687,Opt,0.111,36.4,3,1,0," :- zone2sensor(V1,V1), closezones(V2,V1), not unit2zoneGEQ(V1,V2).
"
110,./../Problems/PUP/double_opt/,2-double-6-6.lp,Specific,Alternative,Full,1,2,27416,Opt,0.142,63.29,6,2,0," :- zone2sensor(V1,V2), unit2zoneGEQ(V2,V1), not unit2sensorGEQ(V1,V1).
"
111,./../Problems/PUP/double_opt/,2-double-6-6.lp,Specific,Alternative,Full,1,3,21083,Opt,0.204,60.081,9,3,0," :- unit2sensorGEQ(V1,V2), closezones(V1,V2), not unit2zoneGEQ(V1,V2).
"
112,./../Problems/PUP/double_opt/,2-double-6-6.lp,Specific,Alternative,Full,1,1,16567,Opt,0.118,27.247,3,1,0," :- unit2zoneGEQ(V1,V2), unit2sensorGEQ(V2,V2), not zone2sensor(V1,V2).
"
113,./../Problems/PUP/double_opt/,2-double-6-6.lp,Specific,Alternative,Full,1,2,70,Opt,0.155,47.904,6,2,0," :- zone2sensor(V1,V2), unit2sensorGEQ(V2,V2), not unit2zoneGEQ(V2,V1).
"
114,./../Problems/PUP/double_opt/,2-double-6-6.lp,Specific,Alternative,Full,1,3,22154,Opt,0.192,28.307,9,3,0," :- zone2sensor(V1,V1), closezones(V1,V2), not unit2sensorGEQ(V1,V2).
"
115,./../Problems/PUP/double_opt/,2-double-6-6.lp,Specific,Alternative,Full,1,1,16699,Opt,0.11,44.389,3,1,0," :- zone2sensor(V1,V1), closezones(V1,V2), not unit2sensorGEQ(V1,V2).
"
116,./../Problems/PUP/double_opt/,2-double-6-6.lp,Specific,Alternative,Full,1,2,25944,Opt,0.16,64.647,6,2,0," :- partnerunits(V1,V2), unit2sensorGEQ(V1,V2), not zone2sensor(V1,V1).
"
117,./../Problems/PUP/double_opt/,2-double-6-6.lp,Specific,Alternative,Full,1,3,15838,Opt,0.203,116.647,9,3,0," :- zone2sensor(V1,V2), unit2sensorGEQ(V2,V2), not unit2zoneGEQ(V1,V1).
"
118,./../Problems/PUP/double_opt/,2-double-6-6.lp,Specific,Alternative,Full,1,1,2753,Opt,0.114,106.701,3,1,0," :- zone2sensor(V1,V1), closezones(V1,V2), not unit2sensorGEQ(V1,V2).
"
119,./../Problems/PUP/double_opt/,2-double-6-6.lp,Specific,Alternative,Full,1,2,31792,Opt,0.155,187.134,6,2,0," :- unit2sensorGEQ(V1,V1), unit2sensorGEQ(V2,V2), not zone2sensor(V2,V1).
 :- zone2sensor(V1,V1), unit2zoneGEQ(V2,V2), not unit2zoneGEQ(V2,V1).
"
120,./../Problems/PUP/double_opt/,2-double-6-6.lp,Specific,Alternative,Full,1,3,6602,Opt,0.186,57.893,9,3,0," :- unit2zoneGEQ(V1,V2), closezones(V2,V1), not unit2sensorGEQ(V1,V1).
"
