,Directory,Files analysed with SBASS,Learning mode,Ordering,SBC,Iteration,Cell,Seed,Version,Time for creating examples,Time for solving ILP task,Total neg examples,Total pos examples,Neg examples uncovered,Learned Constraints
1,./PUP/double/,2-double-6.lp,Enumerate,Alternative,Partial,1,96,31681,DEFAULT,1.247,0,96,0,96,
4,./PUP/double/,2-double-6.lp,Enumerate,Alternative,Partial,1,96,15262,DEFAULT,1.932,0,96,0,96,
5,./PUP/double/,2-double-6.lp,Enumerate,Alternative,Partial,1,192,22084,DEFAULT,3.052,0,192,0,192,
9,./PUP/double/,2-double-6.lp,Enumerate,Alternative,Partial,1,288,25434,DEFAULT,5.28,0,288,0,288,
10,./PUP/double/,2-double-6.lp,Enumerate,Alternative,Partial,1,96,8598,DEFAULT,1.814,0,96,0,96,
11,./PUP/double/,2-double-6.lp,Enumerate,Alternative,Partial,1,192,21172,DEFAULT,3.637,0,192,0,192,
16,./PUP/double/,2-double-6.lp,Enumerate,Alternative,Partial,1,96,26740,DEFAULT,1.929,0,96,0,96,
21,./PUP/double/,2-double-6.lp,Enumerate,Alternative,Partial,1,288,717,DEFAULT,3.902,0,288,0,288,
22,./PUP/double/,2-double-6.lp,Enumerate,Alternative,Partial,1,96,16849,DEFAULT,1.338,357.539,83,13,2," :- not unit2zoneGEQ(V1,V2), unit2zoneGEQ(V1,V1), zone2sensor(V1,V2).
 :- not unit2zoneGEQ(V1,V2), partnerunits(V1,V2), zone2sensor(V1,V2).
"
24,./PUP/double/,2-double-6.lp,Enumerate,Alternative,Partial,1,288,8299,DEFAULT,5.652,0,288,0,288,
28,./PUP/double/,2-double-6.lp,Enumerate,Alternative,Partial,1,96,11547,DEFAULT,1.717,3355.58,23,73,23,
31,./PUP/double/,2-double-6.lp,Enumerate,Alternative,Partial,1,96,16017,DEFAULT,1.873,0,96,0,96,
32,./PUP/double/,2-double-6.lp,Enumerate,Alternative,Partial,1,192,29417,DEFAULT,3.207,3163.38,179,13,15," :- not unit2zoneGEQ(V1,V2), partnerunits(V2,V1), unit2zoneGEQ(V1,V1).
 :- closesensors(V2,V1), not unit2zoneGEQ(V1,V2), unit2zoneGEQ(V1,V1).
"
33,./PUP/double/,2-double-6.lp,Enumerate,Alternative,Partial,1,288,25421,DEFAULT,5.305,0,288,0,288,
35,./PUP/double/,2-double-6.lp,Enumerate,Alternative,Partial,1,192,25977,DEFAULT,3.776,0,192,0,192,
37,./PUP/double/,2-double-6.lp,Enumerate,Alternative,Partial,1,96,3380,DEFAULT,1.345,0,96,0,96,
38,./PUP/double/,2-double-6.lp,Enumerate,Alternative,Partial,1,192,4490,DEFAULT,3.156,0,192,0,192,
39,./PUP/double/,2-double-6.lp,Enumerate,Alternative,Partial,1,288,29743,DEFAULT,3.928,0,288,0,288,
40,./PUP/double/,2-double-6.lp,Enumerate,Alternative,Partial,1,96,14157,DEFAULT,1.326,38.759,95,1,0," :- closesensors(V1,V2), not unit2sensorGEQ(V2,V1), unit2sensorGEQ(V1,V2).
"
41,./PUP/double/,2-double-6.lp,Enumerate,Alternative,Partial,1,192,69,DEFAULT,2.653,0,192,0,192,
43,./PUP/double/,2-double-6.lp,Enumerate,Alternative,Partial,1,96,14690,DEFAULT,1.866,0,96,0,96,
44,./PUP/double/,2-double-6.lp,Enumerate,Alternative,Partial,1,192,13524,DEFAULT,3.658,0,192,0,192,
49,./PUP/double/,2-double-6.lp,Enumerate,Alternative,Partial,1,96,6652,DEFAULT,1.258,0,96,0,96,
51,./PUP/double/,2-double-6.lp,Enumerate,Alternative,Partial,1,288,28577,DEFAULT,3.942,0,288,0,288,
52,./PUP/double/,2-double-6.lp,Enumerate,Alternative,Partial,1,96,759,DEFAULT,1.456,2059.67,14,82,14,
53,./PUP/double/,2-double-6.lp,Enumerate,Alternative,Partial,1,192,2001,DEFAULT,2.524,0,192,0,192,
55,./PUP/double/,2-double-6.lp,Enumerate,Alternative,Partial,1,96,2905,DEFAULT,1.655,152.749,83,13,0," :- not unit2zoneGEQ(V2,V1), unit2zoneGEQ(V2,V2), zone2sensor(V1,V2).
 :- closesensors(V2,V1), not unit2zoneGEQ(V1,V2), unit2zoneGEQ(V1,V1).
"
58,./PUP/double/,2-double-6.lp,Enumerate,Alternative,Partial,1,96,26985,DEFAULT,1.339,0,96,0,96,
61,./PUP/double/,2-double-6.lp,Enumerate,Alternative,Partial,1,96,14189,DEFAULT,1.383,0,96,0,96,
62,./PUP/double/,2-double-6.lp,Enumerate,Alternative,Partial,1,192,21352,DEFAULT,2.717,0,192,0,192,
64,./PUP/double/,2-double-6.lp,Enumerate,Alternative,Partial,1,96,24318,DEFAULT,1.732,70.66,46,50,0," :- not unit2zoneGEQ(V2,V1), unit2zoneGEQ(V2,V2), zone2sensor(V1,V2).
 :- closesensors(V2,V1), not unit2zoneGEQ(V1,V2), unit2zoneGEQ(V1,V1).
"
65,./PUP/double/,2-double-6.lp,Enumerate,Alternative,Partial,1,192,26740,DEFAULT,2.666,0,192,0,192,
68,./PUP/double/,2-double-6.lp,Enumerate,Alternative,Partial,1,192,19383,DEFAULT,2.665,0,192,0,192,
69,./PUP/double/,2-double-6.lp,Enumerate,Alternative,Partial,1,288,7579,DEFAULT,3.968,0,288,0,288,
70,./PUP/double/,2-double-6.lp,Enumerate,Alternative,Partial,1,96,28975,DEFAULT,1.364,0,96,0,96,
71,./PUP/double/,2-double-6.lp,Enumerate,Alternative,Partial,1,192,1459,DEFAULT,2.623,0,192,0,192,
73,./PUP/double/,2-double-6.lp,Enumerate,Alternative,Partial,1,96,5107,DEFAULT,1.791,825.63,89,7,5," :- not unit2zoneGEQ(V1,V1), unit2zoneGEQ(V1,V2), zone2sensor(V1,V2).
 :- closezones(V2,V1), not unit2zoneGEQ(V1,V2), zone2sensor(V1,V1).
"
77,./PUP/double/,2-double-6.lp,Enumerate,Alternative,Partial,1,192,12399,DEFAULT,2.67,0,192,0,192,
82,./PUP/double/,2-double-6.lp,Enumerate,Alternative,Partial,1,96,26645,DEFAULT,1.386,0,96,0,96,
86,./PUP/double/,2-double-6.lp,Enumerate,Alternative,Partial,1,192,8467,DEFAULT,2.637,0,192,0,192,
90,./PUP/double/,2-double-6.lp,Enumerate,Alternative,Partial,1,288,1280,DEFAULT,4.198,0,288,0,288,
91,./PUP/double/,2-double-6.lp,Enumerate,Alternative,Partial,1,96,13383,DEFAULT,1.367,0,96,0,96,
97,./PUP/double/,2-double-6.lp,Enumerate,Alternative,Partial,1,96,32033,DEFAULT,1.362,0,96,0,96,
98,./PUP/double/,2-double-6.lp,Enumerate,Alternative,Partial,1,192,32598,DEFAULT,2.682,607.098,141,51,3," :- closezones(V2,V1), not unit2zoneGEQ(V1,V2), zone2sensor(V1,V1).
"
101,./PUP/double/,2-double-6.lp,Enumerate,Alternative,Partial,1,192,7830,DEFAULT,3.183,0,192,0,192,
103,./PUP/double/,2-double-6.lp,Enumerate,Alternative,Partial,1,96,31869,DEFAULT,1.34,0,96,0,96,
106,./PUP/double/,2-double-6.lp,Enumerate,Alternative,Partial,1,96,8543,DEFAULT,1.334,23.127,95,1,0," :- not closesensors(V1,V2), partnerunits(V1,V2).
"
107,./PUP/double/,2-double-6.lp,Enumerate,Alternative,Partial,1,192,12158,DEFAULT,2.546,0,192,0,192,
115,./PUP/double/,2-double-6.lp,Enumerate,Alternative,Partial,1,96,16699,DEFAULT,1.397,0,96,0,96,
119,./PUP/double/,2-double-6.lp,Enumerate,Alternative,Partial,1,192,31792,DEFAULT,2.559,0,192,0,192,
