,Directory,Files analysed with SBASS,Learning mode,Ordering,SBC,Iteration,Cell,Seed,Version,Time for creating examples,Time for solving ILP task,Total neg examples,Total pos examples,Neg examples uncovered,Learned Constraints
3,./PUP/double/,2-double-6.lp,Enumerate,Standard,Partial,1,288,16837,DEFAULT,11.027,0,288,0,288,
4,./PUP/double/,2-double-6.lp,Enumerate,Standard,Partial,1,96,15262,DEFAULT,3.249,650.899,5,91,5,
13,./PUP/double/,2-double-6.lp,Enumerate,Standard,Partial,1,96,29690,DEFAULT,3.878,0,96,0,96,
14,./PUP/double/,2-double-6.lp,Enumerate,Standard,Partial,1,192,3800,DEFAULT,5.788,0,192,0,192,
20,./PUP/double/,2-double-6.lp,Enumerate,Standard,Partial,1,192,13658,DEFAULT,7.015,145.366,182,10,0," :- not partnerunits(V1,V2), not unit2zoneGEQ(V1,V1), unit2zoneGEQ(V1,V2).
"
23,./PUP/double/,2-double-6.lp,Enumerate,Standard,Partial,1,192,29843,DEFAULT,7.22,0,192,0,192,
25,./PUP/double/,2-double-6.lp,Enumerate,Standard,Partial,1,96,6709,DEFAULT,2.883,0,96,0,96,
27,./PUP/double/,2-double-6.lp,Enumerate,Standard,Partial,1,288,14456,DEFAULT,10.873,0,288,0,288,
28,./PUP/double/,2-double-6.lp,Enumerate,Standard,Partial,1,96,11547,DEFAULT,4.182,0,96,0,96,
29,./PUP/double/,2-double-6.lp,Enumerate,Standard,Partial,1,192,7260,DEFAULT,6.515,0,192,0,192,
30,./PUP/double/,2-double-6.lp,Enumerate,Standard,Partial,1,288,21865,DEFAULT,10.39,202.311,266,22,0," :- not unit2zoneGEQ(V2,V1), unit2zoneGEQ(V2,V3), zone2sensor(V1,V1).
"
34,./PUP/double/,2-double-6.lp,Enumerate,Standard,Partial,1,96,10456,DEFAULT,3.865,0,96,0,96,
40,./PUP/double/,2-double-6.lp,Enumerate,Standard,Partial,1,96,14157,DEFAULT,3.285,247.794,63,33,0," :- not unit2zoneGEQ(V2,V1), partnerunits(V1,V2), zone2sensor(V1,V1).
 :- not unit2zoneGEQ(V2,V1), unit2zoneGEQ(V2,V2), zone2sensor(V1,V1).
"
42,./PUP/double/,2-double-6.lp,Enumerate,Standard,Partial,1,288,3023,DEFAULT,11.186,1049.03,284,4,0," :- not unit2sensorGEQ(V1,V2), unit2zoneGEQ(V1,V3), unit2zoneGEQ(V2,V1).
 :- not unit2zoneGEQ(V1,V2), unit2zoneGEQ(V2,V2), zone2sensor(V1,V1).
"
46,./PUP/double/,2-double-6.lp,Enumerate,Standard,Partial,1,96,10222,DEFAULT,3.073,0,96,0,96,
49,./PUP/double/,2-double-6.lp,Enumerate,Standard,Partial,1,96,6652,DEFAULT,3.114,406.991,76,20,0," :- not unit2sensorGEQ(V1,V1), not unit2zoneGEQ(V1,V1), unit2zoneGEQ(V1,V2).
 :- not unit2sensorGEQ(V2,V1), not unit2zoneGEQ(V1,V1), unit2zoneGEQ(V1,V2).
"
52,./PUP/double/,2-double-6.lp,Enumerate,Standard,Partial,1,96,759,DEFAULT,3.676,0,96,0,96,
54,./PUP/double/,2-double-6.lp,Enumerate,Standard,Partial,1,288,10002,DEFAULT,10.327,0,288,0,288,
56,./PUP/double/,2-double-6.lp,Enumerate,Standard,Partial,1,192,27702,DEFAULT,7.123,0,192,0,192,
61,./PUP/double/,2-double-6.lp,Enumerate,Standard,Partial,1,96,14189,DEFAULT,2.415,137.196,54,42,0," :- not zone2sensor(V1,V1), unit2zoneGEQ(V1,V1).
 :- partnerunits(V1,V2), unit2zoneGEQ(V1,V1), unit2zoneGEQ(V2,V2).
"
68,./PUP/double/,2-double-6.lp,Enumerate,Standard,Partial,1,192,19383,DEFAULT,7.077,82.691,155,37,0," :- not unit2zoneGEQ(V1,V1), unit2zoneGEQ(V1,V2).
"
75,./PUP/double/,2-double-6.lp,Enumerate,Standard,Partial,1,288,21787,DEFAULT,8.099,0,288,0,288,
76,./PUP/double/,2-double-6.lp,Enumerate,Standard,Partial,1,96,9373,DEFAULT,3.871,0,96,0,96,
83,./PUP/double/,2-double-6.lp,Enumerate,Standard,Partial,1,192,4448,DEFAULT,7.227,0,192,0,192,
85,./PUP/double/,2-double-6.lp,Enumerate,Standard,Partial,1,96,1769,DEFAULT,3.442,1897.04,91,5,2," :- partnerunits(V1,V2), unit2zoneGEQ(V1,V1), unit2zoneGEQ(V2,V2).
 :- not unit2zoneGEQ(V2,V2), unit2zoneGEQ(V1,V2), zone2sensor(V1,V2).
 :- closesensors(V1,V2), unit2sensorGEQ(V1,V2), unit2sensorGEQ(V2,V1).
"
88,./PUP/double/,2-double-6.lp,Enumerate,Standard,Partial,1,96,2212,DEFAULT,3.735,2702.3,54,42,8," :- not zone2sensor(V1,V1), unit2zoneGEQ(V1,V1).
"
91,./PUP/double/,2-double-6.lp,Enumerate,Standard,Partial,1,96,13383,DEFAULT,3.637,2838.51,76,20,12," :- not unit2zoneGEQ(V2,V2), unit2zoneGEQ(V2,V1), zone2sensor(V1,V1).
 :- closezones(V1,V2), not partnerunits(V2,V1), unit2zoneGEQ(V1,V2).
"
94,./PUP/double/,2-double-6.lp,Enumerate,Standard,Partial,1,96,13727,DEFAULT,3.836,0,96,0,96,
95,./PUP/double/,2-double-6.lp,Enumerate,Standard,Partial,1,192,15928,DEFAULT,7.707,0,192,0,192,
98,./PUP/double/,2-double-6.lp,Enumerate,Standard,Partial,1,192,32598,DEFAULT,7.815,0,192,0,192,
100,./PUP/double/,2-double-6.lp,Enumerate,Standard,Partial,1,96,30414,DEFAULT,4.183,0,96,0,96,
105,./PUP/double/,2-double-6.lp,Enumerate,Standard,Partial,1,288,7051,DEFAULT,11.133,0,288,0,288,
106,./PUP/double/,2-double-6.lp,Enumerate,Standard,Partial,1,96,8543,DEFAULT,3.779,1386.97,93,3,0," :- not unit2zoneGEQ(V1,V2), unit2sensorGEQ(V2,V1), zone2sensor(V1,V1).
 :- not unit2zoneGEQ(V1,V1), unit2zoneGEQ(V2,V1), zone2sensor(V1,V2).
"
109,./PUP/double/,2-double-6.lp,Enumerate,Standard,Partial,1,96,16687,DEFAULT,4.041,0,96,0,96,
112,./PUP/double/,2-double-6.lp,Enumerate,Standard,Partial,1,96,16567,DEFAULT,3.226,0,96,0,96,
116,./PUP/double/,2-double-6.lp,Enumerate,Standard,Partial,1,192,25944,DEFAULT,7.181,0,192,0,192,
118,./PUP/double/,2-double-6.lp,Enumerate,Standard,Partial,1,96,2753,DEFAULT,3.792,0,96,0,96,
