,Directory,Files analysed with SBASS,Learning mode,Ordering,SBC,Iteration,Cell,Seed,Version,Time for creating examples,Time for solving ILP task,Total neg examples,Total pos examples,Neg examples uncovered,Learned Constraints
1,./PUP/double/,2-double-6.lp,Enumerate,Standard,Full,1,1,31681,DEFAULT,1.263,112.121,95,1,0," :- not unit2sensorGEQ(V1,V2), partnerunits(V1,V2).
 :- closezones(V2,V1), not unit2sensorGEQ(V2,V1), unit2sensorGEQ(V1,V2).
"
2,./PUP/double/,2-double-6.lp,Enumerate,Standard,Full,1,2,4634,DEFAULT,2.812,91.209,190,2,0," :- not unit2sensorGEQ(V1,V1), unit2sensorGEQ(V1,V2).
 :- not unit2sensorGEQ(V2,V1), partnerunits(V2,V1), zone2sensor(V1,V1).
"
3,./PUP/double/,2-double-6.lp,Enumerate,Standard,Full,1,3,16837,DEFAULT,3.76,330.076,285,3,2," :- not unit2sensorGEQ(V2,V1), unit2sensorGEQ(V2,V2), zone2sensor(V1,V2).
 :- not unit2sensorGEQ(V1,V2), not zone2sensor(V2,V1), partnerunits(V1,V2).
"
4,./PUP/double/,2-double-6.lp,Enumerate,Standard,Full,1,1,15262,DEFAULT,1.285,92.107,95,1,0," :- not closezones(V2,V1), not unit2sensorGEQ(V1,V2), unit2zoneGEQ(V1,V2).
"
5,./PUP/double/,2-double-6.lp,Enumerate,Standard,Full,1,2,22084,DEFAULT,2.53,1281.37,190,2,1," :- not unit2sensorGEQ(V1,V1), not unit2zoneGEQ(V1,V1), zone2sensor(V1,V1).
 :- not unit2sensorGEQ(V2,V2), unit2sensorGEQ(V2,V1), zone2sensor(V1,V2).
 :- not unit2sensorGEQ(V1,V2), not zone2sensor(V1,V2), partnerunits(V1,V2).
 :- not unit2sensorGEQ(V1,V2), unit2sensorGEQ(V2,V1), unit2zoneGEQ(V1,V2).
"
6,./PUP/double/,2-double-6.lp,Enumerate,Standard,Full,1,3,24758,DEFAULT,4.053,468.612,285,3,1," :- not unit2sensorGEQ(V1,V2), not unit2zoneGEQ(V1,V2), partnerunits(V1,V2).
 :- closesensors(V2,V1), partnerunits(V2,V1), zone2sensor(V1,V2).
 :- closezones(V1,V2), not unit2sensorGEQ(V2,V1), partnerunits(V1,V2).
"
7,./PUP/double/,2-double-6.lp,Enumerate,Standard,Full,1,1,3718,DEFAULT,1.419,88.679,95,1,0," :- not unit2sensorGEQ(V1,V1), partnerunits(V1,V2).
 :- closesensors(V1,V2), not unit2sensorGEQ(V1,V2), partnerunits(V1,V2).
"
8,./PUP/double/,2-double-6.lp,Enumerate,Standard,Full,1,2,26796,DEFAULT,2.694,191.927,190,2,1," :- not unit2sensorGEQ(V3,V1), partnerunits(V3,V2), unit2zoneGEQ(V1,V2).
"
9,./PUP/double/,2-double-6.lp,Enumerate,Standard,Full,1,3,25434,DEFAULT,4.209,1091.61,285,3,5," :- not unit2sensorGEQ(V1,V1), not unit2sensorGEQ(V2,V2), partnerunits(V1,V2).
 :- not unit2sensorGEQ(V1,V2), unit2sensorGEQ(V2,V2), unit2zoneGEQ(V1,V2).
 :- closesensors(V1,V2), not unit2sensorGEQ(V2,V1), partnerunits(V1,V2).
"
10,./PUP/double/,2-double-6.lp,Enumerate,Standard,Full,1,1,8598,DEFAULT,1.37,173.958,95,1,0," :- not unit2sensorGEQ(V1,V1), unit2zoneGEQ(V1,V2).
 :- not unit2sensorGEQ(V1,V2), unit2zoneGEQ(V2,V2), zone2sensor(V1,V1).
"
11,./PUP/double/,2-double-6.lp,Enumerate,Standard,Full,1,2,21172,DEFAULT,2.732,19.578,190,2,0," :- not unit2sensorGEQ(V1,V2), partnerunits(V1,V2).
"
12,./PUP/double/,2-double-6.lp,Enumerate,Standard,Full,1,3,31928,DEFAULT,4.193,722.226,285,3,3," :- not unit2zoneGEQ(V1,V1), zone2sensor(V1,V1).
 :- not unit2sensorGEQ(V1,V2), not unit2sensorGEQ(V2,V2), partnerunits(V1,V2).
 :- not unit2sensorGEQ(V1,V2), not zone2sensor(V2,V1), partnerunits(V1,V2).
 :- closesensors(V1,V2), partnerunits(V2,V1), zone2sensor(V1,V2).
"
13,./PUP/double/,2-double-6.lp,Enumerate,Standard,Full,1,1,29690,DEFAULT,1.379,18.048,95,1,0," :- not unit2sensorGEQ(V2,V1), partnerunits(V1,V2).
"
14,./PUP/double/,2-double-6.lp,Enumerate,Standard,Full,1,2,3800,DEFAULT,2.776,409.594,190,2,1," :- not unit2sensorGEQ(V2,V1), not zone2sensor(V1,V2), partnerunits(V1,V2).
 :- closezones(V2,V3), not unit2sensorGEQ(V1,V3), unit2zoneGEQ(V1,V1).
"
15,./PUP/double/,2-double-6.lp,Enumerate,Standard,Full,1,3,1743,DEFAULT,4.15,23.203,285,3,0," :- not unit2sensorGEQ(V2,V1), partnerunits(V1,V2).
"
16,./PUP/double/,2-double-6.lp,Enumerate,Standard,Full,1,1,26740,DEFAULT,1.452,165.669,95,1,0," :- not unit2sensorGEQ(V2,V2), unit2zoneGEQ(V2,V1), zone2sensor(V1,V1).
 :- closesensors(V1,V2), not unit2sensorGEQ(V2,V1), partnerunits(V1,V2).
"
17,./PUP/double/,2-double-6.lp,Enumerate,Standard,Full,1,2,22856,DEFAULT,2.786,150.942,190,2,0," :- not zone2sensor(V1,V1), unit2zoneGEQ(V1,V1).
 :- partnerunits(V1,V2), unit2zoneGEQ(V1,V2), unit2zoneGEQ(V2,V1).
"
18,./PUP/double/,2-double-6.lp,Enumerate,Standard,Full,1,3,25148,DEFAULT,4.206,642.301,285,3,1," :- not unit2sensorGEQ(V1,V1), not unit2zoneGEQ(V1,V1), partnerunits(V1,V2).
 :- not unit2sensorGEQ(V2,V1), not zone2sensor(V1,V2), partnerunits(V1,V2).
 :- closezones(V2,V1), not unit2zoneGEQ(V1,V1), unit2zoneGEQ(V1,V2).
"
19,./PUP/double/,2-double-6.lp,Enumerate,Standard,Full,1,1,6751,DEFAULT,1.386,171.974,95,1,0," :- not unit2sensorGEQ(V1,V1), unit2sensorGEQ(V1,V2).
 :- closezones(V2,V1), partnerunits(V1,V2), zone2sensor(V1,V2).
"
20,./PUP/double/,2-double-6.lp,Enumerate,Standard,Full,1,2,13658,DEFAULT,2.864,689.635,190,2,0," :- not unit2sensorGEQ(V2,V2), not unit2zoneGEQ(V1,V2), partnerunits(V1,V2).
 :- not unit2sensorGEQ(V1,V2), partnerunits(V1,V2), unit2zoneGEQ(V1,V1).
 :- closesensors(V2,V1), partnerunits(V2,V1), zone2sensor(V1,V2).
 :- closesensors(V1,V2), not unit2sensorGEQ(V2,V1), partnerunits(V1,V2).
"
21,./PUP/double/,2-double-6.lp,Enumerate,Standard,Full,1,3,717,DEFAULT,4.189,30.445,285,3,0," :- not unit2sensorGEQ(V2,V1), partnerunits(V1,V2).
"
22,./PUP/double/,2-double-6.lp,Enumerate,Standard,Full,1,1,16849,DEFAULT,1.349,192.825,95,1,0," :- partnerunits(V1,V2), unit2sensorGEQ(V2,V2), unit2zoneGEQ(V1,V1).
 :- closezones(V2,V1), unit2zoneGEQ(V2,V1), zone2sensor(V1,V1).
"
23,./PUP/double/,2-double-6.lp,Enumerate,Standard,Full,1,2,29843,DEFAULT,2.793,158.643,190,2,0," :- not unit2zoneGEQ(V1,V1), zone2sensor(V1,V1).
 :- not unit2sensorGEQ(V2,V1), partnerunits(V2,V1), unit2zoneGEQ(V1,V1).
"
24,./PUP/double/,2-double-6.lp,Enumerate,Standard,Full,1,3,8299,DEFAULT,4.044,65.49,285,3,0," :- not unit2sensorGEQ(V1,V2), partnerunits(V1,V2).
 :- not unit2zoneGEQ(V1,V1), not zone2sensor(V1,V1), unit2sensorGEQ(V1,V1).
"
25,./PUP/double/,2-double-6.lp,Enumerate,Standard,Full,1,1,6709,DEFAULT,1.393,164.065,95,1,0," :- closesensors(V1,V2), not unit2zoneGEQ(V1,V2), unit2sensorGEQ(V1,V2).
 :- closesensors(V1,V2), not unit2zoneGEQ(V1,V2), partnerunits(V1,V2).
"
26,./PUP/double/,2-double-6.lp,Enumerate,Standard,Full,1,2,24419,DEFAULT,2.719,137.749,190,2,0," :- not unit2zoneGEQ(V1,V1), zone2sensor(V1,V1).
 :- not unit2sensorGEQ(V2,V1), partnerunits(V2,V1), unit2zoneGEQ(V1,V1).
"
27,./PUP/double/,2-double-6.lp,Enumerate,Standard,Full,1,3,14456,DEFAULT,4.08,847.91,285,3,2," :- not unit2sensorGEQ(V1,V2), unit2sensorGEQ(V2,V1), zone2sensor(V1,V1).
 :- not unit2zoneGEQ(V1,V1), not zone2sensor(V1,V1), unit2sensorGEQ(V1,V2).
 :- closesensors(V2,V1), not unit2sensorGEQ(V1,V2), partnerunits(V1,V2).
"
28,./PUP/double/,2-double-6.lp,Enumerate,Standard,Full,1,1,11547,DEFAULT,2.089,73.601,95,1,0," :- closesensors(V2,V1), not unit2sensorGEQ(V2,V1), unit2zoneGEQ(V1,V1).
"
29,./PUP/double/,2-double-6.lp,Enumerate,Standard,Full,1,2,7260,DEFAULT,4.307,634.081,190,2,0," :- not unit2zoneGEQ(V1,V1), unit2sensorGEQ(V1,V1).
 :- not unit2sensorGEQ(V1,V2), partnerunits(V1,V2), unit2zoneGEQ(V1,V1).
 :- not unit2zoneGEQ(V1,V2), not unit2zoneGEQ(V2,V2), partnerunits(V1,V2).
"
30,./PUP/double/,2-double-6.lp,Enumerate,Standard,Full,1,3,21865,DEFAULT,6.066,198.848,285,3,1," :- not unit2sensorGEQ(V3,V1), partnerunits(V2,V3), unit2zoneGEQ(V1,V2).
"
31,./PUP/double/,2-double-6.lp,Enumerate,Standard,Full,1,1,16017,DEFAULT,2.115,97.453,95,1,0," :- closesensors(V2,V1), not unit2zoneGEQ(V2,V2), unit2sensorGEQ(V1,V2).
"
32,./PUP/double/,2-double-6.lp,Enumerate,Standard,Full,1,2,29417,DEFAULT,4.311,41.762,190,2,0," :- not unit2sensorGEQ(V2,V1), partnerunits(V1,V2).
"
33,./PUP/double/,2-double-6.lp,Enumerate,Standard,Full,1,3,25421,DEFAULT,3.848,630.988,237,3,1," :- not unit2sensorGEQ(V2,V1), unit2zoneGEQ(V1,V1), unit2zoneGEQ(V2,V1).
 :- not unit2zoneGEQ(V1,V1), not unit2zoneGEQ(V2,V1), partnerunits(V1,V2).
 :- closesensors(V2,V1), not unit2sensorGEQ(V2,V1), partnerunits(V1,V2).
"
34,./PUP/double/,2-double-6.lp,Enumerate,Standard,Full,1,1,10456,DEFAULT,2.327,619.463,95,1,0," :- not unit2sensorGEQ(V1,V1), not unit2zoneGEQ(V2,V1), partnerunits(V1,V2).
 :- closezones(V2,V3), not unit2sensorGEQ(V1,V2), unit2zoneGEQ(V1,V1).
"
35,./PUP/double/,2-double-6.lp,Enumerate,Standard,Full,1,2,25977,DEFAULT,3.18,71.139,190,2,0," :- not unit2sensorGEQ(V3,V1), partnerunits(V2,V3), unit2zoneGEQ(V1,V2).
"
36,./PUP/double/,2-double-6.lp,Enumerate,Standard,Full,1,3,20418,DEFAULT,5.642,32.477,285,3,0," :- not unit2sensorGEQ(V2,V1), partnerunits(V1,V2).
"
37,./PUP/double/,2-double-6.lp,Enumerate,Standard,Full,1,1,3380,DEFAULT,2.276,46.541,95,1,0," :- closezones(V2,V1), not unit2sensorGEQ(V2,V1), unit2sensorGEQ(V1,V2).
"
38,./PUP/double/,2-double-6.lp,Enumerate,Standard,Full,1,2,4490,DEFAULT,4.506,36.428,190,2,0," :- not unit2sensorGEQ(V2,V1), partnerunits(V1,V2).
"
39,./PUP/double/,2-double-6.lp,Enumerate,Standard,Full,1,3,29743,DEFAULT,6.247,862.709,285,3,1," :- not unit2sensorGEQ(V1,V1), zone2sensor(V1,V1).
 :- not unit2sensorGEQ(V1,V2), unit2zoneGEQ(V2,V1), zone2sensor(V1,V1).
 :- not unit2zoneGEQ(V1,V1), unit2sensorGEQ(V2,V1), unit2zoneGEQ(V1,V2).
"
40,./PUP/double/,2-double-6.lp,Enumerate,Standard,Full,1,1,14157,DEFAULT,2.163,85.382,95,1,0," :- not unit2sensorGEQ(V1,V3), unit2sensorGEQ(V3,V2), unit2zoneGEQ(V1,V2).
"
41,./PUP/double/,2-double-6.lp,Enumerate,Standard,Full,1,2,69,DEFAULT,3.289,741.391,190,2,0," :- not unit2sensorGEQ(V1,V2), partnerunits(V2,V3), unit2zoneGEQ(V1,V2).
 :- closesensors(V1,V2), not unit2sensorGEQ(V2,V1), partnerunits(V1,V2).
 :- closezones(V1,V2), partnerunits(V2,V1), zone2sensor(V1,V2).
"
42,./PUP/double/,2-double-6.lp,Enumerate,Standard,Full,1,3,3023,DEFAULT,6.693,400.696,285,3,0," :- not unit2sensorGEQ(V1,V2), partnerunits(V1,V2), zone2sensor(V1,V1).
 :- not unit2sensorGEQ(V1,V2), not zone2sensor(V2,V1), partnerunits(V1,V2).
"
43,./PUP/double/,2-double-6.lp,Enumerate,Standard,Full,1,1,14690,DEFAULT,2.344,170.183,95,1,0," :- not unit2sensorGEQ(V2,V1), partnerunits(V1,V2).
 :- not unit2sensorGEQ(V1,V1), zone2sensor(V1,V1).
"
44,./PUP/double/,2-double-6.lp,Enumerate,Standard,Full,1,2,13524,DEFAULT,4.41,92.915,190,2,0," :- not unit2sensorGEQ(V3,V1), unit2sensorGEQ(V3,V2), unit2zoneGEQ(V1,V2).
"
45,./PUP/double/,2-double-6.lp,Enumerate,Standard,Full,1,3,15622,DEFAULT,3.496,215.889,237,3,0," :- not unit2sensorGEQ(V1,V2), not zone2sensor(V1,V2), unit2zoneGEQ(V1,V2).
 :- closesensors(V2,V1), not unit2zoneGEQ(V2,V1), partnerunits(V1,V2).
"
46,./PUP/double/,2-double-6.lp,Enumerate,Standard,Full,1,1,10222,DEFAULT,2.25,65.125,95,1,0," :- closesensors(V2,V1), not unit2sensorGEQ(V2,V2), unit2zoneGEQ(V1,V1).
"
47,./PUP/double/,2-double-6.lp,Enumerate,Standard,Full,1,2,23256,DEFAULT,4.426,281.471,190,2,0," :- not unit2sensorGEQ(V1,V1), unit2zoneGEQ(V1,V1).
 :- not unit2sensorGEQ(V1,V2), not zone2sensor(V2,V1), unit2zoneGEQ(V1,V2).
"
48,./PUP/double/,2-double-6.lp,Enumerate,Standard,Full,1,3,29764,DEFAULT,6.111,347.764,285,3,0," :- not unit2sensorGEQ(V1,V1), not unit2sensorGEQ(V2,V1), unit2zoneGEQ(V1,V2).
 :- not closezones(V2,V1), not unit2zoneGEQ(V1,V2), partnerunits(V1,V2).
"
49,./PUP/double/,2-double-6.lp,Enumerate,Standard,Full,1,1,6652,DEFAULT,2.204,404.443,95,1,0," :- not unit2sensorGEQ(V1,V2), unit2zoneGEQ(V1,V2).
 :- not unit2sensorGEQ(V2,V1), partnerunits(V2,V1), zone2sensor(V1,V1).
"
50,./PUP/double/,2-double-6.lp,Enumerate,Standard,Full,1,2,27221,DEFAULT,4.505,756.422,190,2,1," :- not unit2sensorGEQ(V1,V1), unit2zoneGEQ(V1,V1).
 :- not unit2sensorGEQ(V2,V1), unit2sensorGEQ(V2,V3), zone2sensor(V1,V1).
 :- not unit2zoneGEQ(V1,V2), not unit2zoneGEQ(V2,V1), partnerunits(V1,V2).
"
51,./PUP/double/,2-double-6.lp,Enumerate,Standard,Full,1,3,28577,DEFAULT,6.056,587.571,285,3,0," :- not unit2zoneGEQ(V1,V1), zone2sensor(V1,V1).
 :- not unit2sensorGEQ(V1,V1), not unit2sensorGEQ(V1,V2), partnerunits(V1,V2).
 :- not unit2zoneGEQ(V1,V2), not zone2sensor(V2,V2), partnerunits(V1,V2).
"
52,./PUP/double/,2-double-6.lp,Enumerate,Standard,Full,1,1,759,DEFAULT,1.388,74.54,95,1,0," :- not unit2sensorGEQ(V3,V1), unit2sensorGEQ(V3,V2), unit2zoneGEQ(V1,V2).
"
53,./PUP/double/,2-double-6.lp,Enumerate,Standard,Full,1,2,2001,DEFAULT,4.029,366.413,190,2,0," :- not unit2sensorGEQ(V2,V1), partnerunits(V1,V2), unit2zoneGEQ(V1,V1).
 :- not unit2zoneGEQ(V1,V2), partnerunits(V2,V1), unit2sensorGEQ(V1,V1).
 :- closesensors(V1,V2), not unit2sensorGEQ(V2,V1), partnerunits(V1,V2).
"
54,./PUP/double/,2-double-6.lp,Enumerate,Standard,Full,1,3,10002,DEFAULT,6.721,651.446,285,3,2," :- not unit2sensorGEQ(V2,V2), not unit2zoneGEQ(V1,V1), partnerunits(V1,V2).
 :- not unit2sensorGEQ(V1,V2), unit2sensorGEQ(V2,V1), unit2zoneGEQ(V1,V2).
 :- closesensors(V1,V2), not unit2zoneGEQ(V2,V1), partnerunits(V1,V2).
"
55,./PUP/double/,2-double-6.lp,Enumerate,Standard,Full,1,1,2905,DEFAULT,1.785,122.592,95,1,0," :- not unit2sensorGEQ(V2,V1), partnerunits(V1,V2).
 :- not unit2sensorGEQ(V1,V1), not unit2zoneGEQ(V2,V2), unit2sensorGEQ(V1,V2).
"
56,./PUP/double/,2-double-6.lp,Enumerate,Standard,Full,1,2,27702,DEFAULT,4.544,1006.4,190,2,1," :- not unit2sensorGEQ(V1,V1), unit2zoneGEQ(V1,V2).
 :- not unit2zoneGEQ(V1,V2), unit2zoneGEQ(V1,V1), zone2sensor(V1,V2).
 :- closesensors(V1,V2), not unit2sensorGEQ(V2,V1), partnerunits(V1,V2).
"
57,./PUP/double/,2-double-6.lp,Enumerate,Standard,Full,1,3,4997,DEFAULT,6.742,778.615,285,3,0," :- not unit2sensorGEQ(V2,V1), unit2sensorGEQ(V2,V2), zone2sensor(V1,V2).
 :- not unit2zoneGEQ(V1,V1), unit2sensorGEQ(V2,V1), unit2zoneGEQ(V1,V2).
 :- closesensors(V1,V2), not unit2sensorGEQ(V2,V1), partnerunits(V1,V2).
 :- closezones(V2,V1), not unit2zoneGEQ(V1,V1), unit2sensorGEQ(V1,V2).
"
58,./PUP/double/,2-double-6.lp,Enumerate,Standard,Full,1,1,26985,DEFAULT,2.488,367.757,95,1,0," :- not unit2zoneGEQ(V1,V1), unit2sensorGEQ(V1,V1).
 :- closesensors(V1,V2), not unit2sensorGEQ(V2,V1), partnerunits(V1,V2).
 :- not closesensors(V1,V2), not unit2sensorGEQ(V1,V1), unit2sensorGEQ(V1,V2).
"
59,./PUP/double/,2-double-6.lp,Enumerate,Standard,Full,1,2,16281,DEFAULT,4.358,202.769,190,2,0," :- not unit2sensorGEQ(V1,V1), unit2sensorGEQ(V1,V2).
 :- closesensors(V1,V2), not unit2sensorGEQ(V2,V1), partnerunits(V1,V2).
"
60,./PUP/double/,2-double-6.lp,Enumerate,Standard,Full,1,3,16345,DEFAULT,5.774,179.014,285,3,0," :- not unit2sensorGEQ(V2,V1), partnerunits(V1,V2).
 :- closezones(V1,V2), unit2zoneGEQ(V1,V2), unit2zoneGEQ(V2,V1).
"
61,./PUP/double/,2-double-6.lp,Enumerate,Standard,Full,1,1,14189,DEFAULT,1.435,245.712,95,1,0," :- not unit2sensorGEQ(V2,V1), unit2sensorGEQ(V2,V2), unit2zoneGEQ(V1,V2).
 :- not unit2sensorGEQ(V1,V2), not zone2sensor(V1,V2), partnerunits(V1,V2).
"
62,./PUP/double/,2-double-6.lp,Enumerate,Standard,Full,1,2,21352,DEFAULT,4.428,932.106,190,2,0," :- not unit2sensorGEQ(V2,V2), not unit2zoneGEQ(V1,V1), partnerunits(V1,V2).
 :- not unit2sensorGEQ(V2,V1), partnerunits(V2,V1), zone2sensor(V1,V1).
 :- not unit2sensorGEQ(V1,V2), unit2zoneGEQ(V1,V1), unit2zoneGEQ(V1,V2).
"
63,./PUP/double/,2-double-6.lp,Enumerate,Standard,Full,1,3,14837,DEFAULT,6.649,155.663,285,3,0," :- not unit2sensorGEQ(V2,V1), partnerunits(V1,V2).
 :- closezones(V2,V1), not unit2sensorGEQ(V1,V1), unit2zoneGEQ(V1,V2).
"
64,./PUP/double/,2-double-6.lp,Enumerate,Standard,Full,1,1,24318,DEFAULT,2.247,314.419,95,1,0," :- closezones(V2,V1), not unit2sensorGEQ(V2,V1), unit2sensorGEQ(V1,V2).
 :- closezones(V2,V1), not unit2sensorGEQ(V1,V1), unit2zoneGEQ(V1,V2).
"
65,./PUP/double/,2-double-6.lp,Enumerate,Standard,Full,1,2,26740,DEFAULT,3.978,771.915,190,2,1," :- not unit2sensorGEQ(V2,V1), unit2sensorGEQ(V2,V2), zone2sensor(V1,V2).
 :- not unit2zoneGEQ(V1,V1), unit2sensorGEQ(V2,V1), unit2zoneGEQ(V1,V2).
 :- closesensors(V2,V1), not unit2sensorGEQ(V1,V2), partnerunits(V1,V2).
"
67,./PUP/double/,2-double-6.lp,Enumerate,Standard,Full,1,1,17876,DEFAULT,2.145,24.619,95,1,0," :- not unit2sensorGEQ(V2,V1), partnerunits(V1,V2).
"
68,./PUP/double/,2-double-6.lp,Enumerate,Standard,Full,1,2,19383,DEFAULT,4.182,782.669,190,2,1," :- not unit2sensorGEQ(V2,V1), not unit2zoneGEQ(V1,V2), partnerunits(V1,V2).
 :- not unit2sensorGEQ(V1,V2), unit2sensorGEQ(V2,V1), unit2zoneGEQ(V1,V1).
 :- closesensors(V2,V1), not unit2sensorGEQ(V2,V1), partnerunits(V1,V2).
"
69,./PUP/double/,2-double-6.lp,Enumerate,Standard,Full,1,3,7579,DEFAULT,6.621,974.287,285,3,2," :- not unit2sensorGEQ(V1,V1), not unit2sensorGEQ(V1,V2), partnerunits(V1,V2).
 :- not unit2sensorGEQ(V2,V1), not zone2sensor(V1,V2), partnerunits(V1,V2).
 :- not unit2sensorGEQ(V2,V1), not unit2zoneGEQ(V1,V2), partnerunits(V1,V2).
 :- closesensors(V2,V1), partnerunits(V1,V2), zone2sensor(V1,V2).
"
70,./PUP/double/,2-double-6.lp,Enumerate,Standard,Full,1,1,28975,DEFAULT,1.281,210.435,95,1,0," :- not unit2sensorGEQ(V1,V1), zone2sensor(V1,V1).
 :- closezones(V1,V2), not unit2sensorGEQ(V2,V1), unit2zoneGEQ(V1,V1).
"
71,./PUP/double/,2-double-6.lp,Enumerate,Standard,Full,1,2,1459,DEFAULT,2.704,263.218,190,2,0," :- not unit2sensorGEQ(V1,V1), unit2zoneGEQ(V1,V1).
 :- not unit2sensorGEQ(V1,V1), not unit2sensorGEQ(V2,V1), partnerunits(V1,V2).
 :- not unit2sensorGEQ(V2,V1), unit2sensorGEQ(V2,V2), unit2zoneGEQ(V1,V1).
"
72,./PUP/double/,2-double-6.lp,Enumerate,Standard,Full,1,3,7706,DEFAULT,4.055,22.353,285,3,0," :- not unit2sensorGEQ(V2,V1), partnerunits(V1,V2).
"
73,./PUP/double/,2-double-6.lp,Enumerate,Standard,Full,1,1,5107,DEFAULT,1.383,73.001,95,1,0," :- not unit2sensorGEQ(V3,V1), unit2zoneGEQ(V3,V2), zone2sensor(V1,V2).
"
74,./PUP/double/,2-double-6.lp,Enumerate,Standard,Full,1,2,10838,DEFAULT,2.776,280.771,190,2,0," :- not unit2sensorGEQ(V1,V1), not unit2zoneGEQ(V2,V2), unit2sensorGEQ(V1,V2).
 :- not unit2sensorGEQ(V1,V2), partnerunits(V1,V2), unit2sensorGEQ(V1,V1).
"
75,./PUP/double/,2-double-6.lp,Enumerate,Standard,Full,1,3,21787,DEFAULT,6.77,338.048,285,3,0," :- not zone2sensor(V1,V1), unit2zoneGEQ(V1,V1).
 :- not unit2sensorGEQ(V2,V1), not zone2sensor(V1,V2), partnerunits(V1,V2).
 :- not unit2sensorGEQ(V2,V1), not unit2sensorGEQ(V2,V2), partnerunits(V1,V2).
 :- not unit2sensorGEQ(V1,V2), unit2zoneGEQ(V2,V1), zone2sensor(V1,V1).
"
76,./PUP/double/,2-double-6.lp,Enumerate,Standard,Full,1,1,9373,DEFAULT,1.426,25.107,95,1,0," :- not unit2sensorGEQ(V2,V1), partnerunits(V1,V2).
"
77,./PUP/double/,2-double-6.lp,Enumerate,Standard,Full,1,2,12399,DEFAULT,3.48,24.499,190,2,0," :- not unit2sensorGEQ(V1,V2), partnerunits(V1,V2).
"
78,./PUP/double/,2-double-6.lp,Enumerate,Standard,Full,1,3,5812,DEFAULT,3.979,297.751,285,3,0," :- not unit2sensorGEQ(V1,V1), zone2sensor(V1,V1).
 :- not unit2sensorGEQ(V1,V2), unit2sensorGEQ(V2,V2), zone2sensor(V1,V2).
 :- closezones(V1,V2), not unit2sensorGEQ(V2,V1), unit2sensorGEQ(V1,V2).
"
79,./PUP/double/,2-double-6.lp,Enumerate,Standard,Full,1,1,21123,DEFAULT,1.42,34.625,95,1,0," :- not unit2sensorGEQ(V2,V1), partnerunits(V1,V2).
"
80,./PUP/double/,2-double-6.lp,Enumerate,Standard,Full,1,2,32737,DEFAULT,3.183,520.823,190,2,0," :- not unit2sensorGEQ(V1,V1), unit2zoneGEQ(V1,V1).
 :- not unit2sensorGEQ(V1,V1), unit2sensorGEQ(V1,V2), zone2sensor(V1,V2).
 :- closesensors(V1,V2), not unit2zoneGEQ(V2,V1), partnerunits(V1,V2).
"
81,./PUP/double/,2-double-6.lp,Enumerate,Standard,Full,1,3,2231,DEFAULT,4.074,226.47,285,3,0," :- not unit2sensorGEQ(V2,V1), not unit2zoneGEQ(V2,V1), partnerunits(V1,V2).
 :- not unit2zoneGEQ(V1,V2), unit2sensorGEQ(V1,V2), zone2sensor(V1,V2).
"
82,./PUP/double/,2-double-6.lp,Enumerate,Standard,Full,1,1,26645,DEFAULT,1.573,58.423,95,1,0," :- closesensors(V1,V2), not unit2zoneGEQ(V2,V2), unit2sensorGEQ(V1,V2).
"
83,./PUP/double/,2-double-6.lp,Enumerate,Standard,Full,1,2,4448,DEFAULT,4.452,192.189,190,2,0," :- not unit2sensorGEQ(V2,V1), not zone2sensor(V2,V1), partnerunits(V1,V2).
 :- not unit2zoneGEQ(V1,V1), unit2sensorGEQ(V2,V1), unit2zoneGEQ(V1,V2).
"
84,./PUP/double/,2-double-6.lp,Enumerate,Standard,Full,1,3,12868,DEFAULT,5.474,1567.24,285,3,3," :- not unit2sensorGEQ(V1,V1), not zone2sensor(V1,V1), unit2zoneGEQ(V1,V1).
 :- not unit2sensorGEQ(V1,V2), not unit2sensorGEQ(V2,V1), partnerunits(V1,V2).
 :- not unit2sensorGEQ(V1,V2), unit2sensorGEQ(V2,V2), unit2zoneGEQ(V1,V2).
 :- closesensors(V1,V2), not unit2sensorGEQ(V2,V1), partnerunits(V1,V2).
 :- closezones(V2,V1), not unit2sensorGEQ(V2,V1), partnerunits(V1,V2).
"
85,./PUP/double/,2-double-6.lp,Enumerate,Standard,Full,1,1,1769,DEFAULT,1.395,27.385,95,1,0," :- not unit2sensorGEQ(V2,V1), partnerunits(V1,V2).
"
86,./PUP/double/,2-double-6.lp,Enumerate,Standard,Full,1,2,8467,DEFAULT,2.608,185.995,142,2,0," :- not zone2sensor(V1,V1), unit2zoneGEQ(V1,V1).
 :- not unit2sensorGEQ(V1,V2), not zone2sensor(V2,V1), unit2zoneGEQ(V1,V2).
"
87,./PUP/double/,2-double-6.lp,Enumerate,Standard,Full,1,3,14775,DEFAULT,4.268,1293.58,285,3,4," :- not unit2sensorGEQ(V2,V2), not unit2zoneGEQ(V1,V1), partnerunits(V1,V2).
 :- not unit2sensorGEQ(V1,V2), unit2sensorGEQ(V2,V1), zone2sensor(V1,V1).
 :- not unit2zoneGEQ(V2,V1), partnerunits(V1,V2), zone2sensor(V1,V2).
"
88,./PUP/double/,2-double-6.lp,Enumerate,Standard,Full,1,1,2212,DEFAULT,1.539,229.158,95,1,0," :- not unit2sensorGEQ(V1,V2), not unit2sensorGEQ(V2,V2), partnerunits(V1,V2).
 :- not unit2sensorGEQ(V2,V3), unit2zoneGEQ(V1,V3), unit2zoneGEQ(V2,V1).
"
89,./PUP/double/,2-double-6.lp,Enumerate,Standard,Full,1,2,9472,DEFAULT,3.971,26.918,190,2,0," :- not unit2sensorGEQ(V2,V1), partnerunits(V1,V2).
"
90,./PUP/double/,2-double-6.lp,Enumerate,Standard,Full,1,3,1280,DEFAULT,4.482,241.591,285,3,0," :- not unit2zoneGEQ(V2,V1), unit2zoneGEQ(V2,V3), zone2sensor(V1,V2).
 :- closesensors(V1,V2), not unit2sensorGEQ(V2,V1), partnerunits(V1,V2).
"
91,./PUP/double/,2-double-6.lp,Enumerate,Standard,Full,1,1,13383,DEFAULT,1.281,263.852,95,1,0," :- closezones(V2,V1), not unit2zoneGEQ(V1,V2), unit2zoneGEQ(V1,V1).
 :- closezones(V2,V1), not unit2sensorGEQ(V1,V2), unit2zoneGEQ(V1,V2).
"
92,./PUP/double/,2-double-6.lp,Enumerate,Standard,Full,1,2,2517,DEFAULT,4.175,521.627,190,2,0," :- not unit2zoneGEQ(V2,V2), unit2sensorGEQ(V1,V2), zone2sensor(V1,V2).
 :- closezones(V2,V1), not unit2sensorGEQ(V1,V2), zone2sensor(V1,V1).
"
93,./PUP/double/,2-double-6.lp,Enumerate,Standard,Full,1,3,20286,DEFAULT,4.14,1065.39,285,3,0," :- not unit2sensorGEQ(V2,V1), unit2zoneGEQ(V1,V1), unit2zoneGEQ(V2,V1).
 :- not unit2sensorGEQ(V2,V1), partnerunits(V2,V1), zone2sensor(V1,V1).
 :- not unit2sensorGEQ(V1,V2), not unit2zoneGEQ(V2,V2), partnerunits(V1,V2).
 :- not unit2sensorGEQ(V1,V2), unit2zoneGEQ(V1,V2), zone2sensor(V1,V1).
"
94,./PUP/double/,2-double-6.lp,Enumerate,Standard,Full,1,1,13727,DEFAULT,1.448,218.724,95,1,0," :- not unit2zoneGEQ(V2,V1), unit2zoneGEQ(V1,V1), zone2sensor(V1,V2).
 :- closezones(V2,V1), not unit2sensorGEQ(V2,V1), unit2sensorGEQ(V1,V2).
"
95,./PUP/double/,2-double-6.lp,Enumerate,Standard,Full,1,2,15928,DEFAULT,3.504,177.315,190,2,0," :- closezones(V2,V3), not unit2sensorGEQ(V1,V2), unit2zoneGEQ(V1,V1).
 :- closezones(V2,V1), not unit2sensorGEQ(V1,V1), unit2zoneGEQ(V1,V2).
"
96,./PUP/double/,2-double-6.lp,Enumerate,Standard,Full,1,3,18316,DEFAULT,4.216,333.405,285,3,0," :- not unit2sensorGEQ(V1,V2), unit2zoneGEQ(V1,V1), unit2zoneGEQ(V2,V2).
 :- not unit2zoneGEQ(V2,V2), unit2sensorGEQ(V2,V1), zone2sensor(V1,V2).
 :- closesensors(V1,V2), not unit2sensorGEQ(V1,V2), partnerunits(V1,V2).
"
97,./PUP/double/,2-double-6.lp,Enumerate,Standard,Full,1,1,32033,DEFAULT,1.57,19.428,95,1,0," :- not unit2sensorGEQ(V2,V1), partnerunits(V1,V2).
"
98,./PUP/double/,2-double-6.lp,Enumerate,Standard,Full,1,2,32598,DEFAULT,2.815,81.77,190,2,0," :- not unit2sensorGEQ(V1,V2), partnerunits(V1,V2).
 :- not zone2sensor(V1,V1), unit2sensorGEQ(V1,V1), unit2zoneGEQ(V1,V1).
"
99,./PUP/double/,2-double-6.lp,Enumerate,Standard,Full,1,3,11310,DEFAULT,3.264,777.391,237,3,0," :- not unit2sensorGEQ(V1,V1), not unit2zoneGEQ(V1,V1), zone2sensor(V1,V1).
 :- not unit2sensorGEQ(V1,V2), unit2sensorGEQ(V2,V2), unit2zoneGEQ(V1,V1).
 :- not unit2zoneGEQ(V1,V1), not unit2zoneGEQ(V2,V1), partnerunits(V1,V2).
 :- closezones(V1,V2), not unit2sensorGEQ(V1,V2), unit2zoneGEQ(V1,V2).
 :- closezones(V2,V1), partnerunits(V2,V1), zone2sensor(V1,V2).
"
100,./PUP/double/,2-double-6.lp,Enumerate,Standard,Full,1,1,30414,DEFAULT,1.374,47.332,95,1,0," :- not unit2sensorGEQ(V3,V1), unit2sensorGEQ(V3,V2), unit2zoneGEQ(V1,V2).
"
101,./PUP/double/,2-double-6.lp,Enumerate,Standard,Full,1,2,7830,DEFAULT,2.883,418.527,190,2,0," :- not unit2sensorGEQ(V1,V1), not unit2zoneGEQ(V2,V1), partnerunits(V1,V2).
 :- not unit2sensorGEQ(V2,V1), partnerunits(V2,V1), unit2zoneGEQ(V1,V1).
 :- not unit2sensorGEQ(V2,V1), not unit2sensorGEQ(V2,V2), partnerunits(V1,V2).
"
102,./PUP/double/,2-double-6.lp,Enumerate,Standard,Full,1,3,31417,DEFAULT,5.098,22.031,285,3,0," :- not unit2sensorGEQ(V2,V1), partnerunits(V1,V2).
"
103,./PUP/double/,2-double-6.lp,Enumerate,Standard,Full,1,1,31869,DEFAULT,1.401,28.113,95,1,0," :- not unit2sensorGEQ(V2,V1), partnerunits(V1,V2).
"
104,./PUP/double/,2-double-6.lp,Enumerate,Standard,Full,1,2,22564,DEFAULT,2.793,299.686,190,2,0," :- not unit2sensorGEQ(V1,V2), not zone2sensor(V2,V1), unit2zoneGEQ(V1,V2).
 :- closesensors(V1,V2), not unit2sensorGEQ(V2,V1), partnerunits(V1,V2).
"
105,./PUP/double/,2-double-6.lp,Enumerate,Standard,Full,1,3,7051,DEFAULT,4.204,235.369,285,3,0," :- not unit2sensorGEQ(V1,V2), partnerunits(V2,V1), unit2sensorGEQ(V1,V1).
 :- closezones(V2,V1), not unit2sensorGEQ(V2,V1), unit2sensorGEQ(V1,V2).
"
106,./PUP/double/,2-double-6.lp,Enumerate,Standard,Full,1,1,8543,DEFAULT,1.436,96.527,95,1,0," :- not unit2sensorGEQ(V2,V1), partnerunits(V1,V2).
 :- not unit2sensorGEQ(V1,V1), unit2zoneGEQ(V1,V1).
"
107,./PUP/double/,2-double-6.lp,Enumerate,Standard,Full,1,2,12158,DEFAULT,2.961,21.23,190,2,0," :- not unit2sensorGEQ(V2,V1), partnerunits(V1,V2).
"
108,./PUP/double/,2-double-6.lp,Enumerate,Standard,Full,1,3,16923,DEFAULT,4.01,384.295,285,3,2," :- not unit2sensorGEQ(V1,V1), unit2zoneGEQ(V1,V1).
 :- closesensors(V2,V1), not unit2sensorGEQ(V2,V1), unit2sensorGEQ(V1,V2).
"
109,./PUP/double/,2-double-6.lp,Enumerate,Standard,Full,1,1,16687,DEFAULT,1.792,55.615,95,1,0," :- closesensors(V2,V1), not unit2sensorGEQ(V2,V2), unit2zoneGEQ(V1,V1).
"
110,./PUP/double/,2-double-6.lp,Enumerate,Standard,Full,1,2,27416,DEFAULT,2.808,65.104,190,2,0," :- not unit2sensorGEQ(V1,V3), unit2sensorGEQ(V3,V2), unit2zoneGEQ(V1,V2).
"
111,./PUP/double/,2-double-6.lp,Enumerate,Standard,Full,1,3,21083,DEFAULT,4.099,86.911,285,3,0," :- not unit2sensorGEQ(V1,V2), partnerunits(V1,V2).
 :- not unit2sensorGEQ(V3,V1), partnerunits(V3,V2), unit2zoneGEQ(V1,V2).
"
112,./PUP/double/,2-double-6.lp,Enumerate,Standard,Full,1,1,16567,DEFAULT,1.423,45.525,95,1,0," :- closezones(V2,V1), not unit2sensorGEQ(V2,V1), unit2sensorGEQ(V1,V2).
"
113,./PUP/double/,2-double-6.lp,Enumerate,Standard,Full,1,2,70,DEFAULT,2.528,20.054,190,2,0," :- not unit2sensorGEQ(V1,V2), partnerunits(V1,V2).
"
114,./PUP/double/,2-double-6.lp,Enumerate,Standard,Full,1,3,22154,DEFAULT,4.054,210.779,285,3,0," :- not unit2sensorGEQ(V1,V2), unit2sensorGEQ(V2,V1), zone2sensor(V1,V1).
 :- not unit2sensorGEQ(V3,V1), partnerunits(V2,V3), unit2zoneGEQ(V1,V1).
"
115,./PUP/double/,2-double-6.lp,Enumerate,Standard,Full,1,1,16699,DEFAULT,1.39,20.295,95,1,0," :- not unit2sensorGEQ(V2,V1), partnerunits(V1,V2).
"
116,./PUP/double/,2-double-6.lp,Enumerate,Standard,Full,1,2,25944,DEFAULT,3.048,20.856,190,2,0," :- not unit2sensorGEQ(V1,V2), partnerunits(V1,V2).
"
117,./PUP/double/,2-double-6.lp,Enumerate,Standard,Full,1,3,15838,DEFAULT,4.128,698.528,285,3,1," :- not partnerunits(V2,V1), not unit2sensorGEQ(V1,V1), unit2sensorGEQ(V1,V2).
 :- not unit2sensorGEQ(V1,V1), unit2sensorGEQ(V2,V1), zone2sensor(V1,V2).
 :- closesensors(V1,V2), not unit2sensorGEQ(V2,V1), partnerunits(V1,V2).
"
118,./PUP/double/,2-double-6.lp,Enumerate,Standard,Full,1,1,2753,DEFAULT,1.388,335.06,95,1,0," :- not unit2sensorGEQ(V2,V1), partnerunits(V1,V2).
 :- not unit2zoneGEQ(V1,V1), unit2zoneGEQ(V2,V1), zone2sensor(V1,V2).
"
119,./PUP/double/,2-double-6.lp,Enumerate,Standard,Full,1,2,31792,DEFAULT,2.818,18.8,190,2,0," :- not unit2sensorGEQ(V2,V1), partnerunits(V1,V2).
"
120,./PUP/double/,2-double-6.lp,Enumerate,Standard,Full,1,3,6602,DEFAULT,4.238,19.919,285,3,0," :- not unit2sensorGEQ(V1,V2), partnerunits(V1,V2).
"
