,Directory,Files analysed with SBASS,Learning mode,Ordering,SBC,Iteration,Cell,Seed,Version,Time for creating examples,Time for solving ILP task,Total neg examples,Total pos examples,Neg examples uncovered,Learned Constraints
1,./PUP/double/,2-double-6.lp,Enumerate,Alternative,Full,1,1,31681,DEFAULT,1.35,141.509,95,1,0," :- not unit2zoneGEQ(V2,V2), partnerunits(V2,V1), unit2sensorGEQ(V1,V1).
 :- closezones(V1,V2), not unit2zoneGEQ(V1,V2), unit2sensorGEQ(V1,V2).
"
2,./PUP/double/,2-double-6.lp,Enumerate,Alternative,Full,1,2,4634,DEFAULT,2.432,189.926,190,2,0," :- not closesensors(V1,V2), partnerunits(V1,V2), unit2sensorGEQ(V1,V2).
 :- closezones(V1,V2), unit2sensorGEQ(V1,V2), unit2sensorGEQ(V2,V1).
"
3,./PUP/double/,2-double-6.lp,Enumerate,Alternative,Full,1,3,16837,DEFAULT,3.969,1155.29,285,3,2," :- not unit2zoneGEQ(V3,V2), unit2sensorGEQ(V3,V1), unit2zoneGEQ(V1,V2).
 :- not unit2zoneGEQ(V2,V2), unit2sensorGEQ(V1,V1), unit2sensorGEQ(V2,V1).
 :- closezones(V1,V2), not closesensors(V2,V1), partnerunits(V1,V2).
"
4,./PUP/double/,2-double-6.lp,Enumerate,Alternative,Full,1,1,15262,DEFAULT,2.92,614.681,95,1,0," :- not unit2sensorGEQ(V1,V1), unit2sensorGEQ(V2,V2), unit2zoneGEQ(V1,V2).
 :- closesensors(V2,V1), not unit2zoneGEQ(V1,V2), partnerunits(V1,V2).
"
5,./PUP/double/,2-double-6.lp,Enumerate,Alternative,Full,1,2,22084,DEFAULT,7.887,1667.27,190,2,0," :- not unit2zoneGEQ(V1,V1), not zone2sensor(V2,V1), partnerunits(V1,V2).
 :- not unit2zoneGEQ(V2,V2), unit2sensorGEQ(V2,V1), unit2zoneGEQ(V1,V1).
 :- closesensors(V1,V2), unit2sensorGEQ(V1,V2), unit2sensorGEQ(V2,V1).
"
6,./PUP/double/,2-double-6.lp,Enumerate,Alternative,Full,1,3,24758,DEFAULT,12.529,3372.85,285,3,2," :- not zone2sensor(V2,V2), unit2sensorGEQ(V2,V1), unit2zoneGEQ(V1,V1).
 :- closezones(V1,V2), not closesensors(V2,V1), partnerunits(V1,V2).
"
7,./PUP/double/,2-double-6.lp,Enumerate,Alternative,Full,1,1,3718,DEFAULT,4.315,880.498,95,1,0," :- not unit2sensorGEQ(V1,V1), unit2zoneGEQ(V1,V1).
 :- not unit2zoneGEQ(V2,V2), partnerunits(V1,V2), unit2sensorGEQ(V1,V2).
"
8,./PUP/double/,2-double-6.lp,Enumerate,Alternative,Full,1,2,26796,DEFAULT,6.678,298.406,190,2,0," :- not unit2zoneGEQ(V2,V2), unit2sensorGEQ(V2,V1), zone2sensor(V1,V2).
 :- closezones(V1,V2), unit2sensorGEQ(V1,V2), unit2sensorGEQ(V2,V1).
"
9,./PUP/double/,2-double-6.lp,Enumerate,Alternative,Full,1,3,25434,DEFAULT,12.322,1277.08,285,3,0," :- not unit2zoneGEQ(V1,V2), partnerunits(V2,V1), unit2sensorGEQ(V1,V2).
 :- not unit2zoneGEQ(V3,V2), unit2sensorGEQ(V3,V1), unit2zoneGEQ(V1,V2).
 :- closezones(V2,V1), not closesensors(V1,V2), partnerunits(V1,V2).
"
10,./PUP/double/,2-double-6.lp,Enumerate,Alternative,Full,1,1,8598,DEFAULT,4.061,797.43,95,1,0," :- not unit2zoneGEQ(V1,V1), zone2sensor(V1,V1).
 :- not unit2zoneGEQ(V2,V1), partnerunits(V1,V2), unit2zoneGEQ(V1,V2).
"
11,./PUP/double/,2-double-6.lp,Enumerate,Alternative,Full,1,2,21172,DEFAULT,8.548,632.639,190,2,0," :- not zone2sensor(V1,V1), unit2sensorGEQ(V1,V1).
 :- not unit2zoneGEQ(V2,V1), unit2sensorGEQ(V2,V1), zone2sensor(V1,V2).
"
13,./PUP/double/,2-double-6.lp,Enumerate,Alternative,Full,1,1,29690,DEFAULT,3.868,548.931,95,1,0," :- not zone2sensor(V1,V1), unit2sensorGEQ(V1,V1).
 :- not unit2sensorGEQ(V2,V2), unit2sensorGEQ(V2,V1), unit2zoneGEQ(V1,V1).
"
15,./PUP/double/,2-double-6.lp,Enumerate,Alternative,Full,1,3,1743,DEFAULT,11.665,611.066,285,3,0," :- not zone2sensor(V1,V1), unit2zoneGEQ(V1,V1).
 :- not unit2zoneGEQ(V2,V1), partnerunits(V1,V2), unit2sensorGEQ(V1,V1).
"
16,./PUP/double/,2-double-6.lp,Enumerate,Alternative,Full,1,1,26740,DEFAULT,3.983,955.187,95,1,0," :- not unit2sensorGEQ(V2,V2), unit2zoneGEQ(V2,V1), zone2sensor(V1,V1).
 :- not zone2sensor(V1,V2), unit2sensorGEQ(V2,V1), unit2zoneGEQ(V1,V2).
"
17,./PUP/double/,2-double-6.lp,Enumerate,Alternative,Full,1,2,22856,DEFAULT,6.492,817.009,190,2,0," :- not unit2zoneGEQ(V2,V2), partnerunits(V1,V2).
 :- closezones(V1,V2), unit2sensorGEQ(V1,V2), unit2sensorGEQ(V2,V1).
"
18,./PUP/double/,2-double-6.lp,Enumerate,Alternative,Full,1,3,25148,DEFAULT,12.258,2533.42,285,3,1," :- not unit2sensorGEQ(V2,V2), unit2sensorGEQ(V2,V1), unit2zoneGEQ(V1,V1).
 :- not unit2zoneGEQ(V2,V1), unit2sensorGEQ(V2,V2), zone2sensor(V1,V2).
 :- not unit2zoneGEQ(V1,V1), partnerunits(V1,V2), unit2sensorGEQ(V1,V2).
"
19,./PUP/double/,2-double-6.lp,Enumerate,Alternative,Full,1,1,6751,DEFAULT,3.071,635.872,95,1,0," :- not unit2zoneGEQ(V1,V1), partnerunits(V1,V2), unit2zoneGEQ(V1,V2).
 :- closezones(V1,V2), not unit2sensorGEQ(V1,V2), unit2zoneGEQ(V1,V1).
"
21,./PUP/double/,2-double-6.lp,Enumerate,Alternative,Full,1,3,717,DEFAULT,11.949,809.385,285,3,0," :- not unit2zoneGEQ(V2,V1), unit2sensorGEQ(V2,V1), zone2sensor(V1,V2).
 :- not zone2sensor(V1,V1), unit2sensorGEQ(V1,V2), unit2sensorGEQ(V2,V1).
"
22,./PUP/double/,2-double-6.lp,Enumerate,Alternative,Full,1,1,16849,DEFAULT,4.31,558.508,95,1,0," :- closesensors(V1,V2), unit2sensorGEQ(V1,V2), unit2sensorGEQ(V2,V1).
 :- closesensors(V2,V1), not unit2zoneGEQ(V1,V2), unit2sensorGEQ(V1,V1).
"
23,./PUP/double/,2-double-6.lp,Enumerate,Alternative,Full,1,2,29843,DEFAULT,8.684,100.248,190,2,0," :- closezones(V2,V1), unit2sensorGEQ(V1,V1), unit2sensorGEQ(V2,V1).
"
24,./PUP/double/,2-double-6.lp,Enumerate,Alternative,Full,1,3,8299,DEFAULT,10.576,709.67,285,3,0," :- not unit2sensorGEQ(V1,V1), not zone2sensor(V1,V2), partnerunits(V1,V2).
 :- closezones(V2,V1), unit2sensorGEQ(V2,V1), unit2zoneGEQ(V1,V2).
"
25,./PUP/double/,2-double-6.lp,Enumerate,Alternative,Full,1,1,6709,DEFAULT,4.537,464.1,95,1,0," :- not unit2zoneGEQ(V1,V1), zone2sensor(V1,V1).
 :- not unit2zoneGEQ(V3,V2), unit2sensorGEQ(V3,V1), unit2zoneGEQ(V1,V2).
"
26,./PUP/double/,2-double-6.lp,Enumerate,Alternative,Full,1,2,24419,DEFAULT,7.308,278.391,190,2,0," :- closesensors(V1,V2), unit2sensorGEQ(V1,V1), unit2sensorGEQ(V2,V1).
"
28,./PUP/double/,2-double-6.lp,Enumerate,Alternative,Full,1,1,11547,DEFAULT,3.898,653.935,95,1,0," :- not closesensors(V1,V2), not unit2sensorGEQ(V1,V1), partnerunits(V1,V2).
 :- closezones(V2,V1), unit2sensorGEQ(V2,V1), unit2zoneGEQ(V1,V2).
"
29,./PUP/double/,2-double-6.lp,Enumerate,Alternative,Full,1,2,7260,DEFAULT,7.465,1968.57,190,2,0," :- not unit2sensorGEQ(V1,V1), unit2sensorGEQ(V2,V2), unit2zoneGEQ(V1,V2).
 :- not unit2zoneGEQ(V2,V1), unit2sensorGEQ(V1,V1), unit2sensorGEQ(V2,V1).
 :- closezones(V2,V1), not zone2sensor(V2,V1), partnerunits(V1,V2).
"
30,./PUP/double/,2-double-6.lp,Enumerate,Alternative,Full,1,3,21865,DEFAULT,10.504,2060.45,285,3,1," :- not zone2sensor(V2,V2), unit2sensorGEQ(V2,V1), unit2zoneGEQ(V1,V2).
 :- closezones(V1,V2), not unit2zoneGEQ(V2,V1), partnerunits(V1,V2).
"
31,./PUP/double/,2-double-6.lp,Enumerate,Alternative,Full,1,1,16017,DEFAULT,4.175,693.358,95,1,0," :- not zone2sensor(V1,V1), unit2sensorGEQ(V1,V1).
 :- not unit2zoneGEQ(V2,V1), unit2sensorGEQ(V2,V1), zone2sensor(V1,V2).
"
32,./PUP/double/,2-double-6.lp,Enumerate,Alternative,Full,1,2,29417,DEFAULT,7.728,854.496,190,2,0," :- not closesensors(V1,V2), partnerunits(V1,V2), unit2sensorGEQ(V1,V1).
 :- not unit2zoneGEQ(V1,V1), unit2sensorGEQ(V2,V1), unit2zoneGEQ(V1,V2).
"
33,./PUP/double/,2-double-6.lp,Enumerate,Alternative,Full,1,3,25421,DEFAULT,9.126,3319.23,237,3,1," :- not unit2sensorGEQ(V1,V1), unit2zoneGEQ(V1,V1), zone2sensor(V1,V1).
 :- not closesensors(V1,V2), partnerunits(V2,V1), zone2sensor(V1,V1).
 :- partnerunits(V1,V2), unit2sensorGEQ(V1,V2), unit2sensorGEQ(V2,V1).
 :- not unit2zoneGEQ(V3,V2), unit2sensorGEQ(V3,V1), unit2zoneGEQ(V1,V2).
 :- not unit2zoneGEQ(V2,V2), unit2sensorGEQ(V1,V1), unit2sensorGEQ(V2,V1).
 :- closezones(V1,V2), unit2sensorGEQ(V1,V2), unit2sensorGEQ(V2,V1).
"
34,./PUP/double/,2-double-6.lp,Enumerate,Alternative,Full,1,1,10456,DEFAULT,4.077,760.43,95,1,0," :- not zone2sensor(V1,V1), partnerunits(V1,V2), unit2sensorGEQ(V1,V2).
 :- closezones(V2,V1), unit2sensorGEQ(V2,V1), unit2zoneGEQ(V1,V2).
"
35,./PUP/double/,2-double-6.lp,Enumerate,Alternative,Full,1,2,25977,DEFAULT,8.161,763.85,190,2,0," :- not zone2sensor(V2,V2), unit2sensorGEQ(V2,V1), unit2zoneGEQ(V1,V2).
 :- closezones(V2,V1), not unit2zoneGEQ(V1,V1), partnerunits(V1,V2).
"
36,./PUP/double/,2-double-6.lp,Enumerate,Alternative,Full,1,3,20418,DEFAULT,10.827,510.953,285,3,0," :- not zone2sensor(V1,V2), unit2sensorGEQ(V2,V1), unit2zoneGEQ(V1,V2).
 :- not unit2zoneGEQ(V2,V2), partnerunits(V1,V2), unit2zoneGEQ(V1,V2).
"
37,./PUP/double/,2-double-6.lp,Enumerate,Alternative,Full,1,1,3380,DEFAULT,4.075,827.316,95,1,0," :- not unit2zoneGEQ(V1,V1), unit2sensorGEQ(V2,V2), zone2sensor(V1,V2).
 :- closezones(V2,V1), not unit2sensorGEQ(V1,V2), zone2sensor(V1,V1).
"
38,./PUP/double/,2-double-6.lp,Enumerate,Alternative,Full,1,2,4490,DEFAULT,7.516,1369.86,190,2,0," :- not closesensors(V1,V2), partnerunits(V2,V1), unit2zoneGEQ(V1,V2).
 :- closezones(V1,V2), not unit2zoneGEQ(V1,V2), unit2sensorGEQ(V1,V2).
"
40,./PUP/double/,2-double-6.lp,Enumerate,Alternative,Full,1,1,14157,DEFAULT,3.631,567.332,95,1,0," :- not zone2sensor(V1,V1), unit2zoneGEQ(V1,V1).
 :- closesensors(V1,V2), not unit2zoneGEQ(V1,V2), unit2sensorGEQ(V1,V2).
"
41,./PUP/double/,2-double-6.lp,Enumerate,Alternative,Full,1,2,69,DEFAULT,7.875,2758.67,190,2,0," :- not unit2sensorGEQ(V1,V1), partnerunits(V1,V2), unit2zoneGEQ(V1,V2).
 :- not closesensors(V1,V2), not unit2zoneGEQ(V1,V1), unit2sensorGEQ(V1,V2).
 :- closesensors(V1,V2), unit2sensorGEQ(V1,V2), unit2sensorGEQ(V2,V1).
"
42,./PUP/double/,2-double-6.lp,Enumerate,Alternative,Full,1,3,3023,DEFAULT,11.646,139.16,285,3,0," :- closezones(V2,V1), unit2sensorGEQ(V1,V1), unit2sensorGEQ(V2,V1).
"
43,./PUP/double/,2-double-6.lp,Enumerate,Alternative,Full,1,1,14690,DEFAULT,3.275,639.242,95,1,0," :- not unit2zoneGEQ(V2,V2), partnerunits(V2,V1), unit2sensorGEQ(V1,V1).
 :- closezones(V2,V1), not unit2zoneGEQ(V1,V2), partnerunits(V1,V2).
"
44,./PUP/double/,2-double-6.lp,Enumerate,Alternative,Full,1,2,13524,DEFAULT,6.879,360.816,190,2,0," :- not unit2sensorGEQ(V1,V2), unit2zoneGEQ(V1,V2), zone2sensor(V1,V1).
 :- not unit2zoneGEQ(V2,V2), unit2sensorGEQ(V2,V1), unit2zoneGEQ(V1,V1).
"
45,./PUP/double/,2-double-6.lp,Enumerate,Alternative,Full,1,3,15622,DEFAULT,8.763,2592.25,237,3,0," :- not unit2sensorGEQ(V1,V1), unit2sensorGEQ(V2,V1), unit2zoneGEQ(V1,V2).
 :- partnerunits(V1,V2), unit2zoneGEQ(V1,V2), unit2zoneGEQ(V2,V1).
 :- not unit2zoneGEQ(V2,V1), unit2sensorGEQ(V2,V1), unit2zoneGEQ(V1,V1).
 :- not unit2zoneGEQ(V1,V1), not zone2sensor(V1,V1), unit2sensorGEQ(V1,V1).
"
46,./PUP/double/,2-double-6.lp,Enumerate,Alternative,Full,1,1,10222,DEFAULT,3.427,536.078,95,1,0," :- not unit2zoneGEQ(V1,V1), partnerunits(V1,V2).
 :- not unit2zoneGEQ(V1,V2), unit2sensorGEQ(V2,V1), zone2sensor(V1,V2).
"
47,./PUP/double/,2-double-6.lp,Enumerate,Alternative,Full,1,2,23256,DEFAULT,6.754,546.78,190,2,0," :- partnerunits(V1,V2), unit2sensorGEQ(V1,V2), unit2sensorGEQ(V2,V1).
 :- closesensors(V2,V1), not unit2zoneGEQ(V1,V2), unit2sensorGEQ(V1,V1).
"
48,./PUP/double/,2-double-6.lp,Enumerate,Alternative,Full,1,3,29764,DEFAULT,10.47,775.365,285,3,0," :- not unit2zoneGEQ(V2,V1), unit2sensorGEQ(V2,V1), zone2sensor(V1,V2).
 :- not zone2sensor(V1,V1), unit2sensorGEQ(V2,V1), unit2zoneGEQ(V1,V2).
"
49,./PUP/double/,2-double-6.lp,Enumerate,Alternative,Full,1,1,6652,DEFAULT,3.669,131.829,95,1,0," :- closezones(V2,V1), unit2sensorGEQ(V1,V1), unit2sensorGEQ(V2,V1).
"
50,./PUP/double/,2-double-6.lp,Enumerate,Alternative,Full,1,2,27221,DEFAULT,7.835,1707.24,190,2,0," :- not unit2sensorGEQ(V1,V1), unit2sensorGEQ(V2,V1), unit2zoneGEQ(V1,V2).
 :- not zone2sensor(V1,V1), unit2sensorGEQ(V1,V1), unit2zoneGEQ(V1,V1).
 :- closezones(V2,V1), not unit2zoneGEQ(V1,V2), unit2sensorGEQ(V1,V2).
 :- closezones(V2,V1), not closesensors(V2,V1), partnerunits(V1,V2).
"
52,./PUP/double/,2-double-6.lp,Enumerate,Alternative,Full,1,1,759,DEFAULT,3.171,672.172,95,1,0," :- not zone2sensor(V2,V2), unit2sensorGEQ(V2,V1), unit2zoneGEQ(V1,V2).
 :- closezones(V1,V2), not unit2zoneGEQ(V2,V2), partnerunits(V1,V2).
"
53,./PUP/double/,2-double-6.lp,Enumerate,Alternative,Full,1,2,2001,DEFAULT,6.938,3478.63,190,2,1," :- not unit2sensorGEQ(V1,V1), not zone2sensor(V1,V1), partnerunits(V1,V2).
 :- not unit2zoneGEQ(V2,V1), unit2sensorGEQ(V2,V1), unit2zoneGEQ(V1,V2).
 :- not unit2zoneGEQ(V1,V1), partnerunits(V2,V1), unit2sensorGEQ(V1,V2).
"
54,./PUP/double/,2-double-6.lp,Enumerate,Alternative,Full,1,3,10002,DEFAULT,9.836,2301.14,285,3,2," :- partnerunits(V1,V2), unit2sensorGEQ(V1,V2), unit2sensorGEQ(V2,V1).
 :- not unit2zoneGEQ(V1,V1), unit2sensorGEQ(V2,V2), unit2zoneGEQ(V1,V2).
 :- closezones(V2,V1), not zone2sensor(V2,V1), partnerunits(V1,V2).
"
55,./PUP/double/,2-double-6.lp,Enumerate,Alternative,Full,1,1,2905,DEFAULT,3.848,549.73,95,1,0," :- not unit2sensorGEQ(V2,V2), not unit2zoneGEQ(V2,V2), partnerunits(V1,V2).
 :- closezones(V2,V1), unit2sensorGEQ(V2,V1), unit2zoneGEQ(V1,V2).
"
56,./PUP/double/,2-double-6.lp,Enumerate,Alternative,Full,1,2,27702,DEFAULT,8.276,2664.17,190,2,0," :- not unit2zoneGEQ(V1,V1), unit2zoneGEQ(V1,V2).
 :- not unit2zoneGEQ(V3,V2), unit2sensorGEQ(V3,V1), unit2zoneGEQ(V1,V2).
 :- closezones(V1,V2), not closesensors(V1,V2), partnerunits(V1,V2).
"
57,./PUP/double/,2-double-6.lp,Enumerate,Alternative,Full,1,3,4997,DEFAULT,10.833,2068.43,285,3,2," :- not zone2sensor(V2,V2), unit2sensorGEQ(V2,V1), unit2zoneGEQ(V1,V2).
 :- closezones(V1,V2), unit2sensorGEQ(V1,V2), unit2sensorGEQ(V2,V1).
 :- closezones(V2,V1), not unit2zoneGEQ(V2,V1), partnerunits(V1,V2).
"
58,./PUP/double/,2-double-6.lp,Enumerate,Alternative,Full,1,1,26985,DEFAULT,4.111,549.718,95,1,0," :- not unit2sensorGEQ(V1,V2), unit2zoneGEQ(V1,V2).
 :- not unit2sensorGEQ(V1,V1), not zone2sensor(V1,V1), unit2sensorGEQ(V1,V2).
"
59,./PUP/double/,2-double-6.lp,Enumerate,Alternative,Full,1,2,16281,DEFAULT,6.225,1134.62,190,2,0," :- not unit2sensorGEQ(V2,V2), unit2sensorGEQ(V2,V1), unit2zoneGEQ(V1,V2).
 :- not closesensors(V1,V2), partnerunits(V1,V2), unit2sensorGEQ(V1,V2).
"
60,./PUP/double/,2-double-6.lp,Enumerate,Alternative,Full,1,3,16345,DEFAULT,10.807,1447.89,285,3,0," :- not unit2sensorGEQ(V1,V1), not unit2zoneGEQ(V1,V1), zone2sensor(V1,V1).
 :- not unit2sensorGEQ(V1,V2), not unit2sensorGEQ(V2,V1), partnerunits(V1,V2).
 :- not zone2sensor(V2,V2), unit2sensorGEQ(V2,V1), unit2zoneGEQ(V1,V2).
 :- closezones(V1,V2), not closesensors(V2,V1), partnerunits(V1,V2).
"
61,./PUP/double/,2-double-6.lp,Enumerate,Alternative,Full,1,1,14189,DEFAULT,4.044,823.124,95,1,0," :- not zone2sensor(V2,V1), unit2sensorGEQ(V2,V1), unit2zoneGEQ(V1,V2).
 :- closezones(V2,V1), not unit2sensorGEQ(V2,V2), partnerunits(V1,V2).
"
63,./PUP/double/,2-double-6.lp,Enumerate,Alternative,Full,1,3,14837,DEFAULT,10.836,1459.03,285,3,0," :- not zone2sensor(V1,V2), unit2sensorGEQ(V1,V2), unit2sensorGEQ(V2,V1).
 :- closezones(V1,V2), not unit2zoneGEQ(V1,V2), unit2sensorGEQ(V1,V2).
 :- closezones(V1,V2), not closesensors(V2,V1), partnerunits(V1,V2).
"
64,./PUP/double/,2-double-6.lp,Enumerate,Alternative,Full,1,1,24318,DEFAULT,4.008,704.863,95,1,0," :- not unit2zoneGEQ(V1,V1), unit2sensorGEQ(V1,V1).
 :- closezones(V1,V2), unit2sensorGEQ(V2,V1), unit2zoneGEQ(V1,V2).
"
65,./PUP/double/,2-double-6.lp,Enumerate,Alternative,Full,1,2,26740,DEFAULT,8.213,1548.56,190,2,1," :- not zone2sensor(V1,V1), unit2zoneGEQ(V1,V1).
 :- not unit2zoneGEQ(V2,V2), unit2sensorGEQ(V2,V1), unit2zoneGEQ(V1,V2).
 :- closezones(V1,V2), not closesensors(V1,V2), partnerunits(V1,V2).
"
66,./PUP/double/,2-double-6.lp,Enumerate,Alternative,Full,1,3,23583,DEFAULT,9.804,1528.02,237,3,0," :- not unit2zoneGEQ(V2,V1), unit2sensorGEQ(V2,V1), unit2zoneGEQ(V1,V2).
 :- not unit2zoneGEQ(V1,V1), partnerunits(V2,V1), unit2sensorGEQ(V1,V2).
 :- closezones(V2,V1), not zone2sensor(V1,V2), partnerunits(V1,V2).
"
67,./PUP/double/,2-double-6.lp,Enumerate,Alternative,Full,1,1,17876,DEFAULT,3.497,879.64,95,1,0," :- not zone2sensor(V1,V2), unit2sensorGEQ(V1,V2), unit2sensorGEQ(V2,V1).
 :- not unit2zoneGEQ(V2,V2), partnerunits(V2,V1), unit2zoneGEQ(V1,V2).
"
68,./PUP/double/,2-double-6.lp,Enumerate,Alternative,Full,1,2,19383,DEFAULT,7.46,1214.27,190,2,0," :- not unit2sensorGEQ(V2,V2), unit2sensorGEQ(V2,V1), unit2zoneGEQ(V1,V2).
 :- not unit2zoneGEQ(V1,V2), not unit2zoneGEQ(V2,V1), partnerunits(V1,V2).
 :- not unit2zoneGEQ(V2,V1), unit2sensorGEQ(V2,V1), zone2sensor(V1,V2).
 :- closezones(V2,V1), not closesensors(V2,V1), partnerunits(V1,V2).
"
69,./PUP/double/,2-double-6.lp,Enumerate,Alternative,Full,1,3,7579,DEFAULT,10.718,1701.53,285,3,0," :- not zone2sensor(V2,V1), unit2sensorGEQ(V2,V1), unit2zoneGEQ(V1,V2).
 :- not unit2zoneGEQ(V1,V1), not unit2zoneGEQ(V2,V2), partnerunits(V1,V2).
 :- closezones(V1,V2), not zone2sensor(V1,V2), partnerunits(V1,V2).
"
70,./PUP/double/,2-double-6.lp,Enumerate,Alternative,Full,1,1,28975,DEFAULT,3.582,670.792,95,1,0," :- not unit2zoneGEQ(V2,V2), unit2sensorGEQ(V1,V2), unit2sensorGEQ(V2,V1).
 :- closesensors(V2,V1), not unit2zoneGEQ(V1,V2), unit2zoneGEQ(V1,V1).
"
71,./PUP/double/,2-double-6.lp,Enumerate,Alternative,Full,1,2,1459,DEFAULT,7.931,1060.18,190,2,0," :- closesensors(V1,V2), unit2sensorGEQ(V1,V2), unit2sensorGEQ(V2,V1).
 :- closesensors(V2,V1), not unit2zoneGEQ(V1,V2), unit2sensorGEQ(V1,V1).
 :- closezones(V2,V1), not unit2sensorGEQ(V1,V1), partnerunits(V1,V2).
"
72,./PUP/double/,2-double-6.lp,Enumerate,Alternative,Full,1,3,7706,DEFAULT,10.964,609.599,285,3,0," :- not zone2sensor(V1,V1), unit2zoneGEQ(V1,V1).
 :- closezones(V2,V3), not unit2zoneGEQ(V1,V3), unit2sensorGEQ(V1,V1).
"
73,./PUP/double/,2-double-6.lp,Enumerate,Alternative,Full,1,1,5107,DEFAULT,3.926,457.795,95,1,0," :- not unit2sensorGEQ(V1,V1), zone2sensor(V1,V1).
 :- not zone2sensor(V1,V1), partnerunits(V1,V2), unit2sensorGEQ(V1,V2).
"
74,./PUP/double/,2-double-6.lp,Enumerate,Alternative,Full,1,2,10838,DEFAULT,7.888,875.328,190,2,0," :- not closesensors(V1,V2), partnerunits(V2,V1), unit2zoneGEQ(V1,V1).
 :- closezones(V2,V1), unit2sensorGEQ(V2,V1), unit2zoneGEQ(V1,V2).
"
76,./PUP/double/,2-double-6.lp,Enumerate,Alternative,Full,1,1,9373,DEFAULT,3.406,427.006,95,1,0," :- not zone2sensor(V1,V1), unit2sensorGEQ(V1,V1).
 :- closezones(V2,V1), not unit2zoneGEQ(V1,V2), unit2sensorGEQ(V1,V2).
"
77,./PUP/double/,2-double-6.lp,Enumerate,Alternative,Full,1,2,12399,DEFAULT,6.531,666.72,190,2,0," :- closezones(V2,V1), not closesensors(V1,V2), partnerunits(V1,V2).
 :- closezones(V2,V1), unit2sensorGEQ(V1,V1), unit2sensorGEQ(V2,V1).
"
78,./PUP/double/,2-double-6.lp,Enumerate,Alternative,Full,1,3,5812,DEFAULT,9.192,851.438,285,3,0," :- not zone2sensor(V1,V1), unit2sensorGEQ(V1,V2), unit2sensorGEQ(V2,V1).
 :- closezones(V1,V2), not closesensors(V2,V1), partnerunits(V1,V2).
"
79,./PUP/double/,2-double-6.lp,Enumerate,Alternative,Full,1,1,21123,DEFAULT,3.673,494.992,95,1,0," :- not unit2sensorGEQ(V1,V1), zone2sensor(V1,V1).
 :- not unit2zoneGEQ(V2,V1), partnerunits(V2,V1), unit2sensorGEQ(V1,V1).
"
80,./PUP/double/,2-double-6.lp,Enumerate,Alternative,Full,1,2,32737,DEFAULT,6.525,3367.04,190,2,1," :- not unit2sensorGEQ(V1,V1), partnerunits(V2,V1), unit2zoneGEQ(V1,V2).
 :- not unit2sensorGEQ(V2,V2), not zone2sensor(V2,V2), partnerunits(V1,V2).
 :- closezones(V1,V2), unit2sensorGEQ(V2,V1), zone2sensor(V1,V1).
"
81,./PUP/double/,2-double-6.lp,Enumerate,Alternative,Full,1,3,2231,DEFAULT,11.813,720.677,285,3,0," :- not unit2sensorGEQ(V1,V1), zone2sensor(V1,V1).
 :- not zone2sensor(V1,V1), partnerunits(V2,V1), unit2sensorGEQ(V1,V2).
"
82,./PUP/double/,2-double-6.lp,Enumerate,Alternative,Full,1,1,26645,DEFAULT,3.752,858.278,95,1,0," :- not closesensors(V1,V2), partnerunits(V1,V2), unit2sensorGEQ(V1,V2).
 :- closezones(V1,V2), unit2sensorGEQ(V1,V2), unit2sensorGEQ(V2,V1).
"
83,./PUP/double/,2-double-6.lp,Enumerate,Alternative,Full,1,2,4448,DEFAULT,7.759,702.296,190,2,0," :- not unit2sensorGEQ(V1,V3), unit2sensorGEQ(V2,V3), unit2zoneGEQ(V1,V2).
 :- closezones(V2,V1), unit2sensorGEQ(V2,V1), zone2sensor(V1,V1).
"
85,./PUP/double/,2-double-6.lp,Enumerate,Alternative,Full,1,1,1769,DEFAULT,3.491,431.374,95,1,0," :- not unit2zoneGEQ(V1,V2), partnerunits(V2,V1), unit2zoneGEQ(V1,V1).
 :- not unit2zoneGEQ(V2,V1), unit2sensorGEQ(V2,V1), zone2sensor(V1,V2).
"
86,./PUP/double/,2-double-6.lp,Enumerate,Alternative,Full,1,2,8467,DEFAULT,5.822,903.66,142,2,0," :- not unit2zoneGEQ(V1,V2), unit2sensorGEQ(V1,V2), zone2sensor(V1,V2).
 :- not unit2zoneGEQ(V2,V2), partnerunits(V1,V2), zone2sensor(V1,V1).
"
87,./PUP/double/,2-double-6.lp,Enumerate,Alternative,Full,1,3,14775,DEFAULT,10.229,3465.01,285,3,4," :- not zone2sensor(V1,V1), unit2zoneGEQ(V1,V1).
 :- closezones(V1,V2), unit2sensorGEQ(V1,V2), unit2sensorGEQ(V2,V1).
 :- closezones(V2,V1), not unit2zoneGEQ(V2,V1), partnerunits(V1,V2).
"
88,./PUP/double/,2-double-6.lp,Enumerate,Alternative,Full,1,1,2212,DEFAULT,3.652,296.451,95,1,0," :- not unit2zoneGEQ(V2,V2), partnerunits(V1,V2).
 :- not unit2zoneGEQ(V1,V2), unit2sensorGEQ(V1,V1), zone2sensor(V1,V2).
"
89,./PUP/double/,2-double-6.lp,Enumerate,Alternative,Full,1,2,9472,DEFAULT,6.678,263.903,190,2,0," :- partnerunits(V2,V1), unit2sensorGEQ(V2,V2), unit2zoneGEQ(V1,V1).
"
90,./PUP/double/,2-double-6.lp,Enumerate,Alternative,Full,1,3,1280,DEFAULT,9.17,703.383,285,3,0," :- not zone2sensor(V2,V2), unit2sensorGEQ(V2,V1), unit2zoneGEQ(V1,V2).
 :- closesensors(V2,V1), not unit2zoneGEQ(V1,V2), partnerunits(V1,V2).
"
91,./PUP/double/,2-double-6.lp,Enumerate,Alternative,Full,1,1,13383,DEFAULT,4.09,1114.62,95,1,0," :- not zone2sensor(V1,V1), unit2sensorGEQ(V1,V1).
 :- not unit2zoneGEQ(V1,V1), not zone2sensor(V1,V2), partnerunits(V1,V2).
"
92,./PUP/double/,2-double-6.lp,Enumerate,Alternative,Full,1,2,2517,DEFAULT,6.643,142.059,190,2,0," :- closezones(V2,V1), unit2sensorGEQ(V1,V1), unit2sensorGEQ(V2,V1).
"
94,./PUP/double/,2-double-6.lp,Enumerate,Alternative,Full,1,1,13727,DEFAULT,3.302,662.495,95,1,0," :- not zone2sensor(V1,V1), unit2zoneGEQ(V1,V1).
 :- not zone2sensor(V2,V1), unit2sensorGEQ(V2,V1), unit2zoneGEQ(V1,V2).
"
95,./PUP/double/,2-double-6.lp,Enumerate,Alternative,Full,1,2,15928,DEFAULT,8.581,3026.54,190,2,2," :- not unit2sensorGEQ(V1,V1), unit2zoneGEQ(V1,V1), zone2sensor(V1,V1).
 :- not unit2zoneGEQ(V2,V1), unit2sensorGEQ(V2,V1), unit2zoneGEQ(V1,V1).
 :- not unit2zoneGEQ(V2,V2), unit2sensorGEQ(V2,V1), unit2zoneGEQ(V1,V1).
 :- closesensors(V1,V2), unit2sensorGEQ(V1,V2), unit2sensorGEQ(V2,V1).
 :- closezones(V1,V2), not unit2sensorGEQ(V1,V1), partnerunits(V1,V2).
"
96,./PUP/double/,2-double-6.lp,Enumerate,Alternative,Full,1,3,18316,DEFAULT,11.663,1220.04,285,3,0," :- not unit2zoneGEQ(V2,V1), unit2sensorGEQ(V2,V1), unit2zoneGEQ(V1,V2).
 :- closesensors(V1,V2), unit2sensorGEQ(V1,V2), unit2sensorGEQ(V2,V1).
 :- closezones(V2,V1), not zone2sensor(V2,V1), partnerunits(V1,V2).
"
97,./PUP/double/,2-double-6.lp,Enumerate,Alternative,Full,1,1,32033,DEFAULT,4.333,882.43,95,1,0," :- not zone2sensor(V2,V2), unit2sensorGEQ(V2,V1), unit2zoneGEQ(V1,V2).
 :- not unit2zoneGEQ(V2,V2), partnerunits(V2,V1), unit2sensorGEQ(V1,V1).
"
98,./PUP/double/,2-double-6.lp,Enumerate,Alternative,Full,1,2,32598,DEFAULT,8.001,550.176,190,2,0," :- not closesensors(V2,V1), partnerunits(V2,V1), unit2zoneGEQ(V1,V2).
 :- not zone2sensor(V2,V2), unit2sensorGEQ(V2,V1), unit2zoneGEQ(V1,V1).
"
100,./PUP/double/,2-double-6.lp,Enumerate,Alternative,Full,1,1,30414,DEFAULT,3.232,974.417,95,1,0," :- not unit2sensorGEQ(V1,V1), partnerunits(V2,V1), unit2zoneGEQ(V1,V2).
 :- not unit2zoneGEQ(V3,V2), unit2sensorGEQ(V3,V1), unit2zoneGEQ(V1,V2).
"
101,./PUP/double/,2-double-6.lp,Enumerate,Alternative,Full,1,2,7830,DEFAULT,6.399,3181.38,190,2,1," :- not unit2zoneGEQ(V2,V1), unit2sensorGEQ(V2,V1), unit2zoneGEQ(V1,V1).
 :- not unit2zoneGEQ(V1,V1), not zone2sensor(V1,V1), unit2sensorGEQ(V1,V1).
 :- closezones(V1,V2), unit2sensorGEQ(V1,V2), unit2sensorGEQ(V2,V1).
 :- closezones(V2,V1), not zone2sensor(V2,V1), partnerunits(V1,V2).
"
102,./PUP/double/,2-double-6.lp,Enumerate,Alternative,Full,1,3,31417,DEFAULT,10.997,209.989,285,3,0," :- closesensors(V2,V1), unit2sensorGEQ(V2,V2), unit2zoneGEQ(V1,V1).
"
103,./PUP/double/,2-double-6.lp,Enumerate,Alternative,Full,1,1,31869,DEFAULT,3.979,496.116,95,1,0," :- not unit2sensorGEQ(V1,V1), zone2sensor(V1,V1).
 :- not unit2zoneGEQ(V1,V2), not zone2sensor(V1,V2), partnerunits(V1,V2).
"
104,./PUP/double/,2-double-6.lp,Enumerate,Alternative,Full,1,2,22564,DEFAULT,7.217,2135.66,190,2,0," :- not unit2zoneGEQ(V1,V1), zone2sensor(V1,V1).
 :- not zone2sensor(V2,V2), unit2sensorGEQ(V2,V1), unit2zoneGEQ(V1,V2).
 :- not unit2zoneGEQ(V3,V2), unit2sensorGEQ(V3,V1), unit2zoneGEQ(V1,V2).
 :- closezones(V1,V2), not zone2sensor(V2,V1), partnerunits(V1,V2).
"
105,./PUP/double/,2-double-6.lp,Enumerate,Alternative,Full,1,3,7051,DEFAULT,12.278,745.048,285,3,0," :- not unit2zoneGEQ(V3,V1), unit2sensorGEQ(V3,V1), unit2zoneGEQ(V1,V2).
 :- closezones(V2,V1), not closesensors(V1,V2), partnerunits(V1,V2).
"
106,./PUP/double/,2-double-6.lp,Enumerate,Alternative,Full,1,1,8543,DEFAULT,3.999,867.898,95,1,0," :- not unit2zoneGEQ(V2,V1), partnerunits(V1,V2), zone2sensor(V1,V1).
 :- closezones(V1,V2), not unit2zoneGEQ(V1,V1), partnerunits(V1,V2).
"
107,./PUP/double/,2-double-6.lp,Enumerate,Alternative,Full,1,2,12158,DEFAULT,6.221,672.69,190,2,0," :- not closesensors(V1,V2), partnerunits(V1,V2), unit2zoneGEQ(V1,V2).
 :- not zone2sensor(V2,V2), unit2sensorGEQ(V2,V1), unit2zoneGEQ(V1,V2).
"
108,./PUP/double/,2-double-6.lp,Enumerate,Alternative,Full,1,3,16923,DEFAULT,12.113,2046.36,285,3,1," :- not unit2sensorGEQ(V1,V1), unit2zoneGEQ(V1,V1), zone2sensor(V1,V1).
 :- not unit2zoneGEQ(V2,V1), unit2sensorGEQ(V2,V1), unit2zoneGEQ(V1,V1).
 :- closesensors(V1,V2), unit2sensorGEQ(V1,V2), unit2sensorGEQ(V2,V1).
 :- closezones(V1,V2), not zone2sensor(V2,V1), partnerunits(V1,V2).
"
109,./PUP/double/,2-double-6.lp,Enumerate,Alternative,Full,1,1,16687,DEFAULT,3.027,498.015,95,1,0," :- not unit2zoneGEQ(V1,V1), partnerunits(V1,V2).
 :- partnerunits(V1,V2), unit2sensorGEQ(V1,V2), unit2sensorGEQ(V2,V1).
"
110,./PUP/double/,2-double-6.lp,Enumerate,Alternative,Full,1,2,27416,DEFAULT,9.154,1645.68,190,2,0," :- not unit2zoneGEQ(V1,V2), unit2sensorGEQ(V1,V1), zone2sensor(V1,V2).
 :- closesensors(V1,V2), unit2sensorGEQ(V1,V2), unit2sensorGEQ(V2,V1).
 :- closezones(V2,V1), not zone2sensor(V2,V1), partnerunits(V1,V2).
"
111,./PUP/double/,2-double-6.lp,Enumerate,Alternative,Full,1,3,21083,DEFAULT,9.871,773.988,285,3,0," :- not closesensors(V1,V2), partnerunits(V2,V1), unit2zoneGEQ(V1,V1).
 :- closezones(V2,V1), unit2sensorGEQ(V1,V1), unit2sensorGEQ(V2,V1).
"
112,./PUP/double/,2-double-6.lp,Enumerate,Alternative,Full,1,1,16567,DEFAULT,4.159,832.637,95,1,0," :- not unit2zoneGEQ(V1,V1), unit2sensorGEQ(V2,V2), zone2sensor(V1,V2).
 :- closezones(V2,V1), not unit2sensorGEQ(V1,V2), zone2sensor(V1,V1).
"
113,./PUP/double/,2-double-6.lp,Enumerate,Alternative,Full,1,2,70,DEFAULT,6.769,134.319,190,2,0," :- closezones(V2,V1), unit2sensorGEQ(V1,V1), unit2sensorGEQ(V2,V1).
"
114,./PUP/double/,2-double-6.lp,Enumerate,Alternative,Full,1,3,22154,DEFAULT,10.524,922.34,285,3,1," :- not unit2zoneGEQ(V2,V2), partnerunits(V1,V2), zone2sensor(V1,V2).
 :- closezones(V1,V2), unit2sensorGEQ(V2,V1), unit2zoneGEQ(V1,V2).
"
115,./PUP/double/,2-double-6.lp,Enumerate,Alternative,Full,1,1,16699,DEFAULT,3.295,123.312,95,1,0," :- partnerunits(V2,V1), unit2sensorGEQ(V2,V1), unit2zoneGEQ(V1,V1).
"
116,./PUP/double/,2-double-6.lp,Enumerate,Alternative,Full,1,2,25944,DEFAULT,6.277,659.11,190,2,0," :- not zone2sensor(V1,V1), unit2sensorGEQ(V1,V2), unit2sensorGEQ(V2,V1).
 :- closezones(V2,V1), not closesensors(V1,V2), partnerunits(V1,V2).
"
117,./PUP/double/,2-double-6.lp,Enumerate,Alternative,Full,1,3,15838,DEFAULT,8.503,2606.49,285,3,1," :- not unit2sensorGEQ(V2,V2), unit2sensorGEQ(V2,V1), unit2zoneGEQ(V1,V2).
 :- not unit2zoneGEQ(V2,V2), unit2zoneGEQ(V2,V1), zone2sensor(V1,V2).
 :- closezones(V1,V2), unit2sensorGEQ(V1,V2), unit2sensorGEQ(V2,V1).
 :- closezones(V2,V1), not closesensors(V1,V2), partnerunits(V1,V2).
"
118,./PUP/double/,2-double-6.lp,Enumerate,Alternative,Full,1,1,2753,DEFAULT,2.969,515.556,95,1,0," :- not unit2sensorGEQ(V1,V1), zone2sensor(V1,V1).
 :- not unit2zoneGEQ(V2,V1), partnerunits(V2,V1), unit2sensorGEQ(V1,V1).
"
119,./PUP/double/,2-double-6.lp,Enumerate,Alternative,Full,1,2,31792,DEFAULT,6.292,758.902,190,2,0," :- not zone2sensor(V1,V2), unit2sensorGEQ(V1,V1), unit2sensorGEQ(V2,V1).
 :- closezones(V2,V1), not closesensors(V1,V2), partnerunits(V1,V2).
"
