ConstraintFile,Id,Mode,Order,Full,Cell,Version,Seed,Instance,Result,Model,Time,Solving,1st Model,Unsat,CPU
20_Enumerate_Standard_Partial_192_DEFAULT_13658,20,Enumerate,Standard,Partial,192,DEFAULT,13658,Un-2-double-10,UNKNOWN,0+,300.000,299.91,0.00,0.00,191.642
30_Enumerate_Standard_Partial_288_DEFAULT_21865,30,Enumerate,Standard,Partial,288,DEFAULT,21865,Un-2-double-10,UNKNOWN,0+,300.016,299.99,0.00,0.00,178.803
40_Enumerate_Standard_Partial_96_DEFAULT_14157,40,Enumerate,Standard,Partial,96,DEFAULT,14157,Un-2-double-10,UNKNOWN,0+,300.000,299.93,0.00,0.00,184.701
42_Enumerate_Standard_Partial_288_DEFAULT_3023,42,Enumerate,Standard,Partial,288,DEFAULT,3023,Un-2-double-10,UNSATISFIABLE,0,34.039,33.97,0.00,33.97,19.581
49_Enumerate_Standard_Partial_96_DEFAULT_6652,49,Enumerate,Standard,Partial,96,DEFAULT,6652,Un-2-double-10,UNKNOWN,0+,300.011,300.00,0.00,0.00,185.284
20_Enumerate_Standard_Partial_192_DEFAULT_13658,20,Enumerate,Standard,Partial,192,DEFAULT,13658,Un-2-double-12,UNKNOWN,0+,300.000,299.92,0.00,0.00,201.802
30_Enumerate_Standard_Partial_288_DEFAULT_21865,30,Enumerate,Standard,Partial,288,DEFAULT,21865,Un-2-double-12,UNKNOWN,0+,300.000,299.95,0.00,0.00,199.250
40_Enumerate_Standard_Partial_96_DEFAULT_14157,40,Enumerate,Standard,Partial,96,DEFAULT,14157,Un-2-double-12,UNKNOWN,0+,300.000,299.95,0.00,0.00,206.493
42_Enumerate_Standard_Partial_288_DEFAULT_3023,42,Enumerate,Standard,Partial,288,DEFAULT,3023,Un-2-double-12,UNKNOWN,0+,299.964,299.91,0.00,0.00,225.656
49_Enumerate_Standard_Partial_96_DEFAULT_6652,49,Enumerate,Standard,Partial,96,DEFAULT,6652,Un-2-double-12,UNKNOWN,0+,300.000,299.95,0.00,0.00,229.682
20_Enumerate_Standard_Partial_192_DEFAULT_13658,20,Enumerate,Standard,Partial,192,DEFAULT,13658,Un-2-double-14,UNKNOWN,0+,300.000,299.95,0.00,0.00,227.008
30_Enumerate_Standard_Partial_288_DEFAULT_21865,30,Enumerate,Standard,Partial,288,DEFAULT,21865,Un-2-double-14,UNKNOWN,0+,300.008,299.92,0.00,0.00,227.819
40_Enumerate_Standard_Partial_96_DEFAULT_14157,40,Enumerate,Standard,Partial,96,DEFAULT,14157,Un-2-double-14,UNKNOWN,0+,300.000,299.93,0.00,0.00,236.106
42_Enumerate_Standard_Partial_288_DEFAULT_3023,42,Enumerate,Standard,Partial,288,DEFAULT,3023,Un-2-double-14,UNKNOWN,0+,300.008,299.95,0.00,0.00,226.312
49_Enumerate_Standard_Partial_96_DEFAULT_6652,49,Enumerate,Standard,Partial,96,DEFAULT,6652,Un-2-double-14,UNKNOWN,0+,300.000,299.91,0.00,0.00,231.793
20_Enumerate_Standard_Partial_192_DEFAULT_13658,20,Enumerate,Standard,Partial,192,DEFAULT,13658,Un-2-double-16,UNKNOWN,0+,300.016,299.91,0.00,0.00,229.497
30_Enumerate_Standard_Partial_288_DEFAULT_21865,30,Enumerate,Standard,Partial,288,DEFAULT,21865,Un-2-double-16,UNKNOWN,0+,299.980,299.91,0.00,0.00,227.083
40_Enumerate_Standard_Partial_96_DEFAULT_14157,40,Enumerate,Standard,Partial,96,DEFAULT,14157,Un-2-double-16,UNKNOWN,0+,300.000,299.91,0.00,0.00,224.972
42_Enumerate_Standard_Partial_288_DEFAULT_3023,42,Enumerate,Standard,Partial,288,DEFAULT,3023,Un-2-double-16,UNKNOWN,0+,300.000,299.86,0.00,0.00,223.992
49_Enumerate_Standard_Partial_96_DEFAULT_6652,49,Enumerate,Standard,Partial,96,DEFAULT,6652,Un-2-double-16,UNKNOWN,0+,300.000,299.82,0.00,0.00,225.221
20_Enumerate_Standard_Partial_192_DEFAULT_13658,20,Enumerate,Standard,Partial,192,DEFAULT,13658,Un-2-double-18,UNKNOWN,0+,300.000,299.86,0.00,0.00,226.561
30_Enumerate_Standard_Partial_288_DEFAULT_21865,30,Enumerate,Standard,Partial,288,DEFAULT,21865,Un-2-double-18,UNKNOWN,0+,300.000,299.81,0.00,0.00,221.964
40_Enumerate_Standard_Partial_96_DEFAULT_14157,40,Enumerate,Standard,Partial,96,DEFAULT,14157,Un-2-double-18,UNKNOWN,0+,300.016,299.89,0.00,0.00,226.757
42_Enumerate_Standard_Partial_288_DEFAULT_3023,42,Enumerate,Standard,Partial,288,DEFAULT,3023,Un-2-double-18,UNKNOWN,0+,300.000,299.84,0.00,0.00,223.437
49_Enumerate_Standard_Partial_96_DEFAULT_6652,49,Enumerate,Standard,Partial,96,DEFAULT,6652,Un-2-double-18,UNKNOWN,0+,300.008,299.96,0.00,0.00,219.217
20_Enumerate_Standard_Partial_192_DEFAULT_13658,20,Enumerate,Standard,Partial,192,DEFAULT,13658,Un-2-double-20,UNKNOWN,0+,300.016,299.80,0.00,0.00,226.797
30_Enumerate_Standard_Partial_288_DEFAULT_21865,30,Enumerate,Standard,Partial,288,DEFAULT,21865,Un-2-double-20,UNKNOWN,0+,300.014,299.87,0.00,0.00,221.220
40_Enumerate_Standard_Partial_96_DEFAULT_14157,40,Enumerate,Standard,Partial,96,DEFAULT,14157,Un-2-double-20,UNKNOWN,0+,300.003,299.86,0.00,0.00,226.986
42_Enumerate_Standard_Partial_288_DEFAULT_3023,42,Enumerate,Standard,Partial,288,DEFAULT,3023,Un-2-double-20,UNKNOWN,0+,300.006,299.83,0.00,0.00,228.088
49_Enumerate_Standard_Partial_96_DEFAULT_6652,49,Enumerate,Standard,Partial,96,DEFAULT,6652,Un-2-double-20,UNKNOWN,0+,300.000,299.86,0.00,0.00,225.658
20_Enumerate_Standard_Partial_192_DEFAULT_13658,20,Enumerate,Standard,Partial,192,DEFAULT,13658,Un-2-double-6,UNSATISFIABLE,0,0.005,0.00,0.00,0.00,0.005
30_Enumerate_Standard_Partial_288_DEFAULT_21865,30,Enumerate,Standard,Partial,288,DEFAULT,21865,Un-2-double-6,UNSATISFIABLE,0,0.029,0.00,0.00,0.00,0.005
40_Enumerate_Standard_Partial_96_DEFAULT_14157,40,Enumerate,Standard,Partial,96,DEFAULT,14157,Un-2-double-6,UNSATISFIABLE,0,0.038,0.02,0.00,0.02,0.006
42_Enumerate_Standard_Partial_288_DEFAULT_3023,42,Enumerate,Standard,Partial,288,DEFAULT,3023,Un-2-double-6,UNSATISFIABLE,0,0.005,0.00,0.00,0.00,0.005
49_Enumerate_Standard_Partial_96_DEFAULT_6652,49,Enumerate,Standard,Partial,96,DEFAULT,6652,Un-2-double-6,UNSATISFIABLE,0,0.025,0.00,0.00,0.00,0.005
20_Enumerate_Standard_Partial_192_DEFAULT_13658,20,Enumerate,Standard,Partial,192,DEFAULT,13658,Un-2-double-8,UNSATISFIABLE,0,0.200,0.17,0.00,0.17,0.066
30_Enumerate_Standard_Partial_288_DEFAULT_21865,30,Enumerate,Standard,Partial,288,DEFAULT,21865,Un-2-double-8,UNSATISFIABLE,0,0.107,0.08,0.00,0.08,0.029
40_Enumerate_Standard_Partial_96_DEFAULT_14157,40,Enumerate,Standard,Partial,96,DEFAULT,14157,Un-2-double-8,UNSATISFIABLE,0,0.189,0.16,0.00,0.16,0.072
42_Enumerate_Standard_Partial_288_DEFAULT_3023,42,Enumerate,Standard,Partial,288,DEFAULT,3023,Un-2-double-8,UNSATISFIABLE,0,0.157,0.13,0.00,0.13,0.045
49_Enumerate_Standard_Partial_96_DEFAULT_6652,49,Enumerate,Standard,Partial,96,DEFAULT,6652,Un-2-double-8,UNSATISFIABLE,0,0.240,0.21,0.00,0.21,0.076
20_Enumerate_Standard_Partial_192_DEFAULT_13658,20,Enumerate,Standard,Partial,192,DEFAULT,13658,2-double-10,SATISFIABLE,1+,0.058,0.01,0.01,0.00,0.018
30_Enumerate_Standard_Partial_288_DEFAULT_21865,30,Enumerate,Standard,Partial,288,DEFAULT,21865,2-double-10,SATISFIABLE,1+,0.109,0.06,0.06,0.00,0.029
40_Enumerate_Standard_Partial_96_DEFAULT_14157,40,Enumerate,Standard,Partial,96,DEFAULT,14157,2-double-10,SATISFIABLE,1+,0.057,0.00,0.00,0.00,0.015
42_Enumerate_Standard_Partial_288_DEFAULT_3023,42,Enumerate,Standard,Partial,288,DEFAULT,3023,2-double-10,SATISFIABLE,1+,0.076,0.00,0.00,0.00,0.016
49_Enumerate_Standard_Partial_96_DEFAULT_6652,49,Enumerate,Standard,Partial,96,DEFAULT,6652,2-double-10,SATISFIABLE,1+,0.060,0.03,0.03,0.00,0.021
20_Enumerate_Standard_Partial_192_DEFAULT_13658,20,Enumerate,Standard,Partial,192,DEFAULT,13658,2-double-12,SATISFIABLE,1+,0.140,0.11,0.11,0.00,0.048
30_Enumerate_Standard_Partial_288_DEFAULT_21865,30,Enumerate,Standard,Partial,288,DEFAULT,21865,2-double-12,SATISFIABLE,1+,0.126,0.10,0.10,0.00,0.045
40_Enumerate_Standard_Partial_96_DEFAULT_14157,40,Enumerate,Standard,Partial,96,DEFAULT,14157,2-double-12,SATISFIABLE,1+,0.244,0.18,0.18,0.00,0.092
42_Enumerate_Standard_Partial_288_DEFAULT_3023,42,Enumerate,Standard,Partial,288,DEFAULT,3023,2-double-12,SATISFIABLE,1+,0.924,0.84,0.84,0.00,0.449
49_Enumerate_Standard_Partial_96_DEFAULT_6652,49,Enumerate,Standard,Partial,96,DEFAULT,6652,2-double-12,SATISFIABLE,1+,0.228,0.18,0.18,0.00,0.080
20_Enumerate_Standard_Partial_192_DEFAULT_13658,20,Enumerate,Standard,Partial,192,DEFAULT,13658,2-double-14,SATISFIABLE,1+,0.318,0.23,0.23,0.00,0.170
30_Enumerate_Standard_Partial_288_DEFAULT_21865,30,Enumerate,Standard,Partial,288,DEFAULT,21865,2-double-14,SATISFIABLE,1+,0.681,0.60,0.60,0.00,0.453
40_Enumerate_Standard_Partial_96_DEFAULT_14157,40,Enumerate,Standard,Partial,96,DEFAULT,14157,2-double-14,SATISFIABLE,1+,0.304,0.22,0.22,0.00,0.132
42_Enumerate_Standard_Partial_288_DEFAULT_3023,42,Enumerate,Standard,Partial,288,DEFAULT,3023,2-double-14,SATISFIABLE,1+,9.412,9.32,9.32,0.00,7.008
49_Enumerate_Standard_Partial_96_DEFAULT_6652,49,Enumerate,Standard,Partial,96,DEFAULT,6652,2-double-14,SATISFIABLE,1+,0.154,0.13,0.13,0.00,0.154
20_Enumerate_Standard_Partial_192_DEFAULT_13658,20,Enumerate,Standard,Partial,192,DEFAULT,13658,2-double-16,SATISFIABLE,1+,0.862,0.76,0.76,0.00,0.474
30_Enumerate_Standard_Partial_288_DEFAULT_21865,30,Enumerate,Standard,Partial,288,DEFAULT,21865,2-double-16,SATISFIABLE,1+,0.635,0.51,0.51,0.00,0.348
40_Enumerate_Standard_Partial_96_DEFAULT_14157,40,Enumerate,Standard,Partial,96,DEFAULT,14157,2-double-16,SATISFIABLE,1+,0.808,0.71,0.71,0.00,0.406
42_Enumerate_Standard_Partial_288_DEFAULT_3023,42,Enumerate,Standard,Partial,288,DEFAULT,3023,2-double-16,SATISFIABLE,1+,42.540,42.40,42.40,0.00,33.874
49_Enumerate_Standard_Partial_96_DEFAULT_6652,49,Enumerate,Standard,Partial,96,DEFAULT,6652,2-double-16,SATISFIABLE,1+,10.450,10.42,10.42,0.00,8.320
20_Enumerate_Standard_Partial_192_DEFAULT_13658,20,Enumerate,Standard,Partial,192,DEFAULT,13658,2-double-18,SATISFIABLE,1+,1.015,0.96,0.96,0.00,0.831
30_Enumerate_Standard_Partial_288_DEFAULT_21865,30,Enumerate,Standard,Partial,288,DEFAULT,21865,2-double-18,SATISFIABLE,1+,0.750,0.57,0.57,0.00,0.435
40_Enumerate_Standard_Partial_96_DEFAULT_14157,40,Enumerate,Standard,Partial,96,DEFAULT,14157,2-double-18,SATISFIABLE,1+,0.669,0.52,0.52,0.00,0.384
42_Enumerate_Standard_Partial_288_DEFAULT_3023,42,Enumerate,Standard,Partial,288,DEFAULT,3023,2-double-18,SATISFIABLE,1+,137.323,137.15,137.15,0.00,101.740
49_Enumerate_Standard_Partial_96_DEFAULT_6652,49,Enumerate,Standard,Partial,96,DEFAULT,6652,2-double-18,SATISFIABLE,1+,14.384,14.23,14.23,0.00,9.961
20_Enumerate_Standard_Partial_192_DEFAULT_13658,20,Enumerate,Standard,Partial,192,DEFAULT,13658,2-double-20,SATISFIABLE,1+,2.734,2.54,2.54,0.00,1.749
30_Enumerate_Standard_Partial_288_DEFAULT_21865,30,Enumerate,Standard,Partial,288,DEFAULT,21865,2-double-20,SATISFIABLE,1+,2.653,2.46,2.46,0.00,1.904
40_Enumerate_Standard_Partial_96_DEFAULT_14157,40,Enumerate,Standard,Partial,96,DEFAULT,14157,2-double-20,SATISFIABLE,1+,1.410,1.22,1.22,0.00,0.738
42_Enumerate_Standard_Partial_288_DEFAULT_3023,42,Enumerate,Standard,Partial,288,DEFAULT,3023,2-double-20,UNKNOWN,0+,300.008,299.79,0.00,0.00,224.610
49_Enumerate_Standard_Partial_96_DEFAULT_6652,49,Enumerate,Standard,Partial,96,DEFAULT,6652,2-double-20,SATISFIABLE,1+,9.023,8.81,8.81,0.00,6.800
20_Enumerate_Standard_Partial_192_DEFAULT_13658,20,Enumerate,Standard,Partial,192,DEFAULT,13658,2-double-6,SATISFIABLE,1+,0.021,0.00,0.00,0.00,0.005
30_Enumerate_Standard_Partial_288_DEFAULT_21865,30,Enumerate,Standard,Partial,288,DEFAULT,21865,2-double-6,SATISFIABLE,1+,0.005,0.00,0.00,0.00,0.005
40_Enumerate_Standard_Partial_96_DEFAULT_14157,40,Enumerate,Standard,Partial,96,DEFAULT,14157,2-double-6,SATISFIABLE,1+,0.025,0.00,0.00,0.00,0.005
42_Enumerate_Standard_Partial_288_DEFAULT_3023,42,Enumerate,Standard,Partial,288,DEFAULT,3023,2-double-6,SATISFIABLE,1+,0.025,0.00,0.00,0.00,0.005
49_Enumerate_Standard_Partial_96_DEFAULT_6652,49,Enumerate,Standard,Partial,96,DEFAULT,6652,2-double-6,SATISFIABLE,1+,0.025,0.00,0.00,0.00,0.005
20_Enumerate_Standard_Partial_192_DEFAULT_13658,20,Enumerate,Standard,Partial,192,DEFAULT,13658,2-double-8,SATISFIABLE,1+,0.008,0.00,0.00,0.00,0.008
30_Enumerate_Standard_Partial_288_DEFAULT_21865,30,Enumerate,Standard,Partial,288,DEFAULT,21865,2-double-8,SATISFIABLE,1+,0.027,0.00,0.00,0.00,0.007
40_Enumerate_Standard_Partial_96_DEFAULT_14157,40,Enumerate,Standard,Partial,96,DEFAULT,14157,2-double-8,SATISFIABLE,1+,0.052,0.02,0.02,0.00,0.008
42_Enumerate_Standard_Partial_288_DEFAULT_3023,42,Enumerate,Standard,Partial,288,DEFAULT,3023,2-double-8,SATISFIABLE,1+,0.052,0.02,0.02,0.00,0.008
49_Enumerate_Standard_Partial_96_DEFAULT_6652,49,Enumerate,Standard,Partial,96,DEFAULT,6652,2-double-8,SATISFIABLE,1+,0.027,0.00,0.00,0.00,0.007
106_Enumerate_Standard_Partial_96_DEFAULT_8543,106,Enumerate,Standard,Partial,96,DEFAULT,8543,Un-2-double-10,UNKNOWN,0+,300.000,299.97,0.00,0.00,163.466
61_Enumerate_Standard_Partial_96_DEFAULT_14189,61,Enumerate,Standard,Partial,96,DEFAULT,14189,Un-2-double-10,UNSATISFIABLE,0,298.098,298.05,0.00,298.05,173.489
68_Enumerate_Standard_Partial_192_DEFAULT_19383,68,Enumerate,Standard,Partial,192,DEFAULT,19383,Un-2-double-10,UNKNOWN,0+,300.000,299.97,0.00,0.00,169.211
85_Enumerate_Standard_Partial_96_DEFAULT_1769,85,Enumerate,Standard,Partial,96,DEFAULT,1769,Un-2-double-10,UNSATISFIABLE,0,0.361,0.28,0.00,0.28,0.125
88_Enumerate_Standard_Partial_96_DEFAULT_2212,88,Enumerate,Standard,Partial,96,DEFAULT,2212,Un-2-double-10,UNKNOWN,0+,300.006,299.98,0.00,0.00,168.826
91_Enumerate_Standard_Partial_96_DEFAULT_13383,91,Enumerate,Standard,Partial,96,DEFAULT,13383,Un-2-double-10,UNSATISFIABLE,0,0.230,0.14,0.00,0.14,0.074
106_Enumerate_Standard_Partial_96_DEFAULT_8543,106,Enumerate,Standard,Partial,96,DEFAULT,8543,Un-2-double-12,UNKNOWN,0+,300.000,299.92,0.00,0.00,180.505
61_Enumerate_Standard_Partial_96_DEFAULT_14189,61,Enumerate,Standard,Partial,96,DEFAULT,14189,Un-2-double-12,UNKNOWN,0+,300.011,299.98,0.00,0.00,175.872
68_Enumerate_Standard_Partial_192_DEFAULT_19383,68,Enumerate,Standard,Partial,192,DEFAULT,19383,Un-2-double-12,UNKNOWN,0+,300.011,299.98,0.00,0.00,169.982
85_Enumerate_Standard_Partial_96_DEFAULT_1769,85,Enumerate,Standard,Partial,96,DEFAULT,1769,Un-2-double-12,UNSATISFIABLE,0,1.654,1.60,0.00,1.60,1.068
88_Enumerate_Standard_Partial_96_DEFAULT_2212,88,Enumerate,Standard,Partial,96,DEFAULT,2212,Un-2-double-12,UNKNOWN,0+,300.000,299.99,0.00,0.00,173.907
91_Enumerate_Standard_Partial_96_DEFAULT_13383,91,Enumerate,Standard,Partial,96,DEFAULT,13383,Un-2-double-12,UNSATISFIABLE,0,0.185,0.14,0.00,0.14,0.065
106_Enumerate_Standard_Partial_96_DEFAULT_8543,106,Enumerate,Standard,Partial,96,DEFAULT,8543,Un-2-double-14,UNKNOWN,0+,300.000,299.90,0.00,0.00,169.415
61_Enumerate_Standard_Partial_96_DEFAULT_14189,61,Enumerate,Standard,Partial,96,DEFAULT,14189,Un-2-double-14,UNKNOWN,0+,300.000,299.89,0.00,0.00,169.439
68_Enumerate_Standard_Partial_192_DEFAULT_19383,68,Enumerate,Standard,Partial,192,DEFAULT,19383,Un-2-double-14,UNKNOWN,0+,300.004,299.88,0.00,0.00,168.644
85_Enumerate_Standard_Partial_96_DEFAULT_1769,85,Enumerate,Standard,Partial,96,DEFAULT,1769,Un-2-double-14,UNSATISFIABLE,0,66.341,66.26,0.00,66.26,39.372
88_Enumerate_Standard_Partial_96_DEFAULT_2212,88,Enumerate,Standard,Partial,96,DEFAULT,2212,Un-2-double-14,UNKNOWN,0+,300.000,299.90,0.00,0.00,173.491
91_Enumerate_Standard_Partial_96_DEFAULT_13383,91,Enumerate,Standard,Partial,96,DEFAULT,13383,Un-2-double-14,UNSATISFIABLE,0,0.349,0.28,0.00,0.28,0.144
106_Enumerate_Standard_Partial_96_DEFAULT_8543,106,Enumerate,Standard,Partial,96,DEFAULT,8543,Un-2-double-16,UNKNOWN,0+,300.007,299.92,0.00,0.00,174.347
61_Enumerate_Standard_Partial_96_DEFAULT_14189,61,Enumerate,Standard,Partial,96,DEFAULT,14189,Un-2-double-16,UNKNOWN,0+,300.008,299.90,0.00,0.00,165.383
68_Enumerate_Standard_Partial_192_DEFAULT_19383,68,Enumerate,Standard,Partial,192,DEFAULT,19383,Un-2-double-16,UNKNOWN,0+,300.000,299.92,0.00,0.00,180.664
85_Enumerate_Standard_Partial_96_DEFAULT_1769,85,Enumerate,Standard,Partial,96,DEFAULT,1769,Un-2-double-16,UNKNOWN,0+,300.000,299.89,0.00,0.00,166.121
88_Enumerate_Standard_Partial_96_DEFAULT_2212,88,Enumerate,Standard,Partial,96,DEFAULT,2212,Un-2-double-16,UNKNOWN,0+,299.980,299.82,0.00,0.00,165.920
91_Enumerate_Standard_Partial_96_DEFAULT_13383,91,Enumerate,Standard,Partial,96,DEFAULT,13383,Un-2-double-16,UNSATISFIABLE,0,0.347,0.26,0.00,0.26,0.151
106_Enumerate_Standard_Partial_96_DEFAULT_8543,106,Enumerate,Standard,Partial,96,DEFAULT,8543,Un-2-double-18,UNKNOWN,0+,300.006,299.85,0.00,0.00,171.612
61_Enumerate_Standard_Partial_96_DEFAULT_14189,61,Enumerate,Standard,Partial,96,DEFAULT,14189,Un-2-double-18,UNKNOWN,0+,300.000,299.82,0.00,0.00,170.369
68_Enumerate_Standard_Partial_192_DEFAULT_19383,68,Enumerate,Standard,Partial,192,DEFAULT,19383,Un-2-double-18,UNKNOWN,0+,300.002,299.88,0.00,0.00,171.167
85_Enumerate_Standard_Partial_96_DEFAULT_1769,85,Enumerate,Standard,Partial,96,DEFAULT,1769,Un-2-double-18,UNKNOWN,0+,300.006,299.84,0.00,0.00,180.063
88_Enumerate_Standard_Partial_96_DEFAULT_2212,88,Enumerate,Standard,Partial,96,DEFAULT,2212,Un-2-double-18,UNKNOWN,0+,300.008,299.89,0.00,0.00,175.727
91_Enumerate_Standard_Partial_96_DEFAULT_13383,91,Enumerate,Standard,Partial,96,DEFAULT,13383,Un-2-double-18,UNSATISFIABLE,0,1.013,0.87,0.00,0.87,0.488
106_Enumerate_Standard_Partial_96_DEFAULT_8543,106,Enumerate,Standard,Partial,96,DEFAULT,8543,Un-2-double-20,UNKNOWN,0+,300.000,299.89,0.00,0.00,171.407
61_Enumerate_Standard_Partial_96_DEFAULT_14189,61,Enumerate,Standard,Partial,96,DEFAULT,14189,Un-2-double-20,UNKNOWN,0+,300.000,299.74,0.00,0.00,172.409
68_Enumerate_Standard_Partial_192_DEFAULT_19383,68,Enumerate,Standard,Partial,192,DEFAULT,19383,Un-2-double-20,UNKNOWN,0+,300.008,299.77,0.00,0.00,181.487
85_Enumerate_Standard_Partial_96_DEFAULT_1769,85,Enumerate,Standard,Partial,96,DEFAULT,1769,Un-2-double-20,UNKNOWN,0+,300.007,299.78,0.00,0.00,186.051
88_Enumerate_Standard_Partial_96_DEFAULT_2212,88,Enumerate,Standard,Partial,96,DEFAULT,2212,Un-2-double-20,UNKNOWN,0+,299.984,299.80,0.00,0.00,196.580
91_Enumerate_Standard_Partial_96_DEFAULT_13383,91,Enumerate,Standard,Partial,96,DEFAULT,13383,Un-2-double-20,UNSATISFIABLE,0,1.146,0.98,0.00,0.98,0.674
106_Enumerate_Standard_Partial_96_DEFAULT_8543,106,Enumerate,Standard,Partial,96,DEFAULT,8543,Un-2-double-6,UNSATISFIABLE,0,0.029,0.00,0.00,0.00,0.005
61_Enumerate_Standard_Partial_96_DEFAULT_14189,61,Enumerate,Standard,Partial,96,DEFAULT,14189,Un-2-double-6,UNSATISFIABLE,0,0.045,0.02,0.00,0.02,0.005
68_Enumerate_Standard_Partial_192_DEFAULT_19383,68,Enumerate,Standard,Partial,192,DEFAULT,19383,Un-2-double-6,UNSATISFIABLE,0,0.025,0.00,0.00,0.00,0.005
85_Enumerate_Standard_Partial_96_DEFAULT_1769,85,Enumerate,Standard,Partial,96,DEFAULT,1769,Un-2-double-6,UNSATISFIABLE,0,0.004,0.00,0.00,0.00,0.004
88_Enumerate_Standard_Partial_96_DEFAULT_2212,88,Enumerate,Standard,Partial,96,DEFAULT,2212,Un-2-double-6,UNSATISFIABLE,0,0.033,0.00,0.00,0.00,0.005
91_Enumerate_Standard_Partial_96_DEFAULT_13383,91,Enumerate,Standard,Partial,96,DEFAULT,13383,Un-2-double-6,UNSATISFIABLE,0,0.004,0.00,0.00,0.00,0.004
106_Enumerate_Standard_Partial_96_DEFAULT_8543,106,Enumerate,Standard,Partial,96,DEFAULT,8543,Un-2-double-8,UNSATISFIABLE,0,0.235,0.22,0.00,0.22,0.063
61_Enumerate_Standard_Partial_96_DEFAULT_14189,61,Enumerate,Standard,Partial,96,DEFAULT,14189,Un-2-double-8,UNSATISFIABLE,0,0.127,0.12,0.00,0.12,0.051
68_Enumerate_Standard_Partial_192_DEFAULT_19383,68,Enumerate,Standard,Partial,192,DEFAULT,19383,Un-2-double-8,UNSATISFIABLE,0,0.175,0.16,0.00,0.16,0.067
85_Enumerate_Standard_Partial_96_DEFAULT_1769,85,Enumerate,Standard,Partial,96,DEFAULT,1769,Un-2-double-8,UNSATISFIABLE,0,0.090,0.06,0.00,0.06,0.014
88_Enumerate_Standard_Partial_96_DEFAULT_2212,88,Enumerate,Standard,Partial,96,DEFAULT,2212,Un-2-double-8,UNSATISFIABLE,0,0.187,0.18,0.00,0.18,0.059
91_Enumerate_Standard_Partial_96_DEFAULT_13383,91,Enumerate,Standard,Partial,96,DEFAULT,13383,Un-2-double-8,UNSATISFIABLE,0,0.030,0.00,0.00,0.00,0.006
106_Enumerate_Standard_Partial_96_DEFAULT_8543,106,Enumerate,Standard,Partial,96,DEFAULT,8543,2-double-10,SATISFIABLE,1+,0.066,0.00,0.00,0.00,0.014
61_Enumerate_Standard_Partial_96_DEFAULT_14189,61,Enumerate,Standard,Partial,96,DEFAULT,14189,2-double-10,SATISFIABLE,1+,0.058,0.00,0.00,0.00,0.014
68_Enumerate_Standard_Partial_192_DEFAULT_19383,68,Enumerate,Standard,Partial,192,DEFAULT,19383,2-double-10,SATISFIABLE,1+,0.041,0.01,0.01,0.00,0.017
85_Enumerate_Standard_Partial_96_DEFAULT_1769,85,Enumerate,Standard,Partial,96,DEFAULT,1769,2-double-10,SATISFIABLE,1+,0.356,0.27,0.27,0.00,0.144
88_Enumerate_Standard_Partial_96_DEFAULT_2212,88,Enumerate,Standard,Partial,96,DEFAULT,2212,2-double-10,SATISFIABLE,1+,0.058,0.00,0.00,0.00,0.016
91_Enumerate_Standard_Partial_96_DEFAULT_13383,91,Enumerate,Standard,Partial,96,DEFAULT,13383,2-double-10,SATISFIABLE,1+,0.030,0.00,0.00,0.00,0.014
106_Enumerate_Standard_Partial_96_DEFAULT_8543,106,Enumerate,Standard,Partial,96,DEFAULT,8543,2-double-12,SATISFIABLE,1+,0.070,0.02,0.02,0.00,0.026
61_Enumerate_Standard_Partial_96_DEFAULT_14189,61,Enumerate,Standard,Partial,96,DEFAULT,14189,2-double-12,SATISFIABLE,1+,0.214,0.09,0.09,0.00,0.054
68_Enumerate_Standard_Partial_192_DEFAULT_19383,68,Enumerate,Standard,Partial,192,DEFAULT,19383,2-double-12,SATISFIABLE,1+,0.163,0.07,0.07,0.00,0.043
85_Enumerate_Standard_Partial_96_DEFAULT_1769,85,Enumerate,Standard,Partial,96,DEFAULT,1769,2-double-12,SATISFIABLE,1+,0.210,0.16,0.16,0.00,0.082
88_Enumerate_Standard_Partial_96_DEFAULT_2212,88,Enumerate,Standard,Partial,96,DEFAULT,2212,2-double-12,SATISFIABLE,1+,0.050,0.02,0.02,0.00,0.022
91_Enumerate_Standard_Partial_96_DEFAULT_13383,91,Enumerate,Standard,Partial,96,DEFAULT,13383,2-double-12,SATISFIABLE,1+,0.134,0.06,0.06,0.00,0.038
106_Enumerate_Standard_Partial_96_DEFAULT_8543,106,Enumerate,Standard,Partial,96,DEFAULT,8543,2-double-14,SATISFIABLE,1+,0.219,0.10,0.10,0.00,0.071
61_Enumerate_Standard_Partial_96_DEFAULT_14189,61,Enumerate,Standard,Partial,96,DEFAULT,14189,2-double-14,SATISFIABLE,1+,0.383,0.25,0.25,0.00,0.151
68_Enumerate_Standard_Partial_192_DEFAULT_19383,68,Enumerate,Standard,Partial,192,DEFAULT,19383,2-double-14,SATISFIABLE,1+,0.360,0.28,0.28,0.00,0.168
85_Enumerate_Standard_Partial_96_DEFAULT_1769,85,Enumerate,Standard,Partial,96,DEFAULT,1769,2-double-14,SATISFIABLE,1+,0.964,0.85,0.85,0.00,0.612
88_Enumerate_Standard_Partial_96_DEFAULT_2212,88,Enumerate,Standard,Partial,96,DEFAULT,2212,2-double-14,SATISFIABLE,1+,0.116,0.05,0.05,0.00,0.052
91_Enumerate_Standard_Partial_96_DEFAULT_13383,91,Enumerate,Standard,Partial,96,DEFAULT,13383,2-double-14,UNSATISFIABLE,0,0.455,0.35,0.00,0.35,0.251
106_Enumerate_Standard_Partial_96_DEFAULT_8543,106,Enumerate,Standard,Partial,96,DEFAULT,8543,2-double-16,SATISFIABLE,1+,0.686,0.65,0.65,0.00,0.486
61_Enumerate_Standard_Partial_96_DEFAULT_14189,61,Enumerate,Standard,Partial,96,DEFAULT,14189,2-double-16,SATISFIABLE,1+,0.271,0.18,0.18,0.00,0.113
68_Enumerate_Standard_Partial_192_DEFAULT_19383,68,Enumerate,Standard,Partial,192,DEFAULT,19383,2-double-16,SATISFIABLE,1+,6.161,6.06,6.06,0.00,3.956
85_Enumerate_Standard_Partial_96_DEFAULT_1769,85,Enumerate,Standard,Partial,96,DEFAULT,1769,2-double-16,SATISFIABLE,1+,1.244,1.14,1.14,0.00,0.779
88_Enumerate_Standard_Partial_96_DEFAULT_2212,88,Enumerate,Standard,Partial,96,DEFAULT,2212,2-double-16,SATISFIABLE,1+,4.949,4.80,4.80,0.00,3.036
91_Enumerate_Standard_Partial_96_DEFAULT_13383,91,Enumerate,Standard,Partial,96,DEFAULT,13383,2-double-16,UNSATISFIABLE,0,0.666,0.53,0.00,0.53,0.382
106_Enumerate_Standard_Partial_96_DEFAULT_8543,106,Enumerate,Standard,Partial,96,DEFAULT,8543,2-double-18,SATISFIABLE,1+,0.605,0.45,0.45,0.00,0.369
61_Enumerate_Standard_Partial_96_DEFAULT_14189,61,Enumerate,Standard,Partial,96,DEFAULT,14189,2-double-18,SATISFIABLE,1+,0.721,0.57,0.57,0.00,0.461
68_Enumerate_Standard_Partial_192_DEFAULT_19383,68,Enumerate,Standard,Partial,192,DEFAULT,19383,2-double-18,SATISFIABLE,1+,7.362,7.24,7.24,0.00,4.781
85_Enumerate_Standard_Partial_96_DEFAULT_1769,85,Enumerate,Standard,Partial,96,DEFAULT,1769,2-double-18,SATISFIABLE,1+,7.586,7.36,7.36,0.00,5.041
88_Enumerate_Standard_Partial_96_DEFAULT_2212,88,Enumerate,Standard,Partial,96,DEFAULT,2212,2-double-18,SATISFIABLE,1+,0.215,0.06,0.06,0.00,0.075
91_Enumerate_Standard_Partial_96_DEFAULT_13383,91,Enumerate,Standard,Partial,96,DEFAULT,13383,2-double-18,UNSATISFIABLE,0,1.300,1.18,0.00,1.18,1.024
106_Enumerate_Standard_Partial_96_DEFAULT_8543,106,Enumerate,Standard,Partial,96,DEFAULT,8543,2-double-20,SATISFIABLE,1+,2.579,2.42,2.42,0.00,1.595
61_Enumerate_Standard_Partial_96_DEFAULT_14189,61,Enumerate,Standard,Partial,96,DEFAULT,14189,2-double-20,SATISFIABLE,1+,7.262,7.14,7.14,0.00,4.664
68_Enumerate_Standard_Partial_192_DEFAULT_19383,68,Enumerate,Standard,Partial,192,DEFAULT,19383,2-double-20,SATISFIABLE,1+,7.121,6.93,6.93,0.00,4.561
85_Enumerate_Standard_Partial_96_DEFAULT_1769,85,Enumerate,Standard,Partial,96,DEFAULT,1769,2-double-20,SATISFIABLE,1+,4.624,4.40,4.40,0.00,2.832
88_Enumerate_Standard_Partial_96_DEFAULT_2212,88,Enumerate,Standard,Partial,96,DEFAULT,2212,2-double-20,SATISFIABLE,1+,5.442,5.26,5.26,0.00,3.610
91_Enumerate_Standard_Partial_96_DEFAULT_13383,91,Enumerate,Standard,Partial,96,DEFAULT,13383,2-double-20,UNSATISFIABLE,0,2.155,2.00,0.00,2.00,1.305
106_Enumerate_Standard_Partial_96_DEFAULT_8543,106,Enumerate,Standard,Partial,96,DEFAULT,8543,2-double-6,SATISFIABLE,1+,0.005,0.00,0.00,0.00,0.005
61_Enumerate_Standard_Partial_96_DEFAULT_14189,61,Enumerate,Standard,Partial,96,DEFAULT,14189,2-double-6,SATISFIABLE,1+,0.025,0.00,0.00,0.00,0.005
68_Enumerate_Standard_Partial_192_DEFAULT_19383,68,Enumerate,Standard,Partial,192,DEFAULT,19383,2-double-6,SATISFIABLE,1+,0.061,0.00,0.00,0.00,0.005
85_Enumerate_Standard_Partial_96_DEFAULT_1769,85,Enumerate,Standard,Partial,96,DEFAULT,1769,2-double-6,SATISFIABLE,1+,0.049,0.00,0.00,0.00,0.005
88_Enumerate_Standard_Partial_96_DEFAULT_2212,88,Enumerate,Standard,Partial,96,DEFAULT,2212,2-double-6,SATISFIABLE,1+,0.025,0.00,0.00,0.00,0.005
91_Enumerate_Standard_Partial_96_DEFAULT_13383,91,Enumerate,Standard,Partial,96,DEFAULT,13383,2-double-6,SATISFIABLE,1+,0.025,0.00,0.00,0.00,0.005
106_Enumerate_Standard_Partial_96_DEFAULT_8543,106,Enumerate,Standard,Partial,96,DEFAULT,8543,2-double-8,SATISFIABLE,1+,0.007,0.00,0.00,0.00,0.007
61_Enumerate_Standard_Partial_96_DEFAULT_14189,61,Enumerate,Standard,Partial,96,DEFAULT,14189,2-double-8,SATISFIABLE,1+,0.035,0.00,0.00,0.00,0.007
68_Enumerate_Standard_Partial_192_DEFAULT_19383,68,Enumerate,Standard,Partial,192,DEFAULT,19383,2-double-8,SATISFIABLE,1+,0.027,0.00,0.00,0.00,0.007
85_Enumerate_Standard_Partial_96_DEFAULT_1769,85,Enumerate,Standard,Partial,96,DEFAULT,1769,2-double-8,SATISFIABLE,1+,0.029,0.00,0.00,0.00,0.009
88_Enumerate_Standard_Partial_96_DEFAULT_2212,88,Enumerate,Standard,Partial,96,DEFAULT,2212,2-double-8,SATISFIABLE,1+,0.027,0.00,0.00,0.00,0.007
91_Enumerate_Standard_Partial_96_DEFAULT_13383,91,Enumerate,Standard,Partial,96,DEFAULT,13383,2-double-8,SATISFIABLE,1+,0.047,0.02,0.02,0.00,0.007
