ConstraintFile,Id,Mode,Order,Full,Cell,Version,Seed,Instance,Result,Model,Time,Solving,1st Model,Unsat,CPU
106_Enumerate_Alternative_Partial_96_DEFAULT_8543,106,Enumerate,Alternative,Partial,96,DEFAULT,8543,Un-2-double-10,UNSATISFIABLE,0,0.187,0.18,0.00,0.18,0.187
22_Enumerate_Alternative_Partial_96_DEFAULT_16849,22,Enumerate,Alternative,Partial,96,DEFAULT,16849,Un-2-double-10,UNKNOWN,0+,300.000,299.99,0.00,0.00,299.992
32_Enumerate_Alternative_Partial_192_DEFAULT_29417,32,Enumerate,Alternative,Partial,192,DEFAULT,29417,Un-2-double-10,UNKNOWN,0+,300.000,299.99,0.00,0.00,299.992
40_Enumerate_Alternative_Partial_96_DEFAULT_14157,40,Enumerate,Alternative,Partial,96,DEFAULT,14157,Un-2-double-10,UNSATISFIABLE,0,0.104,0.10,0.00,0.10,0.104
55_Enumerate_Alternative_Partial_96_DEFAULT_2905,55,Enumerate,Alternative,Partial,96,DEFAULT,2905,Un-2-double-10,UNKNOWN,0+,300.000,299.99,0.00,0.00,299.992
64_Enumerate_Alternative_Partial_96_DEFAULT_24318,64,Enumerate,Alternative,Partial,96,DEFAULT,24318,Un-2-double-10,UNKNOWN,0+,300.000,299.99,0.00,0.00,299.992
73_Enumerate_Alternative_Partial_96_DEFAULT_5107,73,Enumerate,Alternative,Partial,96,DEFAULT,5107,Un-2-double-10,UNKNOWN,0+,300.000,299.99,0.00,0.00,299.973
98_Enumerate_Alternative_Partial_192_DEFAULT_32598,98,Enumerate,Alternative,Partial,192,DEFAULT,32598,Un-2-double-10,UNKNOWN,0+,300.000,299.99,0.00,0.00,299.992
106_Enumerate_Alternative_Partial_96_DEFAULT_8543,106,Enumerate,Alternative,Partial,96,DEFAULT,8543,Un-2-double-12,UNSATISFIABLE,0,0.523,0.51,0.00,0.51,0.523
22_Enumerate_Alternative_Partial_96_DEFAULT_16849,22,Enumerate,Alternative,Partial,96,DEFAULT,16849,Un-2-double-12,UNKNOWN,0+,300.000,299.99,0.00,0.00,299.991
32_Enumerate_Alternative_Partial_192_DEFAULT_29417,32,Enumerate,Alternative,Partial,192,DEFAULT,29417,Un-2-double-12,UNKNOWN,0+,300.000,299.99,0.00,0.00,299.991
40_Enumerate_Alternative_Partial_96_DEFAULT_14157,40,Enumerate,Alternative,Partial,96,DEFAULT,14157,Un-2-double-12,UNSATISFIABLE,0,1.622,1.61,0.00,1.61,1.622
55_Enumerate_Alternative_Partial_96_DEFAULT_2905,55,Enumerate,Alternative,Partial,96,DEFAULT,2905,Un-2-double-12,UNKNOWN,0+,300.000,299.99,0.00,0.00,299.978
64_Enumerate_Alternative_Partial_96_DEFAULT_24318,64,Enumerate,Alternative,Partial,96,DEFAULT,24318,Un-2-double-12,UNKNOWN,0+,300.000,299.99,0.00,0.00,299.976
73_Enumerate_Alternative_Partial_96_DEFAULT_5107,73,Enumerate,Alternative,Partial,96,DEFAULT,5107,Un-2-double-12,UNKNOWN,0+,300.000,299.99,0.00,0.00,299.992
98_Enumerate_Alternative_Partial_192_DEFAULT_32598,98,Enumerate,Alternative,Partial,192,DEFAULT,32598,Un-2-double-12,UNKNOWN,0+,300.000,299.99,0.00,0.00,299.992
106_Enumerate_Alternative_Partial_96_DEFAULT_8543,106,Enumerate,Alternative,Partial,96,DEFAULT,8543,Un-2-double-14,UNSATISFIABLE,0,1.506,1.50,0.00,1.50,1.506
22_Enumerate_Alternative_Partial_96_DEFAULT_16849,22,Enumerate,Alternative,Partial,96,DEFAULT,16849,Un-2-double-14,UNKNOWN,0+,300.000,299.98,0.00,0.00,299.992
32_Enumerate_Alternative_Partial_192_DEFAULT_29417,32,Enumerate,Alternative,Partial,192,DEFAULT,29417,Un-2-double-14,UNKNOWN,0+,300.000,299.99,0.00,0.00,299.988
40_Enumerate_Alternative_Partial_96_DEFAULT_14157,40,Enumerate,Alternative,Partial,96,DEFAULT,14157,Un-2-double-14,UNKNOWN,0+,300.000,299.98,0.00,0.00,299.992
55_Enumerate_Alternative_Partial_96_DEFAULT_2905,55,Enumerate,Alternative,Partial,96,DEFAULT,2905,Un-2-double-14,UNKNOWN,0+,300.000,299.99,0.00,0.00,299.989
64_Enumerate_Alternative_Partial_96_DEFAULT_24318,64,Enumerate,Alternative,Partial,96,DEFAULT,24318,Un-2-double-14,UNKNOWN,0+,300.000,299.99,0.00,0.00,299.993
73_Enumerate_Alternative_Partial_96_DEFAULT_5107,73,Enumerate,Alternative,Partial,96,DEFAULT,5107,Un-2-double-14,UNKNOWN,0+,300.000,299.99,0.00,0.00,299.993
98_Enumerate_Alternative_Partial_192_DEFAULT_32598,98,Enumerate,Alternative,Partial,192,DEFAULT,32598,Un-2-double-14,UNKNOWN,0+,300.000,299.99,0.00,0.00,299.993
106_Enumerate_Alternative_Partial_96_DEFAULT_8543,106,Enumerate,Alternative,Partial,96,DEFAULT,8543,Un-2-double-16,UNSATISFIABLE,0,2.621,2.61,0.00,2.61,2.621
22_Enumerate_Alternative_Partial_96_DEFAULT_16849,22,Enumerate,Alternative,Partial,96,DEFAULT,16849,Un-2-double-16,UNKNOWN,0+,300.000,299.98,0.00,0.00,299.993
32_Enumerate_Alternative_Partial_192_DEFAULT_29417,32,Enumerate,Alternative,Partial,192,DEFAULT,29417,Un-2-double-16,UNKNOWN,0+,300.000,299.98,0.00,0.00,299.993
40_Enumerate_Alternative_Partial_96_DEFAULT_14157,40,Enumerate,Alternative,Partial,96,DEFAULT,14157,Un-2-double-16,UNKNOWN,0+,300.000,299.99,0.00,0.00,299.990
55_Enumerate_Alternative_Partial_96_DEFAULT_2905,55,Enumerate,Alternative,Partial,96,DEFAULT,2905,Un-2-double-16,UNKNOWN,0+,300.000,299.99,0.00,0.00,299.994
64_Enumerate_Alternative_Partial_96_DEFAULT_24318,64,Enumerate,Alternative,Partial,96,DEFAULT,24318,Un-2-double-16,UNKNOWN,0+,300.000,299.98,0.00,0.00,299.993
73_Enumerate_Alternative_Partial_96_DEFAULT_5107,73,Enumerate,Alternative,Partial,96,DEFAULT,5107,Un-2-double-16,UNKNOWN,0+,300.000,299.98,0.00,0.00,299.992
98_Enumerate_Alternative_Partial_192_DEFAULT_32598,98,Enumerate,Alternative,Partial,192,DEFAULT,32598,Un-2-double-16,UNKNOWN,0+,300.000,299.98,0.00,0.00,299.993
106_Enumerate_Alternative_Partial_96_DEFAULT_8543,106,Enumerate,Alternative,Partial,96,DEFAULT,8543,Un-2-double-18,UNSATISFIABLE,0,6.569,6.55,0.00,6.55,6.569
22_Enumerate_Alternative_Partial_96_DEFAULT_16849,22,Enumerate,Alternative,Partial,96,DEFAULT,16849,Un-2-double-18,UNKNOWN,0+,300.000,299.97,0.00,0.00,299.982
32_Enumerate_Alternative_Partial_192_DEFAULT_29417,32,Enumerate,Alternative,Partial,192,DEFAULT,29417,Un-2-double-18,UNKNOWN,0+,300.000,299.98,0.00,0.00,299.994
40_Enumerate_Alternative_Partial_96_DEFAULT_14157,40,Enumerate,Alternative,Partial,96,DEFAULT,14157,Un-2-double-18,UNKNOWN,0+,300.000,299.98,0.00,0.00,299.994
55_Enumerate_Alternative_Partial_96_DEFAULT_2905,55,Enumerate,Alternative,Partial,96,DEFAULT,2905,Un-2-double-18,UNKNOWN,0+,300.000,299.98,0.00,0.00,299.993
64_Enumerate_Alternative_Partial_96_DEFAULT_24318,64,Enumerate,Alternative,Partial,96,DEFAULT,24318,Un-2-double-18,UNKNOWN,0+,300.000,299.98,0.00,0.00,299.993
73_Enumerate_Alternative_Partial_96_DEFAULT_5107,73,Enumerate,Alternative,Partial,96,DEFAULT,5107,Un-2-double-18,UNKNOWN,0+,300.000,299.97,0.00,0.00,299.980
98_Enumerate_Alternative_Partial_192_DEFAULT_32598,98,Enumerate,Alternative,Partial,192,DEFAULT,32598,Un-2-double-18,UNKNOWN,0+,300.000,299.96,0.00,0.00,299.994
106_Enumerate_Alternative_Partial_96_DEFAULT_8543,106,Enumerate,Alternative,Partial,96,DEFAULT,8543,Un-2-double-20,UNSATISFIABLE,0,8.435,8.41,0.00,8.41,8.434
22_Enumerate_Alternative_Partial_96_DEFAULT_16849,22,Enumerate,Alternative,Partial,96,DEFAULT,16849,Un-2-double-20,UNKNOWN,0+,300.000,299.97,0.00,0.00,299.994
32_Enumerate_Alternative_Partial_192_DEFAULT_29417,32,Enumerate,Alternative,Partial,192,DEFAULT,29417,Un-2-double-20,UNKNOWN,0+,300.000,299.97,0.00,0.00,299.993
40_Enumerate_Alternative_Partial_96_DEFAULT_14157,40,Enumerate,Alternative,Partial,96,DEFAULT,14157,Un-2-double-20,UNKNOWN,0+,300.000,299.97,0.00,0.00,299.993
55_Enumerate_Alternative_Partial_96_DEFAULT_2905,55,Enumerate,Alternative,Partial,96,DEFAULT,2905,Un-2-double-20,UNKNOWN,0+,300.000,299.96,0.00,0.00,299.992
64_Enumerate_Alternative_Partial_96_DEFAULT_24318,64,Enumerate,Alternative,Partial,96,DEFAULT,24318,Un-2-double-20,UNKNOWN,0+,300.000,299.97,0.00,0.00,299.978
73_Enumerate_Alternative_Partial_96_DEFAULT_5107,73,Enumerate,Alternative,Partial,96,DEFAULT,5107,Un-2-double-20,UNKNOWN,0+,300.000,299.97,0.00,0.00,299.993
98_Enumerate_Alternative_Partial_192_DEFAULT_32598,98,Enumerate,Alternative,Partial,192,DEFAULT,32598,Un-2-double-20,UNKNOWN,0+,300.000,299.97,0.00,0.00,299.994
106_Enumerate_Alternative_Partial_96_DEFAULT_8543,106,Enumerate,Alternative,Partial,96,DEFAULT,8543,Un-2-double-6,UNSATISFIABLE,0,0.004,0.00,0.00,0.00,0.004
22_Enumerate_Alternative_Partial_96_DEFAULT_16849,22,Enumerate,Alternative,Partial,96,DEFAULT,16849,Un-2-double-6,UNSATISFIABLE,0,0.005,0.00,0.00,0.00,0.005
32_Enumerate_Alternative_Partial_192_DEFAULT_29417,32,Enumerate,Alternative,Partial,192,DEFAULT,29417,Un-2-double-6,UNSATISFIABLE,0,0.003,0.00,0.00,0.00,0.003
40_Enumerate_Alternative_Partial_96_DEFAULT_14157,40,Enumerate,Alternative,Partial,96,DEFAULT,14157,Un-2-double-6,UNSATISFIABLE,0,0.002,0.00,0.00,0.00,0.002
55_Enumerate_Alternative_Partial_96_DEFAULT_2905,55,Enumerate,Alternative,Partial,96,DEFAULT,2905,Un-2-double-6,UNSATISFIABLE,0,0.003,0.00,0.00,0.00,0.003
64_Enumerate_Alternative_Partial_96_DEFAULT_24318,64,Enumerate,Alternative,Partial,96,DEFAULT,24318,Un-2-double-6,UNSATISFIABLE,0,0.005,0.00,0.00,0.00,0.005
73_Enumerate_Alternative_Partial_96_DEFAULT_5107,73,Enumerate,Alternative,Partial,96,DEFAULT,5107,Un-2-double-6,UNSATISFIABLE,0,0.003,0.00,0.00,0.00,0.003
98_Enumerate_Alternative_Partial_192_DEFAULT_32598,98,Enumerate,Alternative,Partial,192,DEFAULT,32598,Un-2-double-6,UNSATISFIABLE,0,0.003,0.00,0.00,0.00,0.003
106_Enumerate_Alternative_Partial_96_DEFAULT_8543,106,Enumerate,Alternative,Partial,96,DEFAULT,8543,Un-2-double-8,UNSATISFIABLE,0,0.021,0.02,0.00,0.02,0.021
22_Enumerate_Alternative_Partial_96_DEFAULT_16849,22,Enumerate,Alternative,Partial,96,DEFAULT,16849,Un-2-double-8,UNSATISFIABLE,0,0.042,0.04,0.00,0.04,0.042
32_Enumerate_Alternative_Partial_192_DEFAULT_29417,32,Enumerate,Alternative,Partial,192,DEFAULT,29417,Un-2-double-8,UNSATISFIABLE,0,0.043,0.04,0.00,0.04,0.042
40_Enumerate_Alternative_Partial_96_DEFAULT_14157,40,Enumerate,Alternative,Partial,96,DEFAULT,14157,Un-2-double-8,UNSATISFIABLE,0,0.004,0.00,0.00,0.00,0.004
55_Enumerate_Alternative_Partial_96_DEFAULT_2905,55,Enumerate,Alternative,Partial,96,DEFAULT,2905,Un-2-double-8,UNSATISFIABLE,0,0.055,0.05,0.00,0.05,0.055
64_Enumerate_Alternative_Partial_96_DEFAULT_24318,64,Enumerate,Alternative,Partial,96,DEFAULT,24318,Un-2-double-8,UNSATISFIABLE,0,0.039,0.03,0.00,0.03,0.039
73_Enumerate_Alternative_Partial_96_DEFAULT_5107,73,Enumerate,Alternative,Partial,96,DEFAULT,5107,Un-2-double-8,UNSATISFIABLE,0,0.044,0.04,0.00,0.04,0.044
98_Enumerate_Alternative_Partial_192_DEFAULT_32598,98,Enumerate,Alternative,Partial,192,DEFAULT,32598,Un-2-double-8,UNSATISFIABLE,0,0.055,0.05,0.00,0.05,0.054
106_Enumerate_Alternative_Partial_96_DEFAULT_8543,106,Enumerate,Alternative,Partial,96,DEFAULT,8543,2-double-10,SATISFIABLE,1+,0.016,0.01,0.01,0.00,0.016
22_Enumerate_Alternative_Partial_96_DEFAULT_16849,22,Enumerate,Alternative,Partial,96,DEFAULT,16849,2-double-10,SATISFIABLE,1+,0.010,0.00,0.00,0.00,0.010
32_Enumerate_Alternative_Partial_192_DEFAULT_29417,32,Enumerate,Alternative,Partial,192,DEFAULT,29417,2-double-10,SATISFIABLE,1+,0.008,0.00,0.00,0.00,0.008
40_Enumerate_Alternative_Partial_96_DEFAULT_14157,40,Enumerate,Alternative,Partial,96,DEFAULT,14157,2-double-10,SATISFIABLE,1+,0.009,0.00,0.00,0.00,0.009
55_Enumerate_Alternative_Partial_96_DEFAULT_2905,55,Enumerate,Alternative,Partial,96,DEFAULT,2905,2-double-10,SATISFIABLE,1+,0.019,0.01,0.01,0.00,0.019
64_Enumerate_Alternative_Partial_96_DEFAULT_24318,64,Enumerate,Alternative,Partial,96,DEFAULT,24318,2-double-10,SATISFIABLE,1+,0.013,0.01,0.01,0.00,0.013
73_Enumerate_Alternative_Partial_96_DEFAULT_5107,73,Enumerate,Alternative,Partial,96,DEFAULT,5107,2-double-10,SATISFIABLE,1+,0.018,0.01,0.01,0.00,0.018
98_Enumerate_Alternative_Partial_192_DEFAULT_32598,98,Enumerate,Alternative,Partial,192,DEFAULT,32598,2-double-10,SATISFIABLE,1+,0.008,0.00,0.00,0.00,0.008
106_Enumerate_Alternative_Partial_96_DEFAULT_8543,106,Enumerate,Alternative,Partial,96,DEFAULT,8543,2-double-12,SATISFIABLE,1+,0.033,0.02,0.02,0.00,0.033
22_Enumerate_Alternative_Partial_96_DEFAULT_16849,22,Enumerate,Alternative,Partial,96,DEFAULT,16849,2-double-12,SATISFIABLE,1+,0.014,0.01,0.01,0.00,0.014
32_Enumerate_Alternative_Partial_192_DEFAULT_29417,32,Enumerate,Alternative,Partial,192,DEFAULT,29417,2-double-12,SATISFIABLE,1+,0.014,0.01,0.01,0.00,0.014
40_Enumerate_Alternative_Partial_96_DEFAULT_14157,40,Enumerate,Alternative,Partial,96,DEFAULT,14157,2-double-12,SATISFIABLE,1+,0.017,0.00,0.00,0.00,0.017
55_Enumerate_Alternative_Partial_96_DEFAULT_2905,55,Enumerate,Alternative,Partial,96,DEFAULT,2905,2-double-12,SATISFIABLE,1+,0.010,0.00,0.00,0.00,0.010
64_Enumerate_Alternative_Partial_96_DEFAULT_24318,64,Enumerate,Alternative,Partial,96,DEFAULT,24318,2-double-12,SATISFIABLE,1+,0.010,0.00,0.00,0.00,0.010
73_Enumerate_Alternative_Partial_96_DEFAULT_5107,73,Enumerate,Alternative,Partial,96,DEFAULT,5107,2-double-12,SATISFIABLE,1+,0.019,0.01,0.01,0.00,0.019
98_Enumerate_Alternative_Partial_192_DEFAULT_32598,98,Enumerate,Alternative,Partial,192,DEFAULT,32598,2-double-12,SATISFIABLE,1+,0.019,0.00,0.00,0.00,0.019
106_Enumerate_Alternative_Partial_96_DEFAULT_8543,106,Enumerate,Alternative,Partial,96,DEFAULT,8543,2-double-14,SATISFIABLE,1+,0.129,0.11,0.11,0.00,0.129
22_Enumerate_Alternative_Partial_96_DEFAULT_16849,22,Enumerate,Alternative,Partial,96,DEFAULT,16849,2-double-14,SATISFIABLE,1+,0.094,0.07,0.07,0.00,0.094
32_Enumerate_Alternative_Partial_192_DEFAULT_29417,32,Enumerate,Alternative,Partial,192,DEFAULT,29417,2-double-14,SATISFIABLE,1+,0.077,0.06,0.06,0.00,0.077
40_Enumerate_Alternative_Partial_96_DEFAULT_14157,40,Enumerate,Alternative,Partial,96,DEFAULT,14157,2-double-14,SATISFIABLE,1+,0.032,0.01,0.01,0.00,0.032
55_Enumerate_Alternative_Partial_96_DEFAULT_2905,55,Enumerate,Alternative,Partial,96,DEFAULT,2905,2-double-14,SATISFIABLE,1+,0.089,0.07,0.07,0.00,0.089
64_Enumerate_Alternative_Partial_96_DEFAULT_24318,64,Enumerate,Alternative,Partial,96,DEFAULT,24318,2-double-14,SATISFIABLE,1+,0.077,0.06,0.06,0.00,0.077
73_Enumerate_Alternative_Partial_96_DEFAULT_5107,73,Enumerate,Alternative,Partial,96,DEFAULT,5107,2-double-14,SATISFIABLE,1+,0.085,0.07,0.07,0.00,0.085
98_Enumerate_Alternative_Partial_192_DEFAULT_32598,98,Enumerate,Alternative,Partial,192,DEFAULT,32598,2-double-14,SATISFIABLE,1+,0.031,0.02,0.02,0.00,0.031
106_Enumerate_Alternative_Partial_96_DEFAULT_8543,106,Enumerate,Alternative,Partial,96,DEFAULT,8543,2-double-16,SATISFIABLE,1+,0.304,0.29,0.29,0.00,0.304
22_Enumerate_Alternative_Partial_96_DEFAULT_16849,22,Enumerate,Alternative,Partial,96,DEFAULT,16849,2-double-16,SATISFIABLE,1+,0.404,0.39,0.39,0.00,0.404
32_Enumerate_Alternative_Partial_192_DEFAULT_29417,32,Enumerate,Alternative,Partial,192,DEFAULT,29417,2-double-16,SATISFIABLE,1+,0.071,0.05,0.05,0.00,0.071
40_Enumerate_Alternative_Partial_96_DEFAULT_14157,40,Enumerate,Alternative,Partial,96,DEFAULT,14157,2-double-16,SATISFIABLE,1+,0.131,0.11,0.11,0.00,0.131
55_Enumerate_Alternative_Partial_96_DEFAULT_2905,55,Enumerate,Alternative,Partial,96,DEFAULT,2905,2-double-16,SATISFIABLE,1+,0.337,0.32,0.32,0.00,0.337
64_Enumerate_Alternative_Partial_96_DEFAULT_24318,64,Enumerate,Alternative,Partial,96,DEFAULT,24318,2-double-16,SATISFIABLE,1+,0.343,0.32,0.32,0.00,0.343
73_Enumerate_Alternative_Partial_96_DEFAULT_5107,73,Enumerate,Alternative,Partial,96,DEFAULT,5107,2-double-16,SATISFIABLE,1+,0.096,0.08,0.08,0.00,0.096
98_Enumerate_Alternative_Partial_192_DEFAULT_32598,98,Enumerate,Alternative,Partial,192,DEFAULT,32598,2-double-16,SATISFIABLE,1+,0.156,0.14,0.14,0.00,0.156
106_Enumerate_Alternative_Partial_96_DEFAULT_8543,106,Enumerate,Alternative,Partial,96,DEFAULT,8543,2-double-18,SATISFIABLE,1+,0.341,0.32,0.32,0.00,0.341
22_Enumerate_Alternative_Partial_96_DEFAULT_16849,22,Enumerate,Alternative,Partial,96,DEFAULT,16849,2-double-18,SATISFIABLE,1+,0.063,0.03,0.03,0.00,0.063
32_Enumerate_Alternative_Partial_192_DEFAULT_29417,32,Enumerate,Alternative,Partial,192,DEFAULT,29417,2-double-18,SATISFIABLE,1+,0.140,0.11,0.11,0.00,0.140
40_Enumerate_Alternative_Partial_96_DEFAULT_14157,40,Enumerate,Alternative,Partial,96,DEFAULT,14157,2-double-18,SATISFIABLE,1+,0.232,0.20,0.20,0.00,0.232
55_Enumerate_Alternative_Partial_96_DEFAULT_2905,55,Enumerate,Alternative,Partial,96,DEFAULT,2905,2-double-18,SATISFIABLE,1+,0.047,0.01,0.01,0.00,0.047
64_Enumerate_Alternative_Partial_96_DEFAULT_24318,64,Enumerate,Alternative,Partial,96,DEFAULT,24318,2-double-18,SATISFIABLE,1+,0.037,0.01,0.01,0.00,0.037
73_Enumerate_Alternative_Partial_96_DEFAULT_5107,73,Enumerate,Alternative,Partial,96,DEFAULT,5107,2-double-18,SATISFIABLE,1+,0.077,0.05,0.05,0.00,0.077
98_Enumerate_Alternative_Partial_192_DEFAULT_32598,98,Enumerate,Alternative,Partial,192,DEFAULT,32598,2-double-18,SATISFIABLE,1+,0.199,0.17,0.17,0.00,0.199
106_Enumerate_Alternative_Partial_96_DEFAULT_8543,106,Enumerate,Alternative,Partial,96,DEFAULT,8543,2-double-20,SATISFIABLE,1+,1.259,1.21,1.21,0.00,1.259
22_Enumerate_Alternative_Partial_96_DEFAULT_16849,22,Enumerate,Alternative,Partial,96,DEFAULT,16849,2-double-20,SATISFIABLE,1+,0.993,0.96,0.96,0.00,0.993
32_Enumerate_Alternative_Partial_192_DEFAULT_29417,32,Enumerate,Alternative,Partial,192,DEFAULT,29417,2-double-20,SATISFIABLE,1+,1.345,1.31,1.31,0.00,1.345
40_Enumerate_Alternative_Partial_96_DEFAULT_14157,40,Enumerate,Alternative,Partial,96,DEFAULT,14157,2-double-20,SATISFIABLE,1+,0.441,0.41,0.41,0.00,0.441
55_Enumerate_Alternative_Partial_96_DEFAULT_2905,55,Enumerate,Alternative,Partial,96,DEFAULT,2905,2-double-20,SATISFIABLE,1+,0.326,0.29,0.29,0.00,0.326
64_Enumerate_Alternative_Partial_96_DEFAULT_24318,64,Enumerate,Alternative,Partial,96,DEFAULT,24318,2-double-20,SATISFIABLE,1+,0.330,0.29,0.29,0.00,0.330
73_Enumerate_Alternative_Partial_96_DEFAULT_5107,73,Enumerate,Alternative,Partial,96,DEFAULT,5107,2-double-20,SATISFIABLE,1+,0.220,0.18,0.18,0.00,0.220
98_Enumerate_Alternative_Partial_192_DEFAULT_32598,98,Enumerate,Alternative,Partial,192,DEFAULT,32598,2-double-20,SATISFIABLE,1+,0.546,0.51,0.51,0.00,0.546
106_Enumerate_Alternative_Partial_96_DEFAULT_8543,106,Enumerate,Alternative,Partial,96,DEFAULT,8543,2-double-6,SATISFIABLE,1+,0.003,0.00,0.00,0.00,0.003
22_Enumerate_Alternative_Partial_96_DEFAULT_16849,22,Enumerate,Alternative,Partial,96,DEFAULT,16849,2-double-6,SATISFIABLE,1+,0.004,0.00,0.00,0.00,0.004
32_Enumerate_Alternative_Partial_192_DEFAULT_29417,32,Enumerate,Alternative,Partial,192,DEFAULT,29417,2-double-6,SATISFIABLE,1+,0.003,0.00,0.00,0.00,0.003
40_Enumerate_Alternative_Partial_96_DEFAULT_14157,40,Enumerate,Alternative,Partial,96,DEFAULT,14157,2-double-6,SATISFIABLE,1+,0.003,0.00,0.00,0.00,0.003
55_Enumerate_Alternative_Partial_96_DEFAULT_2905,55,Enumerate,Alternative,Partial,96,DEFAULT,2905,2-double-6,SATISFIABLE,1+,0.004,0.00,0.00,0.00,0.004
64_Enumerate_Alternative_Partial_96_DEFAULT_24318,64,Enumerate,Alternative,Partial,96,DEFAULT,24318,2-double-6,SATISFIABLE,1+,0.005,0.00,0.00,0.00,0.005
73_Enumerate_Alternative_Partial_96_DEFAULT_5107,73,Enumerate,Alternative,Partial,96,DEFAULT,5107,2-double-6,SATISFIABLE,1+,0.003,0.00,0.00,0.00,0.003
98_Enumerate_Alternative_Partial_192_DEFAULT_32598,98,Enumerate,Alternative,Partial,192,DEFAULT,32598,2-double-6,SATISFIABLE,1+,0.003,0.00,0.00,0.00,0.003
106_Enumerate_Alternative_Partial_96_DEFAULT_8543,106,Enumerate,Alternative,Partial,96,DEFAULT,8543,2-double-8,SATISFIABLE,1+,0.006,0.00,0.00,0.00,0.006
22_Enumerate_Alternative_Partial_96_DEFAULT_16849,22,Enumerate,Alternative,Partial,96,DEFAULT,16849,2-double-8,SATISFIABLE,1+,0.007,0.00,0.00,0.00,0.007
32_Enumerate_Alternative_Partial_192_DEFAULT_29417,32,Enumerate,Alternative,Partial,192,DEFAULT,29417,2-double-8,SATISFIABLE,1+,0.005,0.00,0.00,0.00,0.005
40_Enumerate_Alternative_Partial_96_DEFAULT_14157,40,Enumerate,Alternative,Partial,96,DEFAULT,14157,2-double-8,SATISFIABLE,1+,0.004,0.00,0.00,0.00,0.004
55_Enumerate_Alternative_Partial_96_DEFAULT_2905,55,Enumerate,Alternative,Partial,96,DEFAULT,2905,2-double-8,SATISFIABLE,1+,0.005,0.00,0.00,0.00,0.005
64_Enumerate_Alternative_Partial_96_DEFAULT_24318,64,Enumerate,Alternative,Partial,96,DEFAULT,24318,2-double-8,SATISFIABLE,1+,0.007,0.00,0.00,0.00,0.007
73_Enumerate_Alternative_Partial_96_DEFAULT_5107,73,Enumerate,Alternative,Partial,96,DEFAULT,5107,2-double-8,SATISFIABLE,1+,0.005,0.00,0.00,0.00,0.005
98_Enumerate_Alternative_Partial_192_DEFAULT_32598,98,Enumerate,Alternative,Partial,192,DEFAULT,32598,2-double-8,SATISFIABLE,1+,0.005,0.00,0.00,0.00,0.005
