,Directory,Files analysed with SBASS,Positive Examples in S,Ordering,SBC,Iteration,Cell,Seed,Opt,Time for creating examples,Time for solving ILP task,Total neg examples,Total pos examples,Neg examples uncovered,Learned Constraints
1,./../Problems/PUP/triple_weight/,2-triple-9-6.lp - 2-triple-9-7.lp,Specific,Alternative,Full,1,1,31681,Nopt,561.29,265.323,200,2,0," :- partnerunits(V1,V2), closezones(V1,V2), not closesensors(V1,V2).
 :- zone2sensor(V1,V2), unit2sensorGEQ(V2,V1), not unit2zoneGEQ(V2,V2).
 :- unit2sensorGEQ(V2,V1), unit2sensorGEQ(V1,V2), closezones(V1,V2).
"
2,./../Problems/PUP/triple_weight/,2-triple-9-6.lp - 2-triple-9-7.lp,Specific,Alternative,Full,1,2,4634,Nopt,1113.73,603.222,402,2,0," :- zone2sensor(V1,V2), unit2sensorGEQ(V2,V1), closezones(V2,V1).
 :- zone2sensor(V1,V2), unit2sensorGEQ(V1,V2), not unit2zoneGEQ(V1,V1).
"
3,./../Problems/PUP/triple_weight/,2-triple-9-6.lp - 2-triple-9-7.lp,Specific,Alternative,Full,1,3,16837,Nopt,1708.966,187.856,603,3,0," :- unit2zoneGEQ(V1,V2), unit2sensorGEQ(V2,V1), closezones(V2,V1).
"
4,./../Problems/PUP/triple_weight/,2-triple-9-6.lp - 2-triple-9-7.lp,Specific,Alternative,Full,1,1,15262,Nopt,558.484,700.174,201,1,0," :- unit2sensorGEQ(V1,V1), not unit2zoneGEQ(V1,V1).
 :- zone2sensor(V1,V1), unit2sensorGEQ(V2,V1), not unit2zoneGEQ(V2,V1).
"
5,./../Problems/PUP/triple_weight/,2-triple-9-6.lp - 2-triple-9-7.lp,Specific,Alternative,Full,1,2,22084,Nopt,1145.787,2214.22,402,2,0," :- partnerunits(V1,V2), closezones(V1,V2), not closesensors(V2,V1).
 :- unit2sensorGEQ(V1,V1), not zone2sensor(V1,V1), not unit2zoneGEQ(V1,V1).
 :- zone2sensor(V1,V2), unit2sensorGEQ(V2,V2), not unit2sensorGEQ(V1,V2).
 :- zone2sensor(V1,V2), unit2sensorGEQ(V2,V1), not unit2sensorGEQ(V1,V2).
"
7,./../Problems/PUP/triple_weight/,2-triple-9-6.lp - 2-triple-9-7.lp,Specific,Alternative,Full,1,1,3718,Nopt,526.482,343.214,200,2,0," :- partnerunits(V1,V2), closezones(V1,V2), not zone2sensor(V2,V2).
 :- unit2zoneGEQ(V1,V1), unit2sensorGEQ(V2,V2), not unit2sensorGEQ(V1,V2).
 :- partnerunits(V1,V2), not unit2zoneGEQ(V2,V1), not unit2zoneGEQ(V1,V2).
"
8,./../Problems/PUP/triple_weight/,2-triple-9-6.lp - 2-triple-9-7.lp,Specific,Alternative,Full,1,2,26796,Nopt,1157.714,370.243,402,2,0," :- unit2sensorGEQ(V1,V1), closezones(V2,V1), not unit2zoneGEQ(V2,V2).
 :- zone2sensor(V1,V2), unit2sensorGEQ(V2,V1), not unit2sensorGEQ(V2,V2).
"
9,./../Problems/PUP/triple_weight/,2-triple-9-6.lp - 2-triple-9-7.lp,Specific,Alternative,Full,1,3,25434,Nopt,1683.363,101.869,600,6,0," :- unit2zoneGEQ(V1,V1), unit2sensorGEQ(V2,V1), not zone2sensor(V2,V2).
"
10,./../Problems/PUP/triple_weight/,2-triple-9-6.lp - 2-triple-9-7.lp,Specific,Alternative,Full,1,1,8598,Nopt,555.627,136.241,200,2,0," :- zone2sensor(V1,V2), unit2sensorGEQ(V2,V1), closezones(V1,V2).
 :- zone2sensor(V1,V2), unit2sensorGEQ(V2,V2), not unit2zoneGEQ(V2,V1).
"
11,./../Problems/PUP/triple_weight/,2-triple-9-6.lp - 2-triple-9-7.lp,Specific,Alternative,Full,1,2,21172,Nopt,1081.123,2160.57,400,4,0," :- partnerunits(V1,V2), not unit2sensorGEQ(V2,V1), not unit2sensorGEQ(V1,V2). 
 :- partnerunits(V1,V2), closezones(V1,V2), not closesensors(V2,V1).
 :- unit2zoneGEQ(V1,V2), unit2sensorGEQ(V2,V1), not unit2zoneGEQ(V2,V1).
 :- partnerunits(V1,V2), not unit2sensorGEQ(V2,V1), not unit2sensorGEQ(V1,V2).
"
12,./../Problems/PUP/triple_weight/,2-triple-9-6.lp - 2-triple-9-7.lp,Specific,Alternative,Full,1,3,31928,Nopt,1699.831,977.376,601,5,0," :- zone2sensor(V1,V2), unit2sensorGEQ(V2,V1), closezones(V2,V1).
 :- partnerunits(V1,V2), not unit2zoneGEQ(V1,V1), not closesensors(V1,V2).
 :- partnerunits(V1,V2), not unit2zoneGEQ(V2,V1), not unit2sensorGEQ(V1,V2).
"
13,./../Problems/PUP/triple_weight/,2-triple-9-6.lp - 2-triple-9-7.lp,Specific,Alternative,Full,1,1,29690,Nopt,582.454,642.403,201,1,0," :- partnerunits(V1,V2), closezones(V1,V2), not closesensors(V2,V1).
 :- zone2sensor(V1,V2), unit2zoneGEQ(V2,V2), not unit2sensorGEQ(V1,V1).
 :- zone2sensor(V1,V2), unit2zoneGEQ(V2,V1), not unit2sensorGEQ(V2,V2).
"
14,./../Problems/PUP/triple_weight/,2-triple-9-6.lp - 2-triple-9-7.lp,Specific,Alternative,Full,1,2,3800,Nopt,1159.08,283.822,402,2,0," :- zone2sensor(V1,V2), unit2sensorGEQ(V2,V2), not unit2zoneGEQ(V1,V1).
 :- zone2sensor(V1,V2), unit2zoneGEQ(V2,V1), closezones(V2,V1).
"
15,./../Problems/PUP/triple_weight/,2-triple-9-6.lp - 2-triple-9-7.lp,Specific,Alternative,Full,1,3,1743,Nopt,1742.093,492.166,603,3,0," :- zone2sensor(V1,V2), unit2zoneGEQ(V1,V1), not unit2sensorGEQ(V1,V2).
 :- unit2zoneGEQ(V1,V2), closezones(V2,V1), not unit2zoneGEQ(V1,V1).
"
16,./../Problems/PUP/triple_weight/,2-triple-9-6.lp - 2-triple-9-7.lp,Specific,Alternative,Full,1,1,26740,Nopt,560.382,757.957,200,2,0," :- zone2sensor(V1,V2), unit2sensorGEQ(V2,V1), closezones(V1,V2).
 :- unit2zoneGEQ(V1,V1), unit2sensorGEQ(V1,V1), not zone2sensor(V1,V1).
 :- partnerunits(V1,V2), closezones(V2,V1), not closesensors(V1,V2).
 :- zone2sensor(V1,V1), unit2sensorGEQ(V2,V1), not unit2zoneGEQ(V2,V1).
"
17,./../Problems/PUP/triple_weight/,2-triple-9-6.lp - 2-triple-9-7.lp,Specific,Alternative,Full,1,2,22856,Nopt,1154.289,217.662,402,2,0," :- unit2sensorGEQ(V1,V1), not zone2sensor(V1,V1).
 :- zone2sensor(V1,V2), unit2zoneGEQ(V2,V1), not unit2sensorGEQ(V2,V2).
"
18,./../Problems/PUP/triple_weight/,2-triple-9-6.lp - 2-triple-9-7.lp,Specific,Alternative,Full,1,3,25148,Nopt,1632.654,1341.38,600,6,0," :- zone2sensor(V1,V2), unit2sensorGEQ(V2,V1), closezones(V2,V1).
 :- zone2sensor(V1,V1), unit2sensorGEQ(V1,V1), not unit2zoneGEQ(V1,V1).
 :- partnerunits(V1,V2), closezones(V1,V2), not closesensors(V1,V2).
 :- partnerunits(V1,V2), unit2sensorGEQ(V2,V1), unit2sensorGEQ(V1,V2).
"
19,./../Problems/PUP/triple_weight/,2-triple-9-6.lp - 2-triple-9-7.lp,Specific,Alternative,Full,1,1,6751,Nopt,592.842,124.934,201,1,0," :- unit2sensorGEQ(V1,V1), unit2sensorGEQ(V2,V1), not zone2sensor(V2,V2).
"
20,./../Problems/PUP/triple_weight/,2-triple-9-6.lp - 2-triple-9-7.lp,Specific,Alternative,Full,1,2,13658,Nopt,1103.197,692.554,400,4,0," :- unit2zoneGEQ(V1,V1), unit2sensorGEQ(V1,V1), not zone2sensor(V1,V1).
 :- partnerunits(V1,V2), closezones(V1,V2), not closesensors(V2,V1).
 :- unit2sensorGEQ(V2,V1), unit2sensorGEQ(V1,V2), closesensors(V1,V2).
"
21,./../Problems/PUP/triple_weight/,2-triple-9-6.lp - 2-triple-9-7.lp,Specific,Alternative,Full,1,3,717,Nopt,1716.716,224.894,603,3,0," :- unit2sensorGEQ(V1,V1), not zone2sensor(V1,V1).
 :- unit2zoneGEQ(V1,V2), closezones(V2,V1), not unit2zoneGEQ(V1,V1).
"
22,./../Problems/PUP/triple_weight/,2-triple-9-6.lp - 2-triple-9-7.lp,Specific,Alternative,Full,1,1,16849,Nopt,559.631,262.641,200,2,0," :- zone2sensor(V1,V2), unit2sensorGEQ(V2,V1), closezones(V1,V2).
 :- partnerunits(V1,V2), closezones(V1,V2), not closesensors(V1,V2).
 :- unit2sensorGEQ(V1,V1), not zone2sensor(V1,V1), not unit2zoneGEQ(V1,V1).
"
23,./../Problems/PUP/triple_weight/,2-triple-9-6.lp - 2-triple-9-7.lp,Specific,Alternative,Full,1,2,29843,Nopt,1134.306,740.508,402,2,0," :- zone2sensor(V1,V2), unit2sensorGEQ(V2,V1), closesensors(V1,V2).
 :- partnerunits(V2,V1), unit2zoneGEQ(V1,V1), not unit2zoneGEQ(V2,V1).
"
24,./../Problems/PUP/triple_weight/,2-triple-9-6.lp - 2-triple-9-7.lp,Specific,Alternative,Full,1,3,8299,Nopt,1744.789,450.65,603,3,0," :- unit2sensorGEQ(V1,V1), not unit2zoneGEQ(V1,V1).
 :- partnerunits(V1,V2), unit2sensorGEQ(V1,V2), not unit2sensorGEQ(V2,V2).
"
25,./../Problems/PUP/triple_weight/,2-triple-9-6.lp - 2-triple-9-7.lp,Specific,Alternative,Full,1,1,6709,Nopt,585.311,777.324,201,1,0," :- partnerunits(V1,V2), not unit2zoneGEQ(V1,V1), not closesensors(V1,V2).
 :- partnerunits(V2,V1), zone2sensor(V1,V2), not unit2zoneGEQ(V2,V1).
"
26,./../Problems/PUP/triple_weight/,2-triple-9-6.lp - 2-triple-9-7.lp,Specific,Alternative,Full,1,2,24419,Nopt,1129.414,1014.46,401,3,0," :- zone2sensor(V1,V1), unit2zoneGEQ(V1,V1), not unit2sensorGEQ(V1,V1).
 :- partnerunits(V1,V2), closezones(V1,V2), not closesensors(V2,V1).
 :- zone2sensor(V1,V2), unit2sensorGEQ(V2,V1), not unit2zoneGEQ(V2,V2).
 :- partnerunits(V1,V2), unit2sensorGEQ(V2,V1), unit2sensorGEQ(V1,V2).
"
27,./../Problems/PUP/triple_weight/,2-triple-9-6.lp - 2-triple-9-7.lp,Specific,Alternative,Full,1,3,14456,Nopt,1638.268,437.691,600,6,0," :- zone2sensor(V1,V1), unit2sensorGEQ(V1,V1), not unit2zoneGEQ(V1,V1).
 :- partnerunits(V1,V2), closezones(V1,V2), not closesensors(V1,V2).
 :- unit2sensorGEQ(V2,V1), unit2sensorGEQ(V1,V2), closezones(V1,V2).
"
28,./../Problems/PUP/triple_weight/,2-triple-9-6.lp - 2-triple-9-7.lp,Specific,Alternative,Full,1,1,11547,Nopt,558.285,261.476,200,2,0," :- zone2sensor(V1,V2), unit2sensorGEQ(V2,V1), closezones(V2,V1).
 :- partnerunits(V1,V2), closezones(V2,V1), not closesensors(V2,V1).
 :- zone2sensor(V1,V2), unit2sensorGEQ(V2,V1), not unit2sensorGEQ(V1,V1).
"
29,./../Problems/PUP/triple_weight/,2-triple-9-6.lp - 2-triple-9-7.lp,Specific,Alternative,Full,1,2,7260,Nopt,1105.172,239.776,400,4,0," :- zone2sensor(V1,V2), unit2sensorGEQ(V2,V1), closezones(V1,V2).
 :- partnerunits(V1,V2), closezones(V2,V1), not closesensors(V2,V1).
 :- partnerunits(V1,V2), zone2sensor(V1,V2), not unit2sensorGEQ(V1,V1).
 :- partnerunits(V1,V2), not unit2sensorGEQ(V1,V1), not unit2sensorGEQ(V2,V2).
"
30,./../Problems/PUP/triple_weight/,2-triple-9-6.lp - 2-triple-9-7.lp,Specific,Alternative,Full,1,3,21865,Nopt,1780.508,1080.5,603,3,0," :- zone2sensor(V1,V2), unit2sensorGEQ(V2,V1), not unit2sensorGEQ(V2,V2).
 :- partnerunits(V1,V2), not unit2zoneGEQ(V2,V1), not closesensors(V2,V1).
"
31,./../Problems/PUP/triple_weight/,2-triple-9-6.lp - 2-triple-9-7.lp,Specific,Alternative,Full,1,1,16017,Nopt,552.884,255.125,200,2,0," :- partnerunits(V1,V2), closezones(V1,V2), not closesensors(V2,V1).
 :- unit2zoneGEQ(V1,V2), unit2sensorGEQ(V3,V1), not unit2zoneGEQ(V3,V2).
"
32,./../Problems/PUP/triple_weight/,2-triple-9-6.lp - 2-triple-9-7.lp,Specific,Alternative,Full,1,2,29417,Nopt,1116.966,248.345,400,4,0," :- zone2sensor(V1,V2), unit2zoneGEQ(V1,V1), not unit2sensorGEQ(V1,V2).
 :- partnerunits(V1,V2), not unit2zoneGEQ(V2,V1), not unit2zoneGEQ(V1,V2).
"
33,./../Problems/PUP/triple_weight/,2-triple-9-6.lp - 2-triple-9-7.lp,Specific,Alternative,Full,1,3,25421,Nopt,1715.227,668.492,601,5,0," :- partnerunits(V1,V2), closezones(V1,V2), not closesensors(V1,V2).
 :- zone2sensor(V1,V1), unit2zoneGEQ(V1,V2), not unit2zoneGEQ(V1,V1).
 :- zone2sensor(V1,V1), unit2sensorGEQ(V2,V1), not unit2zoneGEQ(V2,V1).
 :- partnerunits(V1,V2), not unit2zoneGEQ(V2,V1), not unit2zoneGEQ(V1,V2).
"
34,./../Problems/PUP/triple_weight/,2-triple-9-6.lp - 2-triple-9-7.lp,Specific,Alternative,Full,1,1,10456,Nopt,582.078,820.473,201,1,0," :- partnerunits(V1,V2), not unit2sensorGEQ(V1,V1), not closesensors(V2,V1).
 :- zone2sensor(V1,V2), unit2zoneGEQ(V2,V1), not unit2zoneGEQ(V1,V1).
"
35,./../Problems/PUP/triple_weight/,2-triple-9-6.lp - 2-triple-9-7.lp,Specific,Alternative,Full,1,2,25977,Nopt,854.938,363.931,400,4,0," :- zone2sensor(V1,V2), unit2sensorGEQ(V2,V1), closezones(V2,V1).
 :- zone2sensor(V1,V1), unit2sensorGEQ(V1,V1), not unit2zoneGEQ(V1,V1).
 :- partnerunits(V1,V2), closezones(V1,V2), not closesensors(V1,V2).
 :- unit2zoneGEQ(V1,V1), unit2sensorGEQ(V2,V1), not unit2zoneGEQ(V2,V1).
"
36,./../Problems/PUP/triple_weight/,2-triple-9-6.lp - 2-triple-9-7.lp,Specific,Alternative,Full,1,3,20418,Nopt,1705.338,843.524,600,6,0," :- partnerunits(V1,V2), closezones(V2,V1), not closesensors(V2,V1). 
 :- zone2sensor(V1,V2), unit2sensorGEQ(V2,V1), closezones(V1,V2).
 :- partnerunits(V1,V2), closezones(V2,V1), not closesensors(V2,V1).
 :- unit2zoneGEQ(V1,V2), unit2sensorGEQ(V2,V1), not unit2zoneGEQ(V2,V2).
 :- partnerunits(V1,V2), not unit2zoneGEQ(V2,V1), not unit2zoneGEQ(V1,V2).
"
37,./../Problems/PUP/triple_weight/,2-triple-9-6.lp - 2-triple-9-7.lp,Specific,Alternative,Full,1,1,3380,Nopt,585.894,246.524,201,1,0," :- zone2sensor(V1,V2), unit2sensorGEQ(V2,V1), closezones(V1,V2).
 :- partnerunits(V1,V2), not unit2sensorGEQ(V1,V1), not closesensors(V1,V2).
"
38,./../Problems/PUP/triple_weight/,2-triple-9-6.lp - 2-triple-9-7.lp,Specific,Alternative,Full,1,2,4490,Nopt,1080.972,785.136,400,4,0," :- partnerunits(V1,V2), closezones(V2,V1), not closesensors(V2,V1). 
 :- partnerunits(V1,V2), closezones(V2,V1), not closesensors(V2,V1).
 :- zone2sensor(V1,V1), unit2sensorGEQ(V1,V1), not unit2zoneGEQ(V1,V1).
 :- partnerunits(V1,V2), not unit2zoneGEQ(V1,V1), not unit2zoneGEQ(V2,V2).
 :- partnerunits(V1,V2), zone2sensor(V1,V2), not unit2sensorGEQ(V1,V2).
"
39,./../Problems/PUP/triple_weight/,2-triple-9-6.lp - 2-triple-9-7.lp,Specific,Alternative,Full,1,3,29743,Nopt,1712.94,356.637,602,4,0," :- zone2sensor(V1,V2), unit2sensorGEQ(V2,V1), closezones(V1,V2).
 :- zone2sensor(V1,V2), unit2sensorGEQ(V2,V1), not unit2zoneGEQ(V1,V1).
"
40,./../Problems/PUP/triple_weight/,2-triple-9-6.lp - 2-triple-9-7.lp,Specific,Alternative,Full,1,1,14157,Nopt,596.853,92.167,201,1,0," :- zone2sensor(V1,V2), unit2zoneGEQ(V2,V1), closesensors(V2,V1).
"
41,./../Problems/PUP/triple_weight/,2-triple-9-6.lp - 2-triple-9-7.lp,Specific,Alternative,Full,1,2,69,Nopt,1105.856,301.369,400,4,0," :- zone2sensor(V1,V2), unit2sensorGEQ(V2,V1), closesensors(V1,V2).
 :- zone2sensor(V1,V1), unit2zoneGEQ(V1,V1), not unit2sensorGEQ(V1,V1).
 :- partnerunits(V1,V2), closezones(V2,V1), not closesensors(V1,V2).
"
42,./../Problems/PUP/triple_weight/,2-triple-9-6.lp - 2-triple-9-7.lp,Specific,Alternative,Full,1,3,3023,Nopt,1645.766,958.942,600,6,0," :- partnerunits(V1,V2), closezones(V1,V2), not closesensors(V1,V2). 
 :- zone2sensor(V1,V2), unit2sensorGEQ(V2,V1), closezones(V1,V2).
 :- zone2sensor(V1,V1), unit2sensorGEQ(V1,V1), not unit2zoneGEQ(V1,V1).
 :- partnerunits(V1,V2), closezones(V1,V2), not closesensors(V1,V2).
"
43,./../Problems/PUP/triple_weight/,2-triple-9-6.lp - 2-triple-9-7.lp,Specific,Alternative,Full,1,1,14690,Nopt,556.491,139.341,200,2,0," :- zone2sensor(V1,V1), unit2sensorGEQ(V2,V1), not unit2sensorGEQ(V2,V2).
"
44,./../Problems/PUP/triple_weight/,2-triple-9-6.lp - 2-triple-9-7.lp,Specific,Alternative,Full,1,2,13524,Nopt,1146.842,283.619,402,2,0," :- zone2sensor(V1,V2), unit2sensorGEQ(V2,V1), closesensors(V1,V2).
 :- zone2sensor(V1,V2), unit2zoneGEQ(V2,V1), closesensors(V1,V2).
"
45,./../Problems/PUP/triple_weight/,2-triple-9-6.lp - 2-triple-9-7.lp,Specific,Alternative,Full,1,3,15622,Nopt,1698.654,74.562,603,3,0," :- unit2zoneGEQ(V1,V1), unit2sensorGEQ(V2,V1), not zone2sensor(V2,V2).
"
46,./../Problems/PUP/triple_weight/,2-triple-9-6.lp - 2-triple-9-7.lp,Specific,Alternative,Full,1,1,10222,Nopt,588.116,521.526,201,1,0," :- unit2sensorGEQ(V1,V2), closesensors(V2,V1), not unit2zoneGEQ(V1,V1).
 :- zone2sensor(V1,V2), unit2zoneGEQ(V2,V2), not unit2zoneGEQ(V1,V2).
"
47,./../Problems/PUP/triple_weight/,2-triple-9-6.lp - 2-triple-9-7.lp,Specific,Alternative,Full,1,2,23256,Nopt,1169.893,183.299,402,2,0," :- unit2zoneGEQ(V1,V2), not zone2sensor(V2,V1), not unit2zoneGEQ(V1,V1).
"
48,./../Problems/PUP/triple_weight/,2-triple-9-6.lp - 2-triple-9-7.lp,Specific,Alternative,Full,1,3,29764,Nopt,1752.916,197.359,603,3,0," :- unit2sensorGEQ(V2,V1), unit2sensorGEQ(V1,V2), not zone2sensor(V2,V1).
"
49,./../Problems/PUP/triple_weight/,2-triple-9-6.lp - 2-triple-9-7.lp,Specific,Alternative,Full,1,1,6652,Nopt,562.568,189.111,200,2,0," :- zone2sensor(V1,V2), unit2sensorGEQ(V2,V1), closezones(V2,V1).
 :- zone2sensor(V1,V2), unit2zoneGEQ(V2,V1), not unit2sensorGEQ(V2,V2).
"
50,./../Problems/PUP/triple_weight/,2-triple-9-6.lp - 2-triple-9-7.lp,Specific,Alternative,Full,1,2,27221,Nopt,1105.201,357.671,400,4,0," :- unit2sensorGEQ(V1,V2), closezones(V2,V1), not unit2zoneGEQ(V1,V2).
 :- unit2sensorGEQ(V2,V1), unit2sensorGEQ(V1,V2), closezones(V1,V2).
"
51,./../Problems/PUP/triple_weight/,2-triple-9-6.lp - 2-triple-9-7.lp,Specific,Alternative,Full,1,3,28577,Nopt,1602.359,962.674,601,5,0," :- partnerunits(V1,V2), not unit2sensorGEQ(V2,V1), not unit2sensorGEQ(V1,V2). 
 :- zone2sensor(V1,V1), unit2zoneGEQ(V1,V2), not unit2zoneGEQ(V1,V1).
 :- unit2sensorGEQ(V2,V1), unit2sensorGEQ(V1,V2), closesensors(V1,V2).
 :- partnerunits(V1,V2), not unit2sensorGEQ(V2,V1), not unit2sensorGEQ(V1,V2).
"
52,./../Problems/PUP/triple_weight/,2-triple-9-6.lp - 2-triple-9-7.lp,Specific,Alternative,Full,1,1,759,Nopt,565.273,307.535,200,2,0," :- zone2sensor(V1,V2), unit2sensorGEQ(V2,V1), closezones(V2,V1).
 :- unit2zoneGEQ(V1,V2), unit2sensorGEQ(V2,V2), not unit2zoneGEQ(V1,V1).
"
54,./../Problems/PUP/triple_weight/,2-triple-9-6.lp - 2-triple-9-7.lp,Specific,Alternative,Full,1,3,10002,Nopt,1648.856,556.438,600,6,0," :- partnerunits(V1,V2), closezones(V1,V2), not closesensors(V2,V1).
 :- zone2sensor(V1,V2), unit2zoneGEQ(V2,V1), closezones(V1,V2).
 :- unit2sensorGEQ(V2,V1), unit2sensorGEQ(V1,V2), closezones(V1,V2).
"
55,./../Problems/PUP/triple_weight/,2-triple-9-6.lp - 2-triple-9-7.lp,Specific,Alternative,Full,1,1,2905,Nopt,562.206,215.583,200,2,0," :- unit2sensorGEQ(V1,V1), not unit2zoneGEQ(V1,V1).
 :- zone2sensor(V1,V2), unit2sensorGEQ(V2,V1), closezones(V2,V1).
 :- partnerunits(V1,V2), closezones(V2,V1), not closesensors(V2,V1).
"
56,./../Problems/PUP/triple_weight/,2-triple-9-6.lp - 2-triple-9-7.lp,Specific,Alternative,Full,1,2,27702,Nopt,1115.866,1155.62,400,4,0," :- unit2sensorGEQ(V2,V1), unit2sensorGEQ(V1,V2), closezones(V1,V2). 
 :- partnerunits(V1,V2), closezones(V1,V2), not closesensors(V1,V2).
 :- partnerunits(V1,V2), zone2sensor(V1,V2), not unit2zoneGEQ(V1,V2).
 :- unit2sensorGEQ(V2,V1), unit2sensorGEQ(V1,V2), closezones(V1,V2).
 :- unit2zoneGEQ(V1,V1), unit2sensorGEQ(V2,V1), not unit2zoneGEQ(V2,V1).
"
57,./../Problems/PUP/triple_weight/,2-triple-9-6.lp - 2-triple-9-7.lp,Specific,Alternative,Full,1,3,4997,Nopt,1743.3,339.107,603,3,0," :- zone2sensor(V1,V2), unit2sensorGEQ(V2,V1), closezones(V2,V1).
 :- unit2zoneGEQ(V1,V2), not unit2zoneGEQ(V1,V1).
"
58,./../Problems/PUP/triple_weight/,2-triple-9-6.lp - 2-triple-9-7.lp,Specific,Alternative,Full,1,1,26985,Nopt,571.547,448.965,200,2,0," :- unit2sensorGEQ(V1,V1), not unit2zoneGEQ(V1,V1).
 :- partnerunits(V1,V2), closezones(V2,V1), not closesensors(V1,V2).
 :- partnerunits(V1,V2), unit2sensorGEQ(V2,V1), unit2sensorGEQ(V1,V2).
"
59,./../Problems/PUP/triple_weight/,2-triple-9-6.lp - 2-triple-9-7.lp,Specific,Alternative,Full,1,2,16281,Nopt,1121.054,839.093,400,4,0," :- zone2sensor(V1,V2), unit2sensorGEQ(V2,V1), closezones(V2,V1).
 :- partnerunits(V1,V2), closezones(V2,V1), not closesensors(V2,V1).
 :- unit2zoneGEQ(V1,V2), unit2sensorGEQ(V2,V2), not unit2sensorGEQ(V1,V2).
 :- unit2zoneGEQ(V1,V2), unit2sensorGEQ(V2,V1), not unit2zoneGEQ(V1,V1).
"
60,./../Problems/PUP/triple_weight/,2-triple-9-6.lp - 2-triple-9-7.lp,Specific,Alternative,Full,1,3,16345,Nopt,1643.545,1489.02,600,6,0," :- zone2sensor(V1,V2), unit2zoneGEQ(V2,V1), not unit2zoneGEQ(V1,V2). 
 :- partnerunits(V1,V2), closezones(V2,V1), not closesensors(V1,V2).
 :- partnerunits(V2,V3), unit2sensorGEQ(V1,V2), not unit2zoneGEQ(V1,V2).
"
61,./../Problems/PUP/triple_weight/,2-triple-9-6.lp - 2-triple-9-7.lp,Specific,Alternative,Full,1,1,14189,Nopt,592.309,1150.42,401,1,0," :- partnerunits(V1,V2), not unit2zoneGEQ(V1,V1), not unit2zoneGEQ(V1,V2). 
 :- unit2sensorGEQ(V2,V1), unit2sensorGEQ(V1,V2), closezones(V1,V2).
 :- partnerunits(V1,V2), not unit2zoneGEQ(V1,V1), not unit2zoneGEQ(V1,V2).
"
62,./../Problems/PUP/triple_weight/,2-triple-9-6.lp - 2-triple-9-7.lp,Specific,Alternative,Full,1,2,21352,Nopt,1163.848,128.902,802,2,0," :- unit2sensorGEQ(V1,V1), unit2sensorGEQ(V2,V1), not zone2sensor(V2,V1).
"
63,./../Problems/PUP/triple_weight/,2-triple-9-6.lp - 2-triple-9-7.lp,Specific,Alternative,Full,1,3,14837,Nopt,1724.423,176.761,1203,3,0," :- zone2sensor(V1,V2), unit2sensorGEQ(V2,V2), closezones(V1,V2).
 :- closezones(V1,V2), closesensors(V2,V1), not unit2zoneGEQ(V2,V2).
"
64,./../Problems/PUP/triple_weight/,2-triple-9-6.lp - 2-triple-9-7.lp,Specific,Alternative,Full,1,1,24318,Nopt,569.95,970.507,400,2,0," :- zone2sensor(V1,V2), unit2sensorGEQ(V2,V1), closezones(V1,V2).
 :- zone2sensor(V1,V2), unit2sensorGEQ(V1,V1), not unit2zoneGEQ(V1,V2).
"
65,./../Problems/PUP/triple_weight/,2-triple-9-6.lp - 2-triple-9-7.lp,Specific,Alternative,Full,1,2,26740,Nopt,1175.904,655.938,802,2,0," :- zone2sensor(V1,V2), unit2sensorGEQ(V2,V1), closesensors(V1,V2).
 :- partnerunits(V1,V2), closezones(V2,V1), not closesensors(V1,V2).
 :- unit2zoneGEQ(V1,V1), unit2sensorGEQ(V2,V1), not unit2zoneGEQ(V2,V1).
"
66,./../Problems/PUP/triple_weight/,2-triple-9-6.lp - 2-triple-9-7.lp,Specific,Alternative,Full,1,3,23583,Nopt,1657.999,840.33,1200,6,0," :- unit2sensorGEQ(V1,V1), not zone2sensor(V1,V1).
 :- zone2sensor(V1,V2), unit2sensorGEQ(V2,V1), closezones(V2,V1).
 :- partnerunits(V1,V2), not unit2zoneGEQ(V1,V1), not unit2zoneGEQ(V1,V2).
"
67,./../Problems/PUP/triple_weight/,2-triple-9-6.lp - 2-triple-9-7.lp,Specific,Alternative,Full,1,1,17876,Nopt,595.218,561.213,401,1,0," :- partnerunits(V1,V2), closezones(V1,V2), not closesensors(V1,V2).
 :- unit2sensorGEQ(V1,V1), unit2sensorGEQ(V2,V1), not zone2sensor(V2,V1).
"
68,./../Problems/PUP/triple_weight/,2-triple-9-6.lp - 2-triple-9-7.lp,Specific,Alternative,Full,1,2,19383,Nopt,1118.501,1399.8,800,4,0," :- partnerunits(V1,V2), not unit2zoneGEQ(V1,V1), not unit2zoneGEQ(V2,V2). 
 :- partnerunits(V1,V2), closezones(V2,V1), not closesensors(V2,V1).
 :- partnerunits(V1,V2), not unit2zoneGEQ(V1,V1), not unit2zoneGEQ(V2,V2).
 :- unit2zoneGEQ(V1,V1), unit2sensorGEQ(V2,V1), not unit2zoneGEQ(V2,V1).
 :- unit2zoneGEQ(V1,V2), unit2sensorGEQ(V2,V1), not unit2zoneGEQ(V2,V2).
"
69,./../Problems/PUP/triple_weight/,2-triple-9-6.lp - 2-triple-9-7.lp,Specific,Alternative,Full,1,3,7579,Nopt,1643.721,242.755,1203,3,0," :- zone2sensor(V1,V2), unit2sensorGEQ(V2,V2), closesensors(V1,V2).
 :- unit2sensorGEQ(V1,V2), closesensors(V1,V2), not unit2zoneGEQ(V1,V1).
"
70,./../Problems/PUP/triple_weight/,2-triple-9-6.lp - 2-triple-9-7.lp,Specific,Alternative,Full,1,1,28975,Nopt,570.598,1732.93,400,2,0," :- unit2zoneGEQ(V1,V2), unit2sensorGEQ(V2,V2), not unit2zoneGEQ(V1,V1). 
 :- unit2zoneGEQ(V1,V1), unit2sensorGEQ(V1,V1), not zone2sensor(V1,V1).
 :- partnerunits(V1,V2), closezones(V2,V1), not closesensors(V1,V2).
 :- zone2sensor(V1,V1), unit2zoneGEQ(V2,V1), not unit2zoneGEQ(V2,V2).
"
73,./../Problems/PUP/triple_weight/,2-triple-9-6.lp - 2-triple-9-7.lp,Specific,Alternative,Full,1,1,5107,Nopt,585.175,691.181,401,1,0," :- zone2sensor(V1,V2), unit2sensorGEQ(V2,V2), not unit2sensorGEQ(V1,V2).
 :- unit2zoneGEQ(V1,V2), not zone2sensor(V2,V1), not unit2zoneGEQ(V1,V1).
"
74,./../Problems/PUP/triple_weight/,2-triple-9-6.lp - 2-triple-9-7.lp,Specific,Alternative,Full,1,2,10838,Nopt,1163.233,1992.2,802,2,0," :- zone2sensor(V1,V2), unit2sensorGEQ(V2,V1), closezones(V1,V2).
 :- partnerunits(V1,V2), closezones(V1,V2), not closesensors(V1,V2).
 :- unit2sensorGEQ(V1,V1), not zone2sensor(V1,V1), not unit2zoneGEQ(V1,V1).
 :- partnerunits(V1,V2), zone2sensor(V1,V2), unit2sensorGEQ(V2,V1).
"
76,./../Problems/PUP/triple_weight/,2-triple-9-6.lp - 2-triple-9-7.lp,Specific,Alternative,Full,1,1,9373,Nopt,594.958,414.033,401,1,0," :- unit2sensorGEQ(V1,V1), not zone2sensor(V1,V1).
 :- zone2sensor(V1,V2), unit2sensorGEQ(V2,V1), closesensors(V2,V1).
"
77,./../Problems/PUP/triple_weight/,2-triple-9-6.lp - 2-triple-9-7.lp,Specific,Alternative,Full,1,2,12399,Nopt,1101.554,472.038,800,4,0," :- unit2sensorGEQ(V1,V1), not zone2sensor(V1,V1).
 :- zone2sensor(V1,V2), unit2zoneGEQ(V2,V2), not unit2zoneGEQ(V1,V2).
 :- unit2zoneGEQ(V1,V2), unit2sensorGEQ(V3,V1), not unit2zoneGEQ(V3,V2).
"
79,./../Problems/PUP/triple_weight/,2-triple-9-6.lp - 2-triple-9-7.lp,Specific,Alternative,Full,1,1,21123,Nopt,561.399,617.754,400,2,0," :- unit2sensorGEQ(V1,V1), not unit2zoneGEQ(V1,V1).
 :- zone2sensor(V1,V2), unit2zoneGEQ(V2,V1), closezones(V2,V1).
 :- zone2sensor(V1,V1), unit2sensorGEQ(V2,V1), not unit2zoneGEQ(V2,V1).
"
80,./../Problems/PUP/triple_weight/,2-triple-9-6.lp - 2-triple-9-7.lp,Specific,Alternative,Full,1,2,32737,Nopt,1121.939,405.694,800,4,0," :- partnerunits(V1,V2), closezones(V2,V1), not closesensors(V2,V1).
 :- unit2sensorGEQ(V2,V1), unit2sensorGEQ(V1,V2), closezones(V1,V2).
 :- partnerunits(V1,V2), unit2sensorGEQ(V2,V1), unit2sensorGEQ(V1,V2).
 :- partnerunits(V1,V2), not unit2zoneGEQ(V2,V1), not unit2zoneGEQ(V1,V2).
"
81,./../Problems/PUP/triple_weight/,2-triple-9-6.lp - 2-triple-9-7.lp,Specific,Alternative,Full,1,3,2231,Nopt,1679.855,1223.22,1201,5,0," :- zone2sensor(V1,V2), unit2sensorGEQ(V2,V1), not unit2zoneGEQ(V2,V2).
 :- unit2zoneGEQ(V1,V1), unit2sensorGEQ(V2,V1), not unit2zoneGEQ(V2,V2).
 :- unit2sensorGEQ(V2,V1), unit2sensorGEQ(V1,V2), closezones(V1,V2).
 :- unit2zoneGEQ(V1,V2), unit2sensorGEQ(V2,V1), not unit2zoneGEQ(V2,V1).
"
82,./../Problems/PUP/triple_weight/,2-triple-9-6.lp - 2-triple-9-7.lp,Specific,Alternative,Full,1,1,26645,Nopt,564.197,679.582,400,2,0," :- zone2sensor(V1,V2), unit2sensorGEQ(V2,V1), closesensors(V1,V2).
 :- partnerunits(V1,V2), closezones(V2,V1), not closesensors(V1,V2).
 :- zone2sensor(V1,V2), unit2zoneGEQ(V2,V1), not unit2zoneGEQ(V2,V2).
"
83,./../Problems/PUP/triple_weight/,2-triple-9-6.lp - 2-triple-9-7.lp,Specific,Alternative,Full,1,2,4448,Nopt,1116.351,662.63,800,4,0," :- partnerunits(V1,V2), closezones(V2,V1), not closesensors(V2,V1).
 :- unit2sensorGEQ(V2,V1), unit2sensorGEQ(V1,V2), closezones(V1,V2).
 :- partnerunits(V1,V2), not unit2zoneGEQ(V2,V1), not unit2zoneGEQ(V1,V2).
"
84,./../Problems/PUP/triple_weight/,2-triple-9-6.lp - 2-triple-9-7.lp,Specific,Alternative,Full,1,3,12868,Nopt,1712.064,167.559,1203,3,0," :- unit2sensorGEQ(V2,V1), unit2sensorGEQ(V1,V2), not zone2sensor(V2,V1).
"
85,./../Problems/PUP/triple_weight/,2-triple-9-6.lp - 2-triple-9-7.lp,Specific,Alternative,Full,1,1,1769,Nopt,554.171,1152.06,400,2,0," :- zone2sensor(V1,V2), unit2sensorGEQ(V2,V1), closezones(V1,V2).
 :- zone2sensor(V1,V1), unit2zoneGEQ(V1,V1), not unit2sensorGEQ(V1,V1).
 :- partnerunits(V1,V2), closezones(V1,V2), not closesensors(V1,V2).
 :- partnerunits(V2,V1), zone2sensor(V1,V2), not unit2zoneGEQ(V1,V2).
"
86,./../Problems/PUP/triple_weight/,2-triple-9-6.lp - 2-triple-9-7.lp,Specific,Alternative,Full,1,2,8467,Nopt,1144.581,751.306,802,2,0," :- closezones(V1,V2), closesensors(V1,V2), not unit2zoneGEQ(V1,V1).
 :- zone2sensor(V1,V1), unit2zoneGEQ(V2,V1), not unit2sensorGEQ(V2,V2).
"
88,./../Problems/PUP/triple_weight/,2-triple-9-6.lp - 2-triple-9-7.lp,Specific,Alternative,Full,1,1,2212,Nopt,557.123,1391.95,400,2,0," :- zone2sensor(V1,V2), unit2sensorGEQ(V2,V1), closezones(V2,V1).
 :- zone2sensor(V1,V1), unit2zoneGEQ(V1,V1), not unit2sensorGEQ(V1,V1).
 :- partnerunits(V1,V2), not unit2zoneGEQ(V1,V1), not closesensors(V1,V2).
"
89,./../Problems/PUP/triple_weight/,2-triple-9-6.lp - 2-triple-9-7.lp,Specific,Alternative,Full,1,2,9472,Nopt,1102.754,126.324,800,4,0," :- unit2sensorGEQ(V2,V1), unit2sensorGEQ(V1,V2), closezones(V1,V2).
"
90,./../Problems/PUP/triple_weight/,2-triple-9-6.lp - 2-triple-9-7.lp,Specific,Alternative,Full,1,3,1280,Nopt,1692.269,1052.41,1203,3,0," :- unit2sensorGEQ(V1,V1), not zone2sensor(V1,V1), not unit2zoneGEQ(V1,V1). 
 :- zone2sensor(V1,V2), unit2sensorGEQ(V2,V1), closezones(V1,V2).
 :- partnerunits(V1,V2), closezones(V2,V1), not closesensors(V2,V1).
 :- partnerunits(V1,V2), not unit2zoneGEQ(V1,V1), not closesensors(V1,V2).
"
91,./../Problems/PUP/triple_weight/,2-triple-9-6.lp - 2-triple-9-7.lp,Specific,Alternative,Full,1,1,13383,Nopt,562.311,238.861,400,2,0," :- unit2sensorGEQ(V1,V1), not zone2sensor(V1,V1), not unit2zoneGEQ(V1,V1).
 :- unit2zoneGEQ(V1,V2), unit2sensorGEQ(V3,V1), not unit2zoneGEQ(V3,V2).
"
92,./../Problems/PUP/triple_weight/,2-triple-9-6.lp - 2-triple-9-7.lp,Specific,Alternative,Full,1,2,2517,Nopt,1036.927,1617.7,800,4,0," :- unit2sensorGEQ(V1,V1), not unit2zoneGEQ(V1,V1).
 :- unit2zoneGEQ(V1,V1), not zone2sensor(V1,V1), not unit2sensorGEQ(V1,V1).
 :- partnerunits(V1,V2), closezones(V1,V2), not closesensors(V2,V1).
 :- zone2sensor(V1,V2), unit2sensorGEQ(V2,V2), not unit2sensorGEQ(V1,V2).
"
94,./../Problems/PUP/triple_weight/,2-triple-9-6.lp - 2-triple-9-7.lp,Specific,Alternative,Full,1,1,13727,Nopt,595.317,299.526,401,1,0," :- unit2sensorGEQ(V1,V1), not zone2sensor(V1,V1).
 :- zone2sensor(V1,V2), unit2sensorGEQ(V2,V1), closesensors(V1,V2).
"
95,./../Problems/PUP/triple_weight/,2-triple-9-6.lp - 2-triple-9-7.lp,Specific,Alternative,Full,1,2,15928,Nopt,1136.217,343.29,802,2,0," :- partnerunits(V1,V2), not zone2sensor(V2,V2), not unit2zoneGEQ(V2,V1).
"
96,./../Problems/PUP/triple_weight/,2-triple-9-6.lp - 2-triple-9-7.lp,Specific,Alternative,Full,1,3,18316,Nopt,1720.349,1349.76,1203,3,0," :- unit2sensorGEQ(V1,V1), not zone2sensor(V1,V1).
 :- partnerunits(V1,V2), closezones(V1,V2), not closesensors(V1,V2).
 :- zone2sensor(V1,V2), unit2zoneGEQ(V2,V2), not unit2zoneGEQ(V1,V2).
 :- partnerunits(V2,V1), zone2sensor(V1,V2), not unit2zoneGEQ(V1,V2).
 :- partnerunits(V1,V2), not unit2zoneGEQ(V2,V1), not unit2zoneGEQ(V1,V2).
"
97,./../Problems/PUP/triple_weight/,2-triple-9-6.lp - 2-triple-9-7.lp,Specific,Alternative,Full,1,1,32033,Nopt,582.593,358.294,401,1,0," :- zone2sensor(V1,V2), unit2sensorGEQ(V2,V1), closesensors(V2,V1).
 :- zone2sensor(V1,V2), unit2zoneGEQ(V2,V1), not unit2zoneGEQ(V1,V1).
"
98,./../Problems/PUP/triple_weight/,2-triple-9-6.lp - 2-triple-9-7.lp,Specific,Alternative,Full,1,2,32598,Nopt,1153.777,1016.84,802,2,0," :- partnerunits(V1,V2), not unit2zoneGEQ(V2,V2), not closesensors(V1,V2). 
 :- partnerunits(V1,V2), not unit2zoneGEQ(V2,V2), not closesensors(V1,V2).
 :- zone2sensor(V1,V2), unit2sensorGEQ(V1,V1), not unit2sensorGEQ(V1,V2).
"
99,./../Problems/PUP/triple_weight/,2-triple-9-6.lp - 2-triple-9-7.lp,Specific,Alternative,Full,1,3,11310,Nopt,1634.118,694.347,1200,6,0," :- zone2sensor(V1,V2), unit2sensorGEQ(V2,V1), closezones(V1,V2).
 :- zone2sensor(V1,V1), unit2sensorGEQ(V1,V1), not unit2zoneGEQ(V1,V1).
 :- partnerunits(V1,V2), closezones(V1,V2), not closesensors(V1,V2).
"
100,./../Problems/PUP/triple_weight/,2-triple-9-6.lp - 2-triple-9-7.lp,Specific,Alternative,Full,1,1,30414,Nopt,552.305,445.158,401,1,0," :- unit2zoneGEQ(V1,V1), not zone2sensor(V1,V1).
 :- partnerunits(V1,V2), unit2sensorGEQ(V1,V2), not unit2zoneGEQ(V1,V1).
"
101,./../Problems/PUP/triple_weight/,2-triple-9-6.lp - 2-triple-9-7.lp,Specific,Alternative,Full,1,2,7830,Nopt,1146.824,1638.06,802,2,0," :- zone2sensor(V1,V2), unit2sensorGEQ(V2,V1), not unit2sensorGEQ(V1,V2). 
 :- zone2sensor(V1,V1), unit2sensorGEQ(V2,V1), not unit2sensorGEQ(V2,V2).
 :- zone2sensor(V1,V2), unit2sensorGEQ(V2,V1), not unit2zoneGEQ(V1,V2).
"
103,./../Problems/PUP/triple_weight/,2-triple-9-6.lp - 2-triple-9-7.lp,Specific,Alternative,Full,1,1,31869,Nopt,773.488,754.264,400,2,0," :- zone2sensor(V1,V2), unit2sensorGEQ(V2,V1), closesensors(V1,V2).
 :- partnerunits(V1,V2), closezones(V2,V1), not closesensors(V1,V2).
 :- partnerunits(V2,V1), zone2sensor(V1,V2), not unit2zoneGEQ(V1,V2).
"
104,./../Problems/PUP/triple_weight/,2-triple-9-6.lp - 2-triple-9-7.lp,Specific,Alternative,Full,1,2,22564,Nopt,1410.75,2107.78,800,4,0," :- zone2sensor(V1,V2), unit2sensorGEQ(V1,V1), not unit2sensorGEQ(V1,V2). 
 :- partnerunits(V1,V2), closezones(V1,V2), not closesensors(V1,V2).
 :- zone2sensor(V1,V2), unit2sensorGEQ(V1,V1), not unit2sensorGEQ(V1,V2).
 :- unit2sensorGEQ(V2,V1), unit2sensorGEQ(V1,V2), closezones(V1,V2).
"
106,./../Problems/PUP/triple_weight/,2-triple-9-6.lp - 2-triple-9-7.lp,Specific,Alternative,Full,1,1,8543,Nopt,671.098,1024.68,401,1,0," :- zone2sensor(V1,V2), unit2sensorGEQ(V1,V1), not unit2zoneGEQ(V1,V2).
 :- partnerunits(V1,V2), unit2sensorGEQ(V2,V1), unit2sensorGEQ(V1,V2).
"
107,./../Problems/PUP/triple_weight/,2-triple-9-6.lp - 2-triple-9-7.lp,Specific,Alternative,Full,1,2,12158,Nopt,1198.21,249.293,800,4,0," :- partnerunits(V1,V2), closezones(V1,V2), not closesensors(V1,V2).
 :- unit2zoneGEQ(V1,V2), unit2sensorGEQ(V3,V1), not unit2zoneGEQ(V3,V2).
"
108,./../Problems/PUP/triple_weight/,2-triple-9-6.lp - 2-triple-9-7.lp,Specific,Alternative,Full,1,3,16923,Nopt,1813.55,1468.3,1201,5,0," :- unit2sensorGEQ(V1,V1), not unit2zoneGEQ(V1,V1).
 :- partnerunits(V1,V2), closezones(V2,V1), not closesensors(V1,V2).
 :- partnerunits(V1,V2), unit2sensorGEQ(V1,V1), unit2sensorGEQ(V2,V2).
 :- unit2sensorGEQ(V2,V1), unit2sensorGEQ(V1,V2), closesensors(V1,V2).
"
109,./../Problems/PUP/triple_weight/,2-triple-9-6.lp - 2-triple-9-7.lp,Specific,Alternative,Full,1,1,16687,Nopt,563.539,327.459,401,1,0," :- unit2sensorGEQ(V1,V1), not zone2sensor(V1,V1).
 :- unit2sensorGEQ(V1,V2), closezones(V1,V2), not zone2sensor(V1,V1).
"
110,./../Problems/PUP/triple_weight/,2-triple-9-6.lp - 2-triple-9-7.lp,Specific,Alternative,Full,1,2,27416,Nopt,1119.671,248.456,802,2,0," :- zone2sensor(V1,V2), unit2sensorGEQ(V2,V2), closesensors(V1,V2).
 :- zone2sensor(V1,V2), unit2sensorGEQ(V2,V1), closezones(V2,V1).
"
111,./../Problems/PUP/triple_weight/,2-triple-9-6.lp - 2-triple-9-7.lp,Specific,Alternative,Full,1,3,21083,Nopt,1638.313,1188.06,1201,5,0," :- zone2sensor(V1,V2), unit2zoneGEQ(V2,V2), not unit2zoneGEQ(V1,V2). 
 :- unit2zoneGEQ(V1,V1), unit2sensorGEQ(V1,V1), not zone2sensor(V1,V1).
 :- partnerunits(V1,V2), closezones(V1,V2), not closesensors(V2,V1).
 :- zone2sensor(V1,V2), unit2zoneGEQ(V1,V1), not unit2sensorGEQ(V1,V2).
 :- zone2sensor(V1,V2), unit2zoneGEQ(V2,V2), not unit2zoneGEQ(V1,V2).
 :- unit2zoneGEQ(V1,V2), unit2sensorGEQ(V2,V1), not unit2zoneGEQ(V2,V2).
"
112,./../Problems/PUP/triple_weight/,2-triple-9-6.lp - 2-triple-9-7.lp,Specific,Alternative,Full,1,1,16567,Nopt,565.44,419.786,401,1,0," :- zone2sensor(V1,V2), unit2sensorGEQ(V2,V1), closezones(V1,V2).
 :- unit2zoneGEQ(V1,V2), closezones(V2,V1), not unit2zoneGEQ(V1,V1).
"
113,./../Problems/PUP/triple_weight/,2-triple-9-6.lp - 2-triple-9-7.lp,Specific,Alternative,Full,1,2,70,Nopt,1064.193,1074.23,800,4,0," :- partnerunits(V2,V1), zone2sensor(V1,V2), unit2sensorGEQ(V2,V1). 
 :- zone2sensor(V1,V2), unit2zoneGEQ(V2,V1), not unit2zoneGEQ(V1,V1).
 :- zone2sensor(V1,V1), unit2sensorGEQ(V2,V1), not unit2zoneGEQ(V2,V1).
"
114,./../Problems/PUP/triple_weight/,2-triple-9-6.lp - 2-triple-9-7.lp,Specific,Alternative,Full,1,3,22154,Nopt,1630.446,390.47,1201,5,0," :- zone2sensor(V1,V2), unit2sensorGEQ(V2,V2), not unit2zoneGEQ(V1,V1).
 :- unit2sensorGEQ(V2,V1), unit2sensorGEQ(V1,V2), closezones(V1,V2).
"
115,./../Problems/PUP/triple_weight/,2-triple-9-6.lp - 2-triple-9-7.lp,Specific,Alternative,Full,1,1,16699,Nopt,534.932,406.988,400,2,0," :- partnerunits(V1,V2), closezones(V1,V2), not closesensors(V1,V2).
 :- zone2sensor(V1,V1), unit2sensorGEQ(V2,V1), not unit2zoneGEQ(V2,V1).
 :- unit2sensorGEQ(V2,V1), unit2sensorGEQ(V1,V2), closezones(V1,V2).
"
116,./../Problems/PUP/triple_weight/,2-triple-9-6.lp - 2-triple-9-7.lp,Specific,Alternative,Full,1,2,25944,Nopt,1055.091,1326.11,800,4,0," :- zone2sensor(V1,V2), unit2sensorGEQ(V2,V1), closesensors(V1,V2).
 :- partnerunits(V1,V2), closezones(V1,V2), not closesensors(V2,V1).
 :- unit2zoneGEQ(V1,V2), unit2sensorGEQ(V2,V1), not unit2zoneGEQ(V2,V2).
"
118,./../Problems/PUP/triple_weight/,2-triple-9-6.lp - 2-triple-9-7.lp,Specific,Alternative,Full,1,1,2753,Nopt,537.364,315.561,400,2,0," :- unit2zoneGEQ(V1,V2), unit2sensorGEQ(V3,V1), not unit2zoneGEQ(V3,V2).
"
119,./../Problems/PUP/triple_weight/,2-triple-9-6.lp - 2-triple-9-7.lp,Specific,Alternative,Full,1,2,31792,Nopt,1051.803,1730.25,800,4,0," :- partnerunits(V1,V2), closezones(V1,V2), not closesensors(V1,V2). 
 :- zone2sensor(V1,V2), unit2sensorGEQ(V2,V1), closezones(V2,V1).
 :- partnerunits(V1,V2), closezones(V1,V2), not closesensors(V1,V2).
 :- partnerunits(V1,V2), not unit2zoneGEQ(V1,V1), not unit2zoneGEQ(V2,V2).
 :- unit2zoneGEQ(V1,V2), unit2sensorGEQ(V2,V1), not unit2zoneGEQ(V2,V2).
"
