,Directory,Files analysed with SBASS,Positive Examples in S,Ordering,SBC,Iteration,Cell,Seed,Opt,Time for creating examples,Time for solving ILP task,Total neg examples,Total pos examples,Neg examples uncovered,Learned Constraints
1,./../Problems/PUP/triple_opt/,2-triple-9-7.lp,Specific,Alternative,Full,1,1,31681,Nopt,10.096,0,2,0,2,
2,./../Problems/PUP/triple_opt/,2-triple-9-7.lp,Specific,Alternative,Full,1,2,4634,Nopt,10.134,141.333,3,1,0," :- unit2sensorGEQ(V1,V2), closesensors(V1,V2), not unit2zoneGEQ(V1,V2).
"
3,./../Problems/PUP/triple_opt/,2-triple-9-7.lp,Specific,Alternative,Full,1,3,16837,Nopt,10.183,0,6,0,6,
4,./../Problems/PUP/triple_opt/,2-triple-9-7.lp,Specific,Alternative,Full,1,1,15262,Nopt,10.098,0,2,0,2,
5,./../Problems/PUP/triple_opt/,2-triple-9-7.lp,Specific,Alternative,Full,1,2,22084,Nopt,10.143,0,4,0,4,
6,./../Problems/PUP/triple_opt/,2-triple-9-7.lp,Specific,Alternative,Full,1,3,24758,Nopt,10.174,0,6,0,6,
7,./../Problems/PUP/triple_opt/,2-triple-9-7.lp,Specific,Alternative,Full,1,1,3718,Nopt,10.097,0,2,0,2,
8,./../Problems/PUP/triple_opt/,2-triple-9-7.lp,Specific,Alternative,Full,1,2,26796,Nopt,10.112,0,4,0,4,
9,./../Problems/PUP/triple_opt/,2-triple-9-7.lp,Specific,Alternative,Full,1,3,25434,Nopt,10.179,0,6,0,6,
10,./../Problems/PUP/triple_opt/,2-triple-9-7.lp,Specific,Alternative,Full,1,1,8598,Nopt,10.098,38.274,1,1,0," :- unit2zoneGEQ(V1,V1), not zone2sensor(V1,V1), not unit2sensorGEQ(V1,V1).
"
11,./../Problems/PUP/triple_opt/,2-triple-9-7.lp,Specific,Alternative,Full,1,2,21172,Nopt,10.139,0,4,0,4,
12,./../Problems/PUP/triple_opt/,2-triple-9-7.lp,Specific,Alternative,Full,1,3,31928,Nopt,10.19,0,6,0,6,
13,./../Problems/PUP/triple_opt/,2-triple-9-7.lp,Specific,Alternative,Full,1,1,29690,Nopt,10.1,0,2,0,2,
14,./../Problems/PUP/triple_opt/,2-triple-9-7.lp,Specific,Alternative,Full,1,2,3800,Nopt,10.139,0,4,0,4,
15,./../Problems/PUP/triple_opt/,2-triple-9-7.lp,Specific,Alternative,Full,1,3,1743,Nopt,10.17,0,6,0,6,
16,./../Problems/PUP/triple_opt/,2-triple-9-7.lp,Specific,Alternative,Full,1,1,26740,Nopt,10.096,0,2,0,2,
17,./../Problems/PUP/triple_opt/,2-triple-9-7.lp,Specific,Alternative,Full,1,2,22856,Nopt,10.138,0,4,0,4,
18,./../Problems/PUP/triple_opt/,2-triple-9-7.lp,Specific,Alternative,Full,1,3,25148,Nopt,10.178,0,6,0,6,
19,./../Problems/PUP/triple_opt/,2-triple-9-7.lp,Specific,Alternative,Full,1,1,6751,Nopt,10.069,31.694,1,1,0," :- unit2sensorGEQ(V1,V1), not zone2sensor(V1,V1).
"
20,./../Problems/PUP/triple_opt/,2-triple-9-7.lp,Specific,Alternative,Full,1,2,13658,Nopt,10.134,0,4,0,4,
21,./../Problems/PUP/triple_opt/,2-triple-9-7.lp,Specific,Alternative,Full,1,3,717,Nopt,10.176,0,6,0,6,
22,./../Problems/PUP/triple_opt/,2-triple-9-7.lp,Specific,Alternative,Full,1,1,16849,Nopt,10.088,0,2,0,2,
23,./../Problems/PUP/triple_opt/,2-triple-9-7.lp,Specific,Alternative,Full,1,2,29843,Nopt,10.146,0,4,0,4,
24,./../Problems/PUP/triple_opt/,2-triple-9-7.lp,Specific,Alternative,Full,1,3,8299,Nopt,10.188,37.378,3,3,0," :- closezones(V1,V2), closesensors(V1,V2), not unit2zoneGEQ(V2,V2).
"
25,./../Problems/PUP/triple_opt/,2-triple-9-7.lp,Specific,Alternative,Full,1,1,6709,Nopt,10.082,36.733,1,1,0," :- unit2sensorGEQ(V1,V1), not zone2sensor(V1,V1).
"
26,./../Problems/PUP/triple_opt/,2-triple-9-7.lp,Specific,Alternative,Full,1,2,24419,Nopt,10.13,0,4,0,4,
27,./../Problems/PUP/triple_opt/,2-triple-9-7.lp,Specific,Alternative,Full,1,3,14456,Nopt,10.174,0,6,0,6,
28,./../Problems/PUP/triple_opt/,2-triple-9-7.lp,Specific,Alternative,Full,1,1,11547,Nopt,10.1,0,2,0,2,
29,./../Problems/PUP/triple_opt/,2-triple-9-7.lp,Specific,Alternative,Full,1,2,7260,Nopt,10.146,0,4,0,4,
30,./../Problems/PUP/triple_opt/,2-triple-9-7.lp,Specific,Alternative,Full,1,3,21865,Nopt,10.143,0,6,0,6,
31,./../Problems/PUP/triple_opt/,2-triple-9-7.lp,Specific,Alternative,Full,1,1,16017,Nopt,10.071,40.014,1,1,0," :- unit2sensorGEQ(V1,V1), not zone2sensor(V1,V1).
"
32,./../Problems/PUP/triple_opt/,2-triple-9-7.lp,Specific,Alternative,Full,1,2,29417,Nopt,10.133,66.354,3,1,0," :- unit2sensorGEQ(V1,V1), not zone2sensor(V1,V1), not unit2zoneGEQ(V1,V1).
"
33,./../Problems/PUP/triple_opt/,2-triple-9-7.lp,Specific,Alternative,Full,1,3,25421,Nopt,10.172,39.935,5,1,0," :- unit2sensorGEQ(V1,V1), not zone2sensor(V1,V1).
"
34,./../Problems/PUP/triple_opt/,2-triple-9-7.lp,Specific,Alternative,Full,1,1,10456,Nopt,10.101,0,2,0,2,
35,./../Problems/PUP/triple_opt/,2-triple-9-7.lp,Specific,Alternative,Full,1,2,25977,Nopt,10.143,0,4,0,4,
36,./../Problems/PUP/triple_opt/,2-triple-9-7.lp,Specific,Alternative,Full,1,3,20418,Nopt,10.17,0,6,0,6,
37,./../Problems/PUP/triple_opt/,2-triple-9-7.lp,Specific,Alternative,Full,1,1,3380,Nopt,10.068,0,2,0,2,
38,./../Problems/PUP/triple_opt/,2-triple-9-7.lp,Specific,Alternative,Full,1,2,4490,Nopt,10.11,39.098,2,2,0," :- zone2sensor(V1,V1), unit2zoneGEQ(V1,V1), not unit2sensorGEQ(V1,V1).
"
39,./../Problems/PUP/triple_opt/,2-triple-9-7.lp,Specific,Alternative,Full,1,3,29743,Nopt,10.172,38.72,5,1,0," :- unit2sensorGEQ(V1,V1), not zone2sensor(V1,V1).
"
40,./../Problems/PUP/triple_opt/,2-triple-9-7.lp,Specific,Alternative,Full,1,1,14157,Nopt,10.097,41.372,1,1,0," :- partnerunits(V1,V2), zone2sensor(V1,V2), not unit2sensorGEQ(V1,V1).
"
41,./../Problems/PUP/triple_opt/,2-triple-9-7.lp,Specific,Alternative,Full,1,2,69,Nopt,10.095,0,4,0,4,
42,./../Problems/PUP/triple_opt/,2-triple-9-7.lp,Specific,Alternative,Full,1,3,3023,Nopt,10.168,0,6,0,6,
43,./../Problems/PUP/triple_opt/,2-triple-9-7.lp,Specific,Alternative,Full,1,1,14690,Nopt,10.098,0,2,0,2,
44,./../Problems/PUP/triple_opt/,2-triple-9-7.lp,Specific,Alternative,Full,1,2,13524,Nopt,10.131,0,4,0,4,
45,./../Problems/PUP/triple_opt/,2-triple-9-7.lp,Specific,Alternative,Full,1,3,15622,Nopt,10.189,0,6,0,6,
46,./../Problems/PUP/triple_opt/,2-triple-9-7.lp,Specific,Alternative,Full,1,1,10222,Nopt,10.097,0,2,0,2,
47,./../Problems/PUP/triple_opt/,2-triple-9-7.lp,Specific,Alternative,Full,1,2,23256,Nopt,10.142,0,4,0,4,
48,./../Problems/PUP/triple_opt/,2-triple-9-7.lp,Specific,Alternative,Full,1,3,29764,Nopt,10.18,0,6,0,6,
49,./../Problems/PUP/triple_opt/,2-triple-9-7.lp,Specific,Alternative,Full,1,1,6652,Nopt,10.099,0,2,0,2,
50,./../Problems/PUP/triple_opt/,2-triple-9-7.lp,Specific,Alternative,Full,1,2,27221,Nopt,10.15,0,4,0,4,
51,./../Problems/PUP/triple_opt/,2-triple-9-7.lp,Specific,Alternative,Full,1,3,28577,Nopt,10.19,0,6,0,6,
52,./../Problems/PUP/triple_opt/,2-triple-9-7.lp,Specific,Alternative,Full,1,1,759,Nopt,10.091,0,2,0,2,
53,./../Problems/PUP/triple_opt/,2-triple-9-7.lp,Specific,Alternative,Full,1,2,2001,Nopt,10.132,0,4,0,4,
54,./../Problems/PUP/triple_opt/,2-triple-9-7.lp,Specific,Alternative,Full,1,3,10002,Nopt,10.177,0,6,0,6,
55,./../Problems/PUP/triple_opt/,2-triple-9-7.lp,Specific,Alternative,Full,1,1,2905,Nopt,10.099,0,2,0,2,
56,./../Problems/PUP/triple_opt/,2-triple-9-7.lp,Specific,Alternative,Full,1,2,27702,Nopt,10.145,0,4,0,4,
57,./../Problems/PUP/triple_opt/,2-triple-9-7.lp,Specific,Alternative,Full,1,3,4997,Nopt,10.193,0,6,0,6,
58,./../Problems/PUP/triple_opt/,2-triple-9-7.lp,Specific,Alternative,Full,1,1,26985,Nopt,10.098,0,2,0,2,
59,./../Problems/PUP/triple_opt/,2-triple-9-7.lp,Specific,Alternative,Full,1,2,16281,Nopt,10.15,0,4,0,4,
60,./../Problems/PUP/triple_opt/,2-triple-9-7.lp,Specific,Alternative,Full,1,3,16345,Nopt,10.194,0,6,0,6,
61,./../Problems/PUP/triple_opt/,2-triple-9-7.lp,Specific,Alternative,Full,1,1,14189,Nopt,10.101,0,2,0,2,
62,./../Problems/PUP/triple_opt/,2-triple-9-7.lp,Specific,Alternative,Full,1,2,21352,Nopt,10.137,0,4,0,4,
63,./../Problems/PUP/triple_opt/,2-triple-9-7.lp,Specific,Alternative,Full,1,3,14837,Nopt,10.186,0,6,0,6,
64,./../Problems/PUP/triple_opt/,2-triple-9-7.lp,Specific,Alternative,Full,1,1,24318,Nopt,10.086,0,2,0,2,
65,./../Problems/PUP/triple_opt/,2-triple-9-7.lp,Specific,Alternative,Full,1,2,26740,Nopt,10.121,34.333,2,2,0," :- zone2sensor(V1,V2), unit2sensorGEQ(V2,V2), closezones(V1,V2).
"
66,./../Problems/PUP/triple_opt/,2-triple-9-7.lp,Specific,Alternative,Full,1,3,23583,Nopt,10.189,0,6,0,6,
67,./../Problems/PUP/triple_opt/,2-triple-9-7.lp,Specific,Alternative,Full,1,1,17876,Nopt,10.095,0,2,0,2,
68,./../Problems/PUP/triple_opt/,2-triple-9-7.lp,Specific,Alternative,Full,1,2,19383,Nopt,10.142,0,4,0,4,
69,./../Problems/PUP/triple_opt/,2-triple-9-7.lp,Specific,Alternative,Full,1,3,7579,Nopt,10.201,0,6,0,6,
70,./../Problems/PUP/triple_opt/,2-triple-9-7.lp,Specific,Alternative,Full,1,1,28975,Nopt,10.1,0,2,0,2,
71,./../Problems/PUP/triple_opt/,2-triple-9-7.lp,Specific,Alternative,Full,1,2,1459,Nopt,10.144,41.508,2,2,0," :- zone2sensor(V1,V1), unit2zoneGEQ(V1,V1), not unit2sensorGEQ(V1,V1).
"
72,./../Problems/PUP/triple_opt/,2-triple-9-7.lp,Specific,Alternative,Full,1,3,7706,Nopt,10.126,89.034,4,2,0," :- partnerunits(V1,V2), zone2sensor(V1,V2), not unit2sensorGEQ(V1,V1).
"
73,./../Problems/PUP/triple_opt/,2-triple-9-7.lp,Specific,Alternative,Full,1,1,5107,Nopt,10.102,0,2,0,2,
74,./../Problems/PUP/triple_opt/,2-triple-9-7.lp,Specific,Alternative,Full,1,2,10838,Nopt,10.123,0,4,0,4,
75,./../Problems/PUP/triple_opt/,2-triple-9-7.lp,Specific,Alternative,Full,1,3,21787,Nopt,10.182,0,6,0,6,
76,./../Problems/PUP/triple_opt/,2-triple-9-7.lp,Specific,Alternative,Full,1,1,9373,Nopt,10.097,0,2,0,2,
77,./../Problems/PUP/triple_opt/,2-triple-9-7.lp,Specific,Alternative,Full,1,2,12399,Nopt,10.146,0,4,0,4,
78,./../Problems/PUP/triple_opt/,2-triple-9-7.lp,Specific,Alternative,Full,1,3,5812,Nopt,10.194,0,6,0,6,
79,./../Problems/PUP/triple_opt/,2-triple-9-7.lp,Specific,Alternative,Full,1,1,21123,Nopt,10.095,0,2,0,2,
80,./../Problems/PUP/triple_opt/,2-triple-9-7.lp,Specific,Alternative,Full,1,2,32737,Nopt,10.133,38.808,2,2,0," :- zone2sensor(V1,V2), unit2zoneGEQ(V2,V1), closezones(V2,V1).
"
81,./../Problems/PUP/triple_opt/,2-triple-9-7.lp,Specific,Alternative,Full,1,3,2231,Nopt,10.176,0,6,0,6,
82,./../Problems/PUP/triple_opt/,2-triple-9-7.lp,Specific,Alternative,Full,1,1,26645,Nopt,10.104,0,2,0,2,
83,./../Problems/PUP/triple_opt/,2-triple-9-7.lp,Specific,Alternative,Full,1,2,4448,Nopt,10.147,0,4,0,4,
84,./../Problems/PUP/triple_opt/,2-triple-9-7.lp,Specific,Alternative,Full,1,3,12868,Nopt,10.192,0,6,0,6,
85,./../Problems/PUP/triple_opt/,2-triple-9-7.lp,Specific,Alternative,Full,1,1,1769,Nopt,10.1,0,2,0,2,
86,./../Problems/PUP/triple_opt/,2-triple-9-7.lp,Specific,Alternative,Full,1,2,8467,Nopt,10.137,43.602,2,2,0," :- zone2sensor(V1,V2), unit2zoneGEQ(V2,V2), closezones(V1,V2).
"
87,./../Problems/PUP/triple_opt/,2-triple-9-7.lp,Specific,Alternative,Full,1,3,14775,Nopt,10.184,0,6,0,6,
88,./../Problems/PUP/triple_opt/,2-triple-9-7.lp,Specific,Alternative,Full,1,1,2212,Nopt,10.079,0,2,0,2,
89,./../Problems/PUP/triple_opt/,2-triple-9-7.lp,Specific,Alternative,Full,1,2,9472,Nopt,10.136,0,4,0,4,
90,./../Problems/PUP/triple_opt/,2-triple-9-7.lp,Specific,Alternative,Full,1,3,1280,Nopt,10.165,0,6,0,6,
91,./../Problems/PUP/triple_opt/,2-triple-9-7.lp,Specific,Alternative,Full,1,1,13383,Nopt,10.101,0,2,0,2,
92,./../Problems/PUP/triple_opt/,2-triple-9-7.lp,Specific,Alternative,Full,1,2,2517,Nopt,10.149,0,4,0,4,
93,./../Problems/PUP/triple_opt/,2-triple-9-7.lp,Specific,Alternative,Full,1,3,20286,Nopt,10.184,0,6,0,6,
94,./../Problems/PUP/triple_opt/,2-triple-9-7.lp,Specific,Alternative,Full,1,1,13727,Nopt,10.098,0,2,0,2,
95,./../Problems/PUP/triple_opt/,2-triple-9-7.lp,Specific,Alternative,Full,1,2,15928,Nopt,10.136,0,4,0,4,
96,./../Problems/PUP/triple_opt/,2-triple-9-7.lp,Specific,Alternative,Full,1,3,18316,Nopt,10.197,0,6,0,6,
97,./../Problems/PUP/triple_opt/,2-triple-9-7.lp,Specific,Alternative,Full,1,1,32033,Nopt,10.089,0,2,0,2,
98,./../Problems/PUP/triple_opt/,2-triple-9-7.lp,Specific,Alternative,Full,1,2,32598,Nopt,10.114,0,4,0,4,
99,./../Problems/PUP/triple_opt/,2-triple-9-7.lp,Specific,Alternative,Full,1,3,11310,Nopt,10.165,0,6,0,6,
100,./../Problems/PUP/triple_opt/,2-triple-9-7.lp,Specific,Alternative,Full,1,1,30414,Nopt,10.096,0,2,0,2,
101,./../Problems/PUP/triple_opt/,2-triple-9-7.lp,Specific,Alternative,Full,1,2,7830,Nopt,10.145,0,4,0,4,
102,./../Problems/PUP/triple_opt/,2-triple-9-7.lp,Specific,Alternative,Full,1,3,31417,Nopt,10.186,0,6,0,6,
103,./../Problems/PUP/triple_opt/,2-triple-9-7.lp,Specific,Alternative,Full,1,1,31869,Nopt,10.105,0,2,0,2,
104,./../Problems/PUP/triple_opt/,2-triple-9-7.lp,Specific,Alternative,Full,1,2,22564,Nopt,10.143,0,4,0,4,
105,./../Problems/PUP/triple_opt/,2-triple-9-7.lp,Specific,Alternative,Full,1,3,7051,Nopt,10.182,0,6,0,6,
106,./../Problems/PUP/triple_opt/,2-triple-9-7.lp,Specific,Alternative,Full,1,1,8543,Nopt,10.104,0,2,0,2,
107,./../Problems/PUP/triple_opt/,2-triple-9-7.lp,Specific,Alternative,Full,1,2,12158,Nopt,10.139,0,4,0,4,
108,./../Problems/PUP/triple_opt/,2-triple-9-7.lp,Specific,Alternative,Full,1,3,16923,Nopt,10.161,0,6,0,6,
109,./../Problems/PUP/triple_opt/,2-triple-9-7.lp,Specific,Alternative,Full,1,1,16687,Nopt,10.1,74.431,1,1,0," :- zone2sensor(V1,V1), unit2zoneGEQ(V1,V1), not unit2sensorGEQ(V1,V1).
"
110,./../Problems/PUP/triple_opt/,2-triple-9-7.lp,Specific,Alternative,Full,1,2,27416,Nopt,10.131,0,4,0,4,
111,./../Problems/PUP/triple_opt/,2-triple-9-7.lp,Specific,Alternative,Full,1,3,21083,Nopt,10.186,0,6,0,6,
112,./../Problems/PUP/triple_opt/,2-triple-9-7.lp,Specific,Alternative,Full,1,1,16567,Nopt,10.096,0,2,0,2,
113,./../Problems/PUP/triple_opt/,2-triple-9-7.lp,Specific,Alternative,Full,1,2,70,Nopt,10.136,0,4,0,4,
114,./../Problems/PUP/triple_opt/,2-triple-9-7.lp,Specific,Alternative,Full,1,3,22154,Nopt,10.168,0,6,0,6,
115,./../Problems/PUP/triple_opt/,2-triple-9-7.lp,Specific,Alternative,Full,1,1,16699,Nopt,10.101,0,2,0,2,
116,./../Problems/PUP/triple_opt/,2-triple-9-7.lp,Specific,Alternative,Full,1,2,25944,Nopt,10.125,0,4,0,4,
117,./../Problems/PUP/triple_opt/,2-triple-9-7.lp,Specific,Alternative,Full,1,3,15838,Nopt,10.188,0,6,0,6,
118,./../Problems/PUP/triple_opt/,2-triple-9-7.lp,Specific,Alternative,Full,1,1,2753,Nopt,10.108,0,2,0,2,
119,./../Problems/PUP/triple_opt/,2-triple-9-7.lp,Specific,Alternative,Full,1,2,31792,Nopt,10.121,0,4,0,4,
120,./../Problems/PUP/triple_opt/,2-triple-9-7.lp,Specific,Alternative,Full,1,3,6602,Nopt,10.129,0,6,0,6,
