ConstraintFile,Id,Mode,Order,Full,Cell,Version,Seed,Instance,Result,OptVal,Time,Solving
109_Specific_Alternative_Full_1_Nopt_16687,109,Specific,Alternative,Full,1,Nopt,16687,Un-2-triple-10,UNKNOWN,,5.000,4.99
10_Specific_Alternative_Full_1_Nopt_8598,10,Specific,Alternative,Full,1,Nopt,8598,Un-2-triple-10,UNKNOWN,,5.000,4.98
19_Specific_Alternative_Full_1_Nopt_6751,19,Specific,Alternative,Full,1,Nopt,6751,Un-2-triple-10,UNKNOWN,,5.000,4.98
24_Specific_Alternative_Full_3_Nopt_8299,24,Specific,Alternative,Full,3,Nopt,8299,Un-2-triple-10,UNSATISFIABLE,,0.011,0.00
25_Specific_Alternative_Full_1_Nopt_6709,25,Specific,Alternative,Full,1,Nopt,6709,Un-2-triple-10,UNKNOWN,,5.000,4.98
2_Specific_Alternative_Full_2_Nopt_4634,2,Specific,Alternative,Full,2,Nopt,4634,Un-2-triple-10,UNKNOWN,,5.000,4.98
31_Specific_Alternative_Full_1_Nopt_16017,31,Specific,Alternative,Full,1,Nopt,16017,Un-2-triple-10,UNKNOWN,,5.000,4.98
32_Specific_Alternative_Full_2_Nopt_29417,32,Specific,Alternative,Full,2,Nopt,29417,Un-2-triple-10,UNKNOWN,,5.000,4.98
33_Specific_Alternative_Full_3_Nopt_25421,33,Specific,Alternative,Full,3,Nopt,25421,Un-2-triple-10,UNKNOWN,,5.000,4.98
38_Specific_Alternative_Full_2_Nopt_4490,38,Specific,Alternative,Full,2,Nopt,4490,Un-2-triple-10,UNKNOWN,,5.000,4.98
39_Specific_Alternative_Full_3_Nopt_29743,39,Specific,Alternative,Full,3,Nopt,29743,Un-2-triple-10,UNKNOWN,,5.000,4.99
40_Specific_Alternative_Full_1_Nopt_14157,40,Specific,Alternative,Full,1,Nopt,14157,Un-2-triple-10,UNKNOWN,,5.000,4.98
65_Specific_Alternative_Full_2_Nopt_26740,65,Specific,Alternative,Full,2,Nopt,26740,Un-2-triple-10,UNKNOWN,,5.000,4.98
71_Specific_Alternative_Full_2_Nopt_1459,71,Specific,Alternative,Full,2,Nopt,1459,Un-2-triple-10,UNKNOWN,,5.000,4.98
72_Specific_Alternative_Full_3_Nopt_7706,72,Specific,Alternative,Full,3,Nopt,7706,Un-2-triple-10,UNKNOWN,,5.000,4.98
80_Specific_Alternative_Full_2_Nopt_32737,80,Specific,Alternative,Full,2,Nopt,32737,Un-2-triple-10,UNKNOWN,,5.000,4.98
86_Specific_Alternative_Full_2_Nopt_8467,86,Specific,Alternative,Full,2,Nopt,8467,Un-2-triple-10,UNKNOWN,,5.000,4.98
109_Specific_Alternative_Full_1_Nopt_16687,109,Specific,Alternative,Full,1,Nopt,16687,Un-2-triple-12,UNKNOWN,,5.000,4.96
10_Specific_Alternative_Full_1_Nopt_8598,10,Specific,Alternative,Full,1,Nopt,8598,Un-2-triple-12,UNKNOWN,,5.000,4.97
19_Specific_Alternative_Full_1_Nopt_6751,19,Specific,Alternative,Full,1,Nopt,6751,Un-2-triple-12,UNKNOWN,,5.000,4.97
24_Specific_Alternative_Full_3_Nopt_8299,24,Specific,Alternative,Full,3,Nopt,8299,Un-2-triple-12,UNSATISFIABLE,,0.014,0.00
25_Specific_Alternative_Full_1_Nopt_6709,25,Specific,Alternative,Full,1,Nopt,6709,Un-2-triple-12,UNKNOWN,,5.000,4.97
2_Specific_Alternative_Full_2_Nopt_4634,2,Specific,Alternative,Full,2,Nopt,4634,Un-2-triple-12,UNKNOWN,,5.000,4.97
31_Specific_Alternative_Full_1_Nopt_16017,31,Specific,Alternative,Full,1,Nopt,16017,Un-2-triple-12,UNKNOWN,,5.000,4.96
32_Specific_Alternative_Full_2_Nopt_29417,32,Specific,Alternative,Full,2,Nopt,29417,Un-2-triple-12,UNKNOWN,,5.000,4.96
33_Specific_Alternative_Full_3_Nopt_25421,33,Specific,Alternative,Full,3,Nopt,25421,Un-2-triple-12,UNKNOWN,,5.000,4.97
38_Specific_Alternative_Full_2_Nopt_4490,38,Specific,Alternative,Full,2,Nopt,4490,Un-2-triple-12,UNKNOWN,,5.000,4.96
39_Specific_Alternative_Full_3_Nopt_29743,39,Specific,Alternative,Full,3,Nopt,29743,Un-2-triple-12,UNKNOWN,,5.000,4.96
40_Specific_Alternative_Full_1_Nopt_14157,40,Specific,Alternative,Full,1,Nopt,14157,Un-2-triple-12,UNKNOWN,,5.000,4.95
65_Specific_Alternative_Full_2_Nopt_26740,65,Specific,Alternative,Full,2,Nopt,26740,Un-2-triple-12,UNKNOWN,,5.000,4.96
71_Specific_Alternative_Full_2_Nopt_1459,71,Specific,Alternative,Full,2,Nopt,1459,Un-2-triple-12,UNKNOWN,,5.000,4.96
72_Specific_Alternative_Full_3_Nopt_7706,72,Specific,Alternative,Full,3,Nopt,7706,Un-2-triple-12,UNKNOWN,,5.000,4.96
80_Specific_Alternative_Full_2_Nopt_32737,80,Specific,Alternative,Full,2,Nopt,32737,Un-2-triple-12,UNKNOWN,,5.000,4.96
86_Specific_Alternative_Full_2_Nopt_8467,86,Specific,Alternative,Full,2,Nopt,8467,Un-2-triple-12,UNKNOWN,,5.000,4.96
109_Specific_Alternative_Full_1_Nopt_16687,109,Specific,Alternative,Full,1,Nopt,16687,Un-2-triple-6,UNKNOWN,,5.000,4.99
10_Specific_Alternative_Full_1_Nopt_8598,10,Specific,Alternative,Full,1,Nopt,8598,Un-2-triple-6,UNKNOWN,,5.000,4.99
19_Specific_Alternative_Full_1_Nopt_6751,19,Specific,Alternative,Full,1,Nopt,6751,Un-2-triple-6,UNSATISFIABLE,,0.629,0.62
24_Specific_Alternative_Full_3_Nopt_8299,24,Specific,Alternative,Full,3,Nopt,8299,Un-2-triple-6,UNSATISFIABLE,,0.004,0.00
25_Specific_Alternative_Full_1_Nopt_6709,25,Specific,Alternative,Full,1,Nopt,6709,Un-2-triple-6,UNSATISFIABLE,,0.699,0.69
2_Specific_Alternative_Full_2_Nopt_4634,2,Specific,Alternative,Full,2,Nopt,4634,Un-2-triple-6,UNKNOWN,,5.000,4.99
31_Specific_Alternative_Full_1_Nopt_16017,31,Specific,Alternative,Full,1,Nopt,16017,Un-2-triple-6,UNSATISFIABLE,,0.723,0.71
32_Specific_Alternative_Full_2_Nopt_29417,32,Specific,Alternative,Full,2,Nopt,29417,Un-2-triple-6,UNKNOWN,,5.000,4.99
33_Specific_Alternative_Full_3_Nopt_25421,33,Specific,Alternative,Full,3,Nopt,25421,Un-2-triple-6,UNSATISFIABLE,,0.643,0.63
38_Specific_Alternative_Full_2_Nopt_4490,38,Specific,Alternative,Full,2,Nopt,4490,Un-2-triple-6,UNKNOWN,,5.000,4.99
39_Specific_Alternative_Full_3_Nopt_29743,39,Specific,Alternative,Full,3,Nopt,29743,Un-2-triple-6,UNSATISFIABLE,,0.729,0.72
40_Specific_Alternative_Full_1_Nopt_14157,40,Specific,Alternative,Full,1,Nopt,14157,Un-2-triple-6,UNKNOWN,,5.000,4.99
65_Specific_Alternative_Full_2_Nopt_26740,65,Specific,Alternative,Full,2,Nopt,26740,Un-2-triple-6,UNSATISFIABLE,,0.337,0.33
71_Specific_Alternative_Full_2_Nopt_1459,71,Specific,Alternative,Full,2,Nopt,1459,Un-2-triple-6,UNSATISFIABLE,,4.671,4.66
72_Specific_Alternative_Full_3_Nopt_7706,72,Specific,Alternative,Full,3,Nopt,7706,Un-2-triple-6,UNSATISFIABLE,,4.762,4.76
80_Specific_Alternative_Full_2_Nopt_32737,80,Specific,Alternative,Full,2,Nopt,32737,Un-2-triple-6,UNSATISFIABLE,,3.109,3.10
86_Specific_Alternative_Full_2_Nopt_8467,86,Specific,Alternative,Full,2,Nopt,8467,Un-2-triple-6,UNKNOWN,,5.000,4.99
109_Specific_Alternative_Full_1_Nopt_16687,109,Specific,Alternative,Full,1,Nopt,16687,Un-2-triple-8,UNKNOWN,,5.000,4.99
10_Specific_Alternative_Full_1_Nopt_8598,10,Specific,Alternative,Full,1,Nopt,8598,Un-2-triple-8,UNKNOWN,,5.000,4.99
19_Specific_Alternative_Full_1_Nopt_6751,19,Specific,Alternative,Full,1,Nopt,6751,Un-2-triple-8,UNKNOWN,,5.000,4.99
24_Specific_Alternative_Full_3_Nopt_8299,24,Specific,Alternative,Full,3,Nopt,8299,Un-2-triple-8,UNSATISFIABLE,,0.007,0.00
25_Specific_Alternative_Full_1_Nopt_6709,25,Specific,Alternative,Full,1,Nopt,6709,Un-2-triple-8,UNKNOWN,,5.000,4.99
2_Specific_Alternative_Full_2_Nopt_4634,2,Specific,Alternative,Full,2,Nopt,4634,Un-2-triple-8,UNKNOWN,,5.000,4.99
31_Specific_Alternative_Full_1_Nopt_16017,31,Specific,Alternative,Full,1,Nopt,16017,Un-2-triple-8,UNKNOWN,,5.000,4.99
32_Specific_Alternative_Full_2_Nopt_29417,32,Specific,Alternative,Full,2,Nopt,29417,Un-2-triple-8,UNKNOWN,,5.000,4.99
33_Specific_Alternative_Full_3_Nopt_25421,33,Specific,Alternative,Full,3,Nopt,25421,Un-2-triple-8,UNKNOWN,,5.000,4.99
38_Specific_Alternative_Full_2_Nopt_4490,38,Specific,Alternative,Full,2,Nopt,4490,Un-2-triple-8,UNKNOWN,,5.000,4.99
39_Specific_Alternative_Full_3_Nopt_29743,39,Specific,Alternative,Full,3,Nopt,29743,Un-2-triple-8,UNKNOWN,,5.000,4.99
40_Specific_Alternative_Full_1_Nopt_14157,40,Specific,Alternative,Full,1,Nopt,14157,Un-2-triple-8,UNKNOWN,,5.000,4.99
65_Specific_Alternative_Full_2_Nopt_26740,65,Specific,Alternative,Full,2,Nopt,26740,Un-2-triple-8,UNKNOWN,,5.000,4.99
71_Specific_Alternative_Full_2_Nopt_1459,71,Specific,Alternative,Full,2,Nopt,1459,Un-2-triple-8,UNKNOWN,,5.000,4.99
72_Specific_Alternative_Full_3_Nopt_7706,72,Specific,Alternative,Full,3,Nopt,7706,Un-2-triple-8,UNKNOWN,,5.000,4.99
80_Specific_Alternative_Full_2_Nopt_32737,80,Specific,Alternative,Full,2,Nopt,32737,Un-2-triple-8,UNKNOWN,,5.000,4.99
86_Specific_Alternative_Full_2_Nopt_8467,86,Specific,Alternative,Full,2,Nopt,8467,Un-2-triple-8,UNKNOWN,,5.000,4.99
109_Specific_Alternative_Full_1_Nopt_16687,109,Specific,Alternative,Full,1,Nopt,16687,2-triple-10,SATISFIABLE,55,5.000,4.98
10_Specific_Alternative_Full_1_Nopt_8598,10,Specific,Alternative,Full,1,Nopt,8598,2-triple-10,SATISFIABLE,55,5.000,4.98
19_Specific_Alternative_Full_1_Nopt_6751,19,Specific,Alternative,Full,1,Nopt,6751,2-triple-10,SATISFIABLE,55,5.000,4.98
24_Specific_Alternative_Full_3_Nopt_8299,24,Specific,Alternative,Full,3,Nopt,8299,2-triple-10,SATISFIABLE,55,5.000,4.97
25_Specific_Alternative_Full_1_Nopt_6709,25,Specific,Alternative,Full,1,Nopt,6709,2-triple-10,SATISFIABLE,55,5.000,4.97
2_Specific_Alternative_Full_2_Nopt_4634,2,Specific,Alternative,Full,2,Nopt,4634,2-triple-10,SATISFIABLE,55,5.000,4.98
31_Specific_Alternative_Full_1_Nopt_16017,31,Specific,Alternative,Full,1,Nopt,16017,2-triple-10,SATISFIABLE,55,5.000,4.97
32_Specific_Alternative_Full_2_Nopt_29417,32,Specific,Alternative,Full,2,Nopt,29417,2-triple-10,SATISFIABLE,55,5.000,4.97
33_Specific_Alternative_Full_3_Nopt_25421,33,Specific,Alternative,Full,3,Nopt,25421,2-triple-10,SATISFIABLE,55,5.000,4.98
38_Specific_Alternative_Full_2_Nopt_4490,38,Specific,Alternative,Full,2,Nopt,4490,2-triple-10,SATISFIABLE,55,5.000,4.97
39_Specific_Alternative_Full_3_Nopt_29743,39,Specific,Alternative,Full,3,Nopt,29743,2-triple-10,SATISFIABLE,55,5.000,4.98
40_Specific_Alternative_Full_1_Nopt_14157,40,Specific,Alternative,Full,1,Nopt,14157,2-triple-10,SATISFIABLE,55,5.000,4.98
65_Specific_Alternative_Full_2_Nopt_26740,65,Specific,Alternative,Full,2,Nopt,26740,2-triple-10,SATISFIABLE,55,5.000,4.97
71_Specific_Alternative_Full_2_Nopt_1459,71,Specific,Alternative,Full,2,Nopt,1459,2-triple-10,SATISFIABLE,55,5.000,4.97
72_Specific_Alternative_Full_3_Nopt_7706,72,Specific,Alternative,Full,3,Nopt,7706,2-triple-10,SATISFIABLE,55,5.000,4.97
80_Specific_Alternative_Full_2_Nopt_32737,80,Specific,Alternative,Full,2,Nopt,32737,2-triple-10,SATISFIABLE,55,5.000,4.97
86_Specific_Alternative_Full_2_Nopt_8467,86,Specific,Alternative,Full,2,Nopt,8467,2-triple-10,SATISFIABLE,55,5.000,4.97
109_Specific_Alternative_Full_1_Nopt_16687,109,Specific,Alternative,Full,1,Nopt,16687,2-triple-12,SATISFIABLE,78,5.000,4.97
10_Specific_Alternative_Full_1_Nopt_8598,10,Specific,Alternative,Full,1,Nopt,8598,2-triple-12,SATISFIABLE,78,5.000,4.95
19_Specific_Alternative_Full_1_Nopt_6751,19,Specific,Alternative,Full,1,Nopt,6751,2-triple-12,SATISFIABLE,78,5.000,4.96
24_Specific_Alternative_Full_3_Nopt_8299,24,Specific,Alternative,Full,3,Nopt,8299,2-triple-12,SATISFIABLE,78,5.000,4.95
25_Specific_Alternative_Full_1_Nopt_6709,25,Specific,Alternative,Full,1,Nopt,6709,2-triple-12,SATISFIABLE,78,5.000,4.96
2_Specific_Alternative_Full_2_Nopt_4634,2,Specific,Alternative,Full,2,Nopt,4634,2-triple-12,SATISFIABLE,78,5.000,4.96
31_Specific_Alternative_Full_1_Nopt_16017,31,Specific,Alternative,Full,1,Nopt,16017,2-triple-12,SATISFIABLE,78,5.000,4.96
32_Specific_Alternative_Full_2_Nopt_29417,32,Specific,Alternative,Full,2,Nopt,29417,2-triple-12,SATISFIABLE,78,5.000,4.96
33_Specific_Alternative_Full_3_Nopt_25421,33,Specific,Alternative,Full,3,Nopt,25421,2-triple-12,SATISFIABLE,78,5.000,4.97
38_Specific_Alternative_Full_2_Nopt_4490,38,Specific,Alternative,Full,2,Nopt,4490,2-triple-12,SATISFIABLE,78,5.000,4.97
39_Specific_Alternative_Full_3_Nopt_29743,39,Specific,Alternative,Full,3,Nopt,29743,2-triple-12,SATISFIABLE,78,5.000,4.98
40_Specific_Alternative_Full_1_Nopt_14157,40,Specific,Alternative,Full,1,Nopt,14157,2-triple-12,SATISFIABLE,78,5.000,4.96
65_Specific_Alternative_Full_2_Nopt_26740,65,Specific,Alternative,Full,2,Nopt,26740,2-triple-12,SATISFIABLE,78,5.000,4.96
71_Specific_Alternative_Full_2_Nopt_1459,71,Specific,Alternative,Full,2,Nopt,1459,2-triple-12,SATISFIABLE,78,5.000,4.96
72_Specific_Alternative_Full_3_Nopt_7706,72,Specific,Alternative,Full,3,Nopt,7706,2-triple-12,SATISFIABLE,78,5.000,4.96
80_Specific_Alternative_Full_2_Nopt_32737,80,Specific,Alternative,Full,2,Nopt,32737,2-triple-12,SATISFIABLE,78,5.000,4.96
86_Specific_Alternative_Full_2_Nopt_8467,86,Specific,Alternative,Full,2,Nopt,8467,2-triple-12,SATISFIABLE,78,5.000,4.98
109_Specific_Alternative_Full_1_Nopt_16687,109,Specific,Alternative,Full,1,Nopt,16687,2-triple-14,SATISFIABLE,105,5.000,4.94
10_Specific_Alternative_Full_1_Nopt_8598,10,Specific,Alternative,Full,1,Nopt,8598,2-triple-14,SATISFIABLE,105,5.000,4.94
19_Specific_Alternative_Full_1_Nopt_6751,19,Specific,Alternative,Full,1,Nopt,6751,2-triple-14,SATISFIABLE,105,5.000,4.94
24_Specific_Alternative_Full_3_Nopt_8299,24,Specific,Alternative,Full,3,Nopt,8299,2-triple-14,UNKNOWN,,5.000,4.93
25_Specific_Alternative_Full_1_Nopt_6709,25,Specific,Alternative,Full,1,Nopt,6709,2-triple-14,SATISFIABLE,105,5.000,4.94
2_Specific_Alternative_Full_2_Nopt_4634,2,Specific,Alternative,Full,2,Nopt,4634,2-triple-14,SATISFIABLE,105,5.000,4.94
31_Specific_Alternative_Full_1_Nopt_16017,31,Specific,Alternative,Full,1,Nopt,16017,2-triple-14,SATISFIABLE,105,5.000,4.96
32_Specific_Alternative_Full_2_Nopt_29417,32,Specific,Alternative,Full,2,Nopt,29417,2-triple-14,SATISFIABLE,105,5.000,4.96
33_Specific_Alternative_Full_3_Nopt_25421,33,Specific,Alternative,Full,3,Nopt,25421,2-triple-14,SATISFIABLE,105,5.000,4.93
38_Specific_Alternative_Full_2_Nopt_4490,38,Specific,Alternative,Full,2,Nopt,4490,2-triple-14,SATISFIABLE,105,5.000,4.93
39_Specific_Alternative_Full_3_Nopt_29743,39,Specific,Alternative,Full,3,Nopt,29743,2-triple-14,SATISFIABLE,105,5.000,4.94
40_Specific_Alternative_Full_1_Nopt_14157,40,Specific,Alternative,Full,1,Nopt,14157,2-triple-14,SATISFIABLE,105,5.000,4.94
65_Specific_Alternative_Full_2_Nopt_26740,65,Specific,Alternative,Full,2,Nopt,26740,2-triple-14,SATISFIABLE,105,5.000,4.94
71_Specific_Alternative_Full_2_Nopt_1459,71,Specific,Alternative,Full,2,Nopt,1459,2-triple-14,SATISFIABLE,105,5.000,4.94
72_Specific_Alternative_Full_3_Nopt_7706,72,Specific,Alternative,Full,3,Nopt,7706,2-triple-14,SATISFIABLE,105,5.000,4.94
80_Specific_Alternative_Full_2_Nopt_32737,80,Specific,Alternative,Full,2,Nopt,32737,2-triple-14,SATISFIABLE,105,5.000,4.93
86_Specific_Alternative_Full_2_Nopt_8467,86,Specific,Alternative,Full,2,Nopt,8467,2-triple-14,UNKNOWN,,5.000,4.93
109_Specific_Alternative_Full_1_Nopt_16687,109,Specific,Alternative,Full,1,Nopt,16687,2-triple-6,SATISFIABLE,21,5.000,4.99
10_Specific_Alternative_Full_1_Nopt_8598,10,Specific,Alternative,Full,1,Nopt,8598,2-triple-6,SATISFIABLE,21,5.000,4.99
19_Specific_Alternative_Full_1_Nopt_6751,19,Specific,Alternative,Full,1,Nopt,6751,2-triple-6,OPTIMUM FOUND,21,1.732,1.72
24_Specific_Alternative_Full_3_Nopt_8299,24,Specific,Alternative,Full,3,Nopt,8299,2-triple-6,SATISFIABLE,21,5.000,4.99
25_Specific_Alternative_Full_1_Nopt_6709,25,Specific,Alternative,Full,1,Nopt,6709,2-triple-6,OPTIMUM FOUND,21,1.781,1.77
2_Specific_Alternative_Full_2_Nopt_4634,2,Specific,Alternative,Full,2,Nopt,4634,2-triple-6,SATISFIABLE,21,5.000,4.99
31_Specific_Alternative_Full_1_Nopt_16017,31,Specific,Alternative,Full,1,Nopt,16017,2-triple-6,OPTIMUM FOUND,21,1.086,1.08
32_Specific_Alternative_Full_2_Nopt_29417,32,Specific,Alternative,Full,2,Nopt,29417,2-triple-6,SATISFIABLE,21,5.000,4.99
33_Specific_Alternative_Full_3_Nopt_25421,33,Specific,Alternative,Full,3,Nopt,25421,2-triple-6,OPTIMUM FOUND,21,1.664,1.65
38_Specific_Alternative_Full_2_Nopt_4490,38,Specific,Alternative,Full,2,Nopt,4490,2-triple-6,SATISFIABLE,21,5.000,4.99
39_Specific_Alternative_Full_3_Nopt_29743,39,Specific,Alternative,Full,3,Nopt,29743,2-triple-6,OPTIMUM FOUND,21,1.676,1.67
40_Specific_Alternative_Full_1_Nopt_14157,40,Specific,Alternative,Full,1,Nopt,14157,2-triple-6,SATISFIABLE,21,5.000,4.99
65_Specific_Alternative_Full_2_Nopt_26740,65,Specific,Alternative,Full,2,Nopt,26740,2-triple-6,OPTIMUM FOUND,21,1.569,1.56
71_Specific_Alternative_Full_2_Nopt_1459,71,Specific,Alternative,Full,2,Nopt,1459,2-triple-6,SATISFIABLE,21,5.000,4.99
72_Specific_Alternative_Full_3_Nopt_7706,72,Specific,Alternative,Full,3,Nopt,7706,2-triple-6,SATISFIABLE,21,5.000,4.99
80_Specific_Alternative_Full_2_Nopt_32737,80,Specific,Alternative,Full,2,Nopt,32737,2-triple-6,SATISFIABLE,21,5.000,4.99
86_Specific_Alternative_Full_2_Nopt_8467,86,Specific,Alternative,Full,2,Nopt,8467,2-triple-6,SATISFIABLE,21,5.000,4.99
109_Specific_Alternative_Full_1_Nopt_16687,109,Specific,Alternative,Full,1,Nopt,16687,2-triple-8,SATISFIABLE,36,5.000,4.99
10_Specific_Alternative_Full_1_Nopt_8598,10,Specific,Alternative,Full,1,Nopt,8598,2-triple-8,SATISFIABLE,36,5.000,4.99
19_Specific_Alternative_Full_1_Nopt_6751,19,Specific,Alternative,Full,1,Nopt,6751,2-triple-8,SATISFIABLE,36,5.000,4.99
24_Specific_Alternative_Full_3_Nopt_8299,24,Specific,Alternative,Full,3,Nopt,8299,2-triple-8,SATISFIABLE,36,5.000,4.98
25_Specific_Alternative_Full_1_Nopt_6709,25,Specific,Alternative,Full,1,Nopt,6709,2-triple-8,SATISFIABLE,36,5.000,4.99
2_Specific_Alternative_Full_2_Nopt_4634,2,Specific,Alternative,Full,2,Nopt,4634,2-triple-8,SATISFIABLE,36,5.000,4.98
31_Specific_Alternative_Full_1_Nopt_16017,31,Specific,Alternative,Full,1,Nopt,16017,2-triple-8,SATISFIABLE,36,5.000,4.99
32_Specific_Alternative_Full_2_Nopt_29417,32,Specific,Alternative,Full,2,Nopt,29417,2-triple-8,SATISFIABLE,36,5.000,4.99
33_Specific_Alternative_Full_3_Nopt_25421,33,Specific,Alternative,Full,3,Nopt,25421,2-triple-8,SATISFIABLE,36,5.000,4.99
38_Specific_Alternative_Full_2_Nopt_4490,38,Specific,Alternative,Full,2,Nopt,4490,2-triple-8,SATISFIABLE,36,5.000,4.99
39_Specific_Alternative_Full_3_Nopt_29743,39,Specific,Alternative,Full,3,Nopt,29743,2-triple-8,SATISFIABLE,36,5.000,4.98
40_Specific_Alternative_Full_1_Nopt_14157,40,Specific,Alternative,Full,1,Nopt,14157,2-triple-8,SATISFIABLE,36,5.000,4.98
65_Specific_Alternative_Full_2_Nopt_26740,65,Specific,Alternative,Full,2,Nopt,26740,2-triple-8,SATISFIABLE,36,5.000,4.98
71_Specific_Alternative_Full_2_Nopt_1459,71,Specific,Alternative,Full,2,Nopt,1459,2-triple-8,SATISFIABLE,36,5.000,4.99
72_Specific_Alternative_Full_3_Nopt_7706,72,Specific,Alternative,Full,3,Nopt,7706,2-triple-8,SATISFIABLE,36,5.000,4.98
80_Specific_Alternative_Full_2_Nopt_32737,80,Specific,Alternative,Full,2,Nopt,32737,2-triple-8,SATISFIABLE,36,5.000,4.98
86_Specific_Alternative_Full_2_Nopt_8467,86,Specific,Alternative,Full,2,Nopt,8467,2-triple-8,SATISFIABLE,36,5.000,4.98
