,Directory,Files analysed with SBASS,Learning mode,Ordering,SBC,Iteration,Cell,Seed,Version,Time for creating examples,Time for solving ILP task,Total neg examples,Total pos examples,Neg examples uncovered,Learned Constraints
1,PUP/doublev/,2-doublev-9.lp,Enumerate,Alternative,Partial,1,101,31681,DEFAULT,2.08,1711.27,85,16,8," :- closesensors(V1,V2), unit2zoneGEQ(V1,V2), unit2zoneGEQ(V2,V1).
"
2,PUP/doublev/,2-doublev-9.lp,Enumerate,Alternative,Partial,1,202,4634,DEFAULT,5.598,0,202,0,202,
5,PUP/doublev/,2-doublev-9.lp,Enumerate,Alternative,Partial,1,202,22084,DEFAULT,5.277,3304.57,172,30,16," :- not unit2zoneGEQ(V1,V1), zone2sensor(V1,V1).
 :- not unit2sensorGEQ(V2,V2), unit2sensorGEQ(V2,V1), unit2zoneGEQ(V1,V1).
 :- not zone2sensor(V1,V1), unit2sensorGEQ(V1,V1), unit2zoneGEQ(V1,V1).
"
6,PUP/doublev/,2-doublev-9.lp,Enumerate,Alternative,Partial,1,303,24758,DEFAULT,8.349,683.579,295,8,2," :- not unit2sensorGEQ(V1,V1), unit2sensorGEQ(V1,V2), unit2zoneGEQ(V1,V2).
 :- not unit2zoneGEQ(V1,V2), unit2zoneGEQ(V2,V2), zone2sensor(V1,V1).
 :- closesensors(V1,V2), unit2sensorGEQ(V1,V2), unit2sensorGEQ(V2,V1).
"
10,PUP/doublev/,2-doublev-9.lp,Enumerate,Alternative,Partial,1,101,8598,DEFAULT,2.101,245.091,86,15,0," :- not unit2sensorGEQ(V1,V1), unit2sensorGEQ(V2,V1), unit2zoneGEQ(V1,V2).
 :- not closesensors(V2,V1), not closezones(V1,V2), partnerunits(V1,V2).
 :- not unit2zoneGEQ(V1,V1), unit2sensorGEQ(V1,V1), zone2sensor(V1,V1).
"
11,PUP/doublev/,2-doublev-9.lp,Enumerate,Alternative,Partial,1,202,21172,DEFAULT,4.915,0,202,0,202,
22,PUP/doublev/,2-doublev-9.lp,Enumerate,Alternative,Partial,1,101,16849,DEFAULT,2.242,1119.31,91,10,7," :- not unit2zoneGEQ(V1,V2), partnerunits(V1,V2), zone2sensor(V1,V1).
 :- closesensors(V1,V2), unit2zoneGEQ(V1,V2), unit2zoneGEQ(V2,V1).
"
25,PUP/doublev/,2-doublev-9.lp,Enumerate,Alternative,Partial,1,101,6709,DEFAULT,2.741,480.182,97,4,0," :- not zone2sensor(V1,V1), unit2zoneGEQ(V1,V1).
 :- closesensors(V2,V1), not unit2zoneGEQ(V2,V1), partnerunits(V1,V2).
"
43,PUP/doublev/,2-doublev-9.lp,Enumerate,Alternative,Partial,1,101,14690,DEFAULT,2.21,206.536,93,8,0," :- not unit2zoneGEQ(V1,V2), unit2zoneGEQ(V2,V2), zone2sensor(V1,V1).
 :- closesensors(V2,V1), not unit2sensorGEQ(V1,V1), unit2sensorGEQ(V1,V2).
"
46,PUP/doublev/,2-doublev-9.lp,Enumerate,Alternative,Partial,1,101,10222,DEFAULT,1.958,0,101,0,101,
52,PUP/doublev/,2-doublev-9.lp,Enumerate,Alternative,Partial,1,101,759,DEFAULT,2.237,298.736,96,5,0," :- not unit2sensorGEQ(V1,V1), zone2sensor(V1,V1).
 :- not unit2sensorGEQ(V1,V2), partnerunits(V1,V2), zone2sensor(V1,V2).
 :- not closezones(V1,V2), partnerunits(V2,V1), zone2sensor(V1,V2).
"
53,PUP/doublev/,2-doublev-9.lp,Enumerate,Alternative,Partial,1,202,2001,DEFAULT,4.129,0,202,0,202,
58,PUP/doublev/,2-doublev-9.lp,Enumerate,Alternative,Partial,1,101,26985,DEFAULT,2.075,3368.03,96,5,16," :- not unit2zoneGEQ(V1,V1), zone2sensor(V1,V1).
 :- not unit2sensorGEQ(V2,V2), unit2sensorGEQ(V2,V1), unit2zoneGEQ(V1,V1).
 :- not zone2sensor(V1,V1), unit2sensorGEQ(V1,V1), unit2zoneGEQ(V1,V1).
"
59,PUP/doublev/,2-doublev-9.lp,Enumerate,Alternative,Partial,1,202,16281,DEFAULT,4.055,0,202,0,202,
60,PUP/doublev/,2-doublev-9.lp,Enumerate,Alternative,Partial,1,303,16345,DEFAULT,6.164,0,303,0,303,
61,PUP/doublev/,2-doublev-9.lp,Enumerate,Alternative,Partial,1,201,14189,DEFAULT,4.11,3159.4,180,21,21," :- not unit2zoneGEQ(V1,V1), zone2sensor(V1,V1).
 :- not unit2sensorGEQ(V2,V2), unit2sensorGEQ(V2,V1), unit2zoneGEQ(V1,V1).
 :- not zone2sensor(V1,V1), unit2sensorGEQ(V1,V1), unit2zoneGEQ(V1,V1).
"
67,PUP/doublev/,2-doublev-9.lp,Enumerate,Alternative,Partial,1,201,17876,DEFAULT,4.361,1870.02,188,13,5," :- not unit2sensorGEQ(V1,V2), unit2zoneGEQ(V1,V1), zone2sensor(V1,V2).
 :- not closezones(V1,V2), not unit2sensorGEQ(V1,V1), unit2sensorGEQ(V1,V2).
"
73,PUP/doublev/,2-doublev-9.lp,Enumerate,Alternative,Partial,1,201,5107,DEFAULT,4.091,0,201,0,201,
76,PUP/doublev/,2-doublev-9.lp,Enumerate,Alternative,Partial,1,201,9373,DEFAULT,4.136,605.454,197,4,3," :- not unit2sensorGEQ(V2,V1), unit2sensorGEQ(V2,V2), zone2sensor(V1,V1).
 :- partnerunits(V2,V1), unit2sensorGEQ(V1,V1), zone2sensor(V1,V2).
 :- not unit2zoneGEQ(V1,V2), partnerunits(V1,V2), unit2zoneGEQ(V1,V1).
"
82,PUP/doublev/,2-doublev-9.lp,Enumerate,Alternative,Partial,1,201,26645,DEFAULT,4.048,1072.86,177,24,5," :- partnerunits(V1,V2), unit2zoneGEQ(V1,V2), unit2zoneGEQ(V2,V1).
 :- closesensors(V1,V2), unit2zoneGEQ(V1,V2), unit2zoneGEQ(V2,V1).
"
83,PUP/doublev/,2-doublev-9.lp,Enumerate,Alternative,Partial,1,402,4448,DEFAULT,8.516,0,402,0,402,
85,PUP/doublev/,2-doublev-9.lp,Enumerate,Alternative,Partial,1,201,1769,DEFAULT,5.049,0,201,0,201,
101,PUP/doublev/,2-doublev-9.lp,Enumerate,Alternative,Partial,1,402,7830,DEFAULT,7.218,276.095,394,8,0," :- not zone2sensor(V1,V1), unit2zoneGEQ(V1,V1).
 :- not unit2sensorGEQ(V2,V1), unit2zoneGEQ(V2,V2), zone2sensor(V1,V1).
 :- not unit2zoneGEQ(V2,V1), unit2sensorGEQ(V2,V1), unit2zoneGEQ(V1,V1).
"
103,PUP/doublev/,2-doublev-9.lp,Enumerate,Alternative,Partial,1,201,31869,DEFAULT,3.613,342.044,181,20,2," :- not closesensors(V1,V2), partnerunits(V2,V1), zone2sensor(V1,V1).
 :- not unit2zoneGEQ(V1,V1), unit2sensorGEQ(V1,V1), zone2sensor(V1,V1).
 :- closesensors(V1,V2), unit2zoneGEQ(V1,V2), unit2zoneGEQ(V2,V1).
"
109,PUP/doublev/,2-doublev-9.lp,Enumerate,Alternative,Partial,1,201,16687,DEFAULT,3.59,74.412,197,4,2," :- not closesensors(V2,V1), not unit2zoneGEQ(V1,V1), partnerunits(V1,V2).
"
115,PUP/doublev/,2-doublev-9.lp,Enumerate,Alternative,Partial,1,201,16699,DEFAULT,3.449,0,201,0,201,
117,PUP/doublev/,2-doublev-9.lp,Enumerate,Alternative,Partial,1,603,15838,DEFAULT,10.867,897.487,599,4,4," :- not closezones(V2,V1), not unit2zoneGEQ(V1,V1), partnerunits(V1,V2).
 :- partnerunits(V1,V2), unit2zoneGEQ(V2,V1), zone2sensor(V1,V2).
 :- partnerunits(V2,V1), unit2zoneGEQ(V1,V1), zone2sensor(V1,V2).
"
118,PUP/doublev/,2-doublev-9.lp,Enumerate,Alternative,Partial,1,201,2753,DEFAULT,3.567,1068.78,199,2,0," :- not closezones(V1,V2), partnerunits(V1,V2), zone2sensor(V1,V2).
 :- not unit2zoneGEQ(V1,V2), unit2sensorGEQ(V1,V2), unit2zoneGEQ(V1,V1).
"
