,Directory,Files analysed with SBASS,Learning mode,Ordering,SBC,Iteration,Cell,Seed,Version,Time for creating examples,Time for solving ILP task,Total neg examples,Total pos examples,Neg examples uncovered,Learned Constraints
1,PUP/doublev/,2-doublev-9.lp,Enumerate,Standard,Full,1,1,31681,DEFAULT,8.538,224.176,100,1,0," :- not zone2sensor(V1,V1), unit2zoneGEQ(V1,V1).
 :- not unit2sensorGEQ(V2,V1), unit2sensorGEQ(V1,V2), zone2sensor(V1,V2).
"
2,PUP/doublev/,2-doublev-9.lp,Enumerate,Standard,Full,1,2,4634,DEFAULT,18.937,256.074,200,2,0," :- not unit2zoneGEQ(V1,V1), zone2sensor(V1,V1).
 :- partnerunits(V2,V1), unit2zoneGEQ(V1,V1), zone2sensor(V1,V2).
"
3,PUP/doublev/,2-doublev-9.lp,Enumerate,Standard,Full,1,3,16837,DEFAULT,28.116,268.222,300,3,0," :- not unit2sensorGEQ(V2,V1), not unit2zoneGEQ(V2,V1), partnerunits(V1,V2).
 :- closesensors(V1,V2), unit2zoneGEQ(V1,V2), unit2zoneGEQ(V2,V1).
"
4,PUP/doublev/,2-doublev-9.lp,Enumerate,Standard,Full,1,1,15262,DEFAULT,9.483,96.941,100,1,0," :- not zone2sensor(V1,V1), unit2zoneGEQ(V1,V2), unit2zoneGEQ(V2,V1).
"
5,PUP/doublev/,2-doublev-9.lp,Enumerate,Standard,Full,1,2,22084,DEFAULT,20.48,217.694,200,2,0," :- not zone2sensor(V1,V1), unit2zoneGEQ(V1,V1).
 :- partnerunits(V2,V1), unit2sensorGEQ(V1,V2), zone2sensor(V1,V2).
"
6,PUP/doublev/,2-doublev-9.lp,Enumerate,Standard,Full,1,3,24758,DEFAULT,27.502,245.208,300,3,0," :- not unit2sensorGEQ(V2,V1), not unit2zoneGEQ(V2,V1), partnerunits(V1,V2).
 :- not closezones(V1,V2), partnerunits(V2,V1), zone2sensor(V1,V2).
"
7,PUP/doublev/,2-doublev-9.lp,Enumerate,Standard,Full,1,1,3718,DEFAULT,9.321,787.843,100,1,0," :- not unit2zoneGEQ(V1,V1), zone2sensor(V1,V1).
 :- partnerunits(V1,V2), unit2zoneGEQ(V2,V1), zone2sensor(V1,V2).
"
8,PUP/doublev/,2-doublev-9.lp,Enumerate,Standard,Full,1,2,26796,DEFAULT,18.244,226.078,200,2,0," :- partnerunits(V2,V1), zone2sensor(V1,V2).
 :- closesensors(V2,V1), not unit2zoneGEQ(V2,V2), partnerunits(V1,V2).
"
9,PUP/doublev/,2-doublev-9.lp,Enumerate,Standard,Full,1,3,25434,DEFAULT,26.181,29.586,300,3,0," :- partnerunits(V2,V1), zone2sensor(V1,V2).
"
10,PUP/doublev/,2-doublev-9.lp,Enumerate,Standard,Full,1,1,8598,DEFAULT,9.686,367.494,100,1,0," :- not zone2sensor(V1,V1), unit2zoneGEQ(V1,V1).
 :- not unit2zoneGEQ(V1,V2), partnerunits(V1,V2), zone2sensor(V1,V2).
"
11,PUP/doublev/,2-doublev-9.lp,Enumerate,Standard,Full,1,2,21172,DEFAULT,18.619,253.3,200,2,0," :- not unit2zoneGEQ(V1,V2), unit2zoneGEQ(V1,V1), zone2sensor(V1,V2).
 :- not unit2zoneGEQ(V2,V2), partnerunits(V2,V1), zone2sensor(V1,V2).
"
12,PUP/doublev/,2-doublev-9.lp,Enumerate,Standard,Full,1,3,31928,DEFAULT,28.633,565.817,300,3,0," :- not unit2sensorGEQ(V2,V1), not unit2zoneGEQ(V1,V1), partnerunits(V1,V2).
 :- partnerunits(V2,V1), unit2zoneGEQ(V2,V1), zone2sensor(V1,V2).
 :- not unit2zoneGEQ(V1,V2), partnerunits(V1,V2), zone2sensor(V1,V2).
"
13,PUP/doublev/,2-doublev-9.lp,Enumerate,Standard,Full,1,1,29690,DEFAULT,9.42,546.908,100,1,0," :- not unit2zoneGEQ(V1,V1), partnerunits(V1,V2), zone2sensor(V1,V2).
 :- closesensors(V1,V2), not unit2sensorGEQ(V1,V2), unit2zoneGEQ(V1,V1).
"
14,PUP/doublev/,2-doublev-9.lp,Enumerate,Standard,Full,1,2,3800,DEFAULT,18.437,288.879,200,2,0," :- not unit2zoneGEQ(V1,V2), unit2zoneGEQ(V1,V1), zone2sensor(V1,V2).
 :- not unit2zoneGEQ(V2,V2), partnerunits(V2,V1), zone2sensor(V1,V2).
"
15,PUP/doublev/,2-doublev-9.lp,Enumerate,Standard,Full,1,3,1743,DEFAULT,28.113,779.269,300,3,0," :- not unit2sensorGEQ(V2,V1), partnerunits(V1,V2), zone2sensor(V1,V2).
 :- not unit2sensorGEQ(V2,V1), not unit2zoneGEQ(V2,V1), partnerunits(V1,V2).
 :- not unit2sensorGEQ(V1,V2), unit2sensorGEQ(V2,V2), zone2sensor(V1,V1).
"
16,PUP/doublev/,2-doublev-9.lp,Enumerate,Standard,Full,1,1,26740,DEFAULT,9.445,189.194,100,1,0," :- not zone2sensor(V1,V1), unit2zoneGEQ(V1,V1).
 :- partnerunits(V1,V2), unit2zoneGEQ(V2,V1), zone2sensor(V1,V2).
"
17,PUP/doublev/,2-doublev-9.lp,Enumerate,Standard,Full,1,2,22856,DEFAULT,18.617,261.716,200,2,0," :- not unit2sensorGEQ(V2,V1), not unit2zoneGEQ(V2,V2), partnerunits(V1,V2).
 :- not unit2zoneGEQ(V1,V2), partnerunits(V2,V1), zone2sensor(V1,V2).
"
18,PUP/doublev/,2-doublev-9.lp,Enumerate,Standard,Full,1,3,25148,DEFAULT,27.911,222.411,300,3,0," :- not unit2sensorGEQ(V1,V2), not unit2zoneGEQ(V1,V2), partnerunits(V1,V2).
 :- closesensors(V1,V2), unit2zoneGEQ(V1,V2), unit2zoneGEQ(V2,V1).
"
19,PUP/doublev/,2-doublev-9.lp,Enumerate,Standard,Full,1,1,6751,DEFAULT,9.333,240.511,100,1,0," :- not unit2sensorGEQ(V2,V1), not unit2zoneGEQ(V1,V1), partnerunits(V1,V2).
 :- not unit2zoneGEQ(V2,V1), not zone2sensor(V1,V1), partnerunits(V1,V2).
"
20,PUP/doublev/,2-doublev-9.lp,Enumerate,Standard,Full,1,2,13658,DEFAULT,18.779,59.055,200,2,0," :- not zone2sensor(V1,V2), unit2zoneGEQ(V1,V2), unit2zoneGEQ(V2,V1).
"
21,PUP/doublev/,2-doublev-9.lp,Enumerate,Standard,Full,1,3,717,DEFAULT,26.184,36.23,300,3,0," :- partnerunits(V2,V1), zone2sensor(V1,V2).
"
22,PUP/doublev/,2-doublev-9.lp,Enumerate,Standard,Full,1,1,16849,DEFAULT,8.643,33.674,100,1,0," :- partnerunits(V1,V2), zone2sensor(V1,V2).
"
23,PUP/doublev/,2-doublev-9.lp,Enumerate,Standard,Full,1,2,29843,DEFAULT,18.84,291.38,200,2,0," :- not unit2sensorGEQ(V2,V1), unit2sensorGEQ(V1,V2), zone2sensor(V1,V2).
 :- partnerunits(V1,V2), unit2zoneGEQ(V1,V1), unit2zoneGEQ(V2,V2).
"
24,PUP/doublev/,2-doublev-9.lp,Enumerate,Standard,Full,1,3,8299,DEFAULT,27.669,233.353,300,3,0," :- not zone2sensor(V1,V1), unit2zoneGEQ(V1,V1).
 :- not unit2zoneGEQ(V1,V2), partnerunits(V2,V1), zone2sensor(V1,V2).
"
25,PUP/doublev/,2-doublev-9.lp,Enumerate,Standard,Full,1,1,6709,DEFAULT,9.305,464.186,100,1,0," :- not zone2sensor(V1,V1), unit2zoneGEQ(V1,V1).
 :- not unit2zoneGEQ(V2,V2), partnerunits(V1,V2), zone2sensor(V1,V2).
"
26,PUP/doublev/,2-doublev-9.lp,Enumerate,Standard,Full,1,2,24419,DEFAULT,18.354,71.124,200,2,0," :- partnerunits(V2,V1), unit2zoneGEQ(V1,V1), zone2sensor(V1,V2).
"
27,PUP/doublev/,2-doublev-9.lp,Enumerate,Standard,Full,1,3,14456,DEFAULT,28.008,957.276,300,3,0," :- not unit2sensorGEQ(V2,V1), partnerunits(V1,V2), zone2sensor(V1,V2).
 :- not unit2sensorGEQ(V1,V2), partnerunits(V1,V2), unit2zoneGEQ(V1,V1).
 :- not unit2sensorGEQ(V1,V2), unit2sensorGEQ(V2,V2), zone2sensor(V1,V1).
 :- not closezones(V1,V2), partnerunits(V1,V2), zone2sensor(V1,V2).
"
28,PUP/doublev/,2-doublev-9.lp,Enumerate,Standard,Full,1,1,11547,DEFAULT,13.599,377.961,100,1,0," :- not unit2zoneGEQ(V1,V1), partnerunits(V1,V2).
 :- not unit2sensorGEQ(V1,V1), partnerunits(V2,V1), zone2sensor(V1,V2).
"
29,PUP/doublev/,2-doublev-9.lp,Enumerate,Standard,Full,1,2,7260,DEFAULT,23.185,339.457,200,2,0," :- partnerunits(V1,V2), zone2sensor(V1,V2).
 :- not unit2sensorGEQ(V2,V1), partnerunits(V1,V2), zone2sensor(V1,V1).
"
30,PUP/doublev/,2-doublev-9.lp,Enumerate,Standard,Full,1,3,21865,DEFAULT,42.083,711.741,300,3,0," :- not zone2sensor(V1,V1), unit2zoneGEQ(V1,V1).
 :- not unit2sensorGEQ(V1,V1), partnerunits(V1,V2), unit2zoneGEQ(V1,V2).
 :- not unit2zoneGEQ(V2,V2), partnerunits(V1,V2), zone2sensor(V1,V2).
"
31,PUP/doublev/,2-doublev-9.lp,Enumerate,Standard,Full,1,1,16017,DEFAULT,12.67,483.483,100,1,0," :- not unit2sensorGEQ(V1,V1), zone2sensor(V1,V1).
 :- not unit2sensorGEQ(V2,V1), not unit2zoneGEQ(V2,V2), partnerunits(V1,V2).
"
32,PUP/doublev/,2-doublev-9.lp,Enumerate,Standard,Full,1,2,29417,DEFAULT,23.128,201.853,200,2,0," :- partnerunits(V1,V2), zone2sensor(V1,V2).
 :- not unit2sensorGEQ(V2,V1), partnerunits(V2,V1), zone2sensor(V1,V1).
"
33,PUP/doublev/,2-doublev-9.lp,Enumerate,Standard,Full,1,3,25421,DEFAULT,33.984,347.88,300,3,0," :- not unit2zoneGEQ(V1,V2), unit2zoneGEQ(V1,V1), zone2sensor(V1,V2).
 :- not unit2zoneGEQ(V2,V2), partnerunits(V1,V2), zone2sensor(V1,V2).
"
34,PUP/doublev/,2-doublev-9.lp,Enumerate,Standard,Full,1,1,10456,DEFAULT,9.78,549.486,100,1,0," :- not unit2sensorGEQ(V1,V1), unit2zoneGEQ(V1,V1).
 :- not unit2zoneGEQ(V1,V2), not zone2sensor(V2,V2), partnerunits(V1,V2).
"
35,PUP/doublev/,2-doublev-9.lp,Enumerate,Standard,Full,1,2,25977,DEFAULT,24.997,49.159,200,2,0," :- partnerunits(V1,V2), zone2sensor(V1,V2).
"
36,PUP/doublev/,2-doublev-9.lp,Enumerate,Standard,Full,1,3,20418,DEFAULT,34.097,199.656,300,3,0," :- partnerunits(V1,V2), zone2sensor(V1,V2).
 :- not unit2sensorGEQ(V2,V1), partnerunits(V2,V1), zone2sensor(V1,V1).
"
37,PUP/doublev/,2-doublev-9.lp,Enumerate,Standard,Full,1,1,3380,DEFAULT,13.062,43.825,100,1,0," :- not unit2zoneGEQ(V2,V2), partnerunits(V1,V2).
"
38,PUP/doublev/,2-doublev-9.lp,Enumerate,Standard,Full,1,2,4490,DEFAULT,20.701,381.145,200,2,0," :- not unit2sensorGEQ(V2,V1), not unit2zoneGEQ(V2,V1), partnerunits(V1,V2).
 :- closesensors(V1,V2), unit2zoneGEQ(V1,V2), unit2zoneGEQ(V2,V1).
"
39,PUP/doublev/,2-doublev-9.lp,Enumerate,Standard,Full,1,3,29743,DEFAULT,36.142,1444.66,300,3,1," :- not unit2sensorGEQ(V2,V1), partnerunits(V1,V2), zone2sensor(V1,V2).
 :- not unit2sensorGEQ(V1,V2), unit2sensorGEQ(V2,V1), unit2zoneGEQ(V1,V1).
 :- closesensors(V1,V2), unit2zoneGEQ(V1,V2), unit2zoneGEQ(V2,V1).
"
40,PUP/doublev/,2-doublev-9.lp,Enumerate,Standard,Full,1,1,14157,DEFAULT,16.675,232.258,100,1,0," :- not zone2sensor(V1,V1), unit2zoneGEQ(V1,V1).
 :- not unit2zoneGEQ(V2,V2), partnerunits(V1,V2), zone2sensor(V1,V2).
"
41,PUP/doublev/,2-doublev-9.lp,Enumerate,Standard,Full,1,2,69,DEFAULT,22.139,44.637,200,2,0," :- partnerunits(V1,V2), zone2sensor(V1,V2).
"
42,PUP/doublev/,2-doublev-9.lp,Enumerate,Standard,Full,1,3,3023,DEFAULT,42.292,456.797,300,3,0," :- partnerunits(V1,V2), zone2sensor(V1,V2).
 :- not unit2sensorGEQ(V2,V1), partnerunits(V2,V1), zone2sensor(V1,V1).
"
43,PUP/doublev/,2-doublev-9.lp,Enumerate,Standard,Full,1,1,14690,DEFAULT,16.353,336.958,100,1,0," :- not unit2sensorGEQ(V2,V1), unit2zoneGEQ(V2,V1), zone2sensor(V1,V1).
 :- closesensors(V2,V1), partnerunits(V1,V2), zone2sensor(V1,V2).
"
44,PUP/doublev/,2-doublev-9.lp,Enumerate,Standard,Full,1,2,13524,DEFAULT,21.846,310.05,200,2,0," :- not unit2sensorGEQ(V1,V1), partnerunits(V1,V2), zone2sensor(V1,V2).
 :- not unit2sensorGEQ(V2,V1), not unit2zoneGEQ(V2,V2), partnerunits(V1,V2).
"
45,PUP/doublev/,2-doublev-9.lp,Enumerate,Standard,Full,1,3,15622,DEFAULT,38.678,49.416,300,3,0," :- partnerunits(V1,V2), zone2sensor(V1,V2).
"
46,PUP/doublev/,2-doublev-9.lp,Enumerate,Standard,Full,1,1,10222,DEFAULT,12.073,474.509,100,1,0," :- not unit2zoneGEQ(V1,V1), zone2sensor(V1,V1).
 :- partnerunits(V1,V2), zone2sensor(V1,V2).
"
47,PUP/doublev/,2-doublev-9.lp,Enumerate,Standard,Full,1,2,23256,DEFAULT,30.746,298.881,200,2,0," :- not zone2sensor(V1,V1), unit2zoneGEQ(V1,V1).
 :- not unit2sensorGEQ(V1,V2), not unit2zoneGEQ(V1,V2), partnerunits(V1,V2).
"
48,PUP/doublev/,2-doublev-9.lp,Enumerate,Standard,Full,1,3,29764,DEFAULT,40.579,450.263,300,3,0," :- not unit2sensorGEQ(V2,V1), not unit2zoneGEQ(V2,V1), partnerunits(V1,V2).
 :- closesensors(V1,V2), unit2zoneGEQ(V1,V2), unit2zoneGEQ(V2,V1).
"
49,PUP/doublev/,2-doublev-9.lp,Enumerate,Standard,Full,1,1,6652,DEFAULT,14.129,310.771,100,1,0," :- not unit2sensorGEQ(V1,V2), unit2zoneGEQ(V1,V2), zone2sensor(V1,V2).
 :- partnerunits(V1,V2), unit2zoneGEQ(V2,V2), zone2sensor(V1,V2).
"
50,PUP/doublev/,2-doublev-9.lp,Enumerate,Standard,Full,1,2,27221,DEFAULT,24.092,2602.22,200,2,0," :- not unit2sensorGEQ(V1,V1), partnerunits(V2,V1), zone2sensor(V1,V2).
 :- not unit2zoneGEQ(V2,V1), not zone2sensor(V1,V1), partnerunits(V1,V2).
"
51,PUP/doublev/,2-doublev-9.lp,Enumerate,Standard,Full,1,3,28577,DEFAULT,35.237,500.055,300,3,0," :- not unit2sensorGEQ(V1,V1), partnerunits(V1,V2), zone2sensor(V1,V2).
 :- not unit2sensorGEQ(V1,V2), not unit2zoneGEQ(V1,V2), partnerunits(V1,V2).
"
52,PUP/doublev/,2-doublev-9.lp,Enumerate,Standard,Full,1,1,759,DEFAULT,11.54,634.607,100,1,0," :- partnerunits(V1,V2), zone2sensor(V1,V2).
 :- not unit2sensorGEQ(V2,V1), not unit2zoneGEQ(V1,V2), partnerunits(V1,V2).
"
53,PUP/doublev/,2-doublev-9.lp,Enumerate,Standard,Full,1,2,2001,DEFAULT,23.003,261.963,200,2,0," :- not zone2sensor(V1,V1), unit2zoneGEQ(V1,V1).
 :- not unit2zoneGEQ(V2,V2), partnerunits(V1,V2), zone2sensor(V1,V2).
"
54,PUP/doublev/,2-doublev-9.lp,Enumerate,Standard,Full,1,3,10002,DEFAULT,32.344,329.256,300,3,0," :- not unit2zoneGEQ(V1,V2), unit2zoneGEQ(V1,V1), zone2sensor(V1,V2).
 :- not unit2zoneGEQ(V2,V2), partnerunits(V1,V2), zone2sensor(V1,V2).
"
55,PUP/doublev/,2-doublev-9.lp,Enumerate,Standard,Full,1,1,2905,DEFAULT,11.169,651.382,100,1,0," :- partnerunits(V1,V2), zone2sensor(V1,V2).
 :- not unit2sensorGEQ(V1,V2), not unit2zoneGEQ(V1,V2), partnerunits(V1,V2).
"
56,PUP/doublev/,2-doublev-9.lp,Enumerate,Standard,Full,1,2,27702,DEFAULT,21.95,36.995,200,2,0," :- partnerunits(V2,V1), zone2sensor(V1,V2).
"
57,PUP/doublev/,2-doublev-9.lp,Enumerate,Standard,Full,1,3,4997,DEFAULT,31.041,1583.63,300,3,1," :- not unit2sensorGEQ(V2,V1), unit2sensorGEQ(V1,V2), zone2sensor(V1,V2).
 :- not unit2sensorGEQ(V2,V2), partnerunits(V1,V2), zone2sensor(V1,V2).
 :- not closezones(V1,V2), partnerunits(V2,V1), zone2sensor(V1,V2).
"
58,PUP/doublev/,2-doublev-9.lp,Enumerate,Standard,Full,1,1,26985,DEFAULT,11.058,653.591,100,1,0," :- not zone2sensor(V1,V1), unit2zoneGEQ(V1,V1).
 :- not closezones(V1,V2), not unit2sensorGEQ(V1,V2), partnerunits(V1,V2).
"
59,PUP/doublev/,2-doublev-9.lp,Enumerate,Standard,Full,1,2,16281,DEFAULT,28.466,78.896,200,2,0," :- not zone2sensor(V1,V1), unit2zoneGEQ(V1,V2), unit2zoneGEQ(V2,V1).
"
60,PUP/doublev/,2-doublev-9.lp,Enumerate,Standard,Full,1,3,16345,DEFAULT,35.293,245.966,300,3,0," :- not unit2zoneGEQ(V1,V1), zone2sensor(V1,V1).
 :- partnerunits(V1,V2), unit2zoneGEQ(V1,V1), zone2sensor(V1,V2).
"
61,PUP/doublev/,2-doublev-9.lp,Enumerate,Standard,Full,1,1,14189,DEFAULT,12.791,182.915,200,1,0," :- not zone2sensor(V1,V1), unit2zoneGEQ(V1,V1).
 :- partnerunits(V2,V1), unit2sensorGEQ(V2,V2), zone2sensor(V1,V2).
"
62,PUP/doublev/,2-doublev-9.lp,Enumerate,Standard,Full,1,2,21352,DEFAULT,23.635,379.511,400,2,0," :- not unit2sensorGEQ(V2,V1), unit2zoneGEQ(V1,V1), zone2sensor(V1,V2).
 :- not unit2sensorGEQ(V2,V2), not unit2zoneGEQ(V1,V2), partnerunits(V1,V2).
"
63,PUP/doublev/,2-doublev-9.lp,Enumerate,Standard,Full,1,3,14837,DEFAULT,32.317,677.492,600,3,0," :- not zone2sensor(V1,V1), unit2zoneGEQ(V1,V1).
 :- not unit2zoneGEQ(V1,V2), unit2zoneGEQ(V1,V1), zone2sensor(V1,V2).
 :- not unit2zoneGEQ(V2,V2), partnerunits(V2,V1), zone2sensor(V1,V2).
"
64,PUP/doublev/,2-doublev-9.lp,Enumerate,Standard,Full,1,1,24318,DEFAULT,11.082,553.342,200,1,0," :- not unit2zoneGEQ(V2,V2), partnerunits(V1,V2).
 :- not unit2sensorGEQ(V2,V1), not unit2zoneGEQ(V1,V2), partnerunits(V1,V2).
"
65,PUP/doublev/,2-doublev-9.lp,Enumerate,Standard,Full,1,2,26740,DEFAULT,19.847,391.132,400,2,0," :- not unit2sensorGEQ(V2,V1), unit2zoneGEQ(V2,V2), zone2sensor(V1,V1).
 :- not unit2zoneGEQ(V2,V2), partnerunits(V2,V1), zone2sensor(V1,V2).
"
66,PUP/doublev/,2-doublev-9.lp,Enumerate,Standard,Full,1,3,23583,DEFAULT,34.064,955.923,600,3,0," :- not unit2sensorGEQ(V2,V1), partnerunits(V2,V1), zone2sensor(V1,V2).
 :- not unit2sensorGEQ(V1,V1), unit2sensorGEQ(V2,V2), unit2zoneGEQ(V1,V2).
 :- closezones(V2,V1), unit2zoneGEQ(V2,V2), zone2sensor(V1,V1).
"
67,PUP/doublev/,2-doublev-9.lp,Enumerate,Standard,Full,1,1,17876,DEFAULT,9.679,2393.61,200,1,0," :- not unit2sensorGEQ(V2,V1), partnerunits(V1,V2), zone2sensor(V1,V1).
 :- not unit2zoneGEQ(V2,V1), partnerunits(V1,V2), zone2sensor(V1,V2).
"
68,PUP/doublev/,2-doublev-9.lp,Enumerate,Standard,Full,1,2,19383,DEFAULT,21.871,613.905,400,2,0," :- not unit2sensorGEQ(V1,V1), partnerunits(V1,V2), zone2sensor(V1,V2).
 :- not unit2zoneGEQ(V1,V2), not zone2sensor(V2,V2), partnerunits(V1,V2).
"
69,PUP/doublev/,2-doublev-9.lp,Enumerate,Standard,Full,1,3,7579,DEFAULT,31.504,664.039,600,3,0," :- not unit2sensorGEQ(V2,V2), not unit2zoneGEQ(V1,V2), partnerunits(V1,V2).
 :- not unit2sensorGEQ(V2,V1), not unit2zoneGEQ(V2,V1), partnerunits(V1,V2).
 :- closesensors(V1,V2), unit2zoneGEQ(V1,V2), unit2zoneGEQ(V2,V1).
"
70,PUP/doublev/,2-doublev-9.lp,Enumerate,Standard,Full,1,1,28975,DEFAULT,10.849,155.315,200,1,0," :- not unit2sensorGEQ(V1,V2), not unit2zoneGEQ(V2,V2), partnerunits(V1,V2).
 :- partnerunits(V2,V1), unit2zoneGEQ(V2,V1), zone2sensor(V1,V1).
"
71,PUP/doublev/,2-doublev-9.lp,Enumerate,Standard,Full,1,2,1459,DEFAULT,22.499,597.911,400,2,0," :- not unit2sensorGEQ(V2,V1), unit2sensorGEQ(V1,V1), zone2sensor(V1,V2).
 :- not unit2sensorGEQ(V2,V2), partnerunits(V2,V1), zone2sensor(V1,V2).
"
72,PUP/doublev/,2-doublev-9.lp,Enumerate,Standard,Full,1,3,7706,DEFAULT,34.36,1201.78,600,3,0," :- not unit2zoneGEQ(V1,V1), zone2sensor(V1,V1).
 :- not unit2sensorGEQ(V1,V2), partnerunits(V1,V2), zone2sensor(V1,V2).
 :- not unit2sensorGEQ(V1,V1), unit2sensorGEQ(V2,V1), unit2zoneGEQ(V1,V2).
 :- partnerunits(V2,V1), unit2zoneGEQ(V2,V1), zone2sensor(V1,V2).
"
73,PUP/doublev/,2-doublev-9.lp,Enumerate,Standard,Full,1,1,5107,DEFAULT,9.956,29.979,200,1,0," :- partnerunits(V2,V1), zone2sensor(V1,V2).
"
74,PUP/doublev/,2-doublev-9.lp,Enumerate,Standard,Full,1,2,10838,DEFAULT,20.531,283.921,400,2,0," :- not zone2sensor(V1,V1), unit2zoneGEQ(V1,V1).
 :- not unit2sensorGEQ(V2,V1), not unit2zoneGEQ(V2,V1), partnerunits(V1,V2).
"
75,PUP/doublev/,2-doublev-9.lp,Enumerate,Standard,Full,1,3,21787,DEFAULT,29.948,2313.52,600,3,0," :- not unit2sensorGEQ(V1,V1), partnerunits(V1,V2), zone2sensor(V1,V2).
 :- not unit2sensorGEQ(V1,V2), not unit2zoneGEQ(V1,V1), partnerunits(V1,V2).
 :- not unit2sensorGEQ(V1,V1), unit2sensorGEQ(V2,V1), unit2zoneGEQ(V1,V2).
 :- partnerunits(V1,V2), unit2sensorGEQ(V1,V1), unit2sensorGEQ(V2,V2).
"
76,PUP/doublev/,2-doublev-9.lp,Enumerate,Standard,Full,1,1,9373,DEFAULT,9.607,170.177,200,1,0," :- not unit2zoneGEQ(V2,V2), partnerunits(V1,V2).
 :- partnerunits(V1,V2), unit2zoneGEQ(V2,V1), zone2sensor(V1,V2).
"
77,PUP/doublev/,2-doublev-9.lp,Enumerate,Standard,Full,1,2,12399,DEFAULT,19.372,414.356,400,2,0," :- not zone2sensor(V1,V1), unit2zoneGEQ(V1,V1).
 :- not unit2zoneGEQ(V1,V2), unit2zoneGEQ(V1,V1), zone2sensor(V1,V2).
 :- not unit2zoneGEQ(V2,V2), partnerunits(V1,V2), zone2sensor(V1,V2).
"
78,PUP/doublev/,2-doublev-9.lp,Enumerate,Standard,Full,1,3,5812,DEFAULT,27.742,747.854,600,3,0," :- not unit2sensorGEQ(V1,V2), not unit2zoneGEQ(V1,V1), partnerunits(V1,V2).
 :- not unit2sensorGEQ(V1,V2), unit2sensorGEQ(V2,V2), unit2zoneGEQ(V1,V2).
 :- partnerunits(V1,V2), unit2zoneGEQ(V2,V1), zone2sensor(V1,V2).
"
79,PUP/doublev/,2-doublev-9.lp,Enumerate,Standard,Full,1,1,21123,DEFAULT,9.699,338.881,200,1,0," :- not zone2sensor(V1,V1), unit2zoneGEQ(V1,V1).
 :- not unit2sensorGEQ(V2,V1), unit2sensorGEQ(V1,V2), zone2sensor(V1,V2).
"
80,PUP/doublev/,2-doublev-9.lp,Enumerate,Standard,Full,1,2,32737,DEFAULT,18.842,192.052,400,2,0," :- partnerunits(V2,V1), zone2sensor(V1,V2).
 :- not unit2sensorGEQ(V2,V1), partnerunits(V2,V1), zone2sensor(V1,V1).
"
81,PUP/doublev/,2-doublev-9.lp,Enumerate,Standard,Full,1,3,2231,DEFAULT,29.437,340.646,600,3,0," :- not zone2sensor(V1,V1), unit2zoneGEQ(V1,V1).
 :- not unit2zoneGEQ(V1,V2), unit2zoneGEQ(V1,V1), zone2sensor(V1,V2).
 :- not unit2zoneGEQ(V2,V2), partnerunits(V2,V1), zone2sensor(V1,V2).
"
82,PUP/doublev/,2-doublev-9.lp,Enumerate,Standard,Full,1,1,26645,DEFAULT,9.716,86.463,200,1,0," :- not zone2sensor(V1,V2), unit2zoneGEQ(V1,V2), unit2zoneGEQ(V2,V1).
"
83,PUP/doublev/,2-doublev-9.lp,Enumerate,Standard,Full,1,2,4448,DEFAULT,19.115,310.882,400,2,0," :- not unit2sensorGEQ(V2,V1), not unit2zoneGEQ(V2,V2), partnerunits(V1,V2).
 :- not unit2sensorGEQ(V2,V1), not unit2zoneGEQ(V1,V1), partnerunits(V1,V2).
"
84,PUP/doublev/,2-doublev-9.lp,Enumerate,Standard,Full,1,3,12868,DEFAULT,28.615,308.425,600,3,0," :- not unit2zoneGEQ(V1,V2), unit2zoneGEQ(V1,V1), zone2sensor(V1,V2).
 :- not unit2zoneGEQ(V2,V2), partnerunits(V1,V2), zone2sensor(V1,V2).
"
85,PUP/doublev/,2-doublev-9.lp,Enumerate,Standard,Full,1,1,1769,DEFAULT,9.906,384.77,200,1,0," :- not unit2zoneGEQ(V1,V1), zone2sensor(V1,V1).
 :- not zone2sensor(V2,V2), unit2zoneGEQ(V1,V2), unit2zoneGEQ(V2,V1).
"
86,PUP/doublev/,2-doublev-9.lp,Enumerate,Standard,Full,1,2,8467,DEFAULT,18.891,369.141,400,2,0," :- not unit2zoneGEQ(V1,V1), zone2sensor(V1,V1).
 :- not zone2sensor(V1,V1), unit2zoneGEQ(V1,V2), unit2zoneGEQ(V2,V1).
"
87,PUP/doublev/,2-doublev-9.lp,Enumerate,Standard,Full,1,3,14775,DEFAULT,26.936,132.953,600,3,0," :- partnerunits(V2,V1), zone2sensor(V1,V2).
 :- not unit2sensorGEQ(V1,V2), not unit2zoneGEQ(V1,V1), partnerunits(V1,V2).
"
88,PUP/doublev/,2-doublev-9.lp,Enumerate,Standard,Full,1,1,2212,DEFAULT,9.596,51.671,200,1,0," :- not zone2sensor(V1,V2), unit2zoneGEQ(V1,V2), unit2zoneGEQ(V2,V1).
"
89,PUP/doublev/,2-doublev-9.lp,Enumerate,Standard,Full,1,2,9472,DEFAULT,17.791,135.755,400,2,0," :- partnerunits(V2,V1), zone2sensor(V1,V2).
 :- not unit2sensorGEQ(V1,V2), not unit2zoneGEQ(V1,V1), partnerunits(V1,V2).
"
90,PUP/doublev/,2-doublev-9.lp,Enumerate,Standard,Full,1,3,1280,DEFAULT,29.892,212.834,600,3,0," :- not zone2sensor(V1,V1), unit2zoneGEQ(V1,V1).
 :- not unit2zoneGEQ(V2,V2), partnerunits(V2,V1), zone2sensor(V1,V2).
"
91,PUP/doublev/,2-doublev-9.lp,Enumerate,Standard,Full,1,1,13383,DEFAULT,10.804,954.313,200,1,0," :- not unit2sensorGEQ(V2,V1), partnerunits(V2,V1), unit2sensorGEQ(V1,V2).
 :- closezones(V2,V1), unit2zoneGEQ(V2,V2), zone2sensor(V1,V1).
"
92,PUP/doublev/,2-doublev-9.lp,Enumerate,Standard,Full,1,2,2517,DEFAULT,17.659,192.46,400,2,0," :- partnerunits(V2,V1), zone2sensor(V1,V2).
 :- not unit2sensorGEQ(V1,V2), not unit2zoneGEQ(V1,V1), partnerunits(V1,V2).
"
93,PUP/doublev/,2-doublev-9.lp,Enumerate,Standard,Full,1,3,20286,DEFAULT,28.348,327.043,600,3,0," :- not unit2zoneGEQ(V1,V2), unit2zoneGEQ(V1,V1), zone2sensor(V1,V2).
 :- not unit2zoneGEQ(V2,V2), partnerunits(V1,V2), zone2sensor(V1,V2).
"
94,PUP/doublev/,2-doublev-9.lp,Enumerate,Standard,Full,1,1,13727,DEFAULT,9.53,213.908,200,1,0," :- not unit2sensorGEQ(V1,V2), partnerunits(V1,V2), zone2sensor(V1,V2).
 :- not unit2zoneGEQ(V2,V1), not zone2sensor(V1,V1), partnerunits(V1,V2).
"
95,PUP/doublev/,2-doublev-9.lp,Enumerate,Standard,Full,1,2,15928,DEFAULT,18.648,1144.57,400,2,0," :- not unit2zoneGEQ(V1,V2), not zone2sensor(V2,V2), partnerunits(V1,V2).
 :- closesensors(V1,V2), partnerunits(V1,V2), zone2sensor(V1,V2).
"
96,PUP/doublev/,2-doublev-9.lp,Enumerate,Standard,Full,1,3,18316,DEFAULT,28.982,614.545,600,3,0," :- not unit2sensorGEQ(V1,V2), not unit2zoneGEQ(V1,V1), partnerunits(V1,V2).
 :- not unit2sensorGEQ(V1,V2), unit2sensorGEQ(V2,V2), zone2sensor(V1,V1).
 :- partnerunits(V2,V1), unit2zoneGEQ(V2,V1), zone2sensor(V1,V2).
"
97,PUP/doublev/,2-doublev-9.lp,Enumerate,Standard,Full,1,1,32033,DEFAULT,9.564,244.962,200,1,0," :- not zone2sensor(V1,V1), unit2zoneGEQ(V1,V1).
 :- not unit2sensorGEQ(V2,V1), not unit2zoneGEQ(V2,V1), partnerunits(V1,V2).
"
98,PUP/doublev/,2-doublev-9.lp,Enumerate,Standard,Full,1,2,32598,DEFAULT,17.606,161.66,400,2,0," :- partnerunits(V1,V2), zone2sensor(V1,V2).
 :- not unit2sensorGEQ(V2,V1), partnerunits(V1,V2), zone2sensor(V1,V1).
"
99,PUP/doublev/,2-doublev-9.lp,Enumerate,Standard,Full,1,3,11310,DEFAULT,26.644,190.628,600,3,0," :- partnerunits(V1,V2), zone2sensor(V1,V2).
 :- not unit2sensorGEQ(V2,V1), partnerunits(V2,V1), zone2sensor(V1,V1).
"
100,PUP/doublev/,2-doublev-9.lp,Enumerate,Standard,Full,1,1,30414,DEFAULT,8.749,275.158,200,1,0," :- partnerunits(V1,V2), zone2sensor(V1,V2).
 :- not unit2sensorGEQ(V2,V1), unit2zoneGEQ(V2,V2), zone2sensor(V1,V1).
"
101,PUP/doublev/,2-doublev-9.lp,Enumerate,Standard,Full,1,2,7830,DEFAULT,17.972,178.306,400,2,0," :- partnerunits(V1,V2), zone2sensor(V1,V2).
 :- not unit2sensorGEQ(V2,V1), partnerunits(V1,V2), zone2sensor(V1,V1).
"
102,PUP/doublev/,2-doublev-9.lp,Enumerate,Standard,Full,1,3,31417,DEFAULT,28.475,525.554,600,3,0," :- not unit2sensorGEQ(V2,V1), not unit2zoneGEQ(V2,V2), partnerunits(V1,V2).
 :- partnerunits(V2,V1), unit2zoneGEQ(V2,V1), zone2sensor(V1,V2).
 :- partnerunits(V1,V2), unit2zoneGEQ(V1,V2), unit2zoneGEQ(V2,V1).
"
103,PUP/doublev/,2-doublev-9.lp,Enumerate,Standard,Full,1,1,31869,DEFAULT,9.119,171.865,200,1,0," :- partnerunits(V1,V2), zone2sensor(V1,V2).
 :- not unit2sensorGEQ(V1,V2), unit2sensorGEQ(V2,V2), unit2zoneGEQ(V1,V2).
"
104,PUP/doublev/,2-doublev-9.lp,Enumerate,Standard,Full,1,2,22564,DEFAULT,18.45,25.884,400,2,0," :- partnerunits(V2,V1), zone2sensor(V1,V2).
"
105,PUP/doublev/,2-doublev-9.lp,Enumerate,Standard,Full,1,3,7051,DEFAULT,26.72,617.485,600,3,0," :- not unit2zoneGEQ(V1,V1), zone2sensor(V1,V1).
 :- not unit2sensorGEQ(V1,V1), not unit2sensorGEQ(V1,V2), partnerunits(V1,V2).
 :- partnerunits(V2,V1), unit2zoneGEQ(V1,V1), zone2sensor(V1,V2).
"
106,PUP/doublev/,2-doublev-9.lp,Enumerate,Standard,Full,1,1,8543,DEFAULT,8.932,188.139,200,1,0," :- partnerunits(V2,V1), zone2sensor(V1,V2).
 :- not unit2sensorGEQ(V1,V2), partnerunits(V1,V2), unit2zoneGEQ(V1,V2).
"
107,PUP/doublev/,2-doublev-9.lp,Enumerate,Standard,Full,1,2,12158,DEFAULT,17.907,35.685,400,2,0," :- partnerunits(V2,V1), zone2sensor(V1,V2).
"
108,PUP/doublev/,2-doublev-9.lp,Enumerate,Standard,Full,1,3,16923,DEFAULT,28.783,419.556,600,3,0," :- not zone2sensor(V1,V1), unit2zoneGEQ(V1,V1).
 :- not unit2sensorGEQ(V1,V1), partnerunits(V1,V2), unit2zoneGEQ(V1,V2).
 :- not unit2zoneGEQ(V1,V2), partnerunits(V1,V2), zone2sensor(V1,V2).
"
109,PUP/doublev/,2-doublev-9.lp,Enumerate,Standard,Full,1,1,16687,DEFAULT,9.62,181.528,200,1,0," :- not zone2sensor(V1,V1), unit2zoneGEQ(V1,V1).
 :- not unit2sensorGEQ(V2,V2), partnerunits(V2,V1), zone2sensor(V1,V2).
"
110,PUP/doublev/,2-doublev-9.lp,Enumerate,Standard,Full,1,2,27416,DEFAULT,19.327,260.907,400,2,0," :- not unit2sensorGEQ(V1,V1), not unit2zoneGEQ(V2,V2), unit2sensorGEQ(V1,V2).
 :- partnerunits(V2,V1), unit2zoneGEQ(V2,V1), zone2sensor(V1,V2).
"
111,PUP/doublev/,2-doublev-9.lp,Enumerate,Standard,Full,1,3,21083,DEFAULT,27.025,205.544,600,3,0," :- partnerunits(V1,V2), zone2sensor(V1,V2).
 :- not unit2sensorGEQ(V2,V1), partnerunits(V2,V1), zone2sensor(V1,V1).
"
112,PUP/doublev/,2-doublev-9.lp,Enumerate,Standard,Full,1,1,16567,DEFAULT,9.867,855.345,200,1,0," :- not closezones(V1,V2), not unit2sensorGEQ(V2,V1), partnerunits(V1,V2).
 :- partnerunits(V1,V2), unit2zoneGEQ(V2,V2), zone2sensor(V1,V1).
"
113,PUP/doublev/,2-doublev-9.lp,Enumerate,Standard,Full,1,2,70,DEFAULT,17.618,189.581,400,2,0," :- partnerunits(V1,V2), zone2sensor(V1,V2).
 :- not unit2sensorGEQ(V2,V1), partnerunits(V1,V2), zone2sensor(V1,V1).
"
114,PUP/doublev/,2-doublev-9.lp,Enumerate,Standard,Full,1,3,22154,DEFAULT,29.367,289.132,600,3,0," :- not unit2zoneGEQ(V1,V2), unit2zoneGEQ(V1,V1), zone2sensor(V1,V2).
 :- not unit2zoneGEQ(V2,V2), partnerunits(V1,V2), zone2sensor(V1,V2).
"
115,PUP/doublev/,2-doublev-9.lp,Enumerate,Standard,Full,1,1,16699,DEFAULT,9.444,400.634,200,1,0," :- not zone2sensor(V1,V1), unit2zoneGEQ(V1,V1).
 :- not unit2zoneGEQ(V1,V2), partnerunits(V1,V2), zone2sensor(V1,V2).
"
116,PUP/doublev/,2-doublev-9.lp,Enumerate,Standard,Full,1,2,25944,DEFAULT,17.672,160.896,400,2,0," :- partnerunits(V1,V2), zone2sensor(V1,V2).
 :- not unit2sensorGEQ(V2,V1), unit2zoneGEQ(V2,V1), zone2sensor(V1,V1).
"
117,PUP/doublev/,2-doublev-9.lp,Enumerate,Standard,Full,1,3,15838,DEFAULT,28.205,201.757,600,3,0," :- partnerunits(V1,V2), zone2sensor(V1,V2).
 :- not unit2sensorGEQ(V2,V1), partnerunits(V2,V1), zone2sensor(V1,V1).
"
118,PUP/doublev/,2-doublev-9.lp,Enumerate,Standard,Full,1,1,2753,DEFAULT,9.519,447.12,200,1,0," :- not unit2sensorGEQ(V2,V1), partnerunits(V1,V2), zone2sensor(V1,V1).
 :- closezones(V1,V2), not unit2sensorGEQ(V2,V1), partnerunits(V1,V2).
"
119,PUP/doublev/,2-doublev-9.lp,Enumerate,Standard,Full,1,2,31792,DEFAULT,17.767,397.965,400,2,0," :- partnerunits(V1,V2), zone2sensor(V1,V2).
 :- not unit2sensorGEQ(V2,V1), partnerunits(V2,V1), zone2sensor(V1,V1).
"
120,PUP/doublev/,2-doublev-9.lp,Enumerate,Standard,Full,1,3,6602,DEFAULT,28.602,641.227,600,3,1," :- not unit2sensorGEQ(V2,V1), unit2sensorGEQ(V1,V2), zone2sensor(V1,V2).
 :- not unit2sensorGEQ(V2,V2), partnerunits(V2,V1), zone2sensor(V1,V2).
 :- not unit2sensorGEQ(V1,V2), unit2sensorGEQ(V2,V2), unit2zoneGEQ(V1,V1).
"
