,Directory,Files analysed with SBASS,Learning mode,Ordering,SBC,Iteration,Cell,Seed,Version,Time for creating examples,Time for solving ILP task,Total neg examples,Total pos examples,Neg examples uncovered,Learned Constraints
1,./PUP/doublev/,2-doublev-9.lp,Enumerate,Alternative,Full,1,1,31681,DEFAULT,9.415,988.135,100,1,0," :- not unit2zoneGEQ(V1,V1), unit2sensorGEQ(V1,V1).
 :- not unit2sensorGEQ(V1,V3), unit2sensorGEQ(V2,V3), unit2zoneGEQ(V1,V2).
"
2,./PUP/doublev/,2-doublev-9.lp,Enumerate,Alternative,Full,1,2,4634,DEFAULT,37.138,1786.43,200,2,0," :- not closesensors(V2,V1), partnerunits(V2,V1), zone2sensor(V1,V1).
 :- not unit2zoneGEQ(V1,V1), not unit2zoneGEQ(V2,V2), partnerunits(V1,V2).
 :- not unit2zoneGEQ(V3,V2), unit2sensorGEQ(V3,V1), unit2zoneGEQ(V1,V2).
"
3,./PUP/doublev/,2-doublev-9.lp,Enumerate,Alternative,Full,1,3,16837,DEFAULT,85.022,3466.96,300,3,1," :- not unit2zoneGEQ(V1,V1), zone2sensor(V1,V1).
 :- not unit2sensorGEQ(V1,V2), not unit2zoneGEQ(V2,V1), partnerunits(V1,V2).
 :- not closesensors(V1,V2), partnerunits(V1,V2), zone2sensor(V1,V1).
 :- not unit2zoneGEQ(V2,V1), unit2sensorGEQ(V2,V1), unit2zoneGEQ(V1,V1).
"
4,./PUP/doublev/,2-doublev-9.lp,Enumerate,Alternative,Full,1,1,15262,DEFAULT,26.684,574.93,100,1,0," :- not unit2sensorGEQ(V1,V1), not unit2sensorGEQ(V2,V2), partnerunits(V1,V2).
 :- not unit2zoneGEQ(V3,V2), unit2sensorGEQ(V3,V1), unit2zoneGEQ(V1,V2).
"
5,./PUP/doublev/,2-doublev-9.lp,Enumerate,Alternative,Full,1,2,22084,DEFAULT,57.304,1023.24,200,2,0," :- closesensors(V1,V2), not unit2zoneGEQ(V1,V1), partnerunits(V1,V2).
 :- closesensors(V2,V1), not unit2zoneGEQ(V1,V2), unit2sensorGEQ(V1,V2).
"
7,./PUP/doublev/,2-doublev-9.lp,Enumerate,Alternative,Full,1,1,3718,DEFAULT,28.17,2334.9,100,1,0," :- not unit2zoneGEQ(V1,V1), unit2sensorGEQ(V1,V1).
 :- not unit2sensorGEQ(V1,V3), unit2sensorGEQ(V2,V3), unit2zoneGEQ(V1,V2).
"
8,./PUP/doublev/,2-doublev-9.lp,Enumerate,Alternative,Full,1,2,26796,DEFAULT,50.562,1404.3,200,2,0," :- not closesensors(V1,V2), partnerunits(V1,V2), zone2sensor(V1,V1).
 :- closesensors(V1,V2), unit2sensorGEQ(V1,V2), unit2sensorGEQ(V2,V1).
 :- closezones(V1,V2), not unit2zoneGEQ(V2,V1), partnerunits(V1,V2).
"
9,./PUP/doublev/,2-doublev-9.lp,Enumerate,Alternative,Full,1,3,25434,DEFAULT,71.337,1202.61,300,3,0," :- partnerunits(V1,V2), unit2sensorGEQ(V1,V2), unit2sensorGEQ(V2,V1).
 :- closesensors(V1,V2), unit2sensorGEQ(V1,V2), unit2sensorGEQ(V2,V1).
 :- closezones(V2,V1), not unit2zoneGEQ(V2,V2), partnerunits(V1,V2).
"
12,./PUP/doublev/,2-doublev-9.lp,Enumerate,Alternative,Full,1,3,31928,DEFAULT,69.27,1301.69,300,3,0," :- not closesensors(V2,V1), partnerunits(V1,V2), zone2sensor(V1,V1).
 :- not unit2zoneGEQ(V1,V1), unit2sensorGEQ(V1,V2), zone2sensor(V1,V2).
 :- closesensors(V1,V2), unit2sensorGEQ(V1,V2), unit2sensorGEQ(V2,V1).
"
13,./PUP/doublev/,2-doublev-9.lp,Enumerate,Alternative,Full,1,1,29690,DEFAULT,25.819,258.35,100,1,0," :- closesensors(V2,V1), not unit2zoneGEQ(V1,V2), unit2sensorGEQ(V1,V2).
"
16,./PUP/doublev/,2-doublev-9.lp,Enumerate,Alternative,Full,1,1,26740,DEFAULT,26.219,1982.39,100,1,0," :- not unit2zoneGEQ(V1,V1), unit2sensorGEQ(V1,V1).
 :- closezones(V1,V2), unit2zoneGEQ(V1,V2), unit2zoneGEQ(V2,V1).
"
17,./PUP/doublev/,2-doublev-9.lp,Enumerate,Alternative,Full,1,2,22856,DEFAULT,49.551,2404.54,200,2,2," :- not closesensors(V1,V2), partnerunits(V2,V1), zone2sensor(V1,V1).
 :- not unit2zoneGEQ(V2,V2), unit2sensorGEQ(V2,V1), unit2zoneGEQ(V1,V2).
 :- closesensors(V1,V2), unit2sensorGEQ(V1,V2), unit2sensorGEQ(V2,V1).
"
19,./PUP/doublev/,2-doublev-9.lp,Enumerate,Alternative,Full,1,1,6751,DEFAULT,25.817,572.435,100,1,0," :- not unit2sensorGEQ(V2,V2), unit2sensorGEQ(V2,V1), unit2zoneGEQ(V1,V1).
 :- not unit2sensorGEQ(V2,V2), not unit2zoneGEQ(V2,V2), partnerunits(V1,V2).
"
20,./PUP/doublev/,2-doublev-9.lp,Enumerate,Alternative,Full,1,2,13658,DEFAULT,53.145,607.927,200,2,0," :- not unit2zoneGEQ(V1,V1), zone2sensor(V1,V1).
 :- not unit2zoneGEQ(V3,V2), unit2sensorGEQ(V3,V1), unit2zoneGEQ(V1,V2).
"
21,./PUP/doublev/,2-doublev-9.lp,Enumerate,Alternative,Full,1,3,717,DEFAULT,67.213,965.718,300,3,0," :- not unit2sensorGEQ(V2,V1), not unit2zoneGEQ(V1,V1), unit2sensorGEQ(V1,V2).
 :- partnerunits(V1,V2), unit2sensorGEQ(V1,V2), unit2sensorGEQ(V2,V1).
"
22,./PUP/doublev/,2-doublev-9.lp,Enumerate,Alternative,Full,1,1,16849,DEFAULT,25.433,1038.87,100,1,0," :- not unit2zoneGEQ(V2,V2), unit2sensorGEQ(V2,V1), zone2sensor(V1,V1).
 :- closezones(V2,V1), not closesensors(V1,V2), partnerunits(V1,V2).
"
23,./PUP/doublev/,2-doublev-9.lp,Enumerate,Alternative,Full,1,2,29843,DEFAULT,55.051,2924.36,200,2,0," :- not unit2sensorGEQ(V2,V2), unit2zoneGEQ(V2,V1), zone2sensor(V1,V1).
 :- not closesensors(V2,V1), partnerunits(V1,V2), zone2sensor(V1,V1).
 :- not unit2zoneGEQ(V3,V2), unit2sensorGEQ(V3,V1), unit2zoneGEQ(V1,V2).
"
25,./PUP/doublev/,2-doublev-9.lp,Enumerate,Alternative,Full,1,1,6709,DEFAULT,25.355,2109.05,100,1,0," :- not unit2zoneGEQ(V1,V1), unit2sensorGEQ(V1,V1).
 :- closezones(V1,V2), unit2zoneGEQ(V1,V2), unit2zoneGEQ(V2,V1).
"
28,./PUP/doublev/,2-doublev-9.lp,Enumerate,Alternative,Full,1,1,11547,DEFAULT,27.386,326.624,100,1,0," :- closesensors(V1,V2), unit2sensorGEQ(V1,V2), unit2sensorGEQ(V2,V1).
 :- closesensors(V2,V1), not unit2zoneGEQ(V1,V1), unit2zoneGEQ(V1,V2).
"
29,./PUP/doublev/,2-doublev-9.lp,Enumerate,Alternative,Full,1,2,7260,DEFAULT,46.466,984.581,200,2,0," :- not unit2zoneGEQ(V2,V2), partnerunits(V2,V1), unit2zoneGEQ(V1,V2).
 :- closezones(V1,V2), not unit2zoneGEQ(V1,V2), partnerunits(V1,V2).
"
31,./PUP/doublev/,2-doublev-9.lp,Enumerate,Alternative,Full,1,1,16017,DEFAULT,26.04,200.82,100,1,0," :- not unit2zoneGEQ(V2,V1), not zone2sensor(V2,V1), partnerunits(V1,V2).
"
32,./PUP/doublev/,2-doublev-9.lp,Enumerate,Alternative,Full,1,2,29417,DEFAULT,43.922,1265.78,200,2,0," :- not closesensors(V2,V1), not unit2zoneGEQ(V1,V1), partnerunits(V1,V2).
 :- closesensors(V2,V1), not unit2zoneGEQ(V1,V2), unit2sensorGEQ(V1,V1).
"
34,./PUP/doublev/,2-doublev-9.lp,Enumerate,Alternative,Full,1,1,10456,DEFAULT,25.063,367.864,100,1,0," :- not zone2sensor(V2,V1), unit2sensorGEQ(V2,V1), unit2zoneGEQ(V1,V2).
"
35,./PUP/doublev/,2-doublev-9.lp,Enumerate,Alternative,Full,1,2,25977,DEFAULT,47.544,595.374,200,2,0," :- not unit2zoneGEQ(V1,V1), unit2sensorGEQ(V1,V1).
 :- not closesensors(V1,V2), not zone2sensor(V1,V2), partnerunits(V1,V2).
"
36,./PUP/doublev/,2-doublev-9.lp,Enumerate,Alternative,Full,1,3,20418,DEFAULT,69.303,1057.82,300,3,0," :- partnerunits(V1,V2), unit2sensorGEQ(V1,V2), unit2sensorGEQ(V2,V1).
 :- closezones(V2,V1), not zone2sensor(V1,V2), partnerunits(V1,V2).
"
37,./PUP/doublev/,2-doublev-9.lp,Enumerate,Alternative,Full,1,1,3380,DEFAULT,26.01,250.762,100,1,0," :- not unit2zoneGEQ(V2,V2), partnerunits(V2,V1), unit2sensorGEQ(V1,V1).
"
38,./PUP/doublev/,2-doublev-9.lp,Enumerate,Alternative,Full,1,2,4490,DEFAULT,51.521,2332.47,200,2,0," :- not unit2sensorGEQ(V1,V2), not unit2sensorGEQ(V2,V1), partnerunits(V1,V2).
 :- not unit2sensorGEQ(V2,V1), not unit2zoneGEQ(V1,V2), partnerunits(V1,V2).
 :- not zone2sensor(V1,V1), unit2sensorGEQ(V1,V1), unit2zoneGEQ(V1,V1).
 :- closesensors(V1,V2), unit2sensorGEQ(V1,V2), unit2sensorGEQ(V2,V1).
"
40,./PUP/doublev/,2-doublev-9.lp,Enumerate,Alternative,Full,1,1,14157,DEFAULT,28.814,863.995,100,1,0," :- not unit2zoneGEQ(V3,V2), unit2sensorGEQ(V3,V1), unit2zoneGEQ(V1,V2).
"
41,./PUP/doublev/,2-doublev-9.lp,Enumerate,Alternative,Full,1,2,69,DEFAULT,46.635,750.575,200,2,0," :- not closesensors(V1,V2), not zone2sensor(V1,V2), partnerunits(V1,V2).
 :- partnerunits(V1,V2), unit2sensorGEQ(V1,V2), unit2sensorGEQ(V2,V1).
"
42,./PUP/doublev/,2-doublev-9.lp,Enumerate,Alternative,Full,1,3,3023,DEFAULT,71.647,205.792,300,3,0," :- closezones(V2,V1), not zone2sensor(V1,V2), partnerunits(V1,V2).
"
43,./PUP/doublev/,2-doublev-9.lp,Enumerate,Alternative,Full,1,1,14690,DEFAULT,26.403,1059.74,100,1,0," :- not unit2sensorGEQ(V2,V2), not unit2zoneGEQ(V2,V2), partnerunits(V1,V2).
 :- not unit2zoneGEQ(V2,V1), unit2sensorGEQ(V2,V1), unit2zoneGEQ(V1,V1).
"
44,./PUP/doublev/,2-doublev-9.lp,Enumerate,Alternative,Full,1,2,13524,DEFAULT,52.588,1587.16,200,2,2," :- not closesensors(V1,V2), partnerunits(V2,V1), zone2sensor(V1,V1).
 :- not unit2zoneGEQ(V2,V1), unit2sensorGEQ(V2,V1), zone2sensor(V1,V1).
 :- not unit2zoneGEQ(V1,V1), unit2sensorGEQ(V1,V2), zone2sensor(V1,V2).
"
45,./PUP/doublev/,2-doublev-9.lp,Enumerate,Alternative,Full,1,3,15622,DEFAULT,73.272,1001.46,300,3,0," :- not unit2zoneGEQ(V2,V2), partnerunits(V2,V1), unit2zoneGEQ(V1,V2).
 :- closezones(V2,V1), not zone2sensor(V1,V2), partnerunits(V1,V2).
"
46,./PUP/doublev/,2-doublev-9.lp,Enumerate,Alternative,Full,1,1,10222,DEFAULT,25.59,260.723,100,1,0," :- closezones(V2,V1), not zone2sensor(V1,V2), partnerunits(V1,V2).
"
47,./PUP/doublev/,2-doublev-9.lp,Enumerate,Alternative,Full,1,2,23256,DEFAULT,55.824,2090.9,200,2,0," :- closesensors(V1,V2), not unit2zoneGEQ(V1,V2), unit2sensorGEQ(V1,V2).
 :- closesensors(V2,V1), not unit2zoneGEQ(V2,V2), partnerunits(V1,V2).
"
49,./PUP/doublev/,2-doublev-9.lp,Enumerate,Alternative,Full,1,1,6652,DEFAULT,26.846,445.323,100,1,0," :- not unit2sensorGEQ(V1,V2), not unit2zoneGEQ(V2,V1), partnerunits(V1,V2).
 :- not zone2sensor(V1,V1), unit2sensorGEQ(V1,V1), unit2zoneGEQ(V1,V1).
"
50,./PUP/doublev/,2-doublev-9.lp,Enumerate,Alternative,Full,1,2,27221,DEFAULT,46.236,2574.47,200,2,0," :- not unit2sensorGEQ(V1,V2), not unit2zoneGEQ(V2,V1), partnerunits(V1,V2).
 :- not unit2sensorGEQ(V1,V2), not unit2sensorGEQ(V2,V1), partnerunits(V1,V2).
 :- not closesensors(V1,V2), partnerunits(V1,V2), zone2sensor(V1,V1).
"
52,./PUP/doublev/,2-doublev-9.lp,Enumerate,Alternative,Full,1,1,759,DEFAULT,19.693,1084.66,100,1,0," :- not unit2zoneGEQ(V1,V1), zone2sensor(V1,V1).
 :- not unit2sensorGEQ(V2,V2), unit2sensorGEQ(V1,V2), zone2sensor(V1,V2).
"
55,./PUP/doublev/,2-doublev-9.lp,Enumerate,Alternative,Full,1,1,2905,DEFAULT,23.835,1207.99,100,1,0," :- not unit2zoneGEQ(V2,V2), not zone2sensor(V1,V2), partnerunits(V1,V2).
 :- closesensors(V2,V1), not unit2sensorGEQ(V1,V1), partnerunits(V1,V2).
"
56,./PUP/doublev/,2-doublev-9.lp,Enumerate,Alternative,Full,1,2,27702,DEFAULT,42.135,770.175,200,2,0," :- not closesensors(V2,V1), not unit2zoneGEQ(V1,V1), partnerunits(V1,V2).
 :- partnerunits(V1,V2), unit2sensorGEQ(V1,V2), unit2sensorGEQ(V2,V1).
"
58,./PUP/doublev/,2-doublev-9.lp,Enumerate,Alternative,Full,1,1,26985,DEFAULT,26.12,280.75,100,1,0," :- not unit2zoneGEQ(V3,V2), unit2sensorGEQ(V3,V1), unit2zoneGEQ(V1,V2).
"
59,./PUP/doublev/,2-doublev-9.lp,Enumerate,Alternative,Full,1,2,16281,DEFAULT,45.119,1178.71,200,2,0," :- not unit2zoneGEQ(V1,V1), zone2sensor(V1,V1).
 :- not closesensors(V2,V1), partnerunits(V2,V1), zone2sensor(V1,V1).
 :- not unit2zoneGEQ(V3,V2), unit2sensorGEQ(V3,V1), unit2zoneGEQ(V1,V2).
"
60,./PUP/doublev/,2-doublev-9.lp,Enumerate,Alternative,Full,1,3,16345,DEFAULT,70.065,3161.88,300,3,0," :- not unit2sensorGEQ(V1,V2), not unit2sensorGEQ(V2,V1), partnerunits(V1,V2).
 :- not closesensors(V2,V1), partnerunits(V2,V1), zone2sensor(V1,V1).
 :- not unit2zoneGEQ(V3,V2), unit2sensorGEQ(V3,V1), unit2zoneGEQ(V1,V2).
"
62,./PUP/doublev/,2-doublev-9.lp,Enumerate,Alternative,Full,1,2,21352,DEFAULT,48.157,2181.08,400,2,0," :- not unit2zoneGEQ(V1,V1), not unit2zoneGEQ(V2,V2), partnerunits(V1,V2).
 :- not unit2zoneGEQ(V3,V2), unit2sensorGEQ(V3,V1), unit2zoneGEQ(V1,V2).
"
64,./PUP/doublev/,2-doublev-9.lp,Enumerate,Alternative,Full,1,1,24318,DEFAULT,21.059,827.75,200,1,0," :- not unit2zoneGEQ(V2,V2), partnerunits(V2,V1), unit2sensorGEQ(V1,V1).
 :- closesensors(V1,V2), unit2sensorGEQ(V1,V2), unit2sensorGEQ(V2,V1).
"
65,./PUP/doublev/,2-doublev-9.lp,Enumerate,Alternative,Full,1,2,26740,DEFAULT,47.48,594.52,400,2,0," :- not unit2zoneGEQ(V3,V2), unit2sensorGEQ(V3,V1), unit2zoneGEQ(V1,V2).
 :- not unit2zoneGEQ(V2,V2), unit2zoneGEQ(V2,V1), zone2sensor(V1,V1).
"
67,./PUP/doublev/,2-doublev-9.lp,Enumerate,Alternative,Full,1,1,17876,DEFAULT,22.926,306.797,200,1,0," :- not zone2sensor(V2,V1), unit2sensorGEQ(V2,V1), unit2zoneGEQ(V1,V2).
"
70,./PUP/doublev/,2-doublev-9.lp,Enumerate,Alternative,Full,1,1,28975,DEFAULT,27.721,1204.16,200,1,0," :- not unit2zoneGEQ(V1,V1), zone2sensor(V1,V1).
 :- not unit2sensorGEQ(V2,V2), unit2sensorGEQ(V2,V1), unit2zoneGEQ(V1,V1).
 :- not unit2sensorGEQ(V1,V2), not unit2zoneGEQ(V2,V1), partnerunits(V1,V2).
"
71,./PUP/doublev/,2-doublev-9.lp,Enumerate,Alternative,Full,1,2,1459,DEFAULT,50.237,3124.32,400,2,3," :- not unit2sensorGEQ(V1,V2), not unit2sensorGEQ(V2,V1), partnerunits(V1,V2).
 :- not unit2sensorGEQ(V2,V1), not unit2zoneGEQ(V1,V2), partnerunits(V1,V2).
 :- closesensors(V1,V2), unit2sensorGEQ(V1,V2), unit2sensorGEQ(V2,V1).
"
73,./PUP/doublev/,2-doublev-9.lp,Enumerate,Alternative,Full,1,1,5107,DEFAULT,21.029,791.967,200,1,0," :- partnerunits(V1,V2), unit2sensorGEQ(V1,V2), unit2sensorGEQ(V2,V1).
 :- closesensors(V2,V1), not unit2zoneGEQ(V1,V1), unit2zoneGEQ(V1,V2).
"
74,./PUP/doublev/,2-doublev-9.lp,Enumerate,Alternative,Full,1,2,10838,DEFAULT,44.544,1614.44,400,2,0," :- not unit2zoneGEQ(V1,V1), zone2sensor(V1,V1).
 :- not closesensors(V2,V1), partnerunits(V2,V1), zone2sensor(V1,V1).
 :- not unit2zoneGEQ(V3,V2), unit2sensorGEQ(V3,V1), unit2zoneGEQ(V1,V2).
"
76,./PUP/doublev/,2-doublev-9.lp,Enumerate,Alternative,Full,1,1,9373,DEFAULT,21.673,2233.07,200,1,0," :- not unit2zoneGEQ(V1,V1), zone2sensor(V1,V1).
 :- not unit2sensorGEQ(V2,V2), not unit2zoneGEQ(V1,V2), unit2sensorGEQ(V1,V2).
 :- partnerunits(V1,V2), unit2sensorGEQ(V1,V2), unit2sensorGEQ(V2,V1).
"
78,./PUP/doublev/,2-doublev-9.lp,Enumerate,Alternative,Full,1,3,5812,DEFAULT,56.606,3259.51,600,3,2," :- not unit2sensorGEQ(V1,V2), not unit2sensorGEQ(V2,V1), partnerunits(V1,V2).
 :- not closesensors(V1,V2), partnerunits(V2,V1), zone2sensor(V1,V1).
 :- partnerunits(V1,V2), unit2sensorGEQ(V1,V2), unit2sensorGEQ(V2,V1).
 :- not unit2zoneGEQ(V2,V2), unit2sensorGEQ(V2,V1), zone2sensor(V1,V1).
"
80,./PUP/doublev/,2-doublev-9.lp,Enumerate,Alternative,Full,1,2,32737,DEFAULT,30.344,879.054,400,2,0," :- not unit2zoneGEQ(V2,V2), not zone2sensor(V1,V2), partnerunits(V1,V2).
 :- closezones(V2,V1), not zone2sensor(V1,V2), partnerunits(V1,V2).
"
81,./PUP/doublev/,2-doublev-9.lp,Enumerate,Alternative,Full,1,3,2231,DEFAULT,49.969,1720.4,600,3,0," :- not unit2sensorGEQ(V1,V2), not unit2sensorGEQ(V2,V1), partnerunits(V1,V2).
 :- not unit2zoneGEQ(V3,V2), unit2sensorGEQ(V3,V1), unit2zoneGEQ(V1,V2).
 :- not unit2zoneGEQ(V2,V2), unit2sensorGEQ(V2,V1), zone2sensor(V1,V1).
"
82,./PUP/doublev/,2-doublev-9.lp,Enumerate,Alternative,Full,1,1,26645,DEFAULT,18.504,702.867,200,1,0," :- not unit2zoneGEQ(V1,V1), zone2sensor(V1,V1).
 :- not unit2sensorGEQ(V1,V1), not unit2sensorGEQ(V2,V2), partnerunits(V1,V2).
 :- not unit2zoneGEQ(V3,V2), unit2sensorGEQ(V3,V1), unit2zoneGEQ(V1,V2).
"
83,./PUP/doublev/,2-doublev-9.lp,Enumerate,Alternative,Full,1,2,4448,DEFAULT,36.636,997.676,400,2,2," :- not closesensors(V1,V2), partnerunits(V2,V1), zone2sensor(V1,V1).
 :- partnerunits(V1,V2), unit2sensorGEQ(V1,V2), unit2sensorGEQ(V2,V1).
 :- not unit2zoneGEQ(V1,V1), unit2sensorGEQ(V1,V2), zone2sensor(V1,V2).
"
86,./PUP/doublev/,2-doublev-9.lp,Enumerate,Alternative,Full,1,2,8467,DEFAULT,28.629,695.747,400,2,0," :- not unit2zoneGEQ(V1,V2), unit2sensorGEQ(V1,V2), unit2zoneGEQ(V1,V1).
 :- closesensors(V2,V1), not unit2zoneGEQ(V2,V2), partnerunits(V1,V2).
"
87,./PUP/doublev/,2-doublev-9.lp,Enumerate,Alternative,Full,1,3,14775,DEFAULT,44.977,1521.26,600,3,1," :- not closesensors(V1,V2), partnerunits(V2,V1), zone2sensor(V1,V1).
 :- closesensors(V1,V2), unit2sensorGEQ(V1,V2), unit2sensorGEQ(V2,V1).
 :- closezones(V2,V1), not unit2zoneGEQ(V1,V1), partnerunits(V1,V2).
"
88,./PUP/doublev/,2-doublev-9.lp,Enumerate,Alternative,Full,1,1,2212,DEFAULT,14.437,845.133,200,1,0," :- not unit2sensorGEQ(V1,V1), not unit2sensorGEQ(V2,V2), partnerunits(V1,V2).
 :- not unit2zoneGEQ(V3,V2), unit2sensorGEQ(V3,V1), unit2zoneGEQ(V1,V2).
 :- closesensors(V2,V1), not unit2zoneGEQ(V2,V2), partnerunits(V1,V2).
"
89,./PUP/doublev/,2-doublev-9.lp,Enumerate,Alternative,Full,1,2,9472,DEFAULT,27.328,2309.7,400,2,0," :- not closesensors(V1,V2), partnerunits(V2,V1), zone2sensor(V1,V1).
 :- not unit2zoneGEQ(V1,V1), partnerunits(V1,V2), zone2sensor(V1,V2).
 :- closezones(V1,V2), not unit2zoneGEQ(V2,V1), partnerunits(V1,V2).
"
91,./PUP/doublev/,2-doublev-9.lp,Enumerate,Alternative,Full,1,1,13383,DEFAULT,14.689,1002.64,200,1,0," :- not unit2zoneGEQ(V1,V1), unit2sensorGEQ(V1,V1).
 :- not unit2sensorGEQ(V1,V3), unit2sensorGEQ(V2,V3), unit2zoneGEQ(V1,V2).
"
92,./PUP/doublev/,2-doublev-9.lp,Enumerate,Alternative,Full,1,2,2517,DEFAULT,27.398,1423.81,400,2,0," :- partnerunits(V1,V2), unit2sensorGEQ(V1,V2), unit2sensorGEQ(V2,V1).
 :- not unit2zoneGEQ(V2,V2), not zone2sensor(V1,V2), partnerunits(V1,V2).
 :- closezones(V2,V1), not closesensors(V1,V2), partnerunits(V1,V2).
"
94,./PUP/doublev/,2-doublev-9.lp,Enumerate,Alternative,Full,1,1,13727,DEFAULT,15.395,235.995,200,1,0," :- not zone2sensor(V2,V1), unit2sensorGEQ(V2,V1), unit2zoneGEQ(V1,V2).
"
95,./PUP/doublev/,2-doublev-9.lp,Enumerate,Alternative,Full,1,2,15928,DEFAULT,28.676,1680.34,400,2,1," :- not unit2sensorGEQ(V1,V2), not unit2sensorGEQ(V2,V1), partnerunits(V1,V2).
 :- not closesensors(V2,V1), partnerunits(V2,V1), zone2sensor(V1,V1).
 :- not unit2zoneGEQ(V2,V1), unit2sensorGEQ(V2,V1), unit2zoneGEQ(V1,V1).
 :- not unit2zoneGEQ(V1,V1), not unit2zoneGEQ(V2,V2), partnerunits(V1,V2).
"
97,./PUP/doublev/,2-doublev-9.lp,Enumerate,Alternative,Full,1,1,32033,DEFAULT,14.832,1355.32,200,1,0," :- not unit2sensorGEQ(V1,V1), not unit2sensorGEQ(V2,V2), partnerunits(V1,V2).
 :- not unit2zoneGEQ(V3,V2), unit2sensorGEQ(V3,V1), unit2zoneGEQ(V1,V2).
 :- closesensors(V2,V1), not unit2zoneGEQ(V1,V1), partnerunits(V1,V2).
"
98,./PUP/doublev/,2-doublev-9.lp,Enumerate,Alternative,Full,1,2,32598,DEFAULT,26.309,1313.47,400,2,0," :- not closesensors(V1,V2), partnerunits(V1,V2), zone2sensor(V1,V1).
 :- partnerunits(V1,V2), unit2sensorGEQ(V1,V2), unit2sensorGEQ(V2,V1).
 :- closezones(V1,V2), not zone2sensor(V1,V2), partnerunits(V1,V2).
"
99,./PUP/doublev/,2-doublev-9.lp,Enumerate,Alternative,Full,1,3,11310,DEFAULT,40.632,3457.63,600,3,2," :- not unit2sensorGEQ(V2,V2), unit2sensorGEQ(V2,V1), zone2sensor(V1,V1).
 :- not closesensors(V2,V1), not unit2zoneGEQ(V2,V2), partnerunits(V1,V2).
 :- partnerunits(V1,V2), unit2sensorGEQ(V1,V2), unit2sensorGEQ(V2,V1).
"
100,./PUP/doublev/,2-doublev-9.lp,Enumerate,Alternative,Full,1,1,30414,DEFAULT,14.011,540.316,200,1,0," :- not unit2sensorGEQ(V1,V1), zone2sensor(V1,V1).
 :- not unit2zoneGEQ(V3,V2), unit2sensorGEQ(V3,V1), unit2zoneGEQ(V1,V2).
"
101,./PUP/doublev/,2-doublev-9.lp,Enumerate,Alternative,Full,1,2,7830,DEFAULT,26.258,826.478,400,2,0," :- not unit2zoneGEQ(V2,V2), partnerunits(V1,V2), unit2zoneGEQ(V1,V2).
 :- closezones(V1,V2), not zone2sensor(V1,V2), partnerunits(V1,V2).
"
102,./PUP/doublev/,2-doublev-9.lp,Enumerate,Alternative,Full,1,3,31417,DEFAULT,41.459,2720.66,600,3,5," :- not closesensors(V2,V1), partnerunits(V2,V1), zone2sensor(V1,V1).
 :- partnerunits(V1,V2), unit2sensorGEQ(V1,V2), unit2sensorGEQ(V2,V1).
 :- not unit2zoneGEQ(V2,V1), unit2sensorGEQ(V2,V1), zone2sensor(V1,V1).
 :- not unit2zoneGEQ(V1,V1), unit2sensorGEQ(V1,V2), zone2sensor(V1,V2).
"
103,./PUP/doublev/,2-doublev-9.lp,Enumerate,Alternative,Full,1,1,31869,DEFAULT,13.563,1220.75,200,1,0," :- partnerunits(V1,V2), unit2sensorGEQ(V1,V2), unit2sensorGEQ(V2,V1).
 :- not unit2zoneGEQ(V1,V1), not unit2zoneGEQ(V2,V2), unit2sensorGEQ(V1,V2).
"
104,./PUP/doublev/,2-doublev-9.lp,Enumerate,Alternative,Full,1,2,22564,DEFAULT,23.74,562.415,400,2,0," :- not closesensors(V2,V1), not unit2zoneGEQ(V2,V2), partnerunits(V1,V2).
 :- closezones(V1,V2), not zone2sensor(V2,V1), partnerunits(V1,V2).
"
105,./PUP/doublev/,2-doublev-9.lp,Enumerate,Alternative,Full,1,3,7051,DEFAULT,44.13,2808.27,600,3,1," :- not unit2sensorGEQ(V1,V1), not unit2sensorGEQ(V2,V2), partnerunits(V1,V2).
 :- not closesensors(V2,V1), partnerunits(V1,V2), zone2sensor(V1,V1).
 :- not unit2zoneGEQ(V2,V1), unit2sensorGEQ(V2,V1), zone2sensor(V1,V1).
 :- not unit2zoneGEQ(V2,V2), not zone2sensor(V1,V2), partnerunits(V1,V2).
"
106,./PUP/doublev/,2-doublev-9.lp,Enumerate,Alternative,Full,1,1,8543,DEFAULT,13.442,495.884,200,1,0," :- closesensors(V1,V2), unit2sensorGEQ(V1,V2), unit2sensorGEQ(V2,V1).
 :- closesensors(V2,V1), not unit2zoneGEQ(V1,V2), unit2sensorGEQ(V1,V1).
"
107,./PUP/doublev/,2-doublev-9.lp,Enumerate,Alternative,Full,1,2,12158,DEFAULT,25.832,1063.84,400,2,0," :- not unit2sensorGEQ(V2,V2), unit2sensorGEQ(V2,V1), zone2sensor(V1,V1).
 :- not closesensors(V2,V1), not unit2zoneGEQ(V1,V1), partnerunits(V1,V2).
 :- closezones(V2,V1), not unit2zoneGEQ(V2,V2), partnerunits(V1,V2).
"
108,./PUP/doublev/,2-doublev-9.lp,Enumerate,Alternative,Full,1,3,16923,DEFAULT,42.032,1984.51,600,3,0," :- not unit2sensorGEQ(V1,V2), not unit2sensorGEQ(V2,V1), partnerunits(V1,V2).
 :- not closesensors(V1,V2), partnerunits(V2,V1), zone2sensor(V1,V1).
 :- not unit2zoneGEQ(V3,V2), unit2sensorGEQ(V3,V1), unit2zoneGEQ(V1,V2).
"
109,./PUP/doublev/,2-doublev-9.lp,Enumerate,Alternative,Full,1,1,16687,DEFAULT,14.53,1292.09,200,1,0," :- not closesensors(V2,V1), not unit2zoneGEQ(V1,V1), partnerunits(V1,V2).
 :- not unit2zoneGEQ(V3,V2), unit2sensorGEQ(V3,V1), unit2zoneGEQ(V1,V2).
"
110,./PUP/doublev/,2-doublev-9.lp,Enumerate,Alternative,Full,1,2,27416,DEFAULT,28.601,1049.35,400,2,1," :- not closesensors(V2,V1), partnerunits(V2,V1), zone2sensor(V1,V1).
 :- not unit2zoneGEQ(V2,V2), unit2zoneGEQ(V2,V1), zone2sensor(V1,V1).
 :- closesensors(V1,V2), unit2sensorGEQ(V1,V2), unit2sensorGEQ(V2,V1).
"
111,./PUP/doublev/,2-doublev-9.lp,Enumerate,Alternative,Full,1,3,21083,DEFAULT,40.264,1644.36,600,3,2," :- not closesensors(V1,V2), partnerunits(V1,V2), zone2sensor(V1,V1).
 :- closesensors(V1,V2), unit2sensorGEQ(V1,V2), unit2sensorGEQ(V2,V1).
 :- closezones(V2,V1), not zone2sensor(V1,V2), partnerunits(V1,V2).
"
112,./PUP/doublev/,2-doublev-9.lp,Enumerate,Alternative,Full,1,1,16567,DEFAULT,11.712,1817.34,200,1,0," :- closesensors(V2,V1), unit2sensorGEQ(V2,V1), unit2zoneGEQ(V1,V2).
 :- closezones(V1,V2), not unit2zoneGEQ(V1,V1), partnerunits(V1,V2).
"
113,./PUP/doublev/,2-doublev-9.lp,Enumerate,Alternative,Full,1,2,70,DEFAULT,28.403,1116.85,400,2,0," :- not closesensors(V1,V2), partnerunits(V1,V2), zone2sensor(V1,V1).
 :- partnerunits(V1,V2), unit2sensorGEQ(V1,V2), unit2sensorGEQ(V2,V1).
 :- closezones(V2,V1), not unit2zoneGEQ(V2,V2), partnerunits(V1,V2).
"
115,./PUP/doublev/,2-doublev-9.lp,Enumerate,Alternative,Full,1,1,16699,DEFAULT,9.634,1842.92,200,1,0," :- partnerunits(V1,V2), unit2sensorGEQ(V2,V1), unit2zoneGEQ(V1,V2).
 :- not unit2zoneGEQ(V2,V2), partnerunits(V2,V1), zone2sensor(V1,V2).
"
116,./PUP/doublev/,2-doublev-9.lp,Enumerate,Alternative,Full,1,2,25944,DEFAULT,25.103,2095.04,400,2,2," :- partnerunits(V1,V2), unit2sensorGEQ(V1,V2), unit2sensorGEQ(V2,V1).
 :- not unit2zoneGEQ(V2,V2), not zone2sensor(V1,V2), partnerunits(V1,V2).
"
117,./PUP/doublev/,2-doublev-9.lp,Enumerate,Alternative,Full,1,3,15838,DEFAULT,39.875,1005.41,600,3,0," :- not closesensors(V1,V2), partnerunits(V1,V2), zone2sensor(V1,V1).
 :- closesensors(V1,V2), unit2sensorGEQ(V1,V2), unit2sensorGEQ(V2,V1).
 :- closezones(V2,V1), not unit2zoneGEQ(V2,V2), partnerunits(V1,V2).
"
118,./PUP/doublev/,2-doublev-9.lp,Enumerate,Alternative,Full,1,1,2753,DEFAULT,14.663,50.173,200,1,0," :- not unit2zoneGEQ(V2,V1), not zone2sensor(V2,V1), partnerunits(V1,V2).
"
119,./PUP/doublev/,2-doublev-9.lp,Enumerate,Alternative,Full,1,2,31792,DEFAULT,26.511,1137.35,400,2,0," :- closezones(V2,V1), not unit2zoneGEQ(V2,V2), partnerunits(V1,V2).
 :- closezones(V2,V1), not unit2sensorGEQ(V1,V1), unit2zoneGEQ(V1,V2).
"
120,./PUP/doublev/,2-doublev-9.lp,Enumerate,Alternative,Full,1,3,6602,DEFAULT,45.246,3451.93,600,3,1," :- not unit2sensorGEQ(V1,V2), not unit2sensorGEQ(V2,V1), partnerunits(V1,V2).
 :- not closesensors(V2,V1), partnerunits(V1,V2), zone2sensor(V1,V1).
 :- not unit2zoneGEQ(V1,V2), not unit2zoneGEQ(V2,V1), partnerunits(V1,V2).
 :- not unit2zoneGEQ(V2,V1), unit2sensorGEQ(V2,V1), zone2sensor(V1,V1).
 :- not unit2zoneGEQ(V2,V1), unit2sensorGEQ(V2,V1), unit2zoneGEQ(V1,V1).
 :- closesensors(V1,V2), unit2sensorGEQ(V1,V2), unit2sensorGEQ(V2,V1).
"
