,Directory,Files analysed with SBASS,Learning mode,Ordering,SBC,Iteration,Cell,Seed,Version,Time for creating examples,Time for solving ILP task,Total neg examples,Total pos examples,Neg examples uncovered,Learned Constraints
1,./PUP/doublev/,2-doublev-9.lp,Enumerate,Standard,Partial,1,101,31681,DEFAULT,2.651,0,101,0,101,
7,./PUP/doublev/,2-doublev-9.lp,Enumerate,Standard,Partial,1,101,3718,DEFAULT,5.842,3385.32,89,12,5," :- not unit2zoneGEQ(V2,V1), unit2sensorGEQ(V2,V2), unit2zoneGEQ(V1,V1).
 :- not unit2zoneGEQ(V1,V1), not unit2zoneGEQ(V2,V2), partnerunits(V1,V2).
 :- not unit2zoneGEQ(V2,V2), unit2sensorGEQ(V2,V1), zone2sensor(V1,V1).
"
8,./PUP/doublev/,2-doublev-9.lp,Enumerate,Standard,Partial,1,202,26796,DEFAULT,9.76,3281.03,198,4,4," :- not unit2sensorGEQ(V1,V2), not unit2sensorGEQ(V2,V1), partnerunits(V1,V2).
 :- partnerunits(V1,V2), unit2sensorGEQ(V2,V1), zone2sensor(V1,V1).
 :- not unit2zoneGEQ(V2,V1), unit2sensorGEQ(V2,V3), unit2zoneGEQ(V1,V1).
"
10,./PUP/doublev/,2-doublev-9.lp,Enumerate,Standard,Partial,1,101,8598,DEFAULT,6.03,80.372,97,4,0," :- not closezones(V2,V1), partnerunits(V1,V2).
"
18,./PUP/doublev/,2-doublev-9.lp,Enumerate,Standard,Partial,1,303,25148,DEFAULT,16.654,0,303,0,303,
35,./PUP/doublev/,2-doublev-9.lp,Enumerate,Standard,Partial,1,202,25977,DEFAULT,10.979,2407.63,196,6,2," :- not unit2zoneGEQ(V1,V1), zone2sensor(V1,V1).
 :- not unit2sensorGEQ(V2,V1), not unit2zoneGEQ(V1,V1), partnerunits(V1,V2).
 :- not unit2zoneGEQ(V1,V2), unit2zoneGEQ(V2,V1), zone2sensor(V1,V1).
"
37,./PUP/doublev/,2-doublev-9.lp,Enumerate,Standard,Partial,1,101,3380,DEFAULT,5.146,0,101,0,101,
44,./PUP/doublev/,2-doublev-9.lp,Enumerate,Standard,Partial,1,202,13524,DEFAULT,11.774,0,202,0,202,
52,./PUP/doublev/,2-doublev-9.lp,Enumerate,Standard,Partial,1,101,759,DEFAULT,4.089,404.101,97,4,0," :- not unit2sensorGEQ(V2,V1), unit2sensorGEQ(V2,V2), unit2zoneGEQ(V1,V1).
 :- not unit2zoneGEQ(V2,V1), partnerunits(V2,V1), unit2sensorGEQ(V1,V1).
"
56,./PUP/doublev/,2-doublev-9.lp,Enumerate,Standard,Partial,1,202,27702,DEFAULT,6.376,537.324,186,16,0," :- not unit2zoneGEQ(V1,V2), unit2sensorGEQ(V2,V1), zone2sensor(V1,V1).
 :- not unit2zoneGEQ(V2,V1), unit2sensorGEQ(V1,V1), unit2sensorGEQ(V2,V2).
"
57,./PUP/doublev/,2-doublev-9.lp,Enumerate,Standard,Partial,1,303,4997,DEFAULT,8.466,1349.27,299,4,4," :- not unit2sensorGEQ(V1,V2), partnerunits(V1,V2), zone2sensor(V1,V1).
 :- not unit2zoneGEQ(V1,V2), unit2sensorGEQ(V2,V1), zone2sensor(V1,V1).
 :- not unit2zoneGEQ(V2,V1), unit2sensorGEQ(V2,V3), unit2zoneGEQ(V1,V1).
"
64,./PUP/doublev/,2-doublev-9.lp,Enumerate,Standard,Partial,1,201,24318,DEFAULT,11.709,0,201,0,201,
67,./PUP/doublev/,2-doublev-9.lp,Enumerate,Standard,Partial,1,201,17876,DEFAULT,12.026,0,201,0,201,
82,./PUP/doublev/,2-doublev-9.lp,Enumerate,Standard,Partial,1,201,26645,DEFAULT,11.163,1830.48,197,4,2," :- not closezones(V2,V1), partnerunits(V1,V2).
 :- not unit2zoneGEQ(V2,V1), partnerunits(V1,V2), zone2sensor(V1,V2).
"
91,./PUP/doublev/,2-doublev-9.lp,Enumerate,Standard,Partial,1,201,13383,DEFAULT,12.103,0,201,0,201,
102,./PUP/doublev/,2-doublev-9.lp,Enumerate,Standard,Partial,1,603,31417,DEFAULT,34.821,0,603,0,603,