ConstraintFile,Id,Mode,Order,Full,Cell,Version,Seed,Instance,Result,Model,Time,Solving,1st Model,Unsat,CPU
101_Enumerate_Alternative_Partial_402_DEFAULT_7830,101,Enumerate,Alternative,Partial,402,DEFAULT,7830,Un-2-doublev-15,UNSATISFIABLE,0,0.607,0.60,0.00,0.60,0.607
103_Enumerate_Alternative_Partial_201_DEFAULT_31869,103,Enumerate,Alternative,Partial,201,DEFAULT,31869,Un-2-doublev-15,UNSATISFIABLE,0,0.356,0.35,0.00,0.35,0.356
109_Enumerate_Alternative_Partial_201_DEFAULT_16687,109,Enumerate,Alternative,Partial,201,DEFAULT,16687,Un-2-doublev-15,UNSATISFIABLE,0,9.335,9.33,0.00,9.33,9.334
10_Enumerate_Alternative_Partial_101_DEFAULT_8598,10,Enumerate,Alternative,Partial,101,DEFAULT,8598,Un-2-doublev-15,UNSATISFIABLE,0,1.256,1.25,0.00,1.25,1.256
117_Enumerate_Alternative_Partial_603_DEFAULT_15838,117,Enumerate,Alternative,Partial,603,DEFAULT,15838,Un-2-doublev-15,UNSATISFIABLE,0,0.608,0.60,0.00,0.60,0.608
118_Enumerate_Alternative_Partial_201_DEFAULT_2753,118,Enumerate,Alternative,Partial,201,DEFAULT,2753,Un-2-doublev-15,UNSATISFIABLE,0,2.442,2.43,0.00,2.43,2.442
1_Enumerate_Alternative_Partial_101_DEFAULT_31681,1,Enumerate,Alternative,Partial,101,DEFAULT,31681,Un-2-doublev-15,UNSATISFIABLE,0,7.132,7.12,0.00,7.12,7.132
22_Enumerate_Alternative_Partial_101_DEFAULT_16849,22,Enumerate,Alternative,Partial,101,DEFAULT,16849,Un-2-doublev-15,UNSATISFIABLE,0,2.705,2.70,0.00,2.70,2.705
25_Enumerate_Alternative_Partial_101_DEFAULT_6709,25,Enumerate,Alternative,Partial,101,DEFAULT,6709,Un-2-doublev-15,UNSATISFIABLE,0,0.801,0.79,0.00,0.79,0.801
43_Enumerate_Alternative_Partial_101_DEFAULT_14690,43,Enumerate,Alternative,Partial,101,DEFAULT,14690,Un-2-doublev-15,UNSATISFIABLE,0,3.662,3.65,0.00,3.65,3.662
52_Enumerate_Alternative_Partial_101_DEFAULT_759,52,Enumerate,Alternative,Partial,101,DEFAULT,759,Un-2-doublev-15,UNSATISFIABLE,0,4.835,4.83,0.00,4.83,4.835
58_Enumerate_Alternative_Partial_101_DEFAULT_26985,58,Enumerate,Alternative,Partial,101,DEFAULT,26985,Un-2-doublev-15,UNSATISFIABLE,0,0.908,0.90,0.00,0.90,0.908
5_Enumerate_Alternative_Partial_202_DEFAULT_22084,5,Enumerate,Alternative,Partial,202,DEFAULT,22084,Un-2-doublev-15,UNSATISFIABLE,0,0.894,0.89,0.00,0.89,0.894
61_Enumerate_Alternative_Partial_201_DEFAULT_14189,61,Enumerate,Alternative,Partial,201,DEFAULT,14189,Un-2-doublev-15,UNSATISFIABLE,0,0.903,0.90,0.00,0.90,0.903
67_Enumerate_Alternative_Partial_201_DEFAULT_17876,67,Enumerate,Alternative,Partial,201,DEFAULT,17876,Un-2-doublev-15,UNSATISFIABLE,0,1.489,1.48,0.00,1.48,1.489
6_Enumerate_Alternative_Partial_303_DEFAULT_24758,6,Enumerate,Alternative,Partial,303,DEFAULT,24758,Un-2-doublev-15,UNSATISFIABLE,0,0.337,0.33,0.00,0.33,0.337
76_Enumerate_Alternative_Partial_201_DEFAULT_9373,76,Enumerate,Alternative,Partial,201,DEFAULT,9373,Un-2-doublev-15,UNSATISFIABLE,0,3.107,3.10,0.00,3.10,3.107
82_Enumerate_Alternative_Partial_201_DEFAULT_26645,82,Enumerate,Alternative,Partial,201,DEFAULT,26645,Un-2-doublev-15,UNSATISFIABLE,0,3.559,3.55,0.00,3.55,3.558
101_Enumerate_Alternative_Partial_402_DEFAULT_7830,101,Enumerate,Alternative,Partial,402,DEFAULT,7830,Un-2-doublev-18,UNSATISFIABLE,0,2.030,2.02,0.00,2.02,2.030
103_Enumerate_Alternative_Partial_201_DEFAULT_31869,103,Enumerate,Alternative,Partial,201,DEFAULT,31869,Un-2-doublev-18,UNSATISFIABLE,0,0.799,0.79,0.00,0.79,0.799
109_Enumerate_Alternative_Partial_201_DEFAULT_16687,109,Enumerate,Alternative,Partial,201,DEFAULT,16687,Un-2-doublev-18,UNSATISFIABLE,0,52.918,52.91,0.00,52.91,52.917
10_Enumerate_Alternative_Partial_101_DEFAULT_8598,10,Enumerate,Alternative,Partial,101,DEFAULT,8598,Un-2-doublev-18,UNSATISFIABLE,0,1.020,1.01,0.00,1.01,1.020
117_Enumerate_Alternative_Partial_603_DEFAULT_15838,117,Enumerate,Alternative,Partial,603,DEFAULT,15838,Un-2-doublev-18,UNSATISFIABLE,0,4.116,4.10,0.00,4.10,4.116
118_Enumerate_Alternative_Partial_201_DEFAULT_2753,118,Enumerate,Alternative,Partial,201,DEFAULT,2753,Un-2-doublev-18,UNSATISFIABLE,0,8.359,8.35,0.00,8.35,8.359
1_Enumerate_Alternative_Partial_101_DEFAULT_31681,1,Enumerate,Alternative,Partial,101,DEFAULT,31681,Un-2-doublev-18,UNSATISFIABLE,0,33.717,33.71,0.00,33.71,33.716
22_Enumerate_Alternative_Partial_101_DEFAULT_16849,22,Enumerate,Alternative,Partial,101,DEFAULT,16849,Un-2-doublev-18,UNSATISFIABLE,0,15.599,15.59,0.00,15.59,15.598
25_Enumerate_Alternative_Partial_101_DEFAULT_6709,25,Enumerate,Alternative,Partial,101,DEFAULT,6709,Un-2-doublev-18,UNSATISFIABLE,0,2.222,2.21,0.00,2.21,2.222
43_Enumerate_Alternative_Partial_101_DEFAULT_14690,43,Enumerate,Alternative,Partial,101,DEFAULT,14690,Un-2-doublev-18,UNSATISFIABLE,0,15.760,15.75,0.00,15.75,15.759
52_Enumerate_Alternative_Partial_101_DEFAULT_759,52,Enumerate,Alternative,Partial,101,DEFAULT,759,Un-2-doublev-18,UNSATISFIABLE,0,67.420,67.41,0.00,67.41,67.418
58_Enumerate_Alternative_Partial_101_DEFAULT_26985,58,Enumerate,Alternative,Partial,101,DEFAULT,26985,Un-2-doublev-18,UNSATISFIABLE,0,2.747,2.74,0.00,2.74,2.747
5_Enumerate_Alternative_Partial_202_DEFAULT_22084,5,Enumerate,Alternative,Partial,202,DEFAULT,22084,Un-2-doublev-18,UNSATISFIABLE,0,2.834,2.82,0.00,2.82,2.834
61_Enumerate_Alternative_Partial_201_DEFAULT_14189,61,Enumerate,Alternative,Partial,201,DEFAULT,14189,Un-2-doublev-18,UNSATISFIABLE,0,2.968,2.96,0.00,2.96,2.968
67_Enumerate_Alternative_Partial_201_DEFAULT_17876,67,Enumerate,Alternative,Partial,201,DEFAULT,17876,Un-2-doublev-18,UNSATISFIABLE,0,5.793,5.78,0.00,5.78,5.793
6_Enumerate_Alternative_Partial_303_DEFAULT_24758,6,Enumerate,Alternative,Partial,303,DEFAULT,24758,Un-2-doublev-18,UNSATISFIABLE,0,0.871,0.86,0.00,0.86,0.871
76_Enumerate_Alternative_Partial_201_DEFAULT_9373,76,Enumerate,Alternative,Partial,201,DEFAULT,9373,Un-2-doublev-18,UNSATISFIABLE,0,16.190,16.18,0.00,16.18,16.189
82_Enumerate_Alternative_Partial_201_DEFAULT_26645,82,Enumerate,Alternative,Partial,201,DEFAULT,26645,Un-2-doublev-18,UNSATISFIABLE,0,16.665,16.65,0.00,16.65,16.663
101_Enumerate_Alternative_Partial_402_DEFAULT_7830,101,Enumerate,Alternative,Partial,402,DEFAULT,7830,Un-2-doublev-21,UNSATISFIABLE,0,17.390,17.37,0.00,17.37,17.389
103_Enumerate_Alternative_Partial_201_DEFAULT_31869,103,Enumerate,Alternative,Partial,201,DEFAULT,31869,Un-2-doublev-21,UNSATISFIABLE,0,6.942,6.93,0.00,6.93,6.942
109_Enumerate_Alternative_Partial_201_DEFAULT_16687,109,Enumerate,Alternative,Partial,201,DEFAULT,16687,Un-2-doublev-21,UNKNOWN,0+,300.000,299.98,0.00,0.00,299.993
10_Enumerate_Alternative_Partial_101_DEFAULT_8598,10,Enumerate,Alternative,Partial,101,DEFAULT,8598,Un-2-doublev-21,UNSATISFIABLE,0,5.108,5.09,0.00,5.09,5.108
117_Enumerate_Alternative_Partial_603_DEFAULT_15838,117,Enumerate,Alternative,Partial,603,DEFAULT,15838,Un-2-doublev-21,UNSATISFIABLE,0,62.200,62.18,0.00,62.18,62.198
118_Enumerate_Alternative_Partial_201_DEFAULT_2753,118,Enumerate,Alternative,Partial,201,DEFAULT,2753,Un-2-doublev-21,UNSATISFIABLE,0,40.227,40.21,0.00,40.21,40.226
1_Enumerate_Alternative_Partial_101_DEFAULT_31681,1,Enumerate,Alternative,Partial,101,DEFAULT,31681,Un-2-doublev-21,UNKNOWN,0+,300.000,299.98,0.00,0.00,299.993
22_Enumerate_Alternative_Partial_101_DEFAULT_16849,22,Enumerate,Alternative,Partial,101,DEFAULT,16849,Un-2-doublev-21,UNKNOWN,0+,300.000,299.98,0.00,0.00,299.993
25_Enumerate_Alternative_Partial_101_DEFAULT_6709,25,Enumerate,Alternative,Partial,101,DEFAULT,6709,Un-2-doublev-21,UNSATISFIABLE,0,19.813,19.80,0.00,19.80,19.812
43_Enumerate_Alternative_Partial_101_DEFAULT_14690,43,Enumerate,Alternative,Partial,101,DEFAULT,14690,Un-2-doublev-21,UNKNOWN,0+,300.000,299.98,0.00,0.00,299.992
52_Enumerate_Alternative_Partial_101_DEFAULT_759,52,Enumerate,Alternative,Partial,101,DEFAULT,759,Un-2-doublev-21,UNKNOWN,0+,300.000,299.98,0.00,0.00,299.992
58_Enumerate_Alternative_Partial_101_DEFAULT_26985,58,Enumerate,Alternative,Partial,101,DEFAULT,26985,Un-2-doublev-21,UNSATISFIABLE,0,50.035,50.02,0.00,50.02,50.033
5_Enumerate_Alternative_Partial_202_DEFAULT_22084,5,Enumerate,Alternative,Partial,202,DEFAULT,22084,Un-2-doublev-21,UNSATISFIABLE,0,50.106,50.09,0.00,50.09,50.104
61_Enumerate_Alternative_Partial_201_DEFAULT_14189,61,Enumerate,Alternative,Partial,201,DEFAULT,14189,Un-2-doublev-21,UNSATISFIABLE,0,50.938,50.92,0.00,50.92,50.936
67_Enumerate_Alternative_Partial_201_DEFAULT_17876,67,Enumerate,Alternative,Partial,201,DEFAULT,17876,Un-2-doublev-21,UNSATISFIABLE,0,61.147,61.13,0.00,61.13,61.145
6_Enumerate_Alternative_Partial_303_DEFAULT_24758,6,Enumerate,Alternative,Partial,303,DEFAULT,24758,Un-2-doublev-21,UNSATISFIABLE,0,2.614,2.60,0.00,2.60,2.614
76_Enumerate_Alternative_Partial_201_DEFAULT_9373,76,Enumerate,Alternative,Partial,201,DEFAULT,9373,Un-2-doublev-21,UNKNOWN,0+,300.000,299.98,0.00,0.00,299.993
82_Enumerate_Alternative_Partial_201_DEFAULT_26645,82,Enumerate,Alternative,Partial,201,DEFAULT,26645,Un-2-doublev-21,UNKNOWN,0+,300.000,299.98,0.00,0.00,299.992
101_Enumerate_Alternative_Partial_402_DEFAULT_7830,101,Enumerate,Alternative,Partial,402,DEFAULT,7830,Un-2-doublev-24,UNSATISFIABLE,0,110.716,110.69,0.00,110.69,110.713
103_Enumerate_Alternative_Partial_201_DEFAULT_31869,103,Enumerate,Alternative,Partial,201,DEFAULT,31869,Un-2-doublev-24,UNSATISFIABLE,0,34.250,34.23,0.00,34.23,34.249
109_Enumerate_Alternative_Partial_201_DEFAULT_16687,109,Enumerate,Alternative,Partial,201,DEFAULT,16687,Un-2-doublev-24,UNKNOWN,0+,300.000,299.98,0.00,0.00,299.993
10_Enumerate_Alternative_Partial_101_DEFAULT_8598,10,Enumerate,Alternative,Partial,101,DEFAULT,8598,Un-2-doublev-24,UNSATISFIABLE,0,5.489,5.47,0.00,5.47,5.488
117_Enumerate_Alternative_Partial_603_DEFAULT_15838,117,Enumerate,Alternative,Partial,603,DEFAULT,15838,Un-2-doublev-24,UNKNOWN,0+,300.000,299.98,0.00,0.00,299.992
118_Enumerate_Alternative_Partial_201_DEFAULT_2753,118,Enumerate,Alternative,Partial,201,DEFAULT,2753,Un-2-doublev-24,UNSATISFIABLE,0,133.560,133.54,0.00,133.54,133.556
1_Enumerate_Alternative_Partial_101_DEFAULT_31681,1,Enumerate,Alternative,Partial,101,DEFAULT,31681,Un-2-doublev-24,UNKNOWN,0+,300.000,299.98,0.00,0.00,299.994
22_Enumerate_Alternative_Partial_101_DEFAULT_16849,22,Enumerate,Alternative,Partial,101,DEFAULT,16849,Un-2-doublev-24,UNKNOWN,0+,300.000,299.98,0.00,0.00,299.994
25_Enumerate_Alternative_Partial_101_DEFAULT_6709,25,Enumerate,Alternative,Partial,101,DEFAULT,6709,Un-2-doublev-24,UNSATISFIABLE,0,110.260,110.24,0.00,110.24,110.257
43_Enumerate_Alternative_Partial_101_DEFAULT_14690,43,Enumerate,Alternative,Partial,101,DEFAULT,14690,Un-2-doublev-24,UNKNOWN,0+,300.000,299.98,0.00,0.00,299.993
52_Enumerate_Alternative_Partial_101_DEFAULT_759,52,Enumerate,Alternative,Partial,101,DEFAULT,759,Un-2-doublev-24,UNKNOWN,0+,300.000,299.98,0.00,0.00,299.993
58_Enumerate_Alternative_Partial_101_DEFAULT_26985,58,Enumerate,Alternative,Partial,101,DEFAULT,26985,Un-2-doublev-24,UNSATISFIABLE,0,251.670,251.65,0.00,251.65,251.664
5_Enumerate_Alternative_Partial_202_DEFAULT_22084,5,Enumerate,Alternative,Partial,202,DEFAULT,22084,Un-2-doublev-24,UNSATISFIABLE,0,249.100,249.08,0.00,249.08,249.081
61_Enumerate_Alternative_Partial_201_DEFAULT_14189,61,Enumerate,Alternative,Partial,201,DEFAULT,14189,Un-2-doublev-24,UNSATISFIABLE,0,251.925,251.90,0.00,251.90,251.919
67_Enumerate_Alternative_Partial_201_DEFAULT_17876,67,Enumerate,Alternative,Partial,201,DEFAULT,17876,Un-2-doublev-24,UNSATISFIABLE,0,144.234,144.21,0.00,144.21,144.230
6_Enumerate_Alternative_Partial_303_DEFAULT_24758,6,Enumerate,Alternative,Partial,303,DEFAULT,24758,Un-2-doublev-24,UNSATISFIABLE,0,4.588,4.56,0.00,4.56,4.587
76_Enumerate_Alternative_Partial_201_DEFAULT_9373,76,Enumerate,Alternative,Partial,201,DEFAULT,9373,Un-2-doublev-24,UNKNOWN,0+,300.000,299.98,0.00,0.00,299.993
82_Enumerate_Alternative_Partial_201_DEFAULT_26645,82,Enumerate,Alternative,Partial,201,DEFAULT,26645,Un-2-doublev-24,UNKNOWN,0+,300.000,299.98,0.00,0.00,299.993
101_Enumerate_Alternative_Partial_402_DEFAULT_7830,101,Enumerate,Alternative,Partial,402,DEFAULT,7830,Un-2-doublev-9,UNSATISFIABLE,0,0.007,0.00,0.00,0.00,0.007
103_Enumerate_Alternative_Partial_201_DEFAULT_31869,103,Enumerate,Alternative,Partial,201,DEFAULT,31869,Un-2-doublev-9,UNSATISFIABLE,0,0.010,0.01,0.00,0.01,0.010
109_Enumerate_Alternative_Partial_201_DEFAULT_16687,109,Enumerate,Alternative,Partial,201,DEFAULT,16687,Un-2-doublev-9,UNSATISFIABLE,0,0.030,0.03,0.00,0.03,0.030
10_Enumerate_Alternative_Partial_101_DEFAULT_8598,10,Enumerate,Alternative,Partial,101,DEFAULT,8598,Un-2-doublev-9,UNSATISFIABLE,0,0.023,0.02,0.00,0.02,0.023
117_Enumerate_Alternative_Partial_603_DEFAULT_15838,117,Enumerate,Alternative,Partial,603,DEFAULT,15838,Un-2-doublev-9,UNSATISFIABLE,0,0.007,0.00,0.00,0.00,0.007
118_Enumerate_Alternative_Partial_201_DEFAULT_2753,118,Enumerate,Alternative,Partial,201,DEFAULT,2753,Un-2-doublev-9,UNSATISFIABLE,0,0.036,0.03,0.00,0.03,0.036
1_Enumerate_Alternative_Partial_101_DEFAULT_31681,1,Enumerate,Alternative,Partial,101,DEFAULT,31681,Un-2-doublev-9,UNSATISFIABLE,0,0.009,0.01,0.00,0.01,0.009
22_Enumerate_Alternative_Partial_101_DEFAULT_16849,22,Enumerate,Alternative,Partial,101,DEFAULT,16849,Un-2-doublev-9,UNSATISFIABLE,0,0.007,0.00,0.00,0.00,0.007
25_Enumerate_Alternative_Partial_101_DEFAULT_6709,25,Enumerate,Alternative,Partial,101,DEFAULT,6709,Un-2-doublev-9,UNSATISFIABLE,0,0.007,0.00,0.00,0.00,0.007
43_Enumerate_Alternative_Partial_101_DEFAULT_14690,43,Enumerate,Alternative,Partial,101,DEFAULT,14690,Un-2-doublev-9,UNSATISFIABLE,0,0.014,0.01,0.00,0.01,0.014
52_Enumerate_Alternative_Partial_101_DEFAULT_759,52,Enumerate,Alternative,Partial,101,DEFAULT,759,Un-2-doublev-9,UNSATISFIABLE,0,0.037,0.03,0.00,0.03,0.037
58_Enumerate_Alternative_Partial_101_DEFAULT_26985,58,Enumerate,Alternative,Partial,101,DEFAULT,26985,Un-2-doublev-9,UNSATISFIABLE,0,0.008,0.00,0.00,0.00,0.008
5_Enumerate_Alternative_Partial_202_DEFAULT_22084,5,Enumerate,Alternative,Partial,202,DEFAULT,22084,Un-2-doublev-9,UNSATISFIABLE,0,0.008,0.00,0.00,0.00,0.008
61_Enumerate_Alternative_Partial_201_DEFAULT_14189,61,Enumerate,Alternative,Partial,201,DEFAULT,14189,Un-2-doublev-9,UNSATISFIABLE,0,0.008,0.00,0.00,0.00,0.008
67_Enumerate_Alternative_Partial_201_DEFAULT_17876,67,Enumerate,Alternative,Partial,201,DEFAULT,17876,Un-2-doublev-9,UNSATISFIABLE,0,0.030,0.03,0.00,0.03,0.030
6_Enumerate_Alternative_Partial_303_DEFAULT_24758,6,Enumerate,Alternative,Partial,303,DEFAULT,24758,Un-2-doublev-9,UNSATISFIABLE,0,0.011,0.01,0.00,0.01,0.011
76_Enumerate_Alternative_Partial_201_DEFAULT_9373,76,Enumerate,Alternative,Partial,201,DEFAULT,9373,Un-2-doublev-9,UNSATISFIABLE,0,0.009,0.01,0.00,0.01,0.009
82_Enumerate_Alternative_Partial_201_DEFAULT_26645,82,Enumerate,Alternative,Partial,201,DEFAULT,26645,Un-2-doublev-9,UNSATISFIABLE,0,0.009,0.01,0.00,0.01,0.009
101_Enumerate_Alternative_Partial_402_DEFAULT_7830,101,Enumerate,Alternative,Partial,402,DEFAULT,7830,Un-2-doublev-12,UNSATISFIABLE,0,0.136,0.13,0.00,0.13,0.136
103_Enumerate_Alternative_Partial_201_DEFAULT_31869,103,Enumerate,Alternative,Partial,201,DEFAULT,31869,Un-2-doublev-12,UNSATISFIABLE,0,0.157,0.15,0.00,0.15,0.157
109_Enumerate_Alternative_Partial_201_DEFAULT_16687,109,Enumerate,Alternative,Partial,201,DEFAULT,16687,Un-2-doublev-12,UNSATISFIABLE,0,0.593,0.59,0.00,0.59,0.593
10_Enumerate_Alternative_Partial_101_DEFAULT_8598,10,Enumerate,Alternative,Partial,101,DEFAULT,8598,Un-2-doublev-12,UNSATISFIABLE,0,0.118,0.11,0.00,0.11,0.118
117_Enumerate_Alternative_Partial_603_DEFAULT_15838,117,Enumerate,Alternative,Partial,603,DEFAULT,15838,Un-2-doublev-12,UNSATISFIABLE,0,0.014,0.01,0.00,0.01,0.014
118_Enumerate_Alternative_Partial_201_DEFAULT_2753,118,Enumerate,Alternative,Partial,201,DEFAULT,2753,Un-2-doublev-12,UNSATISFIABLE,0,0.055,0.05,0.00,0.05,0.055
1_Enumerate_Alternative_Partial_101_DEFAULT_31681,1,Enumerate,Alternative,Partial,101,DEFAULT,31681,Un-2-doublev-12,UNSATISFIABLE,0,0.348,0.34,0.00,0.34,0.348
22_Enumerate_Alternative_Partial_101_DEFAULT_16849,22,Enumerate,Alternative,Partial,101,DEFAULT,16849,Un-2-doublev-12,UNSATISFIABLE,0,0.223,0.22,0.00,0.22,0.223
25_Enumerate_Alternative_Partial_101_DEFAULT_6709,25,Enumerate,Alternative,Partial,101,DEFAULT,6709,Un-2-doublev-12,UNSATISFIABLE,0,0.144,0.14,0.00,0.14,0.144
43_Enumerate_Alternative_Partial_101_DEFAULT_14690,43,Enumerate,Alternative,Partial,101,DEFAULT,14690,Un-2-doublev-12,UNSATISFIABLE,0,0.198,0.19,0.00,0.19,0.198
52_Enumerate_Alternative_Partial_101_DEFAULT_759,52,Enumerate,Alternative,Partial,101,DEFAULT,759,Un-2-doublev-12,UNSATISFIABLE,0,0.043,0.04,0.00,0.04,0.043
58_Enumerate_Alternative_Partial_101_DEFAULT_26985,58,Enumerate,Alternative,Partial,101,DEFAULT,26985,Un-2-doublev-12,UNSATISFIABLE,0,0.214,0.21,0.00,0.21,0.214
5_Enumerate_Alternative_Partial_202_DEFAULT_22084,5,Enumerate,Alternative,Partial,202,DEFAULT,22084,Un-2-doublev-12,UNSATISFIABLE,0,0.213,0.21,0.00,0.21,0.213
61_Enumerate_Alternative_Partial_201_DEFAULT_14189,61,Enumerate,Alternative,Partial,201,DEFAULT,14189,Un-2-doublev-12,UNSATISFIABLE,0,0.211,0.21,0.00,0.21,0.211
67_Enumerate_Alternative_Partial_201_DEFAULT_17876,67,Enumerate,Alternative,Partial,201,DEFAULT,17876,Un-2-doublev-12,UNSATISFIABLE,0,0.072,0.07,0.00,0.07,0.072
6_Enumerate_Alternative_Partial_303_DEFAULT_24758,6,Enumerate,Alternative,Partial,303,DEFAULT,24758,Un-2-doublev-12,UNSATISFIABLE,0,0.124,0.12,0.00,0.12,0.124
76_Enumerate_Alternative_Partial_201_DEFAULT_9373,76,Enumerate,Alternative,Partial,201,DEFAULT,9373,Un-2-doublev-12,UNSATISFIABLE,0,0.130,0.13,0.00,0.13,0.130
82_Enumerate_Alternative_Partial_201_DEFAULT_26645,82,Enumerate,Alternative,Partial,201,DEFAULT,26645,Un-2-doublev-12,UNSATISFIABLE,0,0.329,0.32,0.00,0.32,0.329
101_Enumerate_Alternative_Partial_402_DEFAULT_7830,101,Enumerate,Alternative,Partial,402,DEFAULT,7830,2-doublev-15,SATISFIABLE,1+,0.021,0.01,0.01,0.00,0.021
103_Enumerate_Alternative_Partial_201_DEFAULT_31869,103,Enumerate,Alternative,Partial,201,DEFAULT,31869,2-doublev-15,SATISFIABLE,1+,0.014,0.01,0.01,0.00,0.014
109_Enumerate_Alternative_Partial_201_DEFAULT_16687,109,Enumerate,Alternative,Partial,201,DEFAULT,16687,2-doublev-15,SATISFIABLE,1+,0.026,0.02,0.02,0.00,0.026
10_Enumerate_Alternative_Partial_101_DEFAULT_8598,10,Enumerate,Alternative,Partial,101,DEFAULT,8598,2-doublev-15,SATISFIABLE,1+,0.034,0.02,0.02,0.00,0.034
117_Enumerate_Alternative_Partial_603_DEFAULT_15838,117,Enumerate,Alternative,Partial,603,DEFAULT,15838,2-doublev-15,SATISFIABLE,1+,0.015,0.01,0.01,0.00,0.015
118_Enumerate_Alternative_Partial_201_DEFAULT_2753,118,Enumerate,Alternative,Partial,201,DEFAULT,2753,2-doublev-15,SATISFIABLE,1+,0.205,0.20,0.20,0.00,0.205
1_Enumerate_Alternative_Partial_101_DEFAULT_31681,1,Enumerate,Alternative,Partial,101,DEFAULT,31681,2-doublev-15,SATISFIABLE,1+,0.014,0.01,0.01,0.00,0.014
22_Enumerate_Alternative_Partial_101_DEFAULT_16849,22,Enumerate,Alternative,Partial,101,DEFAULT,16849,2-doublev-15,SATISFIABLE,1+,0.021,0.01,0.01,0.00,0.021
25_Enumerate_Alternative_Partial_101_DEFAULT_6709,25,Enumerate,Alternative,Partial,101,DEFAULT,6709,2-doublev-15,SATISFIABLE,1+,0.037,0.02,0.02,0.00,0.037
43_Enumerate_Alternative_Partial_101_DEFAULT_14690,43,Enumerate,Alternative,Partial,101,DEFAULT,14690,2-doublev-15,SATISFIABLE,1+,0.014,0.00,0.00,0.00,0.014
52_Enumerate_Alternative_Partial_101_DEFAULT_759,52,Enumerate,Alternative,Partial,101,DEFAULT,759,2-doublev-15,SATISFIABLE,1+,0.013,0.00,0.00,0.00,0.013
58_Enumerate_Alternative_Partial_101_DEFAULT_26985,58,Enumerate,Alternative,Partial,101,DEFAULT,26985,2-doublev-15,SATISFIABLE,1+,0.022,0.01,0.01,0.00,0.022
5_Enumerate_Alternative_Partial_202_DEFAULT_22084,5,Enumerate,Alternative,Partial,202,DEFAULT,22084,2-doublev-15,SATISFIABLE,1+,0.034,0.02,0.02,0.00,0.034
61_Enumerate_Alternative_Partial_201_DEFAULT_14189,61,Enumerate,Alternative,Partial,201,DEFAULT,14189,2-doublev-15,SATISFIABLE,1+,0.022,0.01,0.01,0.00,0.022
67_Enumerate_Alternative_Partial_201_DEFAULT_17876,67,Enumerate,Alternative,Partial,201,DEFAULT,17876,2-doublev-15,SATISFIABLE,1+,0.020,0.01,0.01,0.00,0.020
6_Enumerate_Alternative_Partial_303_DEFAULT_24758,6,Enumerate,Alternative,Partial,303,DEFAULT,24758,2-doublev-15,SATISFIABLE,1+,0.151,0.14,0.14,0.00,0.151
76_Enumerate_Alternative_Partial_201_DEFAULT_9373,76,Enumerate,Alternative,Partial,201,DEFAULT,9373,2-doublev-15,SATISFIABLE,1+,0.114,0.10,0.10,0.00,0.114
82_Enumerate_Alternative_Partial_201_DEFAULT_26645,82,Enumerate,Alternative,Partial,201,DEFAULT,26645,2-doublev-15,SATISFIABLE,1+,0.012,0.00,0.00,0.00,0.012
101_Enumerate_Alternative_Partial_402_DEFAULT_7830,101,Enumerate,Alternative,Partial,402,DEFAULT,7830,2-doublev-18,SATISFIABLE,1+,0.037,0.02,0.02,0.00,0.037
103_Enumerate_Alternative_Partial_201_DEFAULT_31869,103,Enumerate,Alternative,Partial,201,DEFAULT,31869,2-doublev-18,SATISFIABLE,1+,0.027,0.01,0.01,0.00,0.027
109_Enumerate_Alternative_Partial_201_DEFAULT_16687,109,Enumerate,Alternative,Partial,201,DEFAULT,16687,2-doublev-18,SATISFIABLE,1+,0.039,0.03,0.03,0.00,0.039
10_Enumerate_Alternative_Partial_101_DEFAULT_8598,10,Enumerate,Alternative,Partial,101,DEFAULT,8598,2-doublev-18,SATISFIABLE,1+,0.023,0.01,0.01,0.00,0.023
117_Enumerate_Alternative_Partial_603_DEFAULT_15838,117,Enumerate,Alternative,Partial,603,DEFAULT,15838,2-doublev-18,SATISFIABLE,1+,0.019,0.01,0.01,0.00,0.019
118_Enumerate_Alternative_Partial_201_DEFAULT_2753,118,Enumerate,Alternative,Partial,201,DEFAULT,2753,2-doublev-18,SATISFIABLE,1+,0.022,0.01,0.01,0.00,0.022
1_Enumerate_Alternative_Partial_101_DEFAULT_31681,1,Enumerate,Alternative,Partial,101,DEFAULT,31681,2-doublev-18,SATISFIABLE,1+,0.021,0.01,0.01,0.00,0.021
22_Enumerate_Alternative_Partial_101_DEFAULT_16849,22,Enumerate,Alternative,Partial,101,DEFAULT,16849,2-doublev-18,SATISFIABLE,1+,0.033,0.02,0.02,0.00,0.033
25_Enumerate_Alternative_Partial_101_DEFAULT_6709,25,Enumerate,Alternative,Partial,101,DEFAULT,6709,2-doublev-18,SATISFIABLE,1+,0.031,0.02,0.02,0.00,0.031
43_Enumerate_Alternative_Partial_101_DEFAULT_14690,43,Enumerate,Alternative,Partial,101,DEFAULT,14690,2-doublev-18,SATISFIABLE,1+,0.136,0.12,0.12,0.00,0.136
52_Enumerate_Alternative_Partial_101_DEFAULT_759,52,Enumerate,Alternative,Partial,101,DEFAULT,759,2-doublev-18,SATISFIABLE,1+,0.016,0.00,0.00,0.00,0.016
58_Enumerate_Alternative_Partial_101_DEFAULT_26985,58,Enumerate,Alternative,Partial,101,DEFAULT,26985,2-doublev-18,SATISFIABLE,1+,0.074,0.06,0.06,0.00,0.074
5_Enumerate_Alternative_Partial_202_DEFAULT_22084,5,Enumerate,Alternative,Partial,202,DEFAULT,22084,2-doublev-18,SATISFIABLE,1+,0.074,0.06,0.06,0.00,0.074
61_Enumerate_Alternative_Partial_201_DEFAULT_14189,61,Enumerate,Alternative,Partial,201,DEFAULT,14189,2-doublev-18,SATISFIABLE,1+,0.073,0.06,0.06,0.00,0.073
67_Enumerate_Alternative_Partial_201_DEFAULT_17876,67,Enumerate,Alternative,Partial,201,DEFAULT,17876,2-doublev-18,SATISFIABLE,1+,0.036,0.01,0.01,0.00,0.036
6_Enumerate_Alternative_Partial_303_DEFAULT_24758,6,Enumerate,Alternative,Partial,303,DEFAULT,24758,2-doublev-18,SATISFIABLE,1+,0.042,0.03,0.03,0.00,0.042
76_Enumerate_Alternative_Partial_201_DEFAULT_9373,76,Enumerate,Alternative,Partial,201,DEFAULT,9373,2-doublev-18,SATISFIABLE,1+,0.085,0.07,0.07,0.00,0.085
82_Enumerate_Alternative_Partial_201_DEFAULT_26645,82,Enumerate,Alternative,Partial,201,DEFAULT,26645,2-doublev-18,SATISFIABLE,1+,0.045,0.02,0.02,0.00,0.045
101_Enumerate_Alternative_Partial_402_DEFAULT_7830,101,Enumerate,Alternative,Partial,402,DEFAULT,7830,2-doublev-21,SATISFIABLE,1+,0.072,0.05,0.05,0.00,0.072
103_Enumerate_Alternative_Partial_201_DEFAULT_31869,103,Enumerate,Alternative,Partial,201,DEFAULT,31869,2-doublev-21,SATISFIABLE,1+,0.092,0.07,0.07,0.00,0.092
109_Enumerate_Alternative_Partial_201_DEFAULT_16687,109,Enumerate,Alternative,Partial,201,DEFAULT,16687,2-doublev-21,SATISFIABLE,1+,0.193,0.17,0.17,0.00,0.193
10_Enumerate_Alternative_Partial_101_DEFAULT_8598,10,Enumerate,Alternative,Partial,101,DEFAULT,8598,2-doublev-21,SATISFIABLE,1+,0.021,0.00,0.00,0.00,0.021
117_Enumerate_Alternative_Partial_603_DEFAULT_15838,117,Enumerate,Alternative,Partial,603,DEFAULT,15838,2-doublev-21,SATISFIABLE,1+,0.254,0.23,0.23,0.00,0.254
118_Enumerate_Alternative_Partial_201_DEFAULT_2753,118,Enumerate,Alternative,Partial,201,DEFAULT,2753,2-doublev-21,SATISFIABLE,1+,0.131,0.11,0.11,0.00,0.131
1_Enumerate_Alternative_Partial_101_DEFAULT_31681,1,Enumerate,Alternative,Partial,101,DEFAULT,31681,2-doublev-21,SATISFIABLE,1+,0.055,0.03,0.03,0.00,0.055
22_Enumerate_Alternative_Partial_101_DEFAULT_16849,22,Enumerate,Alternative,Partial,101,DEFAULT,16849,2-doublev-21,SATISFIABLE,1+,0.046,0.03,0.03,0.00,0.046
25_Enumerate_Alternative_Partial_101_DEFAULT_6709,25,Enumerate,Alternative,Partial,101,DEFAULT,6709,2-doublev-21,SATISFIABLE,1+,0.074,0.05,0.05,0.00,0.074
43_Enumerate_Alternative_Partial_101_DEFAULT_14690,43,Enumerate,Alternative,Partial,101,DEFAULT,14690,2-doublev-21,SATISFIABLE,1+,0.035,0.01,0.01,0.00,0.035
52_Enumerate_Alternative_Partial_101_DEFAULT_759,52,Enumerate,Alternative,Partial,101,DEFAULT,759,2-doublev-21,SATISFIABLE,1+,0.040,0.01,0.01,0.00,0.040
58_Enumerate_Alternative_Partial_101_DEFAULT_26985,58,Enumerate,Alternative,Partial,101,DEFAULT,26985,2-doublev-21,SATISFIABLE,1+,0.118,0.10,0.10,0.00,0.118
5_Enumerate_Alternative_Partial_202_DEFAULT_22084,5,Enumerate,Alternative,Partial,202,DEFAULT,22084,2-doublev-21,SATISFIABLE,1+,0.117,0.10,0.10,0.00,0.117
61_Enumerate_Alternative_Partial_201_DEFAULT_14189,61,Enumerate,Alternative,Partial,201,DEFAULT,14189,2-doublev-21,SATISFIABLE,1+,0.118,0.10,0.10,0.00,0.118
67_Enumerate_Alternative_Partial_201_DEFAULT_17876,67,Enumerate,Alternative,Partial,201,DEFAULT,17876,2-doublev-21,SATISFIABLE,1+,0.140,0.12,0.12,0.00,0.140
6_Enumerate_Alternative_Partial_303_DEFAULT_24758,6,Enumerate,Alternative,Partial,303,DEFAULT,24758,2-doublev-21,SATISFIABLE,1+,0.221,0.20,0.20,0.00,0.221
76_Enumerate_Alternative_Partial_201_DEFAULT_9373,76,Enumerate,Alternative,Partial,201,DEFAULT,9373,2-doublev-21,SATISFIABLE,1+,0.053,0.03,0.03,0.00,0.053
82_Enumerate_Alternative_Partial_201_DEFAULT_26645,82,Enumerate,Alternative,Partial,201,DEFAULT,26645,2-doublev-21,SATISFIABLE,1+,0.032,0.01,0.01,0.00,0.032
101_Enumerate_Alternative_Partial_402_DEFAULT_7830,101,Enumerate,Alternative,Partial,402,DEFAULT,7830,2-doublev-24,SATISFIABLE,1+,0.355,0.33,0.33,0.00,0.355
103_Enumerate_Alternative_Partial_201_DEFAULT_31869,103,Enumerate,Alternative,Partial,201,DEFAULT,31869,2-doublev-24,SATISFIABLE,1+,0.137,0.11,0.11,0.00,0.137
109_Enumerate_Alternative_Partial_201_DEFAULT_16687,109,Enumerate,Alternative,Partial,201,DEFAULT,16687,2-doublev-24,SATISFIABLE,1+,0.145,0.12,0.12,0.00,0.145
10_Enumerate_Alternative_Partial_101_DEFAULT_8598,10,Enumerate,Alternative,Partial,101,DEFAULT,8598,2-doublev-24,SATISFIABLE,1+,0.107,0.07,0.07,0.00,0.107
117_Enumerate_Alternative_Partial_603_DEFAULT_15838,117,Enumerate,Alternative,Partial,603,DEFAULT,15838,2-doublev-24,SATISFIABLE,1+,0.179,0.15,0.15,0.00,0.179
118_Enumerate_Alternative_Partial_201_DEFAULT_2753,118,Enumerate,Alternative,Partial,201,DEFAULT,2753,2-doublev-24,SATISFIABLE,1+,0.752,0.73,0.73,0.00,0.752
1_Enumerate_Alternative_Partial_101_DEFAULT_31681,1,Enumerate,Alternative,Partial,101,DEFAULT,31681,2-doublev-24,SATISFIABLE,1+,0.185,0.16,0.16,0.00,0.185
22_Enumerate_Alternative_Partial_101_DEFAULT_16849,22,Enumerate,Alternative,Partial,101,DEFAULT,16849,2-doublev-24,SATISFIABLE,1+,0.183,0.16,0.16,0.00,0.183
25_Enumerate_Alternative_Partial_101_DEFAULT_6709,25,Enumerate,Alternative,Partial,101,DEFAULT,6709,2-doublev-24,SATISFIABLE,1+,0.060,0.03,0.03,0.00,0.060
43_Enumerate_Alternative_Partial_101_DEFAULT_14690,43,Enumerate,Alternative,Partial,101,DEFAULT,14690,2-doublev-24,SATISFIABLE,1+,0.148,0.12,0.12,0.00,0.148
52_Enumerate_Alternative_Partial_101_DEFAULT_759,52,Enumerate,Alternative,Partial,101,DEFAULT,759,2-doublev-24,SATISFIABLE,1+,0.112,0.09,0.09,0.00,0.112
58_Enumerate_Alternative_Partial_101_DEFAULT_26985,58,Enumerate,Alternative,Partial,101,DEFAULT,26985,2-doublev-24,SATISFIABLE,1+,0.065,0.04,0.04,0.00,0.065
5_Enumerate_Alternative_Partial_202_DEFAULT_22084,5,Enumerate,Alternative,Partial,202,DEFAULT,22084,2-doublev-24,SATISFIABLE,1+,0.064,0.04,0.04,0.00,0.064
61_Enumerate_Alternative_Partial_201_DEFAULT_14189,61,Enumerate,Alternative,Partial,201,DEFAULT,14189,2-doublev-24,SATISFIABLE,1+,0.065,0.04,0.04,0.00,0.065
67_Enumerate_Alternative_Partial_201_DEFAULT_17876,67,Enumerate,Alternative,Partial,201,DEFAULT,17876,2-doublev-24,SATISFIABLE,1+,0.044,0.02,0.02,0.00,0.044
6_Enumerate_Alternative_Partial_303_DEFAULT_24758,6,Enumerate,Alternative,Partial,303,DEFAULT,24758,2-doublev-24,SATISFIABLE,1+,2.387,2.36,2.36,0.00,2.387
76_Enumerate_Alternative_Partial_201_DEFAULT_9373,76,Enumerate,Alternative,Partial,201,DEFAULT,9373,2-doublev-24,SATISFIABLE,1+,0.102,0.08,0.08,0.00,0.102
82_Enumerate_Alternative_Partial_201_DEFAULT_26645,82,Enumerate,Alternative,Partial,201,DEFAULT,26645,2-doublev-24,SATISFIABLE,1+,0.066,0.04,0.04,0.00,0.066
101_Enumerate_Alternative_Partial_402_DEFAULT_7830,101,Enumerate,Alternative,Partial,402,DEFAULT,7830,2-doublev-9,SATISFIABLE,1+,0.005,0.00,0.00,0.00,0.005
103_Enumerate_Alternative_Partial_201_DEFAULT_31869,103,Enumerate,Alternative,Partial,201,DEFAULT,31869,2-doublev-9,SATISFIABLE,1+,0.005,0.00,0.00,0.00,0.005
109_Enumerate_Alternative_Partial_201_DEFAULT_16687,109,Enumerate,Alternative,Partial,201,DEFAULT,16687,2-doublev-9,SATISFIABLE,1+,0.005,0.00,0.00,0.00,0.005
10_Enumerate_Alternative_Partial_101_DEFAULT_8598,10,Enumerate,Alternative,Partial,101,DEFAULT,8598,2-doublev-9,SATISFIABLE,1+,0.005,0.00,0.00,0.00,0.005
117_Enumerate_Alternative_Partial_603_DEFAULT_15838,117,Enumerate,Alternative,Partial,603,DEFAULT,15838,2-doublev-9,SATISFIABLE,1+,0.004,0.00,0.00,0.00,0.004
118_Enumerate_Alternative_Partial_201_DEFAULT_2753,118,Enumerate,Alternative,Partial,201,DEFAULT,2753,2-doublev-9,SATISFIABLE,1+,0.010,0.00,0.00,0.00,0.010
1_Enumerate_Alternative_Partial_101_DEFAULT_31681,1,Enumerate,Alternative,Partial,101,DEFAULT,31681,2-doublev-9,SATISFIABLE,1+,0.005,0.00,0.00,0.00,0.005
22_Enumerate_Alternative_Partial_101_DEFAULT_16849,22,Enumerate,Alternative,Partial,101,DEFAULT,16849,2-doublev-9,SATISFIABLE,1+,0.005,0.00,0.00,0.00,0.005
25_Enumerate_Alternative_Partial_101_DEFAULT_6709,25,Enumerate,Alternative,Partial,101,DEFAULT,6709,2-doublev-9,SATISFIABLE,1+,0.004,0.00,0.00,0.00,0.004
43_Enumerate_Alternative_Partial_101_DEFAULT_14690,43,Enumerate,Alternative,Partial,101,DEFAULT,14690,2-doublev-9,SATISFIABLE,1+,0.005,0.00,0.00,0.00,0.005
52_Enumerate_Alternative_Partial_101_DEFAULT_759,52,Enumerate,Alternative,Partial,101,DEFAULT,759,2-doublev-9,SATISFIABLE,1+,0.008,0.00,0.00,0.00,0.008
58_Enumerate_Alternative_Partial_101_DEFAULT_26985,58,Enumerate,Alternative,Partial,101,DEFAULT,26985,2-doublev-9,SATISFIABLE,1+,0.006,0.00,0.00,0.00,0.006
5_Enumerate_Alternative_Partial_202_DEFAULT_22084,5,Enumerate,Alternative,Partial,202,DEFAULT,22084,2-doublev-9,SATISFIABLE,1+,0.006,0.00,0.00,0.00,0.006
61_Enumerate_Alternative_Partial_201_DEFAULT_14189,61,Enumerate,Alternative,Partial,201,DEFAULT,14189,2-doublev-9,SATISFIABLE,1+,0.006,0.00,0.00,0.00,0.006
67_Enumerate_Alternative_Partial_201_DEFAULT_17876,67,Enumerate,Alternative,Partial,201,DEFAULT,17876,2-doublev-9,SATISFIABLE,1+,0.005,0.00,0.00,0.00,0.005
6_Enumerate_Alternative_Partial_303_DEFAULT_24758,6,Enumerate,Alternative,Partial,303,DEFAULT,24758,2-doublev-9,SATISFIABLE,1+,0.005,0.00,0.00,0.00,0.005
76_Enumerate_Alternative_Partial_201_DEFAULT_9373,76,Enumerate,Alternative,Partial,201,DEFAULT,9373,2-doublev-9,SATISFIABLE,1+,0.009,0.00,0.00,0.00,0.009
82_Enumerate_Alternative_Partial_201_DEFAULT_26645,82,Enumerate,Alternative,Partial,201,DEFAULT,26645,2-doublev-9,SATISFIABLE,1+,0.006,0.00,0.00,0.00,0.006
101_Enumerate_Alternative_Partial_402_DEFAULT_7830,101,Enumerate,Alternative,Partial,402,DEFAULT,7830,2-doublev-12,SATISFIABLE,1+,0.009,0.00,0.00,0.00,0.009
103_Enumerate_Alternative_Partial_201_DEFAULT_31869,103,Enumerate,Alternative,Partial,201,DEFAULT,31869,2-doublev-12,SATISFIABLE,1+,0.012,0.01,0.01,0.00,0.012
109_Enumerate_Alternative_Partial_201_DEFAULT_16687,109,Enumerate,Alternative,Partial,201,DEFAULT,16687,2-doublev-12,SATISFIABLE,1+,0.008,0.00,0.00,0.00,0.008
10_Enumerate_Alternative_Partial_101_DEFAULT_8598,10,Enumerate,Alternative,Partial,101,DEFAULT,8598,2-doublev-12,SATISFIABLE,1+,0.013,0.01,0.01,0.00,0.013
117_Enumerate_Alternative_Partial_603_DEFAULT_15838,117,Enumerate,Alternative,Partial,603,DEFAULT,15838,2-doublev-12,SATISFIABLE,1+,0.007,0.00,0.00,0.00,0.007
118_Enumerate_Alternative_Partial_201_DEFAULT_2753,118,Enumerate,Alternative,Partial,201,DEFAULT,2753,2-doublev-12,SATISFIABLE,1+,0.008,0.00,0.00,0.00,0.008
1_Enumerate_Alternative_Partial_101_DEFAULT_31681,1,Enumerate,Alternative,Partial,101,DEFAULT,31681,2-doublev-12,SATISFIABLE,1+,0.009,0.00,0.00,0.00,0.009
22_Enumerate_Alternative_Partial_101_DEFAULT_16849,22,Enumerate,Alternative,Partial,101,DEFAULT,16849,2-doublev-12,SATISFIABLE,1+,0.011,0.00,0.00,0.00,0.011
25_Enumerate_Alternative_Partial_101_DEFAULT_6709,25,Enumerate,Alternative,Partial,101,DEFAULT,6709,2-doublev-12,SATISFIABLE,1+,0.008,0.00,0.00,0.00,0.008
43_Enumerate_Alternative_Partial_101_DEFAULT_14690,43,Enumerate,Alternative,Partial,101,DEFAULT,14690,2-doublev-12,SATISFIABLE,1+,0.013,0.01,0.01,0.00,0.013
52_Enumerate_Alternative_Partial_101_DEFAULT_759,52,Enumerate,Alternative,Partial,101,DEFAULT,759,2-doublev-12,SATISFIABLE,1+,0.015,0.01,0.01,0.00,0.015
58_Enumerate_Alternative_Partial_101_DEFAULT_26985,58,Enumerate,Alternative,Partial,101,DEFAULT,26985,2-doublev-12,SATISFIABLE,1+,0.026,0.02,0.02,0.00,0.026
5_Enumerate_Alternative_Partial_202_DEFAULT_22084,5,Enumerate,Alternative,Partial,202,DEFAULT,22084,2-doublev-12,SATISFIABLE,1+,0.026,0.02,0.02,0.00,0.026
61_Enumerate_Alternative_Partial_201_DEFAULT_14189,61,Enumerate,Alternative,Partial,201,DEFAULT,14189,2-doublev-12,SATISFIABLE,1+,0.026,0.02,0.02,0.00,0.026
67_Enumerate_Alternative_Partial_201_DEFAULT_17876,67,Enumerate,Alternative,Partial,201,DEFAULT,17876,2-doublev-12,SATISFIABLE,1+,0.010,0.00,0.00,0.00,0.010
6_Enumerate_Alternative_Partial_303_DEFAULT_24758,6,Enumerate,Alternative,Partial,303,DEFAULT,24758,2-doublev-12,SATISFIABLE,1+,0.019,0.01,0.01,0.00,0.019
76_Enumerate_Alternative_Partial_201_DEFAULT_9373,76,Enumerate,Alternative,Partial,201,DEFAULT,9373,2-doublev-12,SATISFIABLE,1+,0.029,0.02,0.02,0.00,0.029
82_Enumerate_Alternative_Partial_201_DEFAULT_26645,82,Enumerate,Alternative,Partial,201,DEFAULT,26645,2-doublev-12,SATISFIABLE,1+,0.022,0.02,0.02,0.00,0.022
