ConstraintFile,Id,Mode,Order,Full,Cell,Version,Seed,Instance,Result,Model,Time,Solving,1st Model,Unsat,CPU
10_Enumerate_Standard_Partial_101_DEFAULT_8598,10,Enumerate,Standard,Partial,101,DEFAULT,8598,Un-2-doublev-15,UNSATISFIABLE,0,0.141,0.13,0.00,0.13,0.141
35_Enumerate_Standard_Partial_202_DEFAULT_25977,35,Enumerate,Standard,Partial,202,DEFAULT,25977,Un-2-doublev-15,UNSATISFIABLE,0,36.647,36.63,0.00,36.63,36.642
52_Enumerate_Standard_Partial_101_DEFAULT_759,52,Enumerate,Standard,Partial,101,DEFAULT,759,Un-2-doublev-15,UNSATISFIABLE,0,8.677,8.66,0.00,8.66,8.629
56_Enumerate_Standard_Partial_202_DEFAULT_27702,56,Enumerate,Standard,Partial,202,DEFAULT,27702,Un-2-doublev-15,UNSATISFIABLE,0,32.499,32.49,0.00,32.49,32.475
57_Enumerate_Standard_Partial_303_DEFAULT_4997,57,Enumerate,Standard,Partial,303,DEFAULT,4997,Un-2-doublev-15,UNSATISFIABLE,0,2.327,2.31,0.00,2.31,2.323
7_Enumerate_Standard_Partial_101_DEFAULT_3718,7,Enumerate,Standard,Partial,101,DEFAULT,3718,Un-2-doublev-15,UNSATISFIABLE,0,12.345,12.33,0.00,12.33,12.308
8_Enumerate_Standard_Partial_202_DEFAULT_26796,8,Enumerate,Standard,Partial,202,DEFAULT,26796,Un-2-doublev-15,UNSATISFIABLE,0,1.077,1.06,0.00,1.06,1.077
10_Enumerate_Standard_Partial_101_DEFAULT_8598,10,Enumerate,Standard,Partial,101,DEFAULT,8598,Un-2-doublev-18,UNSATISFIABLE,0,0.193,0.18,0.00,0.18,0.193
35_Enumerate_Standard_Partial_202_DEFAULT_25977,35,Enumerate,Standard,Partial,202,DEFAULT,25977,Un-2-doublev-18,UNSATISFIABLE,0,252.069,252.05,0.00,252.05,251.128
52_Enumerate_Standard_Partial_101_DEFAULT_759,52,Enumerate,Standard,Partial,101,DEFAULT,759,Un-2-doublev-18,UNSATISFIABLE,0,48.590,48.57,0.00,48.57,48.583
56_Enumerate_Standard_Partial_202_DEFAULT_27702,56,Enumerate,Standard,Partial,202,DEFAULT,27702,Un-2-doublev-18,UNSATISFIABLE,0,223.248,223.23,0.00,223.23,222.794
57_Enumerate_Standard_Partial_303_DEFAULT_4997,57,Enumerate,Standard,Partial,303,DEFAULT,4997,Un-2-doublev-18,UNSATISFIABLE,0,7.707,7.68,0.00,7.68,7.704
7_Enumerate_Standard_Partial_101_DEFAULT_3718,7,Enumerate,Standard,Partial,101,DEFAULT,3718,Un-2-doublev-18,UNSATISFIABLE,0,57.080,57.05,0.00,57.05,57.047
8_Enumerate_Standard_Partial_202_DEFAULT_26796,8,Enumerate,Standard,Partial,202,DEFAULT,26796,Un-2-doublev-18,UNSATISFIABLE,0,2.947,2.92,0.00,2.92,2.940
10_Enumerate_Standard_Partial_101_DEFAULT_8598,10,Enumerate,Standard,Partial,101,DEFAULT,8598,Un-2-doublev-21,UNSATISFIABLE,0,0.727,0.68,0.00,0.68,0.673
35_Enumerate_Standard_Partial_202_DEFAULT_25977,35,Enumerate,Standard,Partial,202,DEFAULT,25977,Un-2-doublev-21,UNKNOWN,0+,300.000,299.96,0.00,0.00,299.833
52_Enumerate_Standard_Partial_101_DEFAULT_759,52,Enumerate,Standard,Partial,101,DEFAULT,759,Un-2-doublev-21,UNKNOWN,0+,300.000,299.89,0.00,0.00,299.744
56_Enumerate_Standard_Partial_202_DEFAULT_27702,56,Enumerate,Standard,Partial,202,DEFAULT,27702,Un-2-doublev-21,UNKNOWN,0+,300.000,299.96,0.00,0.00,299.895
57_Enumerate_Standard_Partial_303_DEFAULT_4997,57,Enumerate,Standard,Partial,303,DEFAULT,4997,Un-2-doublev-21,UNSATISFIABLE,0,56.037,55.99,0.00,55.99,56.020
7_Enumerate_Standard_Partial_101_DEFAULT_3718,7,Enumerate,Standard,Partial,101,DEFAULT,3718,Un-2-doublev-21,UNKNOWN,0+,300.000,299.96,0.00,0.00,299.805
8_Enumerate_Standard_Partial_202_DEFAULT_26796,8,Enumerate,Standard,Partial,202,DEFAULT,26796,Un-2-doublev-21,UNSATISFIABLE,0,33.114,33.07,0.00,33.07,33.108
10_Enumerate_Standard_Partial_101_DEFAULT_8598,10,Enumerate,Standard,Partial,101,DEFAULT,8598,Un-2-doublev-24,UNSATISFIABLE,0,0.904,0.86,0.00,0.86,0.903
35_Enumerate_Standard_Partial_202_DEFAULT_25977,35,Enumerate,Standard,Partial,202,DEFAULT,25977,Un-2-doublev-24,UNKNOWN,0+,300.000,299.95,0.00,0.00,299.771
52_Enumerate_Standard_Partial_101_DEFAULT_759,52,Enumerate,Standard,Partial,101,DEFAULT,759,Un-2-doublev-24,UNKNOWN,0+,300.000,299.95,0.00,0.00,299.837
56_Enumerate_Standard_Partial_202_DEFAULT_27702,56,Enumerate,Standard,Partial,202,DEFAULT,27702,Un-2-doublev-24,UNKNOWN,0+,300.000,299.92,0.00,0.00,299.737
57_Enumerate_Standard_Partial_303_DEFAULT_4997,57,Enumerate,Standard,Partial,303,DEFAULT,4997,Un-2-doublev-24,UNSATISFIABLE,0,199.622,199.56,0.00,199.56,199.409
7_Enumerate_Standard_Partial_101_DEFAULT_3718,7,Enumerate,Standard,Partial,101,DEFAULT,3718,Un-2-doublev-24,UNKNOWN,0+,300.000,299.95,0.00,0.00,299.654
8_Enumerate_Standard_Partial_202_DEFAULT_26796,8,Enumerate,Standard,Partial,202,DEFAULT,26796,Un-2-doublev-24,UNSATISFIABLE,0,70.191,70.13,0.00,70.13,70.174
10_Enumerate_Standard_Partial_101_DEFAULT_8598,10,Enumerate,Standard,Partial,101,DEFAULT,8598,Un-2-doublev-9,UNSATISFIABLE,0,0.008,0.00,0.00,0.00,0.008
35_Enumerate_Standard_Partial_202_DEFAULT_25977,35,Enumerate,Standard,Partial,202,DEFAULT,25977,Un-2-doublev-9,UNSATISFIABLE,0,0.008,0.00,0.00,0.00,0.008
52_Enumerate_Standard_Partial_101_DEFAULT_759,52,Enumerate,Standard,Partial,101,DEFAULT,759,Un-2-doublev-9,UNSATISFIABLE,0,0.072,0.07,0.00,0.07,0.071
56_Enumerate_Standard_Partial_202_DEFAULT_27702,56,Enumerate,Standard,Partial,202,DEFAULT,27702,Un-2-doublev-9,UNSATISFIABLE,0,0.030,0.02,0.00,0.02,0.030
57_Enumerate_Standard_Partial_303_DEFAULT_4997,57,Enumerate,Standard,Partial,303,DEFAULT,4997,Un-2-doublev-9,UNSATISFIABLE,0,0.023,0.02,0.00,0.02,0.023
7_Enumerate_Standard_Partial_101_DEFAULT_3718,7,Enumerate,Standard,Partial,101,DEFAULT,3718,Un-2-doublev-9,UNSATISFIABLE,0,0.063,0.06,0.00,0.06,0.063
8_Enumerate_Standard_Partial_202_DEFAULT_26796,8,Enumerate,Standard,Partial,202,DEFAULT,26796,Un-2-doublev-9,UNSATISFIABLE,0,0.014,0.01,0.00,0.01,0.012
10_Enumerate_Standard_Partial_101_DEFAULT_8598,10,Enumerate,Standard,Partial,101,DEFAULT,8598,Un-2-doublev-12,UNSATISFIABLE,0,0.014,0.01,0.00,0.01,0.014
35_Enumerate_Standard_Partial_202_DEFAULT_25977,35,Enumerate,Standard,Partial,202,DEFAULT,25977,Un-2-doublev-12,UNSATISFIABLE,0,0.116,0.11,0.00,0.11,0.116
52_Enumerate_Standard_Partial_101_DEFAULT_759,52,Enumerate,Standard,Partial,101,DEFAULT,759,Un-2-doublev-12,UNSATISFIABLE,0,0.430,0.42,0.00,0.42,0.428
56_Enumerate_Standard_Partial_202_DEFAULT_27702,56,Enumerate,Standard,Partial,202,DEFAULT,27702,Un-2-doublev-12,UNSATISFIABLE,0,2.834,2.82,0.00,2.82,2.829
57_Enumerate_Standard_Partial_303_DEFAULT_4997,57,Enumerate,Standard,Partial,303,DEFAULT,4997,Un-2-doublev-12,UNSATISFIABLE,0,0.168,0.16,0.00,0.16,0.165
7_Enumerate_Standard_Partial_101_DEFAULT_3718,7,Enumerate,Standard,Partial,101,DEFAULT,3718,Un-2-doublev-12,UNSATISFIABLE,0,2.847,2.84,0.00,2.84,2.844
8_Enumerate_Standard_Partial_202_DEFAULT_26796,8,Enumerate,Standard,Partial,202,DEFAULT,26796,Un-2-doublev-12,UNSATISFIABLE,0,0.070,0.06,0.00,0.06,0.067
10_Enumerate_Standard_Partial_101_DEFAULT_8598,10,Enumerate,Standard,Partial,101,DEFAULT,8598,2-doublev-15,SATISFIABLE,1+,0.069,0.02,0.02,0.00,0.028
35_Enumerate_Standard_Partial_202_DEFAULT_25977,35,Enumerate,Standard,Partial,202,DEFAULT,25977,2-doublev-15,SATISFIABLE,1+,0.026,0.01,0.01,0.00,0.026
52_Enumerate_Standard_Partial_101_DEFAULT_759,52,Enumerate,Standard,Partial,101,DEFAULT,759,2-doublev-15,SATISFIABLE,1+,0.094,0.08,0.08,0.00,0.092
56_Enumerate_Standard_Partial_202_DEFAULT_27702,56,Enumerate,Standard,Partial,202,DEFAULT,27702,2-doublev-15,SATISFIABLE,1+,0.046,0.03,0.03,0.00,0.046
57_Enumerate_Standard_Partial_303_DEFAULT_4997,57,Enumerate,Standard,Partial,303,DEFAULT,4997,2-doublev-15,SATISFIABLE,1+,0.082,0.06,0.06,0.00,0.082
7_Enumerate_Standard_Partial_101_DEFAULT_3718,7,Enumerate,Standard,Partial,101,DEFAULT,3718,2-doublev-15,SATISFIABLE,1+,0.035,0.02,0.02,0.00,0.033
8_Enumerate_Standard_Partial_202_DEFAULT_26796,8,Enumerate,Standard,Partial,202,DEFAULT,26796,2-doublev-15,SATISFIABLE,1+,0.244,0.22,0.22,0.00,0.244
10_Enumerate_Standard_Partial_101_DEFAULT_8598,10,Enumerate,Standard,Partial,101,DEFAULT,8598,2-doublev-18,SATISFIABLE,1+,0.028,0.01,0.01,0.00,0.028
35_Enumerate_Standard_Partial_202_DEFAULT_25977,35,Enumerate,Standard,Partial,202,DEFAULT,25977,2-doublev-18,SATISFIABLE,1+,0.033,0.01,0.01,0.00,0.033
52_Enumerate_Standard_Partial_101_DEFAULT_759,52,Enumerate,Standard,Partial,101,DEFAULT,759,2-doublev-18,SATISFIABLE,1+,0.411,0.39,0.39,0.00,0.408
56_Enumerate_Standard_Partial_202_DEFAULT_27702,56,Enumerate,Standard,Partial,202,DEFAULT,27702,2-doublev-18,SATISFIABLE,1+,0.085,0.06,0.06,0.00,0.085
57_Enumerate_Standard_Partial_303_DEFAULT_4997,57,Enumerate,Standard,Partial,303,DEFAULT,4997,2-doublev-18,SATISFIABLE,1+,0.232,0.20,0.20,0.00,0.230
7_Enumerate_Standard_Partial_101_DEFAULT_3718,7,Enumerate,Standard,Partial,101,DEFAULT,3718,2-doublev-18,SATISFIABLE,1+,0.072,0.05,0.05,0.00,0.072
8_Enumerate_Standard_Partial_202_DEFAULT_26796,8,Enumerate,Standard,Partial,202,DEFAULT,26796,2-doublev-18,SATISFIABLE,1+,0.313,0.27,0.27,0.00,0.301
10_Enumerate_Standard_Partial_101_DEFAULT_8598,10,Enumerate,Standard,Partial,101,DEFAULT,8598,2-doublev-21,SATISFIABLE,1+,0.077,0.04,0.04,0.00,0.077
35_Enumerate_Standard_Partial_202_DEFAULT_25977,35,Enumerate,Standard,Partial,202,DEFAULT,25977,2-doublev-21,SATISFIABLE,1+,0.055,0.01,0.01,0.00,0.055
52_Enumerate_Standard_Partial_101_DEFAULT_759,52,Enumerate,Standard,Partial,101,DEFAULT,759,2-doublev-21,SATISFIABLE,1+,0.616,0.57,0.57,0.00,0.616
56_Enumerate_Standard_Partial_202_DEFAULT_27702,56,Enumerate,Standard,Partial,202,DEFAULT,27702,2-doublev-21,SATISFIABLE,1+,0.285,0.24,0.24,0.00,0.281
57_Enumerate_Standard_Partial_303_DEFAULT_4997,57,Enumerate,Standard,Partial,303,DEFAULT,4997,2-doublev-21,SATISFIABLE,1+,0.271,0.22,0.22,0.00,0.269
7_Enumerate_Standard_Partial_101_DEFAULT_3718,7,Enumerate,Standard,Partial,101,DEFAULT,3718,2-doublev-21,SATISFIABLE,1+,0.254,0.21,0.21,0.00,0.253
8_Enumerate_Standard_Partial_202_DEFAULT_26796,8,Enumerate,Standard,Partial,202,DEFAULT,26796,2-doublev-21,SATISFIABLE,1+,0.357,0.30,0.30,0.00,0.352
10_Enumerate_Standard_Partial_101_DEFAULT_8598,10,Enumerate,Standard,Partial,101,DEFAULT,8598,2-doublev-24,SATISFIABLE,1+,0.173,0.04,0.04,0.00,0.077
35_Enumerate_Standard_Partial_202_DEFAULT_25977,35,Enumerate,Standard,Partial,202,DEFAULT,25977,2-doublev-24,SATISFIABLE,1+,0.192,0.12,0.12,0.00,0.181
52_Enumerate_Standard_Partial_101_DEFAULT_759,52,Enumerate,Standard,Partial,101,DEFAULT,759,2-doublev-24,SATISFIABLE,1+,0.598,0.54,0.54,0.00,0.595
56_Enumerate_Standard_Partial_202_DEFAULT_27702,56,Enumerate,Standard,Partial,202,DEFAULT,27702,2-doublev-24,SATISFIABLE,1+,0.473,0.41,0.41,0.00,0.464
57_Enumerate_Standard_Partial_303_DEFAULT_4997,57,Enumerate,Standard,Partial,303,DEFAULT,4997,2-doublev-24,SATISFIABLE,1+,0.951,0.87,0.87,0.00,0.945
7_Enumerate_Standard_Partial_101_DEFAULT_3718,7,Enumerate,Standard,Partial,101,DEFAULT,3718,2-doublev-24,SATISFIABLE,1+,0.218,0.16,0.16,0.00,0.214
8_Enumerate_Standard_Partial_202_DEFAULT_26796,8,Enumerate,Standard,Partial,202,DEFAULT,26796,2-doublev-24,SATISFIABLE,1+,5.367,5.29,5.29,0.00,5.363
10_Enumerate_Standard_Partial_101_DEFAULT_8598,10,Enumerate,Standard,Partial,101,DEFAULT,8598,2-doublev-9,SATISFIABLE,1+,0.012,0.01,0.01,0.00,0.012
35_Enumerate_Standard_Partial_202_DEFAULT_25977,35,Enumerate,Standard,Partial,202,DEFAULT,25977,2-doublev-9,SATISFIABLE,1+,0.016,0.01,0.01,0.00,0.016
52_Enumerate_Standard_Partial_101_DEFAULT_759,52,Enumerate,Standard,Partial,101,DEFAULT,759,2-doublev-9,SATISFIABLE,1+,0.014,0.01,0.01,0.00,0.014
56_Enumerate_Standard_Partial_202_DEFAULT_27702,56,Enumerate,Standard,Partial,202,DEFAULT,27702,2-doublev-9,SATISFIABLE,1+,0.007,0.00,0.00,0.00,0.007
57_Enumerate_Standard_Partial_303_DEFAULT_4997,57,Enumerate,Standard,Partial,303,DEFAULT,4997,2-doublev-9,SATISFIABLE,1+,0.009,0.00,0.00,0.00,0.009
7_Enumerate_Standard_Partial_101_DEFAULT_3718,7,Enumerate,Standard,Partial,101,DEFAULT,3718,2-doublev-9,SATISFIABLE,1+,0.007,0.00,0.00,0.00,0.007
8_Enumerate_Standard_Partial_202_DEFAULT_26796,8,Enumerate,Standard,Partial,202,DEFAULT,26796,2-doublev-9,SATISFIABLE,1+,0.022,0.01,0.01,0.00,0.022
10_Enumerate_Standard_Partial_101_DEFAULT_8598,10,Enumerate,Standard,Partial,101,DEFAULT,8598,2-doublev-12,SATISFIABLE,1+,0.017,0.00,0.00,0.00,0.013
35_Enumerate_Standard_Partial_202_DEFAULT_25977,35,Enumerate,Standard,Partial,202,DEFAULT,25977,2-doublev-12,SATISFIABLE,1+,0.030,0.02,0.02,0.00,0.029
52_Enumerate_Standard_Partial_101_DEFAULT_759,52,Enumerate,Standard,Partial,101,DEFAULT,759,2-doublev-12,SATISFIABLE,1+,0.012,0.00,0.00,0.00,0.012
56_Enumerate_Standard_Partial_202_DEFAULT_27702,56,Enumerate,Standard,Partial,202,DEFAULT,27702,2-doublev-12,SATISFIABLE,1+,0.054,0.04,0.04,0.00,0.054
57_Enumerate_Standard_Partial_303_DEFAULT_4997,57,Enumerate,Standard,Partial,303,DEFAULT,4997,2-doublev-12,SATISFIABLE,1+,0.081,0.07,0.07,0.00,0.081
7_Enumerate_Standard_Partial_101_DEFAULT_3718,7,Enumerate,Standard,Partial,101,DEFAULT,3718,2-doublev-12,SATISFIABLE,1+,0.033,0.02,0.02,0.00,0.033
8_Enumerate_Standard_Partial_202_DEFAULT_26796,8,Enumerate,Standard,Partial,202,DEFAULT,26796,2-doublev-12,SATISFIABLE,1+,0.039,0.03,0.03,0.00,0.036
82_Enumerate_Standard_Partial_201_DEFAULT_26645,82,Enumerate,Standard,Partial,201,DEFAULT,26645,Un-2-doublev-15,UNSATISFIABLE,0,0.118,0.11,0.00,0.11,0.116
82_Enumerate_Standard_Partial_201_DEFAULT_26645,82,Enumerate,Standard,Partial,201,DEFAULT,26645,Un-2-doublev-18,UNSATISFIABLE,0,0.115,0.10,0.00,0.10,0.115
82_Enumerate_Standard_Partial_201_DEFAULT_26645,82,Enumerate,Standard,Partial,201,DEFAULT,26645,Un-2-doublev-21,UNSATISFIABLE,0,0.518,0.48,0.00,0.48,0.518
82_Enumerate_Standard_Partial_201_DEFAULT_26645,82,Enumerate,Standard,Partial,201,DEFAULT,26645,Un-2-doublev-24,UNSATISFIABLE,0,0.471,0.45,0.00,0.45,0.471
82_Enumerate_Standard_Partial_201_DEFAULT_26645,82,Enumerate,Standard,Partial,201,DEFAULT,26645,Un-2-doublev-9,UNSATISFIABLE,0,0.007,0.00,0.00,0.00,0.007
82_Enumerate_Standard_Partial_201_DEFAULT_26645,82,Enumerate,Standard,Partial,201,DEFAULT,26645,Un-2-doublev-12,UNSATISFIABLE,0,0.012,0.00,0.00,0.00,0.012
82_Enumerate_Standard_Partial_201_DEFAULT_26645,82,Enumerate,Standard,Partial,201,DEFAULT,26645,2-doublev-15,SATISFIABLE,1+,0.025,0.01,0.01,0.00,0.025
82_Enumerate_Standard_Partial_201_DEFAULT_26645,82,Enumerate,Standard,Partial,201,DEFAULT,26645,2-doublev-18,SATISFIABLE,1+,0.042,0.02,0.02,0.00,0.042
82_Enumerate_Standard_Partial_201_DEFAULT_26645,82,Enumerate,Standard,Partial,201,DEFAULT,26645,2-doublev-21,SATISFIABLE,1+,0.075,0.04,0.04,0.00,0.075
82_Enumerate_Standard_Partial_201_DEFAULT_26645,82,Enumerate,Standard,Partial,201,DEFAULT,26645,2-doublev-24,SATISFIABLE,1+,0.047,0.00,0.00,0.00,0.047
82_Enumerate_Standard_Partial_201_DEFAULT_26645,82,Enumerate,Standard,Partial,201,DEFAULT,26645,2-doublev-9,SATISFIABLE,1+,0.008,0.00,0.00,0.00,0.008
82_Enumerate_Standard_Partial_201_DEFAULT_26645,82,Enumerate,Standard,Partial,201,DEFAULT,26645,2-doublev-12,SATISFIABLE,1+,0.012,0.00,0.00,0.00,0.012
