,Directory,Files analysed with SBASS,Positive Examples in S,Ordering,SBC,Iteration,Cell,Seed,Opt,Time for creating examples,Time for solving ILP task,Total neg examples,Total pos examples,Neg examples uncovered,Learned Constraints
1,./../Problems/PUP/double_weight/,2-double-6-4.lp - 2-double-6-6.lp,Specific,Alternative,Full,1,1,31681,Nopt,25.996,527.256,195,2,0," :- unit2zoneGEQ(V1,V2), unit2sensorGEQ(V2,V2), not zone2sensor(V2,V1).
 :- zone2sensor(V1,V2), unit2sensorGEQ(V2,V1), not unit2zoneGEQ(V2,V1).
"
2,./../Problems/PUP/double_weight/,2-double-6-4.lp - 2-double-6-6.lp,Specific,Alternative,Full,1,2,4634,Nopt,56.44,630.877,390,4,0," :- zone2sensor(V1,V1), not unit2sensorGEQ(V1,V1).
 :- partnerunits(V1,V2), closezones(V1,V2), not zone2sensor(V1,V2).
 :- partnerunits(V2,V1), unit2zoneGEQ(V1,V2), not closesensors(V2,V1).
 :- unit2sensorGEQ(V2,V1), unit2sensorGEQ(V1,V2), closesensors(V1,V2).
"
3,./../Problems/PUP/double_weight/,2-double-6-4.lp - 2-double-6-6.lp,Specific,Alternative,Full,1,3,16837,Nopt,118.628,237.806,586,5,0," :- partnerunits(V1,V2), closezones(V2,V1), not zone2sensor(V1,V2).
 :- unit2sensorGEQ(V1,V1), unit2sensorGEQ(V2,V1), not zone2sensor(V2,V1).
"
4,./../Problems/PUP/double_weight/,2-double-6-4.lp - 2-double-6-6.lp,Specific,Alternative,Full,1,1,15262,Nopt,55.79,680.895,196,1,0," :- partnerunits(V1,V2), closezones(V2,V1), not closesensors(V1,V2).
 :- unit2zoneGEQ(V1,V2), unit2sensorGEQ(V2,V1), not zone2sensor(V2,V2).
"
5,./../Problems/PUP/double_weight/,2-double-6-4.lp - 2-double-6-6.lp,Specific,Alternative,Full,1,2,22084,Nopt,88.005,1179.31,392,2,0," :- unit2zoneGEQ(V1,V1), not zone2sensor(V1,V1), not unit2sensorGEQ(V1,V1). 
 :- zone2sensor(V1,V1), unit2sensorGEQ(V2,V1), closezones(V2,V1).
 :- unit2zoneGEQ(V1,V2), not unit2zoneGEQ(V1,V1).
"
6,./../Problems/PUP/double_weight/,2-double-6-4.lp - 2-double-6-6.lp,Specific,Alternative,Full,1,3,24758,Nopt,87.703,380.097,585,6,0," :- partnerunits(V1,V2), closezones(V1,V2), not closesensors(V2,V1).
 :- partnerunits(V1,V2), unit2sensorGEQ(V1,V1), unit2sensorGEQ(V2,V2).
 :- unit2sensorGEQ(V2,V1), unit2sensorGEQ(V1,V2), closesensors(V1,V2).
"
7,./../Problems/PUP/double_weight/,2-double-6-4.lp - 2-double-6-6.lp,Specific,Alternative,Full,1,1,3718,Nopt,63.928,1249.23,196,1,0," :- partnerunits(V1,V2), closezones(V2,V1), not zone2sensor(V2,V1).
 :- partnerunits(V2,V1), unit2sensorGEQ(V1,V2), not zone2sensor(V1,V1).
"
8,./../Problems/PUP/double_weight/,2-double-6-4.lp - 2-double-6-6.lp,Specific,Alternative,Full,1,2,26796,Nopt,56.739,1513.46,390,4,0," :- partnerunits(V1,V2), not zone2sensor(V2,V1), not closesensors(V1,V2).
 :- unit2sensorGEQ(V2,V1), unit2sensorGEQ(V1,V2), closesensors(V1,V2).
 :- unit2zoneGEQ(V1,V2), unit2sensorGEQ(V2,V1), not unit2zoneGEQ(V2,V2).
 :- unit2zoneGEQ(V1,V2), unit2sensorGEQ(V2,V1), not unit2sensorGEQ(V2,V2).
"
9,./../Problems/PUP/double_weight/,2-double-6-4.lp - 2-double-6-6.lp,Specific,Alternative,Full,1,3,25434,Nopt,92.956,1686.8,585,6,0," :- partnerunits(V1,V2), closezones(V2,V1), not closesensors(V2,V1).
 :- unit2sensorGEQ(V2,V1), unit2sensorGEQ(V1,V2), closezones(V1,V2).
 :- unit2zoneGEQ(V1,V2), unit2sensorGEQ(V2,V1), not unit2zoneGEQ(V2,V1).
"
10,./../Problems/PUP/double_weight/,2-double-6-4.lp - 2-double-6-6.lp,Specific,Alternative,Full,1,1,8598,Nopt,28.758,289.4,195,2,0," :- partnerunits(V1,V2), closezones(V2,V1), not closesensors(V2,V1).
 :- unit2zoneGEQ(V1,V1), unit2sensorGEQ(V2,V1), not unit2sensorGEQ(V2,V2).
 :- unit2zoneGEQ(V1,V2), unit2sensorGEQ(V2,V1), closezones(V1,V2).
"
11,./../Problems/PUP/double_weight/,2-double-6-4.lp - 2-double-6-6.lp,Specific,Alternative,Full,1,2,21172,Nopt,92.255,886.778,391,3,0," :- zone2sensor(V1,V1), not unit2zoneGEQ(V1,V1).
 :- partnerunits(V2,V1), unit2zoneGEQ(V1,V2), unit2sensorGEQ(V2,V1).
"
13,./../Problems/PUP/double_weight/,2-double-6-4.lp - 2-double-6-6.lp,Specific,Alternative,Full,1,1,29690,Nopt,28.963,180.097,195,2,0," :- partnerunits(V1,V2), closezones(V2,V1), not closesensors(V2,V1).
 :- unit2zoneGEQ(V1,V2), unit2sensorGEQ(V2,V1), not zone2sensor(V2,V1).
"
14,./../Problems/PUP/double_weight/,2-double-6-4.lp - 2-double-6-6.lp,Specific,Alternative,Full,1,2,3800,Nopt,57.645,942.814,390,4,0," :- unit2zoneGEQ(V1,V1), not zone2sensor(V1,V1), not unit2sensorGEQ(V1,V1).
 :- zone2sensor(V1,V2), unit2sensorGEQ(V1,V1), not unit2zoneGEQ(V1,V2).
 :- unit2sensorGEQ(V2,V1), unit2sensorGEQ(V1,V2), closesensors(V1,V2).
"
15,./../Problems/PUP/double_weight/,2-double-6-4.lp - 2-double-6-6.lp,Specific,Alternative,Full,1,3,1743,Nopt,85.142,2547.74,585,6,0," :- zone2sensor(V1,V1), not unit2zoneGEQ(V1,V1).
 :- partnerunits(V1,V2), closezones(V1,V2), not zone2sensor(V1,V2).
 :- partnerunits(V2,V1), zone2sensor(V1,V1), not closesensors(V1,V2).
 :- partnerunits(V1,V2), unit2sensorGEQ(V2,V1), unit2sensorGEQ(V1,V2).
"
16,./../Problems/PUP/double_weight/,2-double-6-4.lp - 2-double-6-6.lp,Specific,Alternative,Full,1,1,26740,Nopt,59.139,815.704,196,1,0," :- partnerunits(V1,V2), closezones(V1,V2), not zone2sensor(V2,V1).
 :- unit2zoneGEQ(V1,V1), unit2sensorGEQ(V2,V1), closesensors(V2,V1).
"
17,./../Problems/PUP/double_weight/,2-double-6-4.lp - 2-double-6-6.lp,Specific,Alternative,Full,1,2,22856,Nopt,58.724,676.639,390,4,0," :- zone2sensor(V1,V1), not unit2sensorGEQ(V1,V1).
 :- partnerunits(V1,V2), closezones(V1,V2), not closesensors(V2,V1).
 :- unit2sensorGEQ(V2,V1), unit2sensorGEQ(V1,V2), closezones(V1,V2).
"
18,./../Problems/PUP/double_weight/,2-double-6-4.lp - 2-double-6-6.lp,Specific,Alternative,Full,1,3,25148,Nopt,179.504,120.179,588,3,0," :- unit2zoneGEQ(V1,V1), unit2sensorGEQ(V2,V2), closesensors(V2,V1).
"
19,./../Problems/PUP/double_weight/,2-double-6-4.lp - 2-double-6-6.lp,Specific,Alternative,Full,1,1,6751,Nopt,60.936,108.362,196,1,0," :- unit2zoneGEQ(V1,V1), unit2zoneGEQ(V2,V1), closesensors(V1,V2).
"
20,./../Problems/PUP/double_weight/,2-double-6-4.lp - 2-double-6-6.lp,Specific,Alternative,Full,1,2,13658,Nopt,58.34,99.837,390,4,0," :- unit2zoneGEQ(V1,V1), unit2sensorGEQ(V2,V2), closesensors(V2,V1).
"
21,./../Problems/PUP/double_weight/,2-double-6-4.lp - 2-double-6-6.lp,Specific,Alternative,Full,1,3,717,Nopt,185.461,1353.73,588,3,0," :- zone2sensor(V1,V2), unit2sensorGEQ(V2,V1), not unit2zoneGEQ(V1,V1).
 :- unit2sensorGEQ(V2,V1), unit2sensorGEQ(V1,V2), closezones(V1,V2).
"
22,./../Problems/PUP/double_weight/,2-double-6-4.lp - 2-double-6-6.lp,Specific,Alternative,Full,1,1,16849,Nopt,29.541,2029.7,195,2,0," :- partnerunits(V1,V2), closezones(V2,V1), not closesensors(V1,V2).
 :- unit2sensorGEQ(V1,V2), closezones(V2,V1), not unit2zoneGEQ(V1,V2).
 :- partnerunits(V1,V2), not unit2zoneGEQ(V1,V1), not unit2zoneGEQ(V2,V2).
"
23,./../Problems/PUP/double_weight/,2-double-6-4.lp - 2-double-6-6.lp,Specific,Alternative,Full,1,2,29843,Nopt,126.193,1357.99,392,2,0," :- partnerunits(V2,V1), zone2sensor(V1,V1), not closesensors(V1,V2).
 :- unit2sensorGEQ(V1,V2), closezones(V2,V3), not unit2zoneGEQ(V1,V2).
"
24,./../Problems/PUP/double_weight/,2-double-6-4.lp - 2-double-6-6.lp,Specific,Alternative,Full,1,3,8299,Nopt,81.647,1054.1,585,6,0," :- unit2sensorGEQ(V1,V1), not unit2zoneGEQ(V1,V1).
 :- zone2sensor(V1,V2), unit2zoneGEQ(V2,V1), not unit2sensorGEQ(V2,V2).
 :- unit2zoneGEQ(V1,V2), unit2sensorGEQ(V2,V1), not unit2zoneGEQ(V2,V2).
 :- partnerunits(V1,V2), unit2sensorGEQ(V2,V1), unit2sensorGEQ(V1,V2).
"
25,./../Problems/PUP/double_weight/,2-double-6-4.lp - 2-double-6-6.lp,Specific,Alternative,Full,1,1,6709,Nopt,60.631,1290.68,196,1,0," :- partnerunits(V1,V2), closezones(V1,V2), not zone2sensor(V1,V2).
 :- unit2zoneGEQ(V1,V2), unit2sensorGEQ(V2,V1), closezones(V1,V2).
"
26,./../Problems/PUP/double_weight/,2-double-6-4.lp - 2-double-6-6.lp,Specific,Alternative,Full,1,2,24419,Nopt,120.952,1413.28,392,2,0," :- unit2zoneGEQ(V1,V1), unit2sensorGEQ(V2,V2), not zone2sensor(V1,V2).
 :- partnerunits(V1,V2), closezones(V1,V2), not unit2zoneGEQ(V2,V2).
"
27,./../Problems/PUP/double_weight/,2-double-6-4.lp - 2-double-6-6.lp,Specific,Alternative,Full,1,3,14456,Nopt,172.689,591.561,588,3,0," :- zone2sensor(V1,V1), not unit2sensorGEQ(V1,V1).
 :- partnerunits(V1,V2), unit2sensorGEQ(V1,V2), not zone2sensor(V1,V1).
"
28,./../Problems/PUP/double_weight/,2-double-6-4.lp - 2-double-6-6.lp,Specific,Alternative,Full,1,1,11547,Nopt,60.659,763.232,148,1,0," :- partnerunits(V1,V2), not zone2sensor(V2,V1), not closesensors(V2,V1).
 :- zone2sensor(V1,V2), unit2sensorGEQ(V2,V2), not unit2zoneGEQ(V1,V1).
"
29,./../Problems/PUP/double_weight/,2-double-6-4.lp - 2-double-6-6.lp,Specific,Alternative,Full,1,2,7260,Nopt,112.975,619.91,392,2,0," :- zone2sensor(V1,V1), unit2sensorGEQ(V2,V1), closezones(V2,V1).
 :- partnerunits(V1,V2), not unit2zoneGEQ(V1,V1).
"
30,./../Problems/PUP/double_weight/,2-double-6-4.lp - 2-double-6-6.lp,Specific,Alternative,Full,1,3,21865,Nopt,198.416,508.398,588,3,0," :- zone2sensor(V1,V1), unit2zoneGEQ(V2,V2), closezones(V2,V1).
 :- unit2sensorGEQ(V1,V1), unit2sensorGEQ(V2,V1), closesensors(V2,V1).
"
31,./../Problems/PUP/double_weight/,2-double-6-4.lp - 2-double-6-6.lp,Specific,Alternative,Full,1,1,16017,Nopt,61.546,346.946,196,1,0," :- unit2zoneGEQ(V1,V1), not zone2sensor(V1,V1).
 :- unit2sensorGEQ(V1,V1), unit2sensorGEQ(V2,V2), not zone2sensor(V1,V2).
"
32,./../Problems/PUP/double_weight/,2-double-6-4.lp - 2-double-6-6.lp,Specific,Alternative,Full,1,2,29417,Nopt,121.365,2409.21,392,2,0," :- unit2sensorGEQ(V1,V1), closezones(V2,V1), not closesensors(V1,V2). 
 :- unit2zoneGEQ(V1,V1), not zone2sensor(V1,V1).
 :- zone2sensor(V1,V2), unit2sensorGEQ(V2,V1), not unit2zoneGEQ(V2,V1).
"
33,./../Problems/PUP/double_weight/,2-double-6-4.lp - 2-double-6-6.lp,Specific,Alternative,Full,1,3,25421,Nopt,87.925,2213.36,585,6,0," :- zone2sensor(V1,V2), unit2sensorGEQ(V1,V2), not unit2zoneGEQ(V1,V2). 
 :- zone2sensor(V1,V1), not unit2zoneGEQ(V1,V1).
 :- partnerunits(V1,V2), not zone2sensor(V2,V1), not closesensors(V2,V1).
 :- unit2sensorGEQ(V2,V1), unit2sensorGEQ(V1,V2), closezones(V1,V2).
"
34,./../Problems/PUP/double_weight/,2-double-6-4.lp - 2-double-6-6.lp,Specific,Alternative,Full,1,1,10456,Nopt,60.412,642.029,196,1,0," :- partnerunits(V1,V2), zone2sensor(V1,V1), not closesensors(V1,V2).
 :- unit2sensorGEQ(V2,V1), unit2sensorGEQ(V1,V2), not zone2sensor(V2,V1).
"
35,./../Problems/PUP/double_weight/,2-double-6-4.lp - 2-double-6-6.lp,Specific,Alternative,Full,1,2,25977,Nopt,57.462,1282.67,390,4,0," :- partnerunits(V1,V2), closezones(V1,V2), not zone2sensor(V2,V1).
 :- unit2zoneGEQ(V1,V2), closezones(V2,V1), not unit2zoneGEQ(V1,V1).
 :- unit2sensorGEQ(V2,V1), unit2sensorGEQ(V1,V2), closesensors(V1,V2).
"
36,./../Problems/PUP/double_weight/,2-double-6-4.lp - 2-double-6-6.lp,Specific,Alternative,Full,1,3,20418,Nopt,87.127,1373.82,585,6,0," :- partnerunits(V1,V2), closezones(V2,V1), not closesensors(V1,V2). 
 :- partnerunits(V2,V1), zone2sensor(V1,V1), not closesensors(V1,V2).
 :- unit2sensorGEQ(V1,V1), closesensors(V1,V2), not unit2zoneGEQ(V1,V2).
 :- unit2sensorGEQ(V1,V1), closezones(V2,V1), not unit2zoneGEQ(V1,V2).
 :- unit2zoneGEQ(V1,V2), unit2sensorGEQ(V2,V1), not unit2zoneGEQ(V2,V2).
"
37,./../Problems/PUP/double_weight/,2-double-6-4.lp - 2-double-6-6.lp,Specific,Alternative,Full,1,1,3380,Nopt,28.941,2854.79,195,2,0," :- unit2sensorGEQ(V1,V2), closezones(V2,V1), not unit2sensorGEQ(V1,V1).
 :- partnerunits(V1,V2), unit2sensorGEQ(V1,V2), not closesensors(V1,V2).
 :- unit2sensorGEQ(V2,V1), unit2sensorGEQ(V1,V2), closesensors(V1,V2).
"
38,./../Problems/PUP/double_weight/,2-double-6-4.lp - 2-double-6-6.lp,Specific,Alternative,Full,1,2,4490,Nopt,57.993,1787.73,390,4,0," :- partnerunits(V1,V2), closezones(V1,V2), not closesensors(V2,V1). 
 :- zone2sensor(V1,V1), unit2zoneGEQ(V1,V1), not unit2sensorGEQ(V1,V1).
 :- partnerunits(V2,V1), zone2sensor(V1,V1), not closesensors(V1,V2).
 :- partnerunits(V1,V2), not unit2zoneGEQ(V1,V1), not unit2zoneGEQ(V2,V2).
 :- unit2sensorGEQ(V2,V1), unit2sensorGEQ(V1,V2), closezones(V1,V2).
"
39,./../Problems/PUP/double_weight/,2-double-6-4.lp - 2-double-6-6.lp,Specific,Alternative,Full,1,3,29743,Nopt,87.974,594.345,585,6,0," :- unit2zoneGEQ(V1,V1), unit2sensorGEQ(V2,V1), not zone2sensor(V1,V2).
 :- zone2sensor(V1,V2), unit2sensorGEQ(V2,V1), not unit2zoneGEQ(V2,V2).
"
40,./../Problems/PUP/double_weight/,2-double-6-4.lp - 2-double-6-6.lp,Specific,Alternative,Full,1,1,14157,Nopt,56.341,255.262,196,1,0," :- partnerunits(V2,V1), zone2sensor(V1,V1), not closesensors(V2,V1).
 :- unit2zoneGEQ(V1,V2), unit2sensorGEQ(V2,V1), not zone2sensor(V2,V2).
"
41,./../Problems/PUP/double_weight/,2-double-6-4.lp - 2-double-6-6.lp,Specific,Alternative,Full,1,2,69,Nopt,58.03,1135.09,390,4,0," :- zone2sensor(V1,V1), unit2sensorGEQ(V2,V1), not unit2zoneGEQ(V2,V2).
 :- partnerunits(V1,V2), not unit2sensorGEQ(V1,V1), not unit2sensorGEQ(V2,V2).
 :- unit2sensorGEQ(V2,V1), unit2sensorGEQ(V1,V2), closezones(V1,V2).
"
42,./../Problems/PUP/double_weight/,2-double-6-4.lp - 2-double-6-6.lp,Specific,Alternative,Full,1,3,3023,Nopt,117.412,2181.56,586,5,0," :- partnerunits(V1,V2), closezones(V2,V1), not zone2sensor(V1,V2).
 :- unit2sensorGEQ(V1,V1), not zone2sensor(V1,V1), not unit2zoneGEQ(V1,V1).
 :- unit2sensorGEQ(V2,V1), unit2sensorGEQ(V1,V2), closesensors(V1,V2).
 :- partnerunits(V1,V2), unit2sensorGEQ(V1,V2), not unit2zoneGEQ(V1,V1).
"
43,./../Problems/PUP/double_weight/,2-double-6-4.lp - 2-double-6-6.lp,Specific,Alternative,Full,1,1,14690,Nopt,59.35,826.837,148,1,0," :- partnerunits(V1,V2), closezones(V2,V1), not closesensors(V1,V2).
 :- unit2zoneGEQ(V1,V2), unit2sensorGEQ(V2,V1), closezones(V2,V1).
"
44,./../Problems/PUP/double_weight/,2-double-6-4.lp - 2-double-6-6.lp,Specific,Alternative,Full,1,2,13524,Nopt,119.928,446.068,392,2,0," :- partnerunits(V1,V2), zone2sensor(V1,V1), not closesensors(V1,V2).
 :- unit2zoneGEQ(V1,V2), unit2sensorGEQ(V2,V1), not zone2sensor(V2,V2).
"
45,./../Problems/PUP/double_weight/,2-double-6-4.lp - 2-double-6-6.lp,Specific,Alternative,Full,1,3,15622,Nopt,86.374,2185.32,585,6,0," :- unit2zoneGEQ(V1,V1), unit2sensorGEQ(V1,V1), not zone2sensor(V1,V1).
 :- partnerunits(V1,V2), zone2sensor(V1,V1), not closesensors(V1,V2).
 :- zone2sensor(V1,V1), unit2sensorGEQ(V2,V1), not unit2zoneGEQ(V2,V2).
 :- zone2sensor(V1,V1), unit2sensorGEQ(V2,V1), not unit2zoneGEQ(V2,V1).
"
46,./../Problems/PUP/double_weight/,2-double-6-4.lp - 2-double-6-6.lp,Specific,Alternative,Full,1,1,10222,Nopt,29.404,1194.76,195,2,0," :- unit2zoneGEQ(V1,V1), unit2sensorGEQ(V1,V1), not zone2sensor(V1,V1). 
 :- partnerunits(V1,V2), zone2sensor(V1,V1), not closesensors(V1,V2).
 :- zone2sensor(V1,V1), unit2zoneGEQ(V2,V2), not unit2zoneGEQ(V2,V1).
 :- unit2sensorGEQ(V2,V1), unit2sensorGEQ(V1,V2), closezones(V1,V2).
"
47,./../Problems/PUP/double_weight/,2-double-6-4.lp - 2-double-6-6.lp,Specific,Alternative,Full,1,2,23256,Nopt,126.531,1420.2,392,2,0," :- zone2sensor(V1,V1), closezones(V2,V1), not unit2zoneGEQ(V1,V2). 
 :- partnerunits(V1,V2), unit2sensorGEQ(V1,V2), not closesensors(V1,V2).
 :- unit2sensorGEQ(V2,V1), unit2sensorGEQ(V1,V2), closezones(V1,V2).
"
49,./../Problems/PUP/double_weight/,2-double-6-4.lp - 2-double-6-6.lp,Specific,Alternative,Full,1,1,6652,Nopt,30.326,245.837,195,2,0," :- unit2zoneGEQ(V1,V1), not zone2sensor(V1,V1), not unit2sensorGEQ(V1,V1).
 :- partnerunits(V1,V2), closezones(V1,V2), not closesensors(V1,V2).
 :- unit2zoneGEQ(V1,V1), unit2sensorGEQ(V2,V1), not unit2zoneGEQ(V2,V2).
"
50,./../Problems/PUP/double_weight/,2-double-6-4.lp - 2-double-6-6.lp,Specific,Alternative,Full,1,2,27221,Nopt,57.424,1810.7,390,4,0," :- partnerunits(V1,V2), zone2sensor(V1,V1), not closesensors(V1,V2). 
 :- partnerunits(V1,V2), closezones(V2,V1), not zone2sensor(V1,V2).
 :- unit2sensorGEQ(V2,V1), unit2sensorGEQ(V1,V2), closesensors(V1,V2).
 :- unit2sensorGEQ(V1,V1), unit2sensorGEQ(V2,V1), not unit2zoneGEQ(V2,V1).
"
51,./../Problems/PUP/double_weight/,2-double-6-4.lp - 2-double-6-6.lp,Specific,Alternative,Full,1,3,28577,Nopt,88.856,578.05,585,6,0," :- partnerunits(V2,V1), zone2sensor(V1,V1), not closesensors(V2,V1).
 :- unit2sensorGEQ(V2,V1), unit2sensorGEQ(V1,V2), closezones(V1,V2).
 :- unit2sensorGEQ(V2,V1), unit2sensorGEQ(V1,V2), closesensors(V1,V2).
"
52,./../Problems/PUP/double_weight/,2-double-6-4.lp - 2-double-6-6.lp,Specific,Alternative,Full,1,1,759,Nopt,27.853,270.088,195,2,0," :- partnerunits(V1,V2), closezones(V2,V1), not unit2zoneGEQ(V2,V1).
 :- zone2sensor(V1,V1), unit2sensorGEQ(V2,V1), not unit2zoneGEQ(V2,V1).
 :- unit2zoneGEQ(V1,V2), unit2sensorGEQ(V3,V1), not unit2zoneGEQ(V3,V2).
"
53,./../Problems/PUP/double_weight/,2-double-6-4.lp - 2-double-6-6.lp,Specific,Alternative,Full,1,2,2001,Nopt,120.598,284.484,392,2,0," :- zone2sensor(V1,V1), unit2sensorGEQ(V2,V1), closezones(V2,V1).
 :- partnerunits(V1,V2), not zone2sensor(V1,V2), not unit2zoneGEQ(V2,V2).
"
54,./../Problems/PUP/double_weight/,2-double-6-4.lp - 2-double-6-6.lp,Specific,Alternative,Full,1,3,10002,Nopt,87.623,855.468,585,6,0," :- partnerunits(V2,V1), zone2sensor(V1,V1), not closesensors(V2,V1).
 :- unit2sensorGEQ(V2,V1), unit2sensorGEQ(V1,V2), not zone2sensor(V2,V2).
"
55,./../Problems/PUP/double_weight/,2-double-6-4.lp - 2-double-6-6.lp,Specific,Alternative,Full,1,1,2905,Nopt,60.133,152.19,196,1,0," :- zone2sensor(V1,V1), not unit2sensorGEQ(V1,V1).
 :- partnerunits(V1,V2), unit2sensorGEQ(V1,V2), not zone2sensor(V1,V1).
"
56,./../Problems/PUP/double_weight/,2-double-6-4.lp - 2-double-6-6.lp,Specific,Alternative,Full,1,2,27702,Nopt,120.121,363.784,392,2,0," :- partnerunits(V1,V2), zone2sensor(V1,V1), not closesensors(V1,V2).
 :- unit2sensorGEQ(V2,V1), unit2sensorGEQ(V1,V2), not zone2sensor(V2,V1).
"
57,./../Problems/PUP/double_weight/,2-double-6-4.lp - 2-double-6-6.lp,Specific,Alternative,Full,1,3,4997,Nopt,119.516,3101.1,586,5,0," :- unit2zoneGEQ(V1,V2), closezones(V2,V1), not unit2sensorGEQ(V1,V2). 
 :- partnerunits(V1,V2), closezones(V2,V1), not zone2sensor(V2,V1). 
 :- unit2sensorGEQ(V1,V1), not unit2zoneGEQ(V1,V1).
 :- partnerunits(V1,V2), closezones(V1,V2), not zone2sensor(V1,V2).
 :- unit2sensorGEQ(V2,V1), unit2sensorGEQ(V1,V2), closesensors(V1,V2).
"
58,./../Problems/PUP/double_weight/,2-double-6-4.lp - 2-double-6-6.lp,Specific,Alternative,Full,1,1,26985,Nopt,62.538,2272.11,196,1,0," :- unit2sensorGEQ(V1,V1), closezones(V1,V2), not closesensors(V2,V1). 
 :- unit2sensorGEQ(V1,V1), closezones(V2,V1), not closesensors(V2,V1). 
 :- partnerunits(V1,V2), closezones(V1,V2), not closesensors(V2,V1).
 :- unit2sensorGEQ(V1,V1), unit2sensorGEQ(V2,V2), not zone2sensor(V2,V1).
"
59,./../Problems/PUP/double_weight/,2-double-6-4.lp - 2-double-6-6.lp,Specific,Alternative,Full,1,2,16281,Nopt,123.172,719.789,392,2,0," :- unit2zoneGEQ(V1,V1), not zone2sensor(V1,V1).
 :- unit2sensorGEQ(V1,V1), unit2sensorGEQ(V2,V2), not zone2sensor(V2,V1).
"
60,./../Problems/PUP/double_weight/,2-double-6-4.lp - 2-double-6-6.lp,Specific,Alternative,Full,1,3,16345,Nopt,81.76,2334.07,585,6,0," :- partnerunits(V1,V2), closezones(V2,V1), not zone2sensor(V2,V1). 
 :- partnerunits(V1,V2), closezones(V2,V1), not zone2sensor(V1,V2).
 :- zone2sensor(V1,V2), unit2zoneGEQ(V2,V1), not unit2zoneGEQ(V2,V2).
 :- partnerunits(V1,V2), unit2sensorGEQ(V2,V1), unit2sensorGEQ(V1,V2).
"
61,./../Problems/PUP/double_weight/,2-double-6-4.lp - 2-double-6-6.lp,Specific,Alternative,Full,1,1,14189,Nopt,30.058,965.311,295,2,0," :- unit2zoneGEQ(V1,V1), closesensors(V1,V2), not unit2zoneGEQ(V1,V2).
 :- unit2zoneGEQ(V1,V2), unit2sensorGEQ(V3,V1), not unit2zoneGEQ(V3,V2).
"
62,./../Problems/PUP/double_weight/,2-double-6-4.lp - 2-double-6-6.lp,Specific,Alternative,Full,1,2,21352,Nopt,61.513,682.941,590,4,0," :- partnerunits(V1,V2), closezones(V1,V2), not zone2sensor(V1,V2).
 :- unit2zoneGEQ(V1,V2), unit2sensorGEQ(V2,V1), closezones(V1,V2).
"
63,./../Problems/PUP/double_weight/,2-double-6-4.lp - 2-double-6-6.lp,Specific,Alternative,Full,1,3,14837,Nopt,88.011,595.211,885,6,0," :- unit2zoneGEQ(V1,V1), not unit2sensorGEQ(V1,V1).
 :- unit2sensorGEQ(V1,V1), not unit2zoneGEQ(V1,V1).
 :- partnerunits(V1,V2), not zone2sensor(V2,V1), not closesensors(V2,V1).
 :- unit2sensorGEQ(V2,V1), unit2sensorGEQ(V1,V2), closesensors(V1,V2).
"
64,./../Problems/PUP/double_weight/,2-double-6-4.lp - 2-double-6-6.lp,Specific,Alternative,Full,1,1,24318,Nopt,30.326,1943.46,295,2,0," :- unit2zoneGEQ(V1,V1), unit2sensorGEQ(V2,V1), not unit2zoneGEQ(V2,V2).
 :- unit2zoneGEQ(V1,V2), unit2sensorGEQ(V2,V1), not zone2sensor(V2,V2).
"
65,./../Problems/PUP/double_weight/,2-double-6-4.lp - 2-double-6-6.lp,Specific,Alternative,Full,1,2,26740,Nopt,91.755,1634.67,592,2,0," :- unit2zoneGEQ(V1,V1), closezones(V2,V1), not closesensors(V2,V1). 
 :- unit2zoneGEQ(V1,V1), unit2zoneGEQ(V2,V2), not zone2sensor(V1,V2).
 :- unit2sensorGEQ(V1,V2), closesensors(V1,V2), not unit2zoneGEQ(V1,V2).
"
66,./../Problems/PUP/double_weight/,2-double-6-4.lp - 2-double-6-6.lp,Specific,Alternative,Full,1,3,23583,Nopt,119.831,2060.58,886,5,0," :- partnerunits(V1,V2), closezones(V2,V1), not zone2sensor(V2,V1).
 :- unit2sensorGEQ(V2,V1), unit2sensorGEQ(V1,V2), closesensors(V1,V2).
 :- unit2zoneGEQ(V1,V2), unit2sensorGEQ(V2,V1), not unit2zoneGEQ(V2,V1).
"
67,./../Problems/PUP/double_weight/,2-double-6-4.lp - 2-double-6-6.lp,Specific,Alternative,Full,1,1,17876,Nopt,56.816,632.04,296,1,0," :- unit2sensorGEQ(V1,V1), not zone2sensor(V1,V1).
 :- zone2sensor(V1,V1), closezones(V2,V1), not unit2zoneGEQ(V1,V2).
 :- partnerunits(V1,V2), zone2sensor(V1,V1), not closesensors(V1,V2).
"
68,./../Problems/PUP/double_weight/,2-double-6-4.lp - 2-double-6-6.lp,Specific,Alternative,Full,1,2,19383,Nopt,59.612,575.957,590,4,0," :- partnerunits(V1,V2), closezones(V2,V1), not zone2sensor(V2,V1).
 :- unit2zoneGEQ(V1,V2), unit2sensorGEQ(V2,V1), not zone2sensor(V2,V2).
"
69,./../Problems/PUP/double_weight/,2-double-6-4.lp - 2-double-6-6.lp,Specific,Alternative,Full,1,3,7579,Nopt,73.82,1595.52,885,6,0," :- zone2sensor(V1,V1), unit2sensorGEQ(V1,V1), not unit2zoneGEQ(V1,V1).
 :- partnerunits(V1,V2), closezones(V2,V1), not zone2sensor(V2,V1).
 :- unit2zoneGEQ(V1,V1), unit2sensorGEQ(V2,V1), not unit2sensorGEQ(V2,V2).
 :- unit2sensorGEQ(V2,V1), unit2sensorGEQ(V1,V2), closesensors(V1,V2).
 :- partnerunits(V1,V2), not unit2sensorGEQ(V2,V1), not unit2sensorGEQ(V1,V2).
"
70,./../Problems/PUP/double_weight/,2-double-6-4.lp - 2-double-6-6.lp,Specific,Alternative,Full,1,1,28975,Nopt,30.36,1638.31,295,2,0," :- zone2sensor(V1,V1), not unit2sensorGEQ(V1,V1). 
 :- partnerunits(V1,V2), closezones(V2,V1), not closesensors(V1,V2).
 :- unit2sensorGEQ(V2,V1), unit2sensorGEQ(V1,V2), closesensors(V1,V2).
 :- unit2zoneGEQ(V1,V1), unit2sensorGEQ(V2,V2), not unit2zoneGEQ(V1,V2).
"
71,./../Problems/PUP/double_weight/,2-double-6-4.lp - 2-double-6-6.lp,Specific,Alternative,Full,1,2,1459,Nopt,117.203,1781.43,592,2,0," :- partnerunits(V1,V2), closezones(V2,V1), not zone2sensor(V1,V2).
 :- unit2zoneGEQ(V1,V2), unit2sensorGEQ(V2,V1), closezones(V1,V2).
"
72,./../Problems/PUP/double_weight/,2-double-6-4.lp - 2-double-6-6.lp,Specific,Alternative,Full,1,3,7706,Nopt,88.062,589.502,885,6,0," :- partnerunits(V1,V2), closezones(V1,V2), not zone2sensor(V2,V1).
 :- partnerunits(V1,V2), unit2sensorGEQ(V2,V1), unit2sensorGEQ(V1,V2).
 :- partnerunits(V1,V2), not unit2zoneGEQ(V2,V1), not unit2zoneGEQ(V1,V2).
"
73,./../Problems/PUP/double_weight/,2-double-6-4.lp - 2-double-6-6.lp,Specific,Alternative,Full,1,1,5107,Nopt,30.24,1726.93,295,2,0," :- unit2zoneGEQ(V1,V2), unit2sensorGEQ(V2,V1), not zone2sensor(V2,V2). 
 :- zone2sensor(V1,V2), unit2sensorGEQ(V2,V1), not unit2zoneGEQ(V1,V2).
 :- unit2sensorGEQ(V2,V1), unit2sensorGEQ(V1,V2), closezones(V1,V2).
"
74,./../Problems/PUP/double_weight/,2-double-6-4.lp - 2-double-6-6.lp,Specific,Alternative,Full,1,2,10838,Nopt,123.863,1335.41,592,2,0," :- unit2zoneGEQ(V1,V1), not zone2sensor(V1,V1).
 :- partnerunits(V1,V2), zone2sensor(V1,V1), not unit2zoneGEQ(V2,V1).
"
75,./../Problems/PUP/double_weight/,2-double-6-4.lp - 2-double-6-6.lp,Specific,Alternative,Full,1,3,21787,Nopt,184.384,1431.85,888,3,0," :- zone2sensor(V1,V2), unit2sensorGEQ(V1,V2), not unit2sensorGEQ(V1,V1). 
 :- partnerunits(V1,V2), closezones(V2,V1), not zone2sensor(V2,V1).
 :- zone2sensor(V1,V2), unit2zoneGEQ(V2,V2), not unit2sensorGEQ(V1,V1).
 :- zone2sensor(V1,V2), unit2sensorGEQ(V1,V2), not unit2sensorGEQ(V1,V1).
 :- zone2sensor(V1,V1), unit2zoneGEQ(V2,V2), not unit2zoneGEQ(V2,V1).
"
76,./../Problems/PUP/double_weight/,2-double-6-4.lp - 2-double-6-6.lp,Specific,Alternative,Full,1,1,9373,Nopt,28.365,1277.99,295,2,0," :- partnerunits(V1,V2), unit2sensorGEQ(V1,V1), unit2sensorGEQ(V2,V2).
 :- unit2zoneGEQ(V1,V2), unit2sensorGEQ(V2,V1), not zone2sensor(V2,V2).
"
77,./../Problems/PUP/double_weight/,2-double-6-4.lp - 2-double-6-6.lp,Specific,Alternative,Full,1,2,12399,Nopt,122.839,905.456,592,2,0," :- unit2zoneGEQ(V1,V1), not zone2sensor(V1,V1).
 :- unit2sensorGEQ(V1,V1), unit2sensorGEQ(V2,V2), closesensors(V1,V2).
"
78,./../Problems/PUP/double_weight/,2-double-6-4.lp - 2-double-6-6.lp,Specific,Alternative,Full,1,3,5812,Nopt,199.098,2003.37,888,3,0," :- partnerunits(V1,V2), closezones(V1,V2), not zone2sensor(V2,V1). 
 :- partnerunits(V1,V2), closezones(V1,V2), not zone2sensor(V2,V1).
 :- zone2sensor(V1,V1), unit2zoneGEQ(V2,V1), not unit2zoneGEQ(V2,V2).
 :- partnerunits(V2,V1), unit2sensorGEQ(V1,V2), not unit2zoneGEQ(V1,V1).
 :- partnerunits(V3,V2), unit2sensorGEQ(V1,V2), not unit2zoneGEQ(V1,V2).
"
79,./../Problems/PUP/double_weight/,2-double-6-4.lp - 2-double-6-6.lp,Specific,Alternative,Full,1,1,21123,Nopt,29.591,395.186,295,2,0," :- partnerunits(V2,V1), zone2sensor(V1,V1), not closesensors(V2,V1).
 :- unit2sensorGEQ(V1,V2), closezones(V2,V3), not unit2zoneGEQ(V1,V2).
"
80,./../Problems/PUP/double_weight/,2-double-6-4.lp - 2-double-6-6.lp,Specific,Alternative,Full,1,2,32737,Nopt,58.033,743.65,590,4,0," :- unit2sensorGEQ(V2,V1), unit2sensorGEQ(V1,V2), closesensors(V1,V2). 
 :- zone2sensor(V1,V1), not unit2sensorGEQ(V1,V1).
 :- partnerunits(V1,V2), closezones(V2,V1), not zone2sensor(V1,V2).
 :- unit2sensorGEQ(V2,V1), unit2sensorGEQ(V1,V2), closesensors(V1,V2).
 :- unit2zoneGEQ(V1,V2), unit2sensorGEQ(V2,V1), not unit2zoneGEQ(V2,V1).
"
82,./../Problems/PUP/double_weight/,2-double-6-4.lp - 2-double-6-6.lp,Specific,Alternative,Full,1,1,26645,Nopt,29.498,1681.9,295,2,0," :- unit2zoneGEQ(V1,V2), unit2sensorGEQ(V2,V1), not unit2sensorGEQ(V2,V2). 
 :- partnerunits(V1,V2), closezones(V1,V2), not zone2sensor(V2,V1).
 :- zone2sensor(V1,V1), unit2sensorGEQ(V2,V1), not unit2sensorGEQ(V2,V2).
 :- unit2sensorGEQ(V2,V1), unit2sensorGEQ(V1,V2), closezones(V1,V2).
"
83,./../Problems/PUP/double_weight/,2-double-6-4.lp - 2-double-6-6.lp,Specific,Alternative,Full,1,2,4448,Nopt,58.976,555.596,590,4,0," :- zone2sensor(V1,V1), unit2zoneGEQ(V1,V1), not unit2sensorGEQ(V1,V1).
 :- partnerunits(V1,V2), closezones(V1,V2), not closesensors(V1,V2).
 :- unit2zoneGEQ(V1,V2), unit2sensorGEQ(V2,V1), not zone2sensor(V2,V2).
"
84,./../Problems/PUP/double_weight/,2-double-6-4.lp - 2-double-6-6.lp,Specific,Alternative,Full,1,3,12868,Nopt,88.02,1457.65,885,6,0," :- unit2zoneGEQ(V1,V1), not zone2sensor(V1,V1), not unit2sensorGEQ(V1,V1).
 :- zone2sensor(V1,V1), unit2sensorGEQ(V1,V1), not unit2zoneGEQ(V1,V1).
 :- partnerunits(V1,V2), closezones(V2,V1), not zone2sensor(V2,V1).
 :- unit2sensorGEQ(V2,V1), unit2sensorGEQ(V1,V2), closezones(V1,V2).
"
85,./../Problems/PUP/double_weight/,2-double-6-4.lp - 2-double-6-6.lp,Specific,Alternative,Full,1,1,1769,Nopt,66.581,757.869,296,1,0," :- unit2zoneGEQ(V1,V1), unit2sensorGEQ(V2,V1), not zone2sensor(V2,V2).
 :- zone2sensor(V1,V2), unit2sensorGEQ(V2,V1), not unit2zoneGEQ(V2,V2).
"
87,./../Problems/PUP/double_weight/,2-double-6-4.lp - 2-double-6-6.lp,Specific,Alternative,Full,1,3,14775,Nopt,87.179,1562.05,885,6,0," :- unit2sensorGEQ(V1,V1), not unit2zoneGEQ(V1,V1).
 :- partnerunits(V1,V2), closezones(V1,V2), not zone2sensor(V2,V1).
 :- unit2sensorGEQ(V2,V1), unit2sensorGEQ(V1,V2), closezones(V1,V2).
"
88,./../Problems/PUP/double_weight/,2-double-6-4.lp - 2-double-6-6.lp,Specific,Alternative,Full,1,1,2212,Nopt,29.274,2750.69,295,2,0," :- zone2sensor(V1,V2), unit2sensorGEQ(V2,V2), not unit2zoneGEQ(V2,V1). 
 :- unit2sensorGEQ(V1,V1), not unit2zoneGEQ(V1,V1).
 :- partnerunits(V1,V2), closezones(V1,V2), not zone2sensor(V2,V1).
 :- unit2zoneGEQ(V1,V2), unit2sensorGEQ(V3,V1), not unit2zoneGEQ(V3,V2).
"
89,./../Problems/PUP/double_weight/,2-double-6-4.lp - 2-double-6-6.lp,Specific,Alternative,Full,1,2,9472,Nopt,119.848,183.065,592,2,0," :- unit2sensorGEQ(V1,V1), not unit2zoneGEQ(V1,V1).
 :- unit2zoneGEQ(V1,V1), unit2sensorGEQ(V2,V1), not zone2sensor(V1,V2).
"
90,./../Problems/PUP/double_weight/,2-double-6-4.lp - 2-double-6-6.lp,Specific,Alternative,Full,1,3,1280,Nopt,182.893,2528.16,888,3,0," :- partnerunits(V1,V2), not zone2sensor(V1,V2), not unit2zoneGEQ(V2,V2).
 :- unit2zoneGEQ(V1,V2), unit2sensorGEQ(V2,V1), not zone2sensor(V2,V2).
"
91,./../Problems/PUP/double_weight/,2-double-6-4.lp - 2-double-6-6.lp,Specific,Alternative,Full,1,1,13383,Nopt,61.605,64.665,296,1,0," :- unit2zoneGEQ(V1,V1), unit2sensorGEQ(V2,V2), closesensors(V2,V1).
"
92,./../Problems/PUP/double_weight/,2-double-6-4.lp - 2-double-6-6.lp,Specific,Alternative,Full,1,2,2517,Nopt,121.552,762.442,592,2,0," :- unit2zoneGEQ(V1,V2), not unit2sensorGEQ(V1,V1).
 :- unit2zoneGEQ(V2,V1), unit2zoneGEQ(V1,V2), closesensors(V1,V2).
"
93,./../Problems/PUP/double_weight/,2-double-6-4.lp - 2-double-6-6.lp,Specific,Alternative,Full,1,3,20286,Nopt,88.33,533.183,885,6,0," :- partnerunits(V1,V2), closezones(V1,V2), not unit2zoneGEQ(V2,V2).
 :- unit2zoneGEQ(V1,V2), unit2sensorGEQ(V2,V1), not zone2sensor(V2,V2).
"
94,./../Problems/PUP/double_weight/,2-double-6-4.lp - 2-double-6-6.lp,Specific,Alternative,Full,1,1,13727,Nopt,61.53,815.214,296,1,0," :- zone2sensor(V1,V1), not unit2zoneGEQ(V1,V1).
 :- partnerunits(V1,V2), unit2zoneGEQ(V1,V2), not zone2sensor(V1,V1).
"
95,./../Problems/PUP/double_weight/,2-double-6-4.lp - 2-double-6-6.lp,Specific,Alternative,Full,1,2,15928,Nopt,124.124,108.687,592,2,0," :- unit2zoneGEQ(V1,V1), unit2sensorGEQ(V2,V2), closesensors(V1,V2).
"
96,./../Problems/PUP/double_weight/,2-double-6-4.lp - 2-double-6-6.lp,Specific,Alternative,Full,1,3,18316,Nopt,186.731,746.382,792,3,0," :- partnerunits(V1,V2), not unit2zoneGEQ(V2,V2), not unit2sensorGEQ(V1,V2). 
 :- partnerunits(V1,V2), unit2zoneGEQ(V1,V1), not closesensors(V2,V1).
 :- partnerunits(V1,V2), not unit2zoneGEQ(V2,V2), not unit2sensorGEQ(V1,V2).
"
97,./../Problems/PUP/double_weight/,2-double-6-4.lp - 2-double-6-6.lp,Specific,Alternative,Full,1,1,32033,Nopt,60.188,154.256,296,1,0," :- unit2sensorGEQ(V1,V1), unit2sensorGEQ(V2,V1), closesensors(V1,V2).
"
98,./../Problems/PUP/double_weight/,2-double-6-4.lp - 2-double-6-6.lp,Specific,Alternative,Full,1,2,32598,Nopt,57.62,1549.07,590,4,0," :- partnerunits(V1,V2), zone2sensor(V1,V1), not closesensors(V1,V2).
 :- zone2sensor(V1,V1), unit2sensorGEQ(V2,V1), not unit2zoneGEQ(V2,V2).
 :- unit2sensorGEQ(V2,V1), unit2sensorGEQ(V1,V2), closesensors(V1,V2).
"
99,./../Problems/PUP/double_weight/,2-double-6-4.lp - 2-double-6-6.lp,Specific,Alternative,Full,1,3,11310,Nopt,124.421,1042.87,886,5,0," :- unit2zoneGEQ(V1,V1), unit2sensorGEQ(V1,V1), not zone2sensor(V1,V1).
 :- partnerunits(V1,V2), closezones(V1,V2), not closesensors(V1,V2).
 :- unit2sensorGEQ(V2,V1), unit2sensorGEQ(V1,V2), closesensors(V1,V2).
"
100,./../Problems/PUP/double_weight/,2-double-6-4.lp - 2-double-6-6.lp,Specific,Alternative,Full,1,1,30414,Nopt,29.616,1362.96,247,2,0," :- partnerunits(V1,V2), closezones(V1,V2), not zone2sensor(V1,V2).
 :- unit2sensorGEQ(V2,V1), unit2sensorGEQ(V1,V2), closesensors(V1,V2).
 :- partnerunits(V2,V1), unit2sensorGEQ(V1,V2), not unit2zoneGEQ(V1,V1).
"
101,./../Problems/PUP/double_weight/,2-double-6-4.lp - 2-double-6-6.lp,Specific,Alternative,Full,1,2,7830,Nopt,58.518,1945.93,590,4,0," :- partnerunits(V1,V2), not zone2sensor(V2,V1), not closesensors(V1,V2).
 :- unit2zoneGEQ(V1,V1), unit2sensorGEQ(V2,V1), not unit2zoneGEQ(V2,V1).
 :- unit2zoneGEQ(V1,V2), unit2sensorGEQ(V2,V1), not unit2zoneGEQ(V2,V2).
"
102,./../Problems/PUP/double_weight/,2-double-6-4.lp - 2-double-6-6.lp,Specific,Alternative,Full,1,3,31417,Nopt,189.488,1259.31,888,3,0," :- zone2sensor(V1,V1), unit2sensorGEQ(V2,V1), closezones(V2,V1).
 :- unit2zoneGEQ(V1,V2), not unit2zoneGEQ(V1,V1).
"
103,./../Problems/PUP/double_weight/,2-double-6-4.lp - 2-double-6-6.lp,Specific,Alternative,Full,1,1,31869,Nopt,55.956,330.17,296,1,0," :- unit2zoneGEQ(V1,V1), not zone2sensor(V1,V1).
 :- unit2zoneGEQ(V1,V2), not unit2sensorGEQ(V1,V1), not closezones(V2,V1).
"
104,./../Problems/PUP/double_weight/,2-double-6-4.lp - 2-double-6-6.lp,Specific,Alternative,Full,1,2,22564,Nopt,124.578,1272.38,592,2,0," :- zone2sensor(V1,V1), unit2zoneGEQ(V1,V1), not unit2sensorGEQ(V1,V1).
 :- zone2sensor(V1,V1), unit2sensorGEQ(V2,V1), not unit2zoneGEQ(V2,V2).
 :- partnerunits(V1,V2), not zone2sensor(V1,V2), not unit2zoneGEQ(V1,V2).
"
105,./../Problems/PUP/double_weight/,2-double-6-4.lp - 2-double-6-6.lp,Specific,Alternative,Full,1,3,7051,Nopt,189.221,1309.57,888,3,0," :- unit2zoneGEQ(V2,V1), unit2zoneGEQ(V1,V2), closesensors(V1,V2). 
 :- partnerunits(V1,V2), not zone2sensor(V2,V1), not closesensors(V1,V2).
 :- unit2zoneGEQ(V1,V2), unit2sensorGEQ(V2,V1), closesensors(V2,V1).
"
106,./../Problems/PUP/double_weight/,2-double-6-4.lp - 2-double-6-6.lp,Specific,Alternative,Full,1,1,8543,Nopt,29.161,684.007,295,2,0," :- partnerunits(V2,V1), zone2sensor(V1,V1), not closesensors(V1,V2).
 :- unit2zoneGEQ(V1,V2), unit2sensorGEQ(V2,V1), not zone2sensor(V2,V2).
"
107,./../Problems/PUP/double_weight/,2-double-6-4.lp - 2-double-6-6.lp,Specific,Alternative,Full,1,2,12158,Nopt,89.596,1479.68,591,3,0," :- partnerunits(V1,V2), not zone2sensor(V1,V2), not closesensors(V2,V1).
 :- zone2sensor(V1,V1), not unit2zoneGEQ(V1,V1), not unit2sensorGEQ(V1,V1).
 :- unit2zoneGEQ(V1,V1), unit2sensorGEQ(V2,V1), not unit2zoneGEQ(V2,V2).
 :- unit2sensorGEQ(V2,V1), unit2sensorGEQ(V1,V2), closezones(V1,V2).
"
108,./../Problems/PUP/double_weight/,2-double-6-4.lp - 2-double-6-6.lp,Specific,Alternative,Full,1,3,16923,Nopt,87.096,1159.26,885,6,0," :- unit2zoneGEQ(V1,V1), not unit2sensorGEQ(V1,V1).
 :- partnerunits(V1,V2), zone2sensor(V1,V1), not closesensors(V1,V2).
 :- unit2sensorGEQ(V2,V1), unit2sensorGEQ(V1,V2), closezones(V1,V2).
"
109,./../Problems/PUP/double_weight/,2-double-6-4.lp - 2-double-6-6.lp,Specific,Alternative,Full,1,1,16687,Nopt,30.047,902.285,295,2,0," :- unit2sensorGEQ(V1,V1), not zone2sensor(V1,V1), not unit2zoneGEQ(V1,V1). 
 :- partnerunits(V1,V2), zone2sensor(V1,V1), not closesensors(V1,V2).
 :- unit2zoneGEQ(V1,V2), unit2sensorGEQ(V2,V2), not unit2zoneGEQ(V1,V1).
 :- unit2zoneGEQ(V1,V1), unit2sensorGEQ(V2,V1), not unit2sensorGEQ(V2,V2).
"
110,./../Problems/PUP/double_weight/,2-double-6-4.lp - 2-double-6-6.lp,Specific,Alternative,Full,1,2,27416,Nopt,59.107,1881.61,590,4,0," :- unit2zoneGEQ(V1,V1), not unit2sensorGEQ(V1,V1). 
 :- zone2sensor(V1,V2), unit2zoneGEQ(V2,V2), not unit2zoneGEQ(V2,V1).
 :- unit2sensorGEQ(V1,V1), unit2sensorGEQ(V2,V1), not unit2zoneGEQ(V2,V2).
"
111,./../Problems/PUP/double_weight/,2-double-6-4.lp - 2-double-6-6.lp,Specific,Alternative,Full,1,3,21083,Nopt,88.784,2348.05,885,6,0," :- zone2sensor(V1,V1), unit2zoneGEQ(V1,V1), not unit2sensorGEQ(V1,V1).
 :- partnerunits(V1,V2), closezones(V2,V1), not zone2sensor(V2,V1).
 :- unit2sensorGEQ(V2,V1), unit2sensorGEQ(V1,V2), closesensors(V1,V2).
 :- partnerunits(V1,V2), not unit2zoneGEQ(V2,V1), not unit2zoneGEQ(V1,V2).
"
112,./../Problems/PUP/double_weight/,2-double-6-4.lp - 2-double-6-6.lp,Specific,Alternative,Full,1,1,16567,Nopt,29.505,1805.37,295,2,0," :- partnerunits(V1,V2), not zone2sensor(V2,V1), not closesensors(V2,V1).
 :- partnerunits(V1,V2), unit2sensorGEQ(V1,V1), unit2sensorGEQ(V2,V2).
 :- unit2sensorGEQ(V2,V1), unit2sensorGEQ(V1,V2), closesensors(V1,V2).
"
113,./../Problems/PUP/double_weight/,2-double-6-4.lp - 2-double-6-6.lp,Specific,Alternative,Full,1,2,70,Nopt,58.688,610.419,590,4,0," :- partnerunits(V2,V1), unit2sensorGEQ(V1,V2), not closesensors(V2,V1).
 :- unit2sensorGEQ(V2,V1), unit2sensorGEQ(V1,V2), closezones(V1,V2).
"
114,./../Problems/PUP/double_weight/,2-double-6-4.lp - 2-double-6-6.lp,Specific,Alternative,Full,1,3,22154,Nopt,89.98,1616.16,885,6,0," :- unit2sensorGEQ(V2,V1), unit2sensorGEQ(V1,V2), not zone2sensor(V2,V2). 
 :- unit2zoneGEQ(V1,V1), unit2sensorGEQ(V1,V1), not zone2sensor(V1,V1).
 :- zone2sensor(V1,V1), unit2sensorGEQ(V1,V1), not unit2zoneGEQ(V1,V1).
 :- partnerunits(V1,V2), closezones(V1,V2), not closesensors(V1,V2).
 :- unit2sensorGEQ(V2,V1), unit2sensorGEQ(V1,V2), closesensors(V1,V2).
"
115,./../Problems/PUP/double_weight/,2-double-6-4.lp - 2-double-6-6.lp,Specific,Alternative,Full,1,1,16699,Nopt,28.91,140.464,295,2,0," :- unit2sensorGEQ(V1,V1), not zone2sensor(V1,V1).
 :- unit2zoneGEQ(V1,V1), unit2sensorGEQ(V2,V1), closezones(V2,V1).
"
116,./../Problems/PUP/double_weight/,2-double-6-4.lp - 2-double-6-6.lp,Specific,Alternative,Full,1,2,25944,Nopt,58.895,314.929,590,4,0," :- partnerunits(V2,V1), zone2sensor(V1,V1), not closesensors(V2,V1).
 :- unit2sensorGEQ(V1,V1), unit2sensorGEQ(V2,V1), closezones(V2,V1).
"
117,./../Problems/PUP/double_weight/,2-double-6-4.lp - 2-double-6-6.lp,Specific,Alternative,Full,1,3,15838,Nopt,85.203,2352.66,885,6,0," :- partnerunits(V1,V2), not zone2sensor(V2,V1), not closesensors(V2,V1). 
 :- partnerunits(V1,V2), zone2sensor(V1,V1), not closesensors(V1,V2).
 :- zone2sensor(V1,V1), unit2sensorGEQ(V2,V1), not unit2zoneGEQ(V2,V1).
 :- unit2sensorGEQ(V2,V1), unit2sensorGEQ(V1,V2), closesensors(V1,V2).
 :- partnerunits(V1,V2), not unit2sensorGEQ(V2,V1), not unit2sensorGEQ(V1,V2).
"
118,./../Problems/PUP/double_weight/,2-double-6-4.lp - 2-double-6-6.lp,Specific,Alternative,Full,1,1,2753,Nopt,62.026,111.065,296,1,0," :- unit2sensorGEQ(V1,V1), unit2sensorGEQ(V2,V1), closesensors(V2,V1).
"
119,./../Problems/PUP/double_weight/,2-double-6-4.lp - 2-double-6-6.lp,Specific,Alternative,Full,1,2,31792,Nopt,58.603,121.101,590,4,0," :- unit2sensorGEQ(V1,V1), unit2sensorGEQ(V2,V1), closesensors(V2,V1).
"
120,./../Problems/PUP/double_weight/,2-double-6-4.lp - 2-double-6-6.lp,Specific,Alternative,Full,1,3,6602,Nopt,87.255,679.1,885,6,0," :- zone2sensor(V1,V1), unit2sensorGEQ(V2,V2), not unit2zoneGEQ(V2,V1).
 :- unit2zoneGEQ(V1,V2), unit2sensorGEQ(V2,V1), not zone2sensor(V2,V2).
"
